job_name,inst_id,user,start_time,end_time,duration_seconds,task_count,instance_count,requested_cpu_percent,requested_memory_units,requested_gpu_units,gpu_types,job_id,duration,num_cpu,num_gpu,submit_time,num_inst
1ccc18d7d13073b642b3a016,1,d4d51aca8806,3.0,15751.0,15748.0,1,12.0,6.0,0.0,0.25,T4,1,15748.0,72.0,3.0,3.0,12.0
30185446faeb493c1d55cacd,2,a8192d6b0ae9,5.0,89.0,84.0,1,1.0,6.0,0.0,1.0,MISC,2,84.0,6.0,1.0,5.0,1.0
ed9f09d1fba6b6293dce0af3,3,c7152ce0fec1,21.0,67.0,46.0,1,1.0,18.0,0.0,1.0,T4,3,46.0,18.0,1.0,21.0,1.0
40df54e413d319037102e297,4,7b76597f4283,21.0,101.0,80.0,1,1.0,6.0,0.0,1.0,MISC,4,80.0,6.0,1.0,21.0,1.0
40df54e413d319037102e297,5,7b76597f4283,36.0,136.0,100.0,1,1.0,6.0,0.0,1.0,MISC,5,100.0,6.0,1.0,36.0,1.0
07a7440f33d2bfb59804064b,6,9cc55781f4a6,41.0,41423.0,41382.0,1,1.0,6.0,0.0,0.25,T4,6,41382.0,6.0,0.25,41.0,1.0
1ccc18d7d13073b642b3a016,9,d4d51aca8806,67.0,15807.0,15740.0,1,12.0,6.0,0.0,0.25,T4,9,15740.0,72.0,3.0,67.0,12.0
30185446faeb493c1d55cacd,10,a8192d6b0ae9,75.0,138.0,63.0,1,1.0,6.0,0.0,1.0,MISC,10,63.0,6.0,1.0,75.0,1.0
add3316a7d069d4b2bcf870d,11,552e00661526,98.0,122.0,24.0,1,1.0,6.0,0.0,1.0,T4,11,24.0,6.0,1.0,98.0,1.0
693694aff93ce4f9a8bbdfd6,12,b13fd7656207,99.0,153.0,54.0,1,1.0,8.0,0.0,1.0,T4,12,54.0,8.0,1.0,99.0,1.0
4338499d3c24cc35be17b44c,16,5b1345f03aa1,257.0,294.0,37.0,1,1.0,6.0,0.0,1.0,MISC,16,37.0,6.0,1.0,257.0,1.0
4338499d3c24cc35be17b44c,17,5b1345f03aa1,259.0,345.0,86.0,1,1.0,6.0,0.0,0.25,MISC,17,86.0,6.0,0.25,259.0,1.0
3e5fb00bf43aa67ee5c2b6d5,19,f134c9ec05e3,298.0,478.0,180.0,1,1.0,6.0,0.0,0.5,MISC,19,180.0,6.0,0.5,298.0,1.0
af01655aa7d855a2892283ec,20,0fe7087caa8a,308.0,601.0,293.0,1,1.0,6.0,0.0,1.0,MISC,20,293.0,6.0,1.0,308.0,1.0
21858ac282f1092bb15f8831,21,45bd92802aa9,312.0,328.0,16.0,1,1.0,6.0,0.0,2.0,T4,21,16.0,6.0,2.0,312.0,1.0
8ccb9c9fe88b53537e096dd9,22,de69ddc1064e,314.0,58758.0,58444.0,1,1.0,6.0,0.0,0.25,MISC,22,58444.0,6.0,0.25,314.0,1.0
8ccb9c9fe88b53537e096dd9,23,de69ddc1064e,320.0,44382.0,44062.0,1,1.0,6.0,0.0,0.5,MISC,23,44062.0,6.0,0.5,320.0,1.0
37423403daa3e62e294e12da,24,4d95fa282778,349.0,365.0,16.0,1,1.0,6.0,0.0,1.0,T4,24,16.0,6.0,1.0,349.0,1.0
4338499d3c24cc35be17b44c,26,5b1345f03aa1,355.0,2456.0,2101.0,1,1.0,18.0,0.0,1.0,MISC,26,2101.0,18.0,1.0,355.0,1.0
4fa2a95d7c794171b866dfa5,30,7203aa95a9af,356.0,540.0,184.0,1,1.0,6.0,0.0,1.0,MISC,30,184.0,6.0,1.0,356.0,1.0
4338499d3c24cc35be17b44c,31,5b1345f03aa1,360.0,406.0,46.0,1,1.0,6.0,0.0,1.0,MISC,31,46.0,6.0,1.0,360.0,1.0
4058eafeb4222d014c083112,36,dca3db6263d5,417.0,972.0,555.0,1,1.0,6.0,0.0,1.0,MISC,36,555.0,6.0,1.0,417.0,1.0
4338499d3c24cc35be17b44c,37,5b1345f03aa1,443.0,496.0,53.0,1,1.0,6.0,0.0,1.0,MISC,37,53.0,6.0,1.0,443.0,1.0
21858ac282f1092bb15f8831,38,45bd92802aa9,451.0,717.0,266.0,1,1.0,6.0,0.0,1.0,T4,38,266.0,6.0,1.0,451.0,1.0
d894fd1af131ed7a296716b5,39,58540f191766,462.0,508.0,46.0,1,1.0,6.0,0.0,0.25,MISC,39,46.0,6.0,0.25,462.0,1.0
4338499d3c24cc35be17b44c,40,5b1345f03aa1,465.0,160061.0,159596.0,1,1.0,18.0,0.0,1.0,MISC,40,159596.0,18.0,1.0,465.0,1.0
4338499d3c24cc35be17b44c,41,5b1345f03aa1,465.0,29074.0,28609.0,1,1.0,18.0,0.0,1.0,MISC,41,28609.0,18.0,1.0,465.0,1.0
4338499d3c24cc35be17b44c,43,5b1345f03aa1,469.0,486.0,17.0,1,1.0,18.0,0.0,1.0,MISC,43,17.0,18.0,1.0,469.0,1.0
4338499d3c24cc35be17b44c,44,5b1345f03aa1,470.0,2776.0,2306.0,1,1.0,18.0,0.0,1.0,MISC,44,2306.0,18.0,1.0,470.0,1.0
4338499d3c24cc35be17b44c,46,5b1345f03aa1,480.0,535.0,55.0,1,1.0,6.0,0.0,1.0,MISC,46,55.0,6.0,1.0,480.0,1.0
e14f55e56de8f9e707c8ff95,47,42aa9724a88c,509.0,575.0,66.0,1,1.0,6.0,0.0,1.0,MISC,47,66.0,6.0,1.0,509.0,1.0
30185446faeb493c1d55cacd,48,a8192d6b0ae9,509.0,2415.0,1906.0,1,1.0,6.0,0.0,1.0,MISC,48,1906.0,6.0,1.0,509.0,1.0
d894fd1af131ed7a296716b5,51,58540f191766,533.0,3696.0,3163.0,1,1.0,0.1,0.0,0.1,MISC,51,3163.0,0.1,0.1,533.0,1.0
4338499d3c24cc35be17b44c,52,5b1345f03aa1,536.0,569.0,33.0,1,1.0,6.0,0.0,1.0,MISC,52,33.0,6.0,1.0,536.0,1.0
0be3971157d6c504afbc3397,53,354e3b81c515,540.0,577.0,37.0,1,1.0,6.0,0.0,1.0,MISC,53,37.0,6.0,1.0,540.0,1.0
21858ac282f1092bb15f8831,54,45bd92802aa9,549.0,564.0,15.0,1,1.0,6.0,0.0,1.0,T4,54,15.0,6.0,1.0,549.0,1.0
f17e954e97558148ded21349,55,c4cbaac9966d,550.0,987.0,437.0,1,1.0,10.0,0.0,0.5,T4,55,437.0,10.0,0.5,550.0,1.0
f2c4b7ef9bca7bf8390f05cd,56,1480b75a8c96,559.0,884.0,325.0,1,1.0,6.0,0.0,1.0,T4,56,325.0,6.0,1.0,559.0,1.0
8ccb9c9fe88b53537e096dd9,57,de69ddc1064e,596.0,614.0,18.0,1,1.0,6.0,0.0,1.0,MISC,57,18.0,6.0,1.0,596.0,1.0
21858ac282f1092bb15f8831,58,45bd92802aa9,646.0,671.0,25.0,1,1.0,6.0,0.0,1.0,T4,58,25.0,6.0,1.0,646.0,1.0
4338499d3c24cc35be17b44c,59,5b1345f03aa1,649.0,813.0,164.0,1,1.0,6.0,0.0,1.0,MISC,59,164.0,6.0,1.0,649.0,1.0
d31da220e964fb2f1ace98f6,60,eea150bdfdd6,656.0,1048.0,392.0,1,1.0,6.0,0.0,1.0,MISC,60,392.0,6.0,1.0,656.0,1.0
21858ac282f1092bb15f8831,61,45bd92802aa9,662.0,678.0,16.0,1,1.0,6.0,0.0,1.0,T4,61,16.0,6.0,1.0,662.0,1.0
e8efa65aa22dff1e98ff15d7,63,b3bfe9b79bb5,690.0,771.0,81.0,1,8.0,4.0,0.0,1.0,MISC,63,81.0,32.0,8.0,690.0,8.0
f17e954e97558148ded21349,64,c4cbaac9966d,699.0,1046.0,347.0,1,1.0,10.0,0.0,0.5,T4,64,347.0,10.0,0.5,699.0,1.0
e8efa65aa22dff1e98ff15d7,67,b3bfe9b79bb5,707.0,7328.0,6621.0,1,50.0,4.0,0.0,0.5,MISC,67,6621.0,200.0,25.0,707.0,50.0
8ccb9c9fe88b53537e096dd9,69,de69ddc1064e,715.0,1237.0,522.0,1,1.0,6.0,0.0,1.0,MISC,69,522.0,6.0,1.0,715.0,1.0
21858ac282f1092bb15f8831,70,45bd92802aa9,748.0,764.0,16.0,1,1.0,6.0,0.0,1.0,T4,70,16.0,6.0,1.0,748.0,1.0
8ccb9c9fe88b53537e096dd9,73,de69ddc1064e,780.0,65471.0,64691.0,1,1.0,6.0,0.0,0.25,MISC,73,64691.0,6.0,0.25,780.0,1.0
fdca1b26347a096dc8cd73ec,74,edc10645cc3f,783.0,6577.0,5794.0,1,10.0,6.0,0.0,0.25,MISC,74,5794.0,60.0,2.5,783.0,10.0
1ccc18d7d13073b642b3a016,75,d4d51aca8806,796.0,850.0,54.0,1,20.0,6.0,0.0,0.25,T4,75,54.0,120.0,5.0,796.0,20.0
f2c4b7ef9bca7bf8390f05cd,76,1480b75a8c96,800.0,21077.0,20277.0,1,1.0,6.0,0.0,1.0,T4,76,20277.0,6.0,1.0,800.0,1.0
5241fd7d9a59d5917a2b54de,77,262fbc8b0c98,804.0,54672.0,53868.0,1,2.0,18.0,0.0,2.0,MISC,77,53868.0,36.0,4.0,804.0,2.0
21858ac282f1092bb15f8831,78,45bd92802aa9,833.0,1779.0,946.0,1,1.0,6.0,0.0,1.0,T4,78,946.0,6.0,1.0,833.0,1.0
4338499d3c24cc35be17b44c,79,5b1345f03aa1,846.0,926.0,80.0,1,1.0,6.0,0.0,0.25,MISC,79,80.0,6.0,0.25,846.0,1.0
e8efa65aa22dff1e98ff15d7,81,b3bfe9b79bb5,860.0,1131.0,271.0,1,8.0,4.0,0.0,0.25,MISC,81,271.0,32.0,2.0,860.0,8.0
8ccb9c9fe88b53537e096dd9,82,de69ddc1064e,864.0,34293.0,33429.0,1,1.0,6.0,0.0,0.25,MISC,82,33429.0,6.0,0.25,864.0,1.0
21858ac282f1092bb15f8831,83,45bd92802aa9,879.0,895.0,16.0,1,1.0,6.0,0.0,1.0,T4,83,16.0,6.0,1.0,879.0,1.0
4338499d3c24cc35be17b44c,84,5b1345f03aa1,882.0,915.0,33.0,1,1.0,6.0,0.0,1.0,MISC,84,33.0,6.0,1.0,882.0,1.0
4338499d3c24cc35be17b44c,87,5b1345f03aa1,888.0,919.0,31.0,1,1.0,6.0,0.0,1.0,MISC,87,31.0,6.0,1.0,888.0,1.0
845ebc87e40bad0db5b37e26,88,f14128db0160,899.0,934.0,35.0,1,1.0,6.0,0.0,2.0,MISC,88,35.0,6.0,2.0,899.0,1.0
f2c4b7ef9bca7bf8390f05cd,89,1480b75a8c96,915.0,939.0,24.0,1,1.0,6.0,0.0,1.0,T4,89,24.0,6.0,1.0,915.0,1.0
d894fd1af131ed7a296716b5,90,58540f191766,955.0,1006.0,51.0,1,1.0,6.0,0.0,0.1,MISC,90,51.0,6.0,0.1,955.0,1.0
d894fd1af131ed7a296716b5,91,58540f191766,959.0,995.0,36.0,1,1.0,6.0,0.0,0.1,MISC,91,36.0,6.0,0.1,959.0,1.0
d894fd1af131ed7a296716b5,92,58540f191766,960.0,1018.0,58.0,1,1.0,6.0,0.0,0.1,MISC,92,58.0,6.0,0.1,960.0,1.0
d894fd1af131ed7a296716b5,93,58540f191766,960.0,1011.0,51.0,1,1.0,6.0,0.0,0.1,MISC,93,51.0,6.0,0.1,960.0,1.0
d894fd1af131ed7a296716b5,94,58540f191766,961.0,1011.0,50.0,1,1.0,6.0,0.0,0.1,MISC,94,50.0,6.0,0.1,961.0,1.0
d894fd1af131ed7a296716b5,95,58540f191766,966.0,1025.0,59.0,1,1.0,6.0,0.0,0.1,MISC,95,59.0,6.0,0.1,966.0,1.0
d894fd1af131ed7a296716b5,96,58540f191766,966.0,1037.0,71.0,1,1.0,6.0,0.0,0.1,MISC,96,71.0,6.0,0.1,966.0,1.0
d894fd1af131ed7a296716b5,97,58540f191766,966.0,1011.0,45.0,1,1.0,6.0,0.0,0.1,MISC,97,45.0,6.0,0.1,966.0,1.0
d894fd1af131ed7a296716b5,98,58540f191766,967.0,1047.0,80.0,1,1.0,6.0,0.0,0.1,MISC,98,80.0,6.0,0.1,967.0,1.0
d894fd1af131ed7a296716b5,99,58540f191766,967.0,1046.0,79.0,1,1.0,6.0,0.0,0.1,MISC,99,79.0,6.0,0.1,967.0,1.0
d894fd1af131ed7a296716b5,100,58540f191766,968.0,1045.0,77.0,1,1.0,6.0,0.0,0.1,MISC,100,77.0,6.0,0.1,968.0,1.0
d894fd1af131ed7a296716b5,101,58540f191766,968.0,1045.0,77.0,1,1.0,6.0,0.0,0.1,MISC,101,77.0,6.0,0.1,968.0,1.0
d894fd1af131ed7a296716b5,102,58540f191766,969.0,1046.0,77.0,1,1.0,6.0,0.0,0.1,MISC,102,77.0,6.0,0.1,969.0,1.0
d894fd1af131ed7a296716b5,103,58540f191766,975.0,1049.0,74.0,1,1.0,6.0,0.0,0.1,MISC,103,74.0,6.0,0.1,975.0,1.0
d894fd1af131ed7a296716b5,104,58540f191766,975.0,1047.0,72.0,1,1.0,6.0,0.0,0.1,MISC,104,72.0,6.0,0.1,975.0,1.0
d894fd1af131ed7a296716b5,105,58540f191766,975.0,1047.0,72.0,1,1.0,6.0,0.0,0.1,MISC,105,72.0,6.0,0.1,975.0,1.0
d894fd1af131ed7a296716b5,106,58540f191766,975.0,1048.0,73.0,1,1.0,6.0,0.0,0.1,MISC,106,73.0,6.0,0.1,975.0,1.0
d894fd1af131ed7a296716b5,107,58540f191766,978.0,1058.0,80.0,1,1.0,6.0,0.0,0.1,MISC,107,80.0,6.0,0.1,978.0,1.0
d894fd1af131ed7a296716b5,108,58540f191766,978.0,1057.0,79.0,1,1.0,6.0,0.0,0.1,MISC,108,79.0,6.0,0.1,978.0,1.0
d894fd1af131ed7a296716b5,109,58540f191766,978.0,1055.0,77.0,1,1.0,6.0,0.0,0.1,MISC,109,77.0,6.0,0.1,978.0,1.0
d894fd1af131ed7a296716b5,110,58540f191766,978.0,1055.0,77.0,1,1.0,6.0,0.0,0.1,MISC,110,77.0,6.0,0.1,978.0,1.0
d894fd1af131ed7a296716b5,111,58540f191766,978.0,1055.0,77.0,1,1.0,6.0,0.0,0.1,MISC,111,77.0,6.0,0.1,978.0,1.0
d894fd1af131ed7a296716b5,112,58540f191766,984.0,1067.0,83.0,1,1.0,6.0,0.0,0.1,MISC,112,83.0,6.0,0.1,984.0,1.0
d894fd1af131ed7a296716b5,113,58540f191766,985.0,1057.0,72.0,1,1.0,6.0,0.0,0.1,MISC,113,72.0,6.0,0.1,985.0,1.0
d894fd1af131ed7a296716b5,114,58540f191766,985.0,1069.0,84.0,1,1.0,6.0,0.0,0.1,MISC,114,84.0,6.0,0.1,985.0,1.0
d894fd1af131ed7a296716b5,115,58540f191766,985.0,1066.0,81.0,1,1.0,6.0,0.0,0.1,MISC,115,81.0,6.0,0.1,985.0,1.0
d894fd1af131ed7a296716b5,116,58540f191766,985.0,1065.0,80.0,1,1.0,6.0,0.0,0.1,MISC,116,80.0,6.0,0.1,985.0,1.0
d894fd1af131ed7a296716b5,117,58540f191766,990.0,1066.0,76.0,1,1.0,6.0,0.0,0.1,MISC,117,76.0,6.0,0.1,990.0,1.0
d894fd1af131ed7a296716b5,118,58540f191766,992.0,1066.0,74.0,1,1.0,6.0,0.0,0.1,MISC,118,74.0,6.0,0.1,992.0,1.0
d894fd1af131ed7a296716b5,119,58540f191766,992.0,1067.0,75.0,1,1.0,6.0,0.0,0.1,MISC,119,75.0,6.0,0.1,992.0,1.0
d894fd1af131ed7a296716b5,120,58540f191766,992.0,1066.0,74.0,1,1.0,6.0,0.0,0.1,MISC,120,74.0,6.0,0.1,992.0,1.0
d894fd1af131ed7a296716b5,121,58540f191766,992.0,1077.0,85.0,1,1.0,6.0,0.0,0.1,MISC,121,85.0,6.0,0.1,992.0,1.0
d894fd1af131ed7a296716b5,122,58540f191766,993.0,1066.0,73.0,1,1.0,6.0,0.0,0.1,MISC,122,73.0,6.0,0.1,993.0,1.0
d894fd1af131ed7a296716b5,123,58540f191766,993.0,1066.0,73.0,1,1.0,6.0,0.0,0.1,MISC,123,73.0,6.0,0.1,993.0,1.0
d894fd1af131ed7a296716b5,124,58540f191766,993.0,1076.0,83.0,1,1.0,6.0,0.0,0.1,MISC,124,83.0,6.0,0.1,993.0,1.0
d894fd1af131ed7a296716b5,125,58540f191766,996.0,1075.0,79.0,1,1.0,6.0,0.0,0.1,MISC,125,79.0,6.0,0.1,996.0,1.0
d894fd1af131ed7a296716b5,126,58540f191766,996.0,1065.0,69.0,1,1.0,6.0,0.0,0.1,MISC,126,69.0,6.0,0.1,996.0,1.0
d894fd1af131ed7a296716b5,127,58540f191766,997.0,1078.0,81.0,1,1.0,6.0,0.0,0.1,MISC,127,81.0,6.0,0.1,997.0,1.0
d894fd1af131ed7a296716b5,128,58540f191766,1000.0,1077.0,77.0,1,1.0,6.0,0.0,0.1,MISC,128,77.0,6.0,0.1,1000.0,1.0
d894fd1af131ed7a296716b5,129,58540f191766,1003.0,1086.0,83.0,1,1.0,6.0,0.0,0.1,MISC,129,83.0,6.0,0.1,1003.0,1.0
d894fd1af131ed7a296716b5,130,58540f191766,1003.0,1075.0,72.0,1,1.0,6.0,0.0,0.1,MISC,130,72.0,6.0,0.1,1003.0,1.0
7cc6edae55387addd38604b5,131,27390ef59c1f,1003.0,40816.0,39813.0,1,50.0,6.0,0.0,0.25,T4,131,39813.0,300.0,12.5,1003.0,50.0
d894fd1af131ed7a296716b5,132,58540f191766,1003.0,1078.0,75.0,1,1.0,6.0,0.0,0.1,MISC,132,75.0,6.0,0.1,1003.0,1.0
4338499d3c24cc35be17b44c,133,5b1345f03aa1,1006.0,2113.0,1107.0,1,1.0,6.0,0.0,1.0,MISC,133,1107.0,6.0,1.0,1006.0,1.0
d894fd1af131ed7a296716b5,134,58540f191766,1006.0,1087.0,81.0,1,1.0,6.0,0.0,0.1,MISC,134,81.0,6.0,0.1,1006.0,1.0
d894fd1af131ed7a296716b5,135,58540f191766,1006.0,1086.0,80.0,1,1.0,6.0,0.0,0.1,MISC,135,80.0,6.0,0.1,1006.0,1.0
d894fd1af131ed7a296716b5,136,58540f191766,1010.0,1100.0,90.0,1,1.0,6.0,0.0,0.1,MISC,136,90.0,6.0,0.1,1010.0,1.0
d894fd1af131ed7a296716b5,138,58540f191766,1010.0,1086.0,76.0,1,1.0,6.0,0.0,0.1,MISC,138,76.0,6.0,0.1,1010.0,1.0
fdca1b26347a096dc8cd73ec,139,edc10645cc3f,1010.0,1212.0,202.0,1,8.0,10.0,0.0,1.0,MISC,139,202.0,80.0,8.0,1010.0,8.0
d894fd1af131ed7a296716b5,140,58540f191766,1011.0,1085.0,74.0,1,1.0,6.0,0.0,0.1,MISC,140,74.0,6.0,0.1,1011.0,1.0
d894fd1af131ed7a296716b5,141,58540f191766,1011.0,1087.0,76.0,1,1.0,6.0,0.0,0.1,MISC,141,76.0,6.0,0.1,1011.0,1.0
21858ac282f1092bb15f8831,142,45bd92802aa9,1019.0,1035.0,16.0,1,1.0,6.0,0.0,3.0,V100,142,16.0,6.0,3.0,1019.0,1.0
4338499d3c24cc35be17b44c,144,5b1345f03aa1,1024.0,1429.0,405.0,1,1.0,6.0,0.0,1.0,MISC,144,405.0,6.0,1.0,1024.0,1.0
fdca1b26347a096dc8cd73ec,145,edc10645cc3f,1025.0,1221.0,196.0,1,1.0,6.0,0.0,0.25,MISC,145,196.0,6.0,0.25,1025.0,1.0
d894fd1af131ed7a296716b5,146,58540f191766,1036.0,5299.0,4263.0,1,1.0,6.0,0.0,0.2,MISC,146,4263.0,6.0,0.2,1036.0,1.0
4338499d3c24cc35be17b44c,147,5b1345f03aa1,1041.0,1451.0,410.0,1,1.0,6.0,0.0,1.0,MISC,147,410.0,6.0,1.0,1041.0,1.0
4338499d3c24cc35be17b44c,149,5b1345f03aa1,1052.0,1111.0,59.0,1,1.0,6.0,0.0,1.0,MISC,149,59.0,6.0,1.0,1052.0,1.0
4338499d3c24cc35be17b44c,150,5b1345f03aa1,1058.0,1461.0,403.0,1,1.0,6.0,0.0,1.0,MISC,150,403.0,6.0,1.0,1058.0,1.0
fd07fe972fedee14191be002,151,b478b7e54703,1064.0,1094.0,30.0,1,64.0,1.0,0.0,0.01,MISC,151,30.0,64.0,0.64,1064.0,64.0
21858ac282f1092bb15f8831,152,45bd92802aa9,1067.0,1083.0,16.0,1,1.0,6.0,0.0,3.0,V100,152,16.0,6.0,3.0,1067.0,1.0
4338499d3c24cc35be17b44c,153,5b1345f03aa1,1074.0,2336.0,1262.0,1,1.0,6.0,0.0,1.0,MISC,153,1262.0,6.0,1.0,1074.0,1.0
fd07fe972fedee14191be002,154,b478b7e54703,1114.0,1144.0,30.0,1,64.0,1.0,0.0,0.01,MISC,154,30.0,64.0,0.64,1114.0,64.0
21858ac282f1092bb15f8831,155,45bd92802aa9,1135.0,1150.0,15.0,1,1.0,6.0,0.0,1.0,T4,155,15.0,6.0,1.0,1135.0,1.0
fd07fe972fedee14191be002,156,b478b7e54703,1162.0,1201.0,39.0,1,64.0,1.0,0.0,0.01,MISC,156,39.0,64.0,0.64,1162.0,64.0
d894fd1af131ed7a296716b5,157,58540f191766,1170.0,1216.0,46.0,1,1.0,6.0,0.0,0.1,MISC,157,46.0,6.0,0.1,1170.0,1.0
d894fd1af131ed7a296716b5,158,58540f191766,1170.0,1216.0,46.0,1,1.0,6.0,0.0,0.1,MISC,158,46.0,6.0,0.1,1170.0,1.0
21858ac282f1092bb15f8831,159,45bd92802aa9,1173.0,3771.0,2598.0,1,1.0,6.0,0.0,1.0,T4,159,2598.0,6.0,1.0,1173.0,1.0
7cc6edae55387addd38604b5,160,27390ef59c1f,1196.0,21558.0,20362.0,1,8.0,6.0,0.0,0.5,T4,160,20362.0,48.0,4.0,1196.0,8.0
4338499d3c24cc35be17b44c,161,5b1345f03aa1,1210.0,1238.0,28.0,1,1.0,6.0,0.0,0.25,MISC,161,28.0,6.0,0.25,1210.0,1.0
e14f55e56de8f9e707c8ff95,162,42aa9724a88c,1212.0,1298.0,86.0,1,1.0,6.0,0.0,1.0,MISC,162,86.0,6.0,1.0,1212.0,1.0
fd07fe972fedee14191be002,163,b478b7e54703,1218.0,1249.0,31.0,1,64.0,1.0,0.0,0.01,MISC,163,31.0,64.0,0.64,1218.0,64.0
40df54e413d319037102e297,165,7b76597f4283,1226.0,2552.0,1326.0,1,1.0,6.0,0.0,1.0,MISC,165,1326.0,6.0,1.0,1226.0,1.0
1ccc18d7d13073b642b3a016,166,d4d51aca8806,1226.0,18534.0,17308.0,1,12.0,6.0,0.0,0.25,T4,166,17308.0,72.0,3.0,1226.0,12.0
d31da220e964fb2f1ace98f6,167,eea150bdfdd6,1260.0,6254.0,4994.0,1,1.0,18.0,0.0,1.0,MISC,167,4994.0,18.0,1.0,1260.0,1.0
fd07fe972fedee14191be002,168,b478b7e54703,1265.0,1291.0,26.0,1,64.0,1.0,0.0,0.01,MISC,168,26.0,64.0,0.64,1265.0,64.0
f17e954e97558148ded21349,169,c4cbaac9966d,1290.0,1664.0,374.0,1,1.0,10.0,0.0,0.5,T4,169,374.0,10.0,0.5,1290.0,1.0
4c63a741106edc46bc1729dd,170,18febf35d3a1,1305.0,1570.0,265.0,1,1.0,6.0,0.0,1.0,MISC,170,265.0,6.0,1.0,1305.0,1.0
7cc6edae55387addd38604b5,171,27390ef59c1f,1306.0,1332.0,26.0,1,1.0,6.0,0.0,0.25,T4,171,26.0,6.0,0.25,1306.0,1.0
fd07fe972fedee14191be002,172,b478b7e54703,1308.0,1335.0,27.0,1,64.0,1.0,0.0,0.01,MISC,172,27.0,64.0,0.64,1308.0,64.0
b53f9ebd1eeeea726d1dac78,174,2cbd33b08024,1341.0,3849.0,2508.0,1,20.0,6.0,0.0,1.0,MISC,174,2508.0,120.0,20.0,1341.0,20.0
f17e954e97558148ded21349,175,c4cbaac9966d,1352.0,1972.0,620.0,1,1.0,10.0,0.0,0.5,T4,175,620.0,10.0,0.5,1352.0,1.0
fd07fe972fedee14191be002,176,b478b7e54703,1353.0,1386.0,33.0,1,64.0,1.0,0.0,0.01,MISC,176,33.0,64.0,0.64,1353.0,64.0
fd07fe972fedee14191be002,179,b478b7e54703,1400.0,1419.0,19.0,1,64.0,1.0,0.0,0.01,MISC,179,19.0,64.0,0.64,1400.0,64.0
8ccb9c9fe88b53537e096dd9,181,de69ddc1064e,1405.0,70166.0,68761.0,1,1.0,6.0,0.0,0.5,MISC,181,68761.0,6.0,0.5,1405.0,1.0
4338499d3c24cc35be17b44c,182,5b1345f03aa1,1428.0,1570.0,142.0,1,1.0,6.0,0.0,0.25,MISC,182,142.0,6.0,0.25,1428.0,1.0
fd07fe972fedee14191be002,183,b478b7e54703,1439.0,1470.0,31.0,1,64.0,1.0,0.0,0.01,MISC,183,31.0,64.0,0.64,1439.0,64.0
cd1df31c53b56c4a6d940b58,184,80f1f7585a7a,1439.0,1499.0,60.0,1,1.0,6.0,0.0,1.0,MISC,184,60.0,6.0,1.0,1439.0,1.0
f17e954e97558148ded21349,186,c4cbaac9966d,1450.0,1834.0,384.0,1,1.0,10.0,0.0,0.5,T4,186,384.0,10.0,0.5,1450.0,1.0
fd07fe972fedee14191be002,187,b478b7e54703,1488.0,1515.0,27.0,1,64.0,1.0,0.0,0.01,MISC,187,27.0,64.0,0.64,1488.0,64.0
4338499d3c24cc35be17b44c,188,5b1345f03aa1,1491.0,1601.0,110.0,1,1.0,6.0,0.0,0.5,MISC,188,110.0,6.0,0.5,1491.0,1.0
1484051e2875d76bc27495f6,191,2d415d162cd1,1531.0,21787.0,20256.0,1,25.0,6.0,0.0,0.25,MISC,191,20256.0,150.0,6.25,1531.0,25.0
fd07fe972fedee14191be002,192,b478b7e54703,1534.0,1610.0,76.0,1,64.0,1.0,0.0,0.01,MISC,192,76.0,64.0,0.64,1534.0,64.0
9ae9b2a926a0b1a6e4b0945c,194,05b25af4dd8b,1566.0,1772.0,206.0,1,1.0,6.0,0.0,1.0,MISC,194,206.0,6.0,1.0,1566.0,1.0
57b1ec7822bae7fe782bcc14,198,cf523ee5a118,1619.0,2596.0,977.0,1,1.0,6.0,0.0,1.0,MISC,198,977.0,6.0,1.0,1619.0,1.0
fd07fe972fedee14191be002,199,b478b7e54703,1627.0,1675.0,48.0,1,64.0,1.0,0.0,0.01,MISC,199,48.0,64.0,0.64,1627.0,64.0
4338499d3c24cc35be17b44c,200,5b1345f03aa1,1636.0,1674.0,38.0,1,1.0,6.0,0.0,1.0,MISC,200,38.0,6.0,1.0,1636.0,1.0
4338499d3c24cc35be17b44c,201,5b1345f03aa1,1641.0,1659.0,18.0,1,1.0,6.0,0.0,1.0,MISC,201,18.0,6.0,1.0,1641.0,1.0
4338499d3c24cc35be17b44c,202,5b1345f03aa1,1644.0,1670.0,26.0,1,1.0,6.0,0.0,1.0,MISC,202,26.0,6.0,1.0,1644.0,1.0
fdca1b26347a096dc8cd73ec,204,edc10645cc3f,1646.0,2501.0,855.0,1,2.0,18.0,0.0,1.0,MISC,204,855.0,36.0,2.0,1646.0,2.0
4338499d3c24cc35be17b44c,205,5b1345f03aa1,1647.0,1770.0,123.0,1,1.0,6.0,0.0,1.0,MISC,205,123.0,6.0,1.0,1647.0,1.0
4338499d3c24cc35be17b44c,206,5b1345f03aa1,1655.0,1689.0,34.0,1,1.0,6.0,0.0,1.0,MISC,206,34.0,6.0,1.0,1655.0,1.0
4338499d3c24cc35be17b44c,207,5b1345f03aa1,1665.0,1691.0,26.0,1,1.0,6.0,0.0,1.0,MISC,207,26.0,6.0,1.0,1665.0,1.0
4338499d3c24cc35be17b44c,208,5b1345f03aa1,1668.0,1710.0,42.0,1,1.0,6.0,0.0,1.0,MISC,208,42.0,6.0,1.0,1668.0,1.0
4338499d3c24cc35be17b44c,209,5b1345f03aa1,1674.0,1704.0,30.0,1,1.0,6.0,0.0,1.0,MISC,209,30.0,6.0,1.0,1674.0,1.0
5241fd7d9a59d5917a2b54de,211,262fbc8b0c98,1678.0,2936.0,1258.0,1,1.0,6.0,0.0,3.0,MISC,211,1258.0,6.0,3.0,1678.0,1.0
fd07fe972fedee14191be002,213,b478b7e54703,1695.0,1719.0,24.0,1,64.0,1.0,0.0,0.01,MISC,213,24.0,64.0,0.64,1695.0,64.0
5241fd7d9a59d5917a2b54de,214,262fbc8b0c98,1721.0,2362.0,641.0,1,1.0,6.0,0.0,1.0,MISC,214,641.0,6.0,1.0,1721.0,1.0
4c63a741106edc46bc1729dd,215,18febf35d3a1,1729.0,2003.0,274.0,1,1.0,6.0,0.0,1.0,MISC,215,274.0,6.0,1.0,1729.0,1.0
fd07fe972fedee14191be002,217,b478b7e54703,1740.0,1762.0,22.0,1,64.0,1.0,0.0,0.01,MISC,217,22.0,64.0,0.64,1740.0,64.0
5241fd7d9a59d5917a2b54de,218,262fbc8b0c98,1744.0,1849.0,105.0,1,1.0,10.0,0.0,3.0,MISC,218,105.0,10.0,3.0,1744.0,1.0
6c3063994722f1e538b28a1a,220,d7052eeddab7,1755.0,8585.0,6830.0,1,20.0,6.0,0.0,1.0,MISC,220,6830.0,120.0,20.0,1755.0,20.0
5241fd7d9a59d5917a2b54de,221,262fbc8b0c98,1768.0,2065.0,297.0,1,1.0,6.0,0.0,1.0,MISC,221,297.0,6.0,1.0,1768.0,1.0
5e71584c514d8e17662ffd10,223,69d8872acc41,1783.0,1882.0,99.0,1,12.0,6.0,0.0,0.25,T4,223,99.0,72.0,3.0,1783.0,12.0
fd07fe972fedee14191be002,224,b478b7e54703,1783.0,1807.0,24.0,1,64.0,1.0,0.0,0.01,MISC,224,24.0,64.0,0.64,1783.0,64.0
5e71584c514d8e17662ffd10,226,69d8872acc41,1797.0,1935.0,138.0,1,12.0,6.0,0.0,0.25,T4,226,138.0,72.0,3.0,1797.0,12.0
fdca1b26347a096dc8cd73ec,227,edc10645cc3f,1800.0,2657.0,857.0,1,10.0,2.0,0.0,0.25,MISC,227,857.0,20.0,2.5,1800.0,10.0
fdca1b26347a096dc8cd73ec,229,edc10645cc3f,1815.0,2070.0,255.0,1,10.0,2.0,0.0,0.25,MISC,229,255.0,20.0,2.5,1815.0,10.0
fd07fe972fedee14191be002,230,b478b7e54703,1825.0,1855.0,30.0,1,64.0,1.0,0.0,0.01,MISC,230,30.0,64.0,0.64,1825.0,64.0
5e71584c514d8e17662ffd10,231,69d8872acc41,1830.0,2873.0,1043.0,1,12.0,6.0,0.0,0.25,T4,231,1043.0,72.0,3.0,1830.0,12.0
1ae9a9bd04878d5170bef662,232,c8c220871faf,1835.0,1889.0,54.0,1,30.0,6.0,0.0,0.25,T4,232,54.0,180.0,7.5,1835.0,30.0
7cc6edae55387addd38604b5,233,27390ef59c1f,1841.0,1912.0,71.0,1,8.0,6.0,0.0,0.5,T4,233,71.0,48.0,4.0,1841.0,8.0
6c3063994722f1e538b28a1a,234,d7052eeddab7,1849.0,3277.0,1428.0,1,5.0,6.0,0.0,1.0,MISC,234,1428.0,30.0,5.0,1849.0,5.0
37423403daa3e62e294e12da,235,4d95fa282778,1859.0,1966.0,107.0,1,1.0,6.0,0.0,0.25,T4,235,107.0,6.0,0.25,1859.0,1.0
fd07fe972fedee14191be002,236,b478b7e54703,1874.0,1908.0,34.0,1,64.0,1.0,0.0,0.01,MISC,236,34.0,64.0,0.64,1874.0,64.0
fd07fe972fedee14191be002,237,b478b7e54703,1922.0,1953.0,31.0,1,64.0,1.0,0.0,0.01,MISC,237,31.0,64.0,0.64,1922.0,64.0
28dbedeb830a7a6ebc9dcdb7,238,c9e676ebc7ef,1924.0,2016.0,92.0,1,8.0,6.0,0.0,0.05,T4,238,92.0,48.0,0.4,1924.0,8.0
1ccc18d7d13073b642b3a016,240,d4d51aca8806,1957.0,40318.0,38361.0,1,12.0,6.0,0.0,0.25,T4,240,38361.0,72.0,3.0,1957.0,12.0
4338499d3c24cc35be17b44c,242,5b1345f03aa1,1966.0,2010.0,44.0,1,1.0,6.0,0.0,1.0,MISC,242,44.0,6.0,1.0,1966.0,1.0
fd07fe972fedee14191be002,243,b478b7e54703,1971.0,2002.0,31.0,1,64.0,1.0,0.0,0.01,MISC,243,31.0,64.0,0.64,1971.0,64.0
bec71cf576621b79f4a06cb5,244,4367c0ab76ac,1989.0,3027.0,1038.0,1,25.0,18.0,0.0,1.0,MISC,244,1038.0,450.0,25.0,1989.0,25.0
d31da220e964fb2f1ace98f6,245,eea150bdfdd6,2011.0,3684.0,1673.0,1,20.0,18.0,0.0,1.0,P100,245,1673.0,360.0,20.0,2011.0,20.0
fd07fe972fedee14191be002,246,b478b7e54703,2020.0,2048.0,28.0,1,64.0,1.0,0.0,0.01,MISC,246,28.0,64.0,0.64,2020.0,64.0
073cabdb7468a949c2d2c663,247,c69b1489d7dc,2036.0,2088.0,52.0,1,20.0,6.0,0.0,1.0,MISC,247,52.0,120.0,20.0,2036.0,20.0
693694aff93ce4f9a8bbdfd6,249,b13fd7656207,2048.0,2111.0,63.0,1,1.0,8.0,0.0,1.0,T4,249,63.0,8.0,1.0,2048.0,1.0
40df54e413d319037102e297,250,7b76597f4283,2054.0,2212.0,158.0,1,1.0,6.0,0.0,0.25,MISC,250,158.0,6.0,0.25,2054.0,1.0
d28b423edcb74dde2d54982c,251,6411d2ef1406,2055.0,2372.0,317.0,1,2.0,16.0,0.0,0.5,T4,251,317.0,32.0,1.0,2055.0,2.0
fd07fe972fedee14191be002,252,b478b7e54703,2064.0,2088.0,24.0,1,64.0,1.0,0.0,0.01,MISC,252,24.0,64.0,0.64,2064.0,64.0
9c6554174b06015a7af561c6,253,41f97a75a037,2075.0,2130.0,55.0,1,1.0,6.0,0.0,1.0,T4,253,55.0,6.0,1.0,2075.0,1.0
d31da220e964fb2f1ace98f6,254,eea150bdfdd6,2084.0,3376.0,1292.0,1,18.0,18.0,0.0,1.0,V100,254,1292.0,324.0,18.0,2084.0,18.0
5241fd7d9a59d5917a2b54de,255,262fbc8b0c98,2099.0,3555.0,1456.0,1,1.0,6.0,0.0,3.0,MISC,255,1456.0,6.0,3.0,2099.0,1.0
d31da220e964fb2f1ace98f6,256,eea150bdfdd6,2102.0,3467.0,1365.0,1,18.0,18.0,0.0,1.0,V100,256,1365.0,324.0,18.0,2102.0,18.0
fd07fe972fedee14191be002,257,b478b7e54703,2107.0,2137.0,30.0,1,64.0,1.0,0.0,0.01,MISC,257,30.0,64.0,0.64,2107.0,64.0
e14f55e56de8f9e707c8ff95,258,42aa9724a88c,2110.0,2183.0,73.0,1,1.0,6.0,0.0,1.0,MISC,258,73.0,6.0,1.0,2110.0,1.0
1ae9a9bd04878d5170bef662,259,c8c220871faf,2119.0,2173.0,54.0,1,30.0,6.0,0.0,0.25,T4,259,54.0,180.0,7.5,2119.0,30.0
049570305e6b0ab6aa86bf60,260,29380421d3fc,2120.0,2164.0,44.0,1,1.0,6.0,0.0,1.0,T4,260,44.0,6.0,1.0,2120.0,1.0
049570305e6b0ab6aa86bf60,261,29380421d3fc,2128.0,2172.0,44.0,1,1.0,6.0,0.0,1.0,T4,261,44.0,6.0,1.0,2128.0,1.0
7cc6edae55387addd38604b5,262,27390ef59c1f,2131.0,2177.0,46.0,1,1.0,6.0,0.0,0.25,T4,262,46.0,6.0,0.25,2131.0,1.0
fd07fe972fedee14191be002,263,b478b7e54703,2157.0,2190.0,33.0,1,64.0,1.0,0.0,0.01,MISC,263,33.0,64.0,0.64,2157.0,64.0
4338499d3c24cc35be17b44c,265,5b1345f03aa1,2180.0,2917.0,737.0,1,1.0,6.0,0.0,0.25,MISC,265,737.0,6.0,0.25,2180.0,1.0
1ccc18d7d13073b642b3a016,266,d4d51aca8806,2185.0,2816.0,631.0,1,20.0,6.0,0.0,0.5,T4,266,631.0,120.0,10.0,2185.0,20.0
a757f125d866d5722ec3bfc2,267,3960a1141089,2196.0,2676.0,480.0,1,1.0,6.0,0.0,0.25,MISC,267,480.0,6.0,0.25,2196.0,1.0
1ccc18d7d13073b642b3a016,268,d4d51aca8806,2204.0,2430.0,226.0,1,1.0,6.0,0.0,0.5,T4,268,226.0,6.0,0.5,2204.0,1.0
1ccc18d7d13073b642b3a016,269,d4d51aca8806,2204.0,2430.0,226.0,1,1.0,6.0,0.0,0.5,T4,269,226.0,6.0,0.5,2204.0,1.0
30185446faeb493c1d55cacd,270,a8192d6b0ae9,2204.0,6111.0,3907.0,1,10.0,26.0,0.0,2.0,V100,270,3907.0,260.0,20.0,2204.0,10.0
fd07fe972fedee14191be002,271,b478b7e54703,2204.0,2229.0,25.0,1,64.0,1.0,0.0,0.01,MISC,271,25.0,64.0,0.64,2204.0,64.0
1ccc18d7d13073b642b3a016,272,d4d51aca8806,2205.0,2430.0,225.0,1,1.0,6.0,0.0,0.5,T4,272,225.0,6.0,0.5,2205.0,1.0
1ccc18d7d13073b642b3a016,273,d4d51aca8806,2208.0,2373.0,165.0,1,1.0,6.0,0.0,0.5,T4,273,165.0,6.0,0.5,2208.0,1.0
1ccc18d7d13073b642b3a016,274,d4d51aca8806,2209.0,2434.0,225.0,1,1.0,6.0,0.0,0.5,T4,274,225.0,6.0,0.5,2209.0,1.0
1ccc18d7d13073b642b3a016,275,d4d51aca8806,2209.0,2444.0,235.0,1,1.0,6.0,0.0,0.5,T4,275,235.0,6.0,0.5,2209.0,1.0
1ccc18d7d13073b642b3a016,276,d4d51aca8806,2214.0,2449.0,235.0,1,1.0,6.0,0.0,0.5,T4,276,235.0,6.0,0.5,2214.0,1.0
1ccc18d7d13073b642b3a016,277,d4d51aca8806,2214.0,2450.0,236.0,1,1.0,6.0,0.0,0.5,T4,277,236.0,6.0,0.5,2214.0,1.0
1ccc18d7d13073b642b3a016,278,d4d51aca8806,2215.0,2410.0,195.0,1,1.0,6.0,0.0,0.5,T4,278,195.0,6.0,0.5,2215.0,1.0
1ccc18d7d13073b642b3a016,279,d4d51aca8806,2219.0,2434.0,215.0,1,1.0,6.0,0.0,0.5,T4,279,215.0,6.0,0.5,2219.0,1.0
1ccc18d7d13073b642b3a016,280,d4d51aca8806,2222.0,2438.0,216.0,1,1.0,6.0,0.0,0.5,T4,280,216.0,6.0,0.5,2222.0,1.0
1ccc18d7d13073b642b3a016,281,d4d51aca8806,2223.0,2448.0,225.0,1,1.0,6.0,0.0,0.5,T4,281,225.0,6.0,0.5,2223.0,1.0
1ccc18d7d13073b642b3a016,282,d4d51aca8806,2224.0,2449.0,225.0,1,1.0,6.0,0.0,0.5,T4,282,225.0,6.0,0.5,2224.0,1.0
1ccc18d7d13073b642b3a016,283,d4d51aca8806,2232.0,2467.0,235.0,1,1.0,6.0,0.0,0.5,T4,283,235.0,6.0,0.5,2232.0,1.0
1ccc18d7d13073b642b3a016,284,d4d51aca8806,2233.0,2478.0,245.0,1,1.0,6.0,0.0,0.5,T4,284,245.0,6.0,0.5,2233.0,1.0
1ccc18d7d13073b642b3a016,285,d4d51aca8806,2237.0,2482.0,245.0,1,1.0,6.0,0.0,0.5,T4,285,245.0,6.0,0.5,2237.0,1.0
1ccc18d7d13073b642b3a016,286,d4d51aca8806,2239.0,2464.0,225.0,1,1.0,6.0,0.0,0.5,T4,286,225.0,6.0,0.5,2239.0,1.0
5241fd7d9a59d5917a2b54de,287,262fbc8b0c98,2240.0,2624.0,384.0,1,1.0,6.0,0.0,1.0,MISC,287,384.0,6.0,1.0,2240.0,1.0
1ccc18d7d13073b642b3a016,288,d4d51aca8806,2244.0,2500.0,256.0,1,1.0,6.0,0.0,0.5,T4,288,256.0,6.0,0.5,2244.0,1.0
28dbedeb830a7a6ebc9dcdb7,289,c9e676ebc7ef,2245.0,2280.0,35.0,1,4.0,6.0,0.0,0.5,T4,289,35.0,24.0,2.0,2245.0,4.0
1ccc18d7d13073b642b3a016,290,d4d51aca8806,2249.0,2504.0,255.0,1,1.0,6.0,0.0,0.5,T4,290,255.0,6.0,0.5,2249.0,1.0
5241fd7d9a59d5917a2b54de,291,262fbc8b0c98,2250.0,3526.0,1276.0,1,1.0,1.0,0.0,1.0,MISC,291,1276.0,1.0,1.0,2250.0,1.0
1ccc18d7d13073b642b3a016,292,d4d51aca8806,2255.0,4331.0,2076.0,1,1.0,6.0,0.0,0.5,T4,292,2076.0,6.0,0.5,2255.0,1.0
f17e954e97558148ded21349,293,c4cbaac9966d,2255.0,2990.0,735.0,1,1.0,10.0,0.0,0.5,T4,293,735.0,10.0,0.5,2255.0,1.0
28dbedeb830a7a6ebc9dcdb7,294,c9e676ebc7ef,2262.0,2331.0,69.0,1,8.0,6.0,0.0,0.25,T4,294,69.0,48.0,2.0,2262.0,8.0
1ccc18d7d13073b642b3a016,295,d4d51aca8806,2263.0,2539.0,276.0,1,1.0,6.0,0.0,0.5,T4,295,276.0,6.0,0.5,2263.0,1.0
1ccc18d7d13073b642b3a016,296,d4d51aca8806,2264.0,4309.0,2045.0,1,1.0,6.0,0.0,0.5,T4,296,2045.0,6.0,0.5,2264.0,1.0
1ccc18d7d13073b642b3a016,297,d4d51aca8806,2271.0,2898.0,627.0,1,20.0,6.0,0.0,0.5,T4,297,627.0,120.0,10.0,2271.0,20.0
1ccc18d7d13073b642b3a016,299,d4d51aca8806,2329.0,34513.0,32184.0,1,12.0,6.0,0.0,0.25,T4,299,32184.0,72.0,3.0,2329.0,12.0
341592bf32fc1f7eb755b0cd,301,bf032f777f2b,2361.0,3096.0,735.0,1,1.0,4.0,0.0,1.0,T4,301,735.0,4.0,1.0,2361.0,1.0
51b6f00b1d81d3a5ddd582ab,302,0a499869cb43,2361.0,3456.0,1095.0,1,1.0,4.0,0.0,1.0,MISC,302,1095.0,4.0,1.0,2361.0,1.0
51b6f00b1d81d3a5ddd582ab,303,0a499869cb43,2368.0,4554.0,2186.0,1,1.0,4.0,0.0,1.0,MISC,303,2186.0,4.0,1.0,2368.0,1.0
341592bf32fc1f7eb755b0cd,305,bf032f777f2b,2370.0,3433.0,1063.0,1,1.0,4.0,0.0,1.0,T4,305,1063.0,4.0,1.0,2370.0,1.0
1ccc18d7d13073b642b3a016,306,d4d51aca8806,2379.0,2465.0,86.0,1,30.0,6.0,0.0,0.25,T4,306,86.0,180.0,7.5,2379.0,30.0
4fa2a95d7c794171b866dfa5,309,7203aa95a9af,2397.0,4387.0,1990.0,1,10.0,6.0,0.0,1.0,MISC,309,1990.0,60.0,10.0,2397.0,10.0
5241fd7d9a59d5917a2b54de,310,262fbc8b0c98,2400.0,4873.0,2473.0,1,1.0,6.0,0.0,1.0,MISC,310,2473.0,6.0,1.0,2400.0,1.0
1ae9a9bd04878d5170bef662,311,c8c220871faf,2404.0,2447.0,43.0,1,30.0,6.0,0.0,0.25,T4,311,43.0,180.0,7.5,2404.0,30.0
f2c4b7ef9bca7bf8390f05cd,312,1480b75a8c96,2408.0,2723.0,315.0,1,1.0,6.0,0.0,1.0,T4,312,315.0,6.0,1.0,2408.0,1.0
9ae9b2a926a0b1a6e4b0945c,314,05b25af4dd8b,2424.0,2464.0,40.0,1,1.0,6.0,0.0,1.0,MISC,314,40.0,6.0,1.0,2424.0,1.0
1ccc18d7d13073b642b3a016,316,d4d51aca8806,2435.0,2501.0,66.0,1,50.0,6.0,0.0,0.25,T4,316,66.0,300.0,12.5,2435.0,50.0
693694aff93ce4f9a8bbdfd6,317,b13fd7656207,2439.0,2595.0,156.0,1,1.0,8.0,0.0,1.0,T4,317,156.0,8.0,1.0,2439.0,1.0
ab6dc8ec11ba203bcdad0305,321,a74e2b620aa7,2463.0,2558.0,95.0,1,1.0,6.0,0.0,1.0,T4,321,95.0,6.0,1.0,2463.0,1.0
4338499d3c24cc35be17b44c,322,5b1345f03aa1,2503.0,3415.0,912.0,1,1.0,6.0,0.0,1.0,MISC,322,912.0,6.0,1.0,2503.0,1.0
28dbedeb830a7a6ebc9dcdb7,323,c9e676ebc7ef,2506.0,2630.0,124.0,1,1.0,6.0,0.0,1.0,T4,323,124.0,6.0,1.0,2506.0,1.0
5241fd7d9a59d5917a2b54de,324,262fbc8b0c98,2518.0,3604.0,1086.0,1,1.0,3.0,0.0,2.0,MISC,324,1086.0,3.0,2.0,2518.0,1.0
30185446faeb493c1d55cacd,325,a8192d6b0ae9,2533.0,7915.0,5382.0,1,1.0,10.0,0.0,2.0,MISC,325,5382.0,10.0,2.0,2533.0,1.0
30185446faeb493c1d55cacd,326,a8192d6b0ae9,2535.0,10185.0,7650.0,1,1.0,10.0,0.0,2.0,MISC,326,7650.0,10.0,2.0,2535.0,1.0
30185446faeb493c1d55cacd,327,a8192d6b0ae9,2538.0,12224.0,9686.0,1,1.0,10.0,0.0,2.0,MISC,327,9686.0,10.0,2.0,2538.0,1.0
30185446faeb493c1d55cacd,328,a8192d6b0ae9,2540.0,7821.0,5281.0,1,1.0,10.0,0.0,2.0,MISC,328,5281.0,10.0,2.0,2540.0,1.0
30185446faeb493c1d55cacd,329,a8192d6b0ae9,2540.0,7844.0,5304.0,1,1.0,10.0,0.0,2.0,MISC,329,5304.0,10.0,2.0,2540.0,1.0
30185446faeb493c1d55cacd,330,a8192d6b0ae9,2541.0,7918.0,5377.0,1,1.0,10.0,0.0,2.0,MISC,330,5377.0,10.0,2.0,2541.0,1.0
30185446faeb493c1d55cacd,331,a8192d6b0ae9,2543.0,7954.0,5411.0,1,1.0,10.0,0.0,2.0,MISC,331,5411.0,10.0,2.0,2543.0,1.0
30185446faeb493c1d55cacd,332,a8192d6b0ae9,2548.0,7734.0,5186.0,1,1.0,10.0,0.0,2.0,MISC,332,5186.0,10.0,2.0,2548.0,1.0
fdca1b26347a096dc8cd73ec,333,edc10645cc3f,2574.0,3136.0,562.0,1,2.0,18.0,0.0,1.0,MISC,333,562.0,36.0,2.0,2574.0,2.0
8ccb9c9fe88b53537e096dd9,334,de69ddc1064e,2580.0,18132.0,15552.0,1,1.0,6.0,0.0,0.25,MISC,334,15552.0,6.0,0.25,2580.0,1.0
8ccb9c9fe88b53537e096dd9,335,de69ddc1064e,2580.0,15047.0,12467.0,1,1.0,6.0,0.0,0.25,MISC,335,12467.0,6.0,0.25,2580.0,1.0
8ccb9c9fe88b53537e096dd9,336,de69ddc1064e,2580.0,21310.0,18730.0,1,1.0,6.0,0.0,0.25,MISC,336,18730.0,6.0,0.25,2580.0,1.0
8ccb9c9fe88b53537e096dd9,337,de69ddc1064e,2580.0,17003.0,14423.0,1,1.0,6.0,0.0,0.25,MISC,337,14423.0,6.0,0.25,2580.0,1.0
8ccb9c9fe88b53537e096dd9,338,de69ddc1064e,2581.0,15917.0,13336.0,1,1.0,6.0,0.0,0.25,MISC,338,13336.0,6.0,0.25,2581.0,1.0
8ccb9c9fe88b53537e096dd9,339,de69ddc1064e,2581.0,14544.0,11963.0,1,1.0,6.0,0.0,0.25,MISC,339,11963.0,6.0,0.25,2581.0,1.0
8ccb9c9fe88b53537e096dd9,340,de69ddc1064e,2581.0,13731.0,11150.0,1,1.0,6.0,0.0,0.25,MISC,340,11150.0,6.0,0.25,2581.0,1.0
8ccb9c9fe88b53537e096dd9,341,de69ddc1064e,2581.0,12664.0,10083.0,1,1.0,6.0,0.0,0.25,MISC,341,10083.0,6.0,0.25,2581.0,1.0
8ccb9c9fe88b53537e096dd9,342,de69ddc1064e,2581.0,13169.0,10588.0,1,1.0,6.0,0.0,0.25,MISC,342,10588.0,6.0,0.25,2581.0,1.0
8ccb9c9fe88b53537e096dd9,343,de69ddc1064e,2581.0,15986.0,13405.0,1,1.0,6.0,0.0,0.25,MISC,343,13405.0,6.0,0.25,2581.0,1.0
8ccb9c9fe88b53537e096dd9,344,de69ddc1064e,2581.0,13697.0,11116.0,1,1.0,6.0,0.0,0.25,MISC,344,11116.0,6.0,0.25,2581.0,1.0
8ccb9c9fe88b53537e096dd9,345,de69ddc1064e,2581.0,12643.0,10062.0,1,1.0,6.0,0.0,0.25,MISC,345,10062.0,6.0,0.25,2581.0,1.0
8ccb9c9fe88b53537e096dd9,346,de69ddc1064e,2581.0,14348.0,11767.0,1,1.0,6.0,0.0,0.25,MISC,346,11767.0,6.0,0.25,2581.0,1.0
8ccb9c9fe88b53537e096dd9,347,de69ddc1064e,2581.0,12189.0,9608.0,1,1.0,6.0,0.0,0.25,MISC,347,9608.0,6.0,0.25,2581.0,1.0
8ccb9c9fe88b53537e096dd9,348,de69ddc1064e,2581.0,13189.0,10608.0,1,1.0,6.0,0.0,0.25,MISC,348,10608.0,6.0,0.25,2581.0,1.0
8ccb9c9fe88b53537e096dd9,349,de69ddc1064e,2581.0,12172.0,9591.0,1,1.0,6.0,0.0,0.25,MISC,349,9591.0,6.0,0.25,2581.0,1.0
8ccb9c9fe88b53537e096dd9,350,de69ddc1064e,2581.0,13687.0,11106.0,1,1.0,6.0,0.0,0.25,MISC,350,11106.0,6.0,0.25,2581.0,1.0
8ccb9c9fe88b53537e096dd9,351,de69ddc1064e,2581.0,13129.0,10548.0,1,1.0,6.0,0.0,0.25,MISC,351,10548.0,6.0,0.25,2581.0,1.0
8ccb9c9fe88b53537e096dd9,352,de69ddc1064e,2581.0,16250.0,13669.0,1,1.0,6.0,0.0,0.25,MISC,352,13669.0,6.0,0.25,2581.0,1.0
8ccb9c9fe88b53537e096dd9,353,de69ddc1064e,2581.0,10855.0,8274.0,1,1.0,6.0,0.0,0.25,MISC,353,8274.0,6.0,0.25,2581.0,1.0
8ccb9c9fe88b53537e096dd9,354,de69ddc1064e,2581.0,15877.0,13296.0,1,1.0,6.0,0.0,0.25,MISC,354,13296.0,6.0,0.25,2581.0,1.0
8ccb9c9fe88b53537e096dd9,355,de69ddc1064e,2581.0,12882.0,10301.0,1,1.0,6.0,0.0,0.25,MISC,355,10301.0,6.0,0.25,2581.0,1.0
8ccb9c9fe88b53537e096dd9,356,de69ddc1064e,2581.0,13295.0,10714.0,1,1.0,6.0,0.0,0.25,MISC,356,10714.0,6.0,0.25,2581.0,1.0
8ccb9c9fe88b53537e096dd9,357,de69ddc1064e,2582.0,11898.0,9316.0,1,1.0,6.0,0.0,0.25,MISC,357,9316.0,6.0,0.25,2582.0,1.0
8ccb9c9fe88b53537e096dd9,358,de69ddc1064e,2582.0,12723.0,10141.0,1,1.0,6.0,0.0,0.25,MISC,358,10141.0,6.0,0.25,2582.0,1.0
a757f125d866d5722ec3bfc2,359,3960a1141089,2596.0,2643.0,47.0,1,1.0,6.0,0.0,0.25,MISC,359,47.0,6.0,0.25,2596.0,1.0
bcefc24202843f241d4a17ec,360,3f5d4699c3a6,2669.0,3930.0,1261.0,1,10.0,2.0,0.0,1.0,MISC,360,1261.0,20.0,10.0,2669.0,10.0
5241fd7d9a59d5917a2b54de,361,262fbc8b0c98,2672.0,2899.0,227.0,1,1.0,6.0,0.0,1.0,MISC,361,227.0,6.0,1.0,2672.0,1.0
5241fd7d9a59d5917a2b54de,362,262fbc8b0c98,2673.0,2845.0,172.0,1,1.0,6.0,0.0,1.0,MISC,362,172.0,6.0,1.0,2673.0,1.0
5241fd7d9a59d5917a2b54de,363,262fbc8b0c98,2674.0,2846.0,172.0,1,1.0,6.0,0.0,1.0,MISC,363,172.0,6.0,1.0,2674.0,1.0
5241fd7d9a59d5917a2b54de,364,262fbc8b0c98,2674.0,2846.0,172.0,1,1.0,6.0,0.0,1.0,MISC,364,172.0,6.0,1.0,2674.0,1.0
5241fd7d9a59d5917a2b54de,365,262fbc8b0c98,2674.0,2868.0,194.0,1,1.0,6.0,0.0,1.0,MISC,365,194.0,6.0,1.0,2674.0,1.0
5241fd7d9a59d5917a2b54de,366,262fbc8b0c98,2675.0,2846.0,171.0,1,1.0,6.0,0.0,1.0,MISC,366,171.0,6.0,1.0,2675.0,1.0
5241fd7d9a59d5917a2b54de,367,262fbc8b0c98,2675.0,2868.0,193.0,1,1.0,6.0,0.0,1.0,MISC,367,193.0,6.0,1.0,2675.0,1.0
5241fd7d9a59d5917a2b54de,368,262fbc8b0c98,2675.0,2846.0,171.0,1,1.0,6.0,0.0,1.0,MISC,368,171.0,6.0,1.0,2675.0,1.0
5241fd7d9a59d5917a2b54de,369,262fbc8b0c98,2677.0,2867.0,190.0,1,1.0,6.0,0.0,1.0,MISC,369,190.0,6.0,1.0,2677.0,1.0
5241fd7d9a59d5917a2b54de,370,262fbc8b0c98,2680.0,2867.0,187.0,1,1.0,6.0,0.0,1.0,MISC,370,187.0,6.0,1.0,2680.0,1.0
5241fd7d9a59d5917a2b54de,371,262fbc8b0c98,2680.0,2867.0,187.0,1,1.0,6.0,0.0,1.0,MISC,371,187.0,6.0,1.0,2680.0,1.0
5241fd7d9a59d5917a2b54de,372,262fbc8b0c98,2682.0,2856.0,174.0,1,1.0,6.0,0.0,1.0,MISC,372,174.0,6.0,1.0,2682.0,1.0
1ccc18d7d13073b642b3a016,373,d4d51aca8806,2689.0,14029.0,11340.0,1,20.0,6.0,0.0,0.25,T4,373,11340.0,120.0,5.0,2689.0,20.0
2fe46f64538b8943a9882bab,374,c677a0acf7c0,2730.0,6214.0,3484.0,1,5.0,2.0,0.0,1.0,MISC,374,3484.0,10.0,5.0,2730.0,5.0
7cc6edae55387addd38604b5,375,27390ef59c1f,2745.0,2791.0,46.0,1,1.0,6.0,0.0,0.25,T4,375,46.0,6.0,0.25,2745.0,1.0
d894fd1af131ed7a296716b5,376,58540f191766,2749.0,3790.0,1041.0,1,1.0,6.0,0.0,1.0,MISC,376,1041.0,6.0,1.0,2749.0,1.0
f2c4b7ef9bca7bf8390f05cd,377,1480b75a8c96,2754.0,2779.0,25.0,1,1.0,6.0,0.0,1.0,T4,377,25.0,6.0,1.0,2754.0,1.0
5e71584c514d8e17662ffd10,378,69d8872acc41,2834.0,2980.0,146.0,1,2.0,18.0,0.0,2.0,V100,378,146.0,36.0,4.0,2834.0,2.0
1ccc18d7d13073b642b3a016,379,d4d51aca8806,2841.0,3490.0,649.0,1,20.0,6.0,0.0,0.5,T4,379,649.0,120.0,10.0,2841.0,20.0
21858ac282f1092bb15f8831,380,45bd92802aa9,2845.0,2861.0,16.0,1,1.0,6.0,0.0,2.0,T4,380,16.0,6.0,2.0,2845.0,1.0
1ae9a9bd04878d5170bef662,381,c8c220871faf,2881.0,2925.0,44.0,1,30.0,6.0,0.0,0.25,T4,381,44.0,180.0,7.5,2881.0,30.0
1ccc18d7d13073b642b3a016,382,d4d51aca8806,2923.0,3675.0,752.0,1,20.0,6.0,0.0,0.5,T4,382,752.0,120.0,10.0,2923.0,20.0
4338499d3c24cc35be17b44c,383,5b1345f03aa1,2924.0,3047.0,123.0,1,1.0,6.0,0.0,0.25,MISC,383,123.0,6.0,0.25,2924.0,1.0
4338499d3c24cc35be17b44c,384,5b1345f03aa1,2931.0,3048.0,117.0,1,1.0,6.0,0.0,0.25,MISC,384,117.0,6.0,0.25,2931.0,1.0
30185446faeb493c1d55cacd,385,a8192d6b0ae9,2941.0,4311.0,1370.0,1,5.0,18.0,0.0,1.0,MISC,385,1370.0,90.0,5.0,2941.0,5.0
30185446faeb493c1d55cacd,386,a8192d6b0ae9,2946.0,2985.0,39.0,1,1.0,6.0,0.0,1.0,MISC,386,39.0,6.0,1.0,2946.0,1.0
d894fd1af131ed7a296716b5,387,58540f191766,2964.0,8944.0,5980.0,1,1.0,6.0,0.0,1.0,MISC,387,5980.0,6.0,1.0,2964.0,1.0
5241fd7d9a59d5917a2b54de,388,262fbc8b0c98,2975.0,4656.0,1681.0,1,1.0,6.0,0.0,3.0,MISC,388,1681.0,6.0,3.0,2975.0,1.0
30185446faeb493c1d55cacd,389,a8192d6b0ae9,2994.0,3667.0,673.0,1,8.0,18.0,0.0,1.0,MISC,389,673.0,144.0,8.0,2994.0,8.0
4338499d3c24cc35be17b44c,390,5b1345f03aa1,2997.0,3271.0,274.0,1,1.0,6.0,0.0,0.5,MISC,390,274.0,6.0,0.5,2997.0,1.0
0381d6db958250b056960f1d,391,47baba33cffe,2997.0,5495.0,2498.0,1,1.0,32.0,0.0,2.0,T4,391,2498.0,32.0,2.0,2997.0,1.0
e14f55e56de8f9e707c8ff95,392,42aa9724a88c,3006.0,3056.0,50.0,1,1.0,6.0,0.0,1.0,MISC,392,50.0,6.0,1.0,3006.0,1.0
fdca1b26347a096dc8cd73ec,393,edc10645cc3f,3011.0,35615.0,32604.0,1,1.0,16.0,0.0,2.0,MISC,393,32604.0,16.0,2.0,3011.0,1.0
1ccc18d7d13073b642b3a016,395,d4d51aca8806,3040.0,24779.0,21739.0,1,12.0,6.0,0.0,0.25,T4,395,21739.0,72.0,3.0,3040.0,12.0
40df54e413d319037102e297,396,7b76597f4283,3080.0,6319.0,3239.0,1,1.0,6.0,0.0,0.5,MISC,396,3239.0,6.0,0.5,3080.0,1.0
30185446faeb493c1d55cacd,397,a8192d6b0ae9,3106.0,3221.0,115.0,1,10.0,18.0,0.0,1.0,P100,397,115.0,180.0,10.0,3106.0,10.0
30185446faeb493c1d55cacd,398,a8192d6b0ae9,3121.0,4884.0,1763.0,1,10.0,18.0,0.0,1.0,P100,398,1763.0,180.0,10.0,3121.0,10.0
1ae9a9bd04878d5170bef662,399,c8c220871faf,3131.0,3185.0,54.0,1,30.0,6.0,0.0,0.25,T4,399,54.0,180.0,7.5,3131.0,30.0
21858ac282f1092bb15f8831,400,45bd92802aa9,3159.0,3175.0,16.0,1,1.0,6.0,0.0,2.0,T4,400,16.0,6.0,2.0,3159.0,1.0
e8efa65aa22dff1e98ff15d7,402,b3bfe9b79bb5,3167.0,53236.0,50069.0,1,100.0,2.0,0.0,0.25,MISC,402,50069.0,200.0,25.0,3167.0,100.0
845ebc87e40bad0db5b37e26,403,f14128db0160,3169.0,3377.0,208.0,1,1.0,6.0,0.0,2.0,MISC,403,208.0,6.0,2.0,3169.0,1.0
0be3971157d6c504afbc3397,404,354e3b81c515,3186.0,3206.0,20.0,1,1.0,6.0,0.0,1.0,MISC,404,20.0,6.0,1.0,3186.0,1.0
40df54e413d319037102e297,405,7b76597f4283,3191.0,5296.0,2105.0,1,1.0,6.0,0.0,1.0,P100,405,2105.0,6.0,1.0,3191.0,1.0
4338499d3c24cc35be17b44c,407,5b1345f03aa1,3209.0,3257.0,48.0,1,1.0,6.0,0.0,1.0,MISC,407,48.0,6.0,1.0,3209.0,1.0
37423403daa3e62e294e12da,408,4d95fa282778,3274.0,5037.0,1763.0,1,1.0,6.0,0.0,1.0,T4,408,1763.0,6.0,1.0,3274.0,1.0
37423403daa3e62e294e12da,409,4d95fa282778,3276.0,4588.0,1312.0,1,1.0,6.0,0.0,1.0,T4,409,1312.0,6.0,1.0,3276.0,1.0
37423403daa3e62e294e12da,410,4d95fa282778,3278.0,4679.0,1401.0,1,1.0,6.0,0.0,1.0,T4,410,1401.0,6.0,1.0,3278.0,1.0
37423403daa3e62e294e12da,411,4d95fa282778,3278.0,4468.0,1190.0,1,1.0,6.0,0.0,1.0,T4,411,1190.0,6.0,1.0,3278.0,1.0
37423403daa3e62e294e12da,412,4d95fa282778,3279.0,4712.0,1433.0,1,1.0,6.0,0.0,1.0,T4,412,1433.0,6.0,1.0,3279.0,1.0
37423403daa3e62e294e12da,413,4d95fa282778,3280.0,3838.0,558.0,1,1.0,6.0,0.0,1.0,T4,413,558.0,6.0,1.0,3280.0,1.0
37423403daa3e62e294e12da,414,4d95fa282778,3281.0,4833.0,1552.0,1,1.0,6.0,0.0,1.0,T4,414,1552.0,6.0,1.0,3281.0,1.0
37423403daa3e62e294e12da,415,4d95fa282778,3284.0,4293.0,1009.0,1,1.0,6.0,0.0,1.0,T4,415,1009.0,6.0,1.0,3284.0,1.0
37423403daa3e62e294e12da,416,4d95fa282778,3284.0,4445.0,1161.0,1,1.0,6.0,0.0,1.0,T4,416,1161.0,6.0,1.0,3284.0,1.0
37423403daa3e62e294e12da,417,4d95fa282778,3284.0,4896.0,1612.0,1,1.0,6.0,0.0,1.0,T4,417,1612.0,6.0,1.0,3284.0,1.0
37423403daa3e62e294e12da,418,4d95fa282778,3285.0,6575.0,3290.0,1,1.0,6.0,0.0,1.0,T4,418,3290.0,6.0,1.0,3285.0,1.0
37423403daa3e62e294e12da,419,4d95fa282778,3286.0,4898.0,1612.0,1,1.0,6.0,0.0,1.0,T4,419,1612.0,6.0,1.0,3286.0,1.0
37423403daa3e62e294e12da,420,4d95fa282778,3286.0,4808.0,1522.0,1,1.0,6.0,0.0,1.0,T4,420,1522.0,6.0,1.0,3286.0,1.0
37423403daa3e62e294e12da,421,4d95fa282778,3287.0,4900.0,1613.0,1,1.0,6.0,0.0,1.0,T4,421,1613.0,6.0,1.0,3287.0,1.0
37423403daa3e62e294e12da,422,4d95fa282778,3287.0,4839.0,1552.0,1,1.0,6.0,0.0,1.0,T4,422,1552.0,6.0,1.0,3287.0,1.0
37423403daa3e62e294e12da,423,4d95fa282778,3287.0,5020.0,1733.0,1,1.0,6.0,0.0,1.0,T4,423,1733.0,6.0,1.0,3287.0,1.0
37423403daa3e62e294e12da,424,4d95fa282778,3288.0,3614.0,326.0,1,1.0,6.0,0.0,1.0,T4,424,326.0,6.0,1.0,3288.0,1.0
37423403daa3e62e294e12da,425,4d95fa282778,3289.0,6348.0,3059.0,1,1.0,6.0,0.0,1.0,T4,425,3059.0,6.0,1.0,3289.0,1.0
37423403daa3e62e294e12da,426,4d95fa282778,3292.0,6762.0,3470.0,1,1.0,6.0,0.0,1.0,T4,426,3470.0,6.0,1.0,3292.0,1.0
37423403daa3e62e294e12da,427,4d95fa282778,3292.0,4843.0,1551.0,1,1.0,6.0,0.0,1.0,T4,427,1551.0,6.0,1.0,3292.0,1.0
143b087a9cf31f7f5c1b09ba,428,f5440bdf32a5,3323.0,15193.0,11870.0,1,1.0,6.0,0.0,0.25,MISC,428,11870.0,6.0,0.25,3323.0,1.0
1ae9a9bd04878d5170bef662,429,c8c220871faf,3401.0,3452.0,51.0,1,30.0,6.0,0.0,0.25,T4,429,51.0,180.0,7.5,3401.0,30.0
0be3971157d6c504afbc3397,430,354e3b81c515,3407.0,6839.0,3432.0,1,1.0,6.0,0.0,1.0,MISC,430,3432.0,6.0,1.0,3407.0,1.0
143b087a9cf31f7f5c1b09ba,431,f5440bdf32a5,3444.0,17419.0,13975.0,1,1.0,6.0,0.0,0.25,MISC,431,13975.0,6.0,0.25,3444.0,1.0
30185446faeb493c1d55cacd,432,a8192d6b0ae9,3464.0,4144.0,680.0,1,1.0,6.0,0.0,0.5,MISC,432,680.0,6.0,0.5,3464.0,1.0
341592bf32fc1f7eb755b0cd,433,bf032f777f2b,3470.0,3617.0,147.0,1,1.0,10.0,0.0,1.0,T4,433,147.0,10.0,1.0,3470.0,1.0
341592bf32fc1f7eb755b0cd,434,bf032f777f2b,3471.0,3712.0,241.0,1,1.0,10.0,0.0,1.0,T4,434,241.0,10.0,1.0,3471.0,1.0
0381d6db958250b056960f1d,436,47baba33cffe,3477.0,11249.0,7772.0,1,6.0,6.0,0.0,1.0,T4,436,7772.0,36.0,6.0,3477.0,6.0
1ccc18d7d13073b642b3a016,438,d4d51aca8806,3484.0,4887.0,1403.0,1,25.0,6.0,0.0,0.25,T4,438,1403.0,150.0,6.25,3484.0,25.0
21858ac282f1092bb15f8831,439,45bd92802aa9,3488.0,9593.0,6105.0,1,1.0,6.0,0.0,0.5,T4,439,6105.0,6.0,0.5,3488.0,1.0
3995073148156da8994ec8bb,440,5f4cb64dc693,3489.0,3690.0,201.0,1,1.0,6.0,0.0,1.0,MISC,440,201.0,6.0,1.0,3489.0,1.0
21858ac282f1092bb15f8831,441,45bd92802aa9,3491.0,9725.0,6234.0,1,1.0,6.0,0.0,0.5,T4,441,6234.0,6.0,0.5,3491.0,1.0
21858ac282f1092bb15f8831,442,45bd92802aa9,3493.0,9837.0,6344.0,1,1.0,6.0,0.0,0.5,T4,442,6344.0,6.0,0.5,3493.0,1.0
37423403daa3e62e294e12da,443,4d95fa282778,3503.0,4505.0,1002.0,1,1.0,32.0,0.0,1.0,T4,443,1002.0,32.0,1.0,3503.0,1.0
1ccc18d7d13073b642b3a016,444,d4d51aca8806,3513.0,4121.0,608.0,1,20.0,6.0,0.0,0.5,T4,444,608.0,120.0,10.0,3513.0,20.0
f17e954e97558148ded21349,445,c4cbaac9966d,3551.0,4255.0,704.0,1,1.0,10.0,0.0,0.5,T4,445,704.0,10.0,0.5,3551.0,1.0
f17e954e97558148ded21349,446,c4cbaac9966d,3554.0,4113.0,559.0,1,1.0,10.0,0.0,0.5,T4,446,559.0,10.0,0.5,3554.0,1.0
30185446faeb493c1d55cacd,448,a8192d6b0ae9,3586.0,4217.0,631.0,1,1.0,18.0,0.0,1.0,MISC,448,631.0,18.0,1.0,3586.0,1.0
1ccc18d7d13073b642b3a016,449,d4d51aca8806,3586.0,74682.0,71096.0,1,12.0,6.0,0.0,0.25,T4,449,71096.0,72.0,3.0,3586.0,12.0
30185446faeb493c1d55cacd,450,a8192d6b0ae9,3604.0,3659.0,55.0,1,1.0,6.0,0.0,1.0,MISC,450,55.0,6.0,1.0,3604.0,1.0
1ccc18d7d13073b642b3a016,452,d4d51aca8806,3608.0,6462.0,2854.0,1,11.0,6.0,0.0,0.25,T4,452,2854.0,66.0,2.75,3608.0,11.0
30185446faeb493c1d55cacd,453,a8192d6b0ae9,3694.0,4377.0,683.0,1,1.0,18.0,0.0,1.0,MISC,453,683.0,18.0,1.0,3694.0,1.0
1ccc18d7d13073b642b3a016,454,d4d51aca8806,3695.0,4490.0,795.0,1,20.0,6.0,0.0,0.5,T4,454,795.0,120.0,10.0,3695.0,20.0
f2c4b7ef9bca7bf8390f05cd,455,1480b75a8c96,3701.0,173692.0,169991.0,1,1.0,6.0,0.0,1.0,T4,455,169991.0,6.0,1.0,3701.0,1.0
30185446faeb493c1d55cacd,456,a8192d6b0ae9,3704.0,3765.0,61.0,1,1.0,6.0,0.0,1.0,MISC,456,61.0,6.0,1.0,3704.0,1.0
37423403daa3e62e294e12da,457,4d95fa282778,3708.0,3844.0,136.0,1,1.0,6.0,0.0,1.0,T4,457,136.0,6.0,1.0,3708.0,1.0
1ccc18d7d13073b642b3a016,458,d4d51aca8806,3736.0,4102.0,366.0,1,1.0,6.0,0.0,1.0,T4,458,366.0,6.0,1.0,3736.0,1.0
1ccc18d7d13073b642b3a016,459,d4d51aca8806,3736.0,4071.0,335.0,1,1.0,6.0,0.0,1.0,T4,459,335.0,6.0,1.0,3736.0,1.0
1ccc18d7d13073b642b3a016,460,d4d51aca8806,3738.0,4154.0,416.0,1,1.0,6.0,0.0,1.0,T4,460,416.0,6.0,1.0,3738.0,1.0
1ccc18d7d13073b642b3a016,461,d4d51aca8806,3739.0,4075.0,336.0,1,1.0,6.0,0.0,1.0,T4,461,336.0,6.0,1.0,3739.0,1.0
1ccc18d7d13073b642b3a016,462,d4d51aca8806,3741.0,4096.0,355.0,1,1.0,6.0,0.0,1.0,T4,462,355.0,6.0,1.0,3741.0,1.0
1ccc18d7d13073b642b3a016,463,d4d51aca8806,3741.0,4147.0,406.0,1,1.0,6.0,0.0,1.0,T4,463,406.0,6.0,1.0,3741.0,1.0
1ccc18d7d13073b642b3a016,464,d4d51aca8806,3743.0,4169.0,426.0,1,1.0,6.0,0.0,1.0,T4,464,426.0,6.0,1.0,3743.0,1.0
1ccc18d7d13073b642b3a016,465,d4d51aca8806,3744.0,4170.0,426.0,1,1.0,6.0,0.0,1.0,T4,465,426.0,6.0,1.0,3744.0,1.0
1ccc18d7d13073b642b3a016,466,d4d51aca8806,3747.0,4143.0,396.0,1,1.0,6.0,0.0,1.0,T4,466,396.0,6.0,1.0,3747.0,1.0
1ccc18d7d13073b642b3a016,467,d4d51aca8806,3747.0,4154.0,407.0,1,1.0,6.0,0.0,1.0,T4,467,407.0,6.0,1.0,3747.0,1.0
1ccc18d7d13073b642b3a016,468,d4d51aca8806,3749.0,4225.0,476.0,1,1.0,6.0,0.0,1.0,T4,468,476.0,6.0,1.0,3749.0,1.0
1ccc18d7d13073b642b3a016,469,d4d51aca8806,3752.0,4148.0,396.0,1,1.0,6.0,0.0,1.0,T4,469,396.0,6.0,1.0,3752.0,1.0
1ccc18d7d13073b642b3a016,471,d4d51aca8806,3753.0,4229.0,476.0,1,1.0,6.0,0.0,1.0,T4,471,476.0,6.0,1.0,3753.0,1.0
1ccc18d7d13073b642b3a016,472,d4d51aca8806,3753.0,4159.0,406.0,1,1.0,6.0,0.0,1.0,T4,472,406.0,6.0,1.0,3753.0,1.0
0be3971157d6c504afbc3397,473,354e3b81c515,3755.0,4032.0,277.0,1,20.0,6.0,0.0,1.0,P100,473,277.0,120.0,20.0,3755.0,20.0
1ccc18d7d13073b642b3a016,474,d4d51aca8806,3757.0,4253.0,496.0,1,1.0,6.0,0.0,1.0,T4,474,496.0,6.0,1.0,3757.0,1.0
d894fd1af131ed7a296716b5,475,58540f191766,3757.0,9434.0,5677.0,1,1.0,6.0,0.0,0.1,MISC,475,5677.0,6.0,0.1,3757.0,1.0
1ccc18d7d13073b642b3a016,476,d4d51aca8806,3757.0,4243.0,486.0,1,1.0,6.0,0.0,1.0,T4,476,486.0,6.0,1.0,3757.0,1.0
1ccc18d7d13073b642b3a016,477,d4d51aca8806,3759.0,3994.0,235.0,1,1.0,6.0,0.0,1.0,T4,477,235.0,6.0,1.0,3759.0,1.0
1ccc18d7d13073b642b3a016,478,d4d51aca8806,3761.0,3986.0,225.0,1,1.0,6.0,0.0,1.0,T4,478,225.0,6.0,1.0,3761.0,1.0
1ccc18d7d13073b642b3a016,479,d4d51aca8806,3762.0,4048.0,286.0,1,1.0,6.0,0.0,1.0,T4,479,286.0,6.0,1.0,3762.0,1.0
1ccc18d7d13073b642b3a016,480,d4d51aca8806,3764.0,4050.0,286.0,1,1.0,6.0,0.0,1.0,T4,480,286.0,6.0,1.0,3764.0,1.0
1ccc18d7d13073b642b3a016,481,d4d51aca8806,3767.0,4697.0,930.0,1,1.0,6.0,0.0,1.0,T4,481,930.0,6.0,1.0,3767.0,1.0
1ccc18d7d13073b642b3a016,482,d4d51aca8806,3767.0,4495.0,728.0,1,1.0,6.0,0.0,1.0,T4,482,728.0,6.0,1.0,3767.0,1.0
1ccc18d7d13073b642b3a016,483,d4d51aca8806,3768.0,4455.0,687.0,1,1.0,6.0,0.0,1.0,T4,483,687.0,6.0,1.0,3768.0,1.0
1ccc18d7d13073b642b3a016,484,d4d51aca8806,3771.0,4639.0,868.0,1,1.0,6.0,0.0,1.0,T4,484,868.0,6.0,1.0,3771.0,1.0
1ccc18d7d13073b642b3a016,485,d4d51aca8806,3774.0,4331.0,557.0,1,1.0,6.0,0.0,1.0,T4,485,557.0,6.0,1.0,3774.0,1.0
1ccc18d7d13073b642b3a016,486,d4d51aca8806,3775.0,4482.0,707.0,1,1.0,6.0,0.0,1.0,T4,486,707.0,6.0,1.0,3775.0,1.0
1ccc18d7d13073b642b3a016,487,d4d51aca8806,3776.0,4343.0,567.0,1,1.0,6.0,0.0,1.0,T4,487,567.0,6.0,1.0,3776.0,1.0
1ccc18d7d13073b642b3a016,488,d4d51aca8806,3777.0,4485.0,708.0,1,1.0,6.0,0.0,1.0,T4,488,708.0,6.0,1.0,3777.0,1.0
1ccc18d7d13073b642b3a016,489,d4d51aca8806,3780.0,4559.0,779.0,1,1.0,6.0,0.0,1.0,T4,489,779.0,6.0,1.0,3780.0,1.0
1ccc18d7d13073b642b3a016,490,d4d51aca8806,3780.0,4508.0,728.0,1,1.0,6.0,0.0,1.0,T4,490,728.0,6.0,1.0,3780.0,1.0
1ccc18d7d13073b642b3a016,491,d4d51aca8806,3785.0,4724.0,939.0,1,1.0,6.0,0.0,1.0,T4,491,939.0,6.0,1.0,3785.0,1.0
1ccc18d7d13073b642b3a016,492,d4d51aca8806,3785.0,4683.0,898.0,1,1.0,6.0,0.0,1.0,T4,492,898.0,6.0,1.0,3785.0,1.0
1ccc18d7d13073b642b3a016,493,d4d51aca8806,3788.0,4113.0,325.0,1,1.0,6.0,0.0,1.0,T4,493,325.0,6.0,1.0,3788.0,1.0
1ccc18d7d13073b642b3a016,494,d4d51aca8806,3789.0,4205.0,416.0,1,1.0,6.0,0.0,1.0,T4,494,416.0,6.0,1.0,3789.0,1.0
1ccc18d7d13073b642b3a016,495,d4d51aca8806,3789.0,4206.0,417.0,1,1.0,6.0,0.0,1.0,T4,495,417.0,6.0,1.0,3789.0,1.0
1ccc18d7d13073b642b3a016,496,d4d51aca8806,3789.0,4114.0,325.0,1,1.0,6.0,0.0,1.0,T4,496,325.0,6.0,1.0,3789.0,1.0
4338499d3c24cc35be17b44c,498,5b1345f03aa1,3792.0,3854.0,62.0,1,1.0,6.0,0.0,1.0,MISC,498,62.0,6.0,1.0,3792.0,1.0
d894fd1af131ed7a296716b5,499,58540f191766,3792.0,7662.0,3870.0,1,1.0,6.0,0.0,0.1,MISC,499,3870.0,6.0,0.1,3792.0,1.0
1ccc18d7d13073b642b3a016,500,d4d51aca8806,3793.0,4168.0,375.0,1,1.0,6.0,0.0,1.0,T4,500,375.0,6.0,1.0,3793.0,1.0
1ccc18d7d13073b642b3a016,501,d4d51aca8806,3793.0,4178.0,385.0,1,1.0,6.0,0.0,1.0,T4,501,385.0,6.0,1.0,3793.0,1.0
1ccc18d7d13073b642b3a016,502,d4d51aca8806,3797.0,4243.0,446.0,1,1.0,6.0,0.0,1.0,T4,502,446.0,6.0,1.0,3797.0,1.0
1ccc18d7d13073b642b3a016,503,d4d51aca8806,3798.0,4234.0,436.0,1,1.0,6.0,0.0,1.0,T4,503,436.0,6.0,1.0,3798.0,1.0
1ccc18d7d13073b642b3a016,504,d4d51aca8806,3799.0,4185.0,386.0,1,1.0,6.0,0.0,1.0,T4,504,386.0,6.0,1.0,3799.0,1.0
1ccc18d7d13073b642b3a016,505,d4d51aca8806,3799.0,4296.0,497.0,1,1.0,6.0,0.0,1.0,T4,505,497.0,6.0,1.0,3799.0,1.0
1ccc18d7d13073b642b3a016,506,d4d51aca8806,3799.0,4185.0,386.0,1,1.0,6.0,0.0,1.0,T4,506,386.0,6.0,1.0,3799.0,1.0
0be3971157d6c504afbc3397,507,354e3b81c515,3800.0,3818.0,18.0,1,1.0,6.0,0.0,1.0,MISC,507,18.0,6.0,1.0,3800.0,1.0
1ccc18d7d13073b642b3a016,508,d4d51aca8806,3804.0,4271.0,467.0,1,1.0,6.0,0.0,1.0,T4,508,467.0,6.0,1.0,3804.0,1.0
1ccc18d7d13073b642b3a016,509,d4d51aca8806,3808.0,4115.0,307.0,1,1.0,6.0,0.0,1.0,T4,509,307.0,6.0,1.0,3808.0,1.0
d894fd1af131ed7a296716b5,510,58540f191766,3808.0,10487.0,6679.0,1,1.0,6.0,0.0,0.1,MISC,510,6679.0,6.0,0.1,3808.0,1.0
1ccc18d7d13073b642b3a016,511,d4d51aca8806,3810.0,4106.0,296.0,1,1.0,6.0,0.0,1.0,T4,511,296.0,6.0,1.0,3810.0,1.0
1ccc18d7d13073b642b3a016,512,d4d51aca8806,3810.0,4106.0,296.0,1,1.0,6.0,0.0,1.0,T4,512,296.0,6.0,1.0,3810.0,1.0
1ccc18d7d13073b642b3a016,513,d4d51aca8806,3811.0,4045.0,234.0,1,1.0,6.0,0.0,1.0,T4,513,234.0,6.0,1.0,3811.0,1.0
1ccc18d7d13073b642b3a016,514,d4d51aca8806,3814.0,4139.0,325.0,1,1.0,6.0,0.0,1.0,T4,514,325.0,6.0,1.0,3814.0,1.0
1ccc18d7d13073b642b3a016,515,d4d51aca8806,3815.0,4232.0,417.0,1,1.0,6.0,0.0,1.0,T4,515,417.0,6.0,1.0,3815.0,1.0
1ccc18d7d13073b642b3a016,516,d4d51aca8806,3815.0,4130.0,315.0,1,1.0,6.0,0.0,1.0,T4,516,315.0,6.0,1.0,3815.0,1.0
1ccc18d7d13073b642b3a016,517,d4d51aca8806,3816.0,4212.0,396.0,1,1.0,6.0,0.0,1.0,T4,517,396.0,6.0,1.0,3816.0,1.0
57293d03ada474346c391af2,518,086c863a6fa4,3831.0,4451.0,620.0,1,1.0,6.0,0.0,1.0,T4,518,620.0,6.0,1.0,3831.0,1.0
d894fd1af131ed7a296716b5,519,58540f191766,3831.0,7690.0,3859.0,1,1.0,6.0,0.0,0.1,MISC,519,3859.0,6.0,0.1,3831.0,1.0
5241fd7d9a59d5917a2b54de,520,262fbc8b0c98,3849.0,3894.0,45.0,1,1.0,6.0,0.0,1.0,MISC,520,45.0,6.0,1.0,3849.0,1.0
d894fd1af131ed7a296716b5,521,58540f191766,3855.0,7684.0,3829.0,1,1.0,6.0,0.0,0.1,MISC,521,3829.0,6.0,0.1,3855.0,1.0
4338499d3c24cc35be17b44c,522,5b1345f03aa1,3867.0,3985.0,118.0,1,1.0,6.0,0.0,1.0,MISC,522,118.0,6.0,1.0,3867.0,1.0
d894fd1af131ed7a296716b5,523,58540f191766,3869.0,9740.0,5871.0,1,1.0,6.0,0.0,0.1,MISC,523,5871.0,6.0,0.1,3869.0,1.0
f2c4b7ef9bca7bf8390f05cd,524,1480b75a8c96,3875.0,4211.0,336.0,1,1.0,6.0,0.0,1.0,T4,524,336.0,6.0,1.0,3875.0,1.0
d894fd1af131ed7a296716b5,525,58540f191766,3879.0,6654.0,2775.0,1,1.0,6.0,0.0,0.1,MISC,525,2775.0,6.0,0.1,3879.0,1.0
1ccc18d7d13073b642b3a016,527,d4d51aca8806,3882.0,3984.0,102.0,1,10.0,6.0,0.0,0.25,T4,527,102.0,60.0,2.5,3882.0,10.0
d894fd1af131ed7a296716b5,529,58540f191766,3890.0,11840.0,7950.0,1,1.0,6.0,0.0,0.1,MISC,529,7950.0,6.0,0.1,3890.0,1.0
37423403daa3e62e294e12da,530,4d95fa282778,3906.0,5219.0,1313.0,1,1.0,6.0,0.0,1.0,T4,530,1313.0,6.0,1.0,3906.0,1.0
e14f55e56de8f9e707c8ff95,531,42aa9724a88c,3920.0,3969.0,49.0,1,1.0,6.0,0.0,1.0,MISC,531,49.0,6.0,1.0,3920.0,1.0
d894fd1af131ed7a296716b5,532,58540f191766,3925.0,7426.0,3501.0,1,1.0,6.0,0.0,0.1,MISC,532,3501.0,6.0,0.1,3925.0,1.0
5241fd7d9a59d5917a2b54de,533,262fbc8b0c98,3928.0,4050.0,122.0,1,1.0,6.0,0.0,1.0,MISC,533,122.0,6.0,1.0,3928.0,1.0
d894fd1af131ed7a296716b5,534,58540f191766,3945.0,6997.0,3052.0,1,1.0,6.0,0.0,0.1,MISC,534,3052.0,6.0,0.1,3945.0,1.0
3e5fb00bf43aa67ee5c2b6d5,535,f134c9ec05e3,3947.0,4140.0,193.0,1,1.0,6.0,0.0,0.5,MISC,535,193.0,6.0,0.5,3947.0,1.0
1ccc18d7d13073b642b3a016,537,d4d51aca8806,3956.0,14885.0,10929.0,1,59.0,6.0,0.0,0.25,T4,537,10929.0,354.0,14.75,3956.0,59.0
4338499d3c24cc35be17b44c,538,5b1345f03aa1,3963.0,6192.0,2229.0,1,1.0,6.0,0.0,1.0,MISC,538,2229.0,6.0,1.0,3963.0,1.0
d894fd1af131ed7a296716b5,539,58540f191766,3971.0,8163.0,4192.0,1,1.0,6.0,0.0,0.1,MISC,539,4192.0,6.0,0.1,3971.0,1.0
4338499d3c24cc35be17b44c,540,5b1345f03aa1,3979.0,6602.0,2623.0,1,1.0,6.0,0.0,1.0,MISC,540,2623.0,6.0,1.0,3979.0,1.0
0696d9170230c726b1278089,541,06ed49c96a51,3993.0,16600.0,12607.0,1,5.0,0.05,0.0,1.0,MISC,541,12607.0,0.25,5.0,3993.0,5.0
845ebc87e40bad0db5b37e26,542,f14128db0160,3996.0,4062.0,66.0,1,1.0,6.0,0.0,2.0,MISC,542,66.0,6.0,2.0,3996.0,1.0
4338499d3c24cc35be17b44c,543,5b1345f03aa1,3997.0,6935.0,2938.0,1,1.0,6.0,0.0,1.0,MISC,543,2938.0,6.0,1.0,3997.0,1.0
4338499d3c24cc35be17b44c,544,5b1345f03aa1,4013.0,6672.0,2659.0,1,1.0,6.0,0.0,1.0,MISC,544,2659.0,6.0,1.0,4013.0,1.0
4338499d3c24cc35be17b44c,545,5b1345f03aa1,4019.0,4112.0,93.0,1,1.0,6.0,0.0,0.25,MISC,545,93.0,6.0,0.25,4019.0,1.0
4338499d3c24cc35be17b44c,546,5b1345f03aa1,4029.0,5240.0,1211.0,1,1.0,6.0,0.0,1.0,MISC,546,1211.0,6.0,1.0,4029.0,1.0
d894fd1af131ed7a296716b5,547,58540f191766,4031.0,7041.0,3010.0,1,1.0,6.0,0.0,0.1,MISC,547,3010.0,6.0,0.1,4031.0,1.0
d894fd1af131ed7a296716b5,548,58540f191766,4055.0,7839.0,3784.0,1,1.0,6.0,0.0,0.1,MISC,548,3784.0,6.0,0.1,4055.0,1.0
d894fd1af131ed7a296716b5,549,58540f191766,4065.0,8072.0,4007.0,1,1.0,6.0,0.0,0.1,MISC,549,4007.0,6.0,0.1,4065.0,1.0
d894fd1af131ed7a296716b5,550,58540f191766,4076.0,7164.0,3088.0,1,1.0,6.0,0.0,0.1,MISC,550,3088.0,6.0,0.1,4076.0,1.0
d894fd1af131ed7a296716b5,551,58540f191766,4085.0,7630.0,3545.0,1,1.0,6.0,0.0,0.1,MISC,551,3545.0,6.0,0.1,4085.0,1.0
d894fd1af131ed7a296716b5,552,58540f191766,4092.0,8042.0,3950.0,1,1.0,6.0,0.0,0.1,MISC,552,3950.0,6.0,0.1,4092.0,1.0
d894fd1af131ed7a296716b5,553,58540f191766,4113.0,6804.0,2691.0,1,1.0,6.0,0.0,0.1,MISC,553,2691.0,6.0,0.1,4113.0,1.0
d894fd1af131ed7a296716b5,554,58540f191766,4124.0,7756.0,3632.0,1,1.0,6.0,0.0,0.1,MISC,554,3632.0,6.0,0.1,4124.0,1.0
d894fd1af131ed7a296716b5,555,58540f191766,4124.0,6991.0,2867.0,1,1.0,6.0,0.0,0.1,MISC,555,2867.0,6.0,0.1,4124.0,1.0
d894fd1af131ed7a296716b5,556,58540f191766,4138.0,8049.0,3911.0,1,1.0,6.0,0.0,0.1,MISC,556,3911.0,6.0,0.1,4138.0,1.0
1ccc18d7d13073b642b3a016,557,d4d51aca8806,4144.0,5753.0,1609.0,1,20.0,6.0,0.0,0.5,T4,557,1609.0,120.0,10.0,4144.0,20.0
d894fd1af131ed7a296716b5,558,58540f191766,4145.0,7760.0,3615.0,1,1.0,6.0,0.0,0.1,MISC,558,3615.0,6.0,0.1,4145.0,1.0
fdca1b26347a096dc8cd73ec,560,edc10645cc3f,4163.0,4302.0,139.0,1,5.0,6.0,0.0,1.0,MISC,560,139.0,30.0,5.0,4163.0,5.0
0be3971157d6c504afbc3397,561,354e3b81c515,4175.0,25163.0,20988.0,1,1.0,6.0,0.0,1.0,MISC,561,20988.0,6.0,1.0,4175.0,1.0
d894fd1af131ed7a296716b5,562,58540f191766,4184.0,8388.0,4204.0,1,1.0,6.0,0.0,0.1,MISC,562,4204.0,6.0,0.1,4184.0,1.0
d894fd1af131ed7a296716b5,563,58540f191766,4199.0,8400.0,4201.0,1,1.0,6.0,0.0,0.1,MISC,563,4201.0,6.0,0.1,4199.0,1.0
d894fd1af131ed7a296716b5,564,58540f191766,4225.0,10046.0,5821.0,1,1.0,6.0,0.0,0.1,MISC,564,5821.0,6.0,0.1,4225.0,1.0
f2c4b7ef9bca7bf8390f05cd,565,1480b75a8c96,4243.0,4267.0,24.0,1,1.0,6.0,0.0,1.0,T4,565,24.0,6.0,1.0,4243.0,1.0
d894fd1af131ed7a296716b5,566,58540f191766,4249.0,10674.0,6425.0,1,1.0,6.0,0.0,0.1,MISC,566,6425.0,6.0,0.1,4249.0,1.0
d894fd1af131ed7a296716b5,567,58540f191766,4279.0,9619.0,5340.0,1,1.0,6.0,0.0,0.1,MISC,567,5340.0,6.0,0.1,4279.0,1.0
d894fd1af131ed7a296716b5,568,58540f191766,4300.0,8117.0,3817.0,1,1.0,6.0,0.0,0.1,MISC,568,3817.0,6.0,0.1,4300.0,1.0
5241fd7d9a59d5917a2b54de,569,262fbc8b0c98,4303.0,16004.0,11701.0,1,4.0,18.0,0.0,1.0,MISC,569,11701.0,72.0,4.0,4303.0,4.0
5241fd7d9a59d5917a2b54de,570,262fbc8b0c98,4307.0,11839.0,7532.0,1,4.0,18.0,0.0,1.0,MISC,570,7532.0,72.0,4.0,4307.0,4.0
37423403daa3e62e294e12da,571,4d95fa282778,4353.0,6448.0,2095.0,1,1.0,6.0,0.0,1.0,T4,571,2095.0,6.0,1.0,4353.0,1.0
4338499d3c24cc35be17b44c,572,5b1345f03aa1,4355.0,5200.0,845.0,1,1.0,6.0,0.0,1.0,MISC,572,845.0,6.0,1.0,4355.0,1.0
d894fd1af131ed7a296716b5,573,58540f191766,4360.0,8398.0,4038.0,1,1.0,6.0,0.0,0.1,MISC,573,4038.0,6.0,0.1,4360.0,1.0
fdca1b26347a096dc8cd73ec,575,edc10645cc3f,4372.0,4483.0,111.0,1,3.0,6.0,0.0,1.0,MISC,575,111.0,18.0,3.0,4372.0,3.0
d894fd1af131ed7a296716b5,576,58540f191766,4373.0,8400.0,4027.0,1,1.0,6.0,0.0,0.1,MISC,576,4027.0,6.0,0.1,4373.0,1.0
5241fd7d9a59d5917a2b54de,577,262fbc8b0c98,4386.0,5242.0,856.0,1,1.0,6.0,0.0,1.0,MISC,577,856.0,6.0,1.0,4386.0,1.0
4338499d3c24cc35be17b44c,579,5b1345f03aa1,4396.0,4451.0,55.0,1,1.0,6.0,0.0,1.0,MISC,579,55.0,6.0,1.0,4396.0,1.0
d894fd1af131ed7a296716b5,580,58540f191766,4402.0,9578.0,5176.0,1,1.0,6.0,0.0,0.1,MISC,580,5176.0,6.0,0.1,4402.0,1.0
d894fd1af131ed7a296716b5,581,58540f191766,4427.0,7952.0,3525.0,1,1.0,6.0,0.0,0.1,MISC,581,3525.0,6.0,0.1,4427.0,1.0
d894fd1af131ed7a296716b5,582,58540f191766,4436.0,11033.0,6597.0,1,1.0,6.0,0.0,0.1,MISC,582,6597.0,6.0,0.1,4436.0,1.0
d894fd1af131ed7a296716b5,583,58540f191766,4445.0,11653.0,7208.0,1,1.0,6.0,0.0,0.1,MISC,583,7208.0,6.0,0.1,4445.0,1.0
d894fd1af131ed7a296716b5,584,58540f191766,4453.0,11651.0,7198.0,1,1.0,6.0,0.0,0.1,MISC,584,7198.0,6.0,0.1,4453.0,1.0
d894fd1af131ed7a296716b5,585,58540f191766,4465.0,9484.0,5019.0,1,1.0,6.0,0.0,0.1,MISC,585,5019.0,6.0,0.1,4465.0,1.0
d894fd1af131ed7a296716b5,586,58540f191766,4471.0,9516.0,5045.0,1,1.0,6.0,0.0,0.1,MISC,586,5045.0,6.0,0.1,4471.0,1.0
d894fd1af131ed7a296716b5,587,58540f191766,4480.0,7228.0,2748.0,1,1.0,6.0,0.0,0.1,MISC,587,2748.0,6.0,0.1,4480.0,1.0
d894fd1af131ed7a296716b5,588,58540f191766,4489.0,9788.0,5299.0,1,1.0,6.0,0.0,0.1,MISC,588,5299.0,6.0,0.1,4489.0,1.0
37423403daa3e62e294e12da,589,4d95fa282778,4496.0,4933.0,437.0,1,1.0,6.0,0.0,1.0,T4,589,437.0,6.0,1.0,4496.0,1.0
6c3063994722f1e538b28a1a,590,d7052eeddab7,4506.0,84255.0,79749.0,1,1.0,20.0,0.0,1.0,MISC,590,79749.0,20.0,1.0,4506.0,1.0
d894fd1af131ed7a296716b5,591,58540f191766,4512.0,8211.0,3699.0,1,1.0,6.0,0.0,0.1,MISC,591,3699.0,6.0,0.1,4512.0,1.0
1ccc18d7d13073b642b3a016,592,d4d51aca8806,4515.0,5394.0,879.0,1,20.0,6.0,0.0,0.5,T4,592,879.0,120.0,10.0,4515.0,20.0
37423403daa3e62e294e12da,593,4d95fa282778,4523.0,5653.0,1130.0,1,1.0,6.0,0.0,1.0,T4,593,1130.0,6.0,1.0,4523.0,1.0
5241fd7d9a59d5917a2b54de,594,262fbc8b0c98,4532.0,4577.0,45.0,1,1.0,6.0,0.0,1.0,MISC,594,45.0,6.0,1.0,4532.0,1.0
d894fd1af131ed7a296716b5,595,58540f191766,4538.0,7917.0,3379.0,1,1.0,6.0,0.0,0.1,MISC,595,3379.0,6.0,0.1,4538.0,1.0
d894fd1af131ed7a296716b5,596,58540f191766,4557.0,9876.0,5319.0,1,1.0,6.0,0.0,0.1,MISC,596,5319.0,6.0,0.1,4557.0,1.0
d894fd1af131ed7a296716b5,597,58540f191766,4571.0,10127.0,5556.0,1,1.0,6.0,0.0,0.1,MISC,597,5556.0,6.0,0.1,4571.0,1.0
d894fd1af131ed7a296716b5,599,58540f191766,4575.0,9118.0,4543.0,1,1.0,6.0,0.0,0.1,MISC,599,4543.0,6.0,0.1,4575.0,1.0
4338499d3c24cc35be17b44c,600,5b1345f03aa1,4576.0,4636.0,60.0,1,1.0,6.0,0.0,1.0,MISC,600,60.0,6.0,1.0,4576.0,1.0
a6f4f091632f915821796807,602,e71cb97ab858,4609.0,4657.0,48.0,1,10.0,6.0,0.0,1.0,MISC,602,48.0,60.0,10.0,4609.0,10.0
5241fd7d9a59d5917a2b54de,603,262fbc8b0c98,4611.0,4700.0,89.0,1,1.0,6.0,0.0,1.0,MISC,603,89.0,6.0,1.0,4611.0,1.0
fdca1b26347a096dc8cd73ec,604,edc10645cc3f,4611.0,4786.0,175.0,1,3.0,6.0,0.0,1.0,MISC,604,175.0,18.0,3.0,4611.0,3.0
e14f55e56de8f9e707c8ff95,605,42aa9724a88c,4612.0,4660.0,48.0,1,10.0,6.0,0.0,1.0,MISC,605,48.0,60.0,10.0,4612.0,10.0
d894fd1af131ed7a296716b5,606,58540f191766,4618.0,11123.0,6505.0,1,1.0,6.0,0.0,0.1,MISC,606,6505.0,6.0,0.1,4618.0,1.0
d894fd1af131ed7a296716b5,607,58540f191766,4633.0,7792.0,3159.0,1,1.0,6.0,0.0,0.1,MISC,607,3159.0,6.0,0.1,4633.0,1.0
51b6f00b1d81d3a5ddd582ab,608,0a499869cb43,4636.0,9316.0,4680.0,1,1.0,10.0,0.0,1.0,MISC,608,4680.0,10.0,1.0,4636.0,1.0
51b6f00b1d81d3a5ddd582ab,609,0a499869cb43,4639.0,9628.0,4989.0,1,1.0,10.0,0.0,1.0,MISC,609,4989.0,10.0,1.0,4639.0,1.0
b53f9ebd1eeeea726d1dac78,611,2cbd33b08024,4646.0,30397.0,25751.0,1,20.0,5.0,0.0,0.5,MISC,611,25751.0,100.0,10.0,4646.0,20.0
21858ac282f1092bb15f8831,612,45bd92802aa9,4652.0,31656.0,27004.0,1,1.0,6.0,0.0,0.25,T4,612,27004.0,6.0,0.25,4652.0,1.0
37423403daa3e62e294e12da,613,4d95fa282778,4657.0,7263.0,2606.0,1,1.0,6.0,0.0,1.0,T4,613,2606.0,6.0,1.0,4657.0,1.0
d894fd1af131ed7a296716b5,614,58540f191766,4707.0,7658.0,2951.0,1,1.0,6.0,0.0,0.1,MISC,614,2951.0,6.0,0.1,4707.0,1.0
5241fd7d9a59d5917a2b54de,615,262fbc8b0c98,4719.0,16923.0,12204.0,1,4.0,16.0,0.0,1.0,MISC,615,12204.0,64.0,4.0,4719.0,4.0
21858ac282f1092bb15f8831,616,45bd92802aa9,4719.0,4914.0,195.0,1,1.0,6.0,0.0,1.0,T4,616,195.0,6.0,1.0,4719.0,1.0
845ebc87e40bad0db5b37e26,617,f14128db0160,4721.0,4904.0,183.0,1,1.0,6.0,0.0,2.0,MISC,617,183.0,6.0,2.0,4721.0,1.0
d894fd1af131ed7a296716b5,618,58540f191766,4724.0,7474.0,2750.0,1,1.0,6.0,0.0,0.1,MISC,618,2750.0,6.0,0.1,4724.0,1.0
e14f55e56de8f9e707c8ff95,619,42aa9724a88c,4728.0,4774.0,46.0,1,1.0,6.0,0.0,1.0,MISC,619,46.0,6.0,1.0,4728.0,1.0
37423403daa3e62e294e12da,620,4d95fa282778,4731.0,15285.0,10554.0,1,1.0,6.0,0.0,1.0,T4,620,10554.0,6.0,1.0,4731.0,1.0
bf93958162c6935138d0600a,621,e92c26530fa7,4732.0,4837.0,105.0,1,3.0,1.0,0.0,2.0,MISC,621,105.0,3.0,6.0,4732.0,3.0
1ccc18d7d13073b642b3a016,623,d4d51aca8806,4734.0,7022.0,2288.0,1,41.0,6.0,0.0,0.25,T4,623,2288.0,246.0,10.25,4734.0,41.0
d894fd1af131ed7a296716b5,624,58540f191766,4737.0,10573.0,5836.0,1,1.0,6.0,0.0,0.1,MISC,624,5836.0,6.0,0.1,4737.0,1.0
d894fd1af131ed7a296716b5,625,58540f191766,4753.0,9171.0,4418.0,1,1.0,6.0,0.0,0.1,MISC,625,4418.0,6.0,0.1,4753.0,1.0
37423403daa3e62e294e12da,626,4d95fa282778,4763.0,5925.0,1162.0,1,1.0,6.0,0.0,1.0,T4,626,1162.0,6.0,1.0,4763.0,1.0
1ccc18d7d13073b642b3a016,627,d4d51aca8806,4773.0,27552.0,22779.0,1,20.0,6.0,0.0,0.25,T4,627,22779.0,120.0,5.0,4773.0,20.0
d894fd1af131ed7a296716b5,628,58540f191766,4777.0,11453.0,6676.0,1,1.0,6.0,0.0,0.1,MISC,628,6676.0,6.0,0.1,4777.0,1.0
4c63a741106edc46bc1729dd,629,18febf35d3a1,4791.0,4965.0,174.0,1,1.0,6.0,0.0,1.0,MISC,629,174.0,6.0,1.0,4791.0,1.0
d894fd1af131ed7a296716b5,630,58540f191766,4808.0,14625.0,9817.0,1,1.0,6.0,0.0,0.1,MISC,630,9817.0,6.0,0.1,4808.0,1.0
d894fd1af131ed7a296716b5,631,58540f191766,4809.0,4856.0,47.0,1,1.0,6.0,0.0,1.0,MISC,631,47.0,6.0,1.0,4809.0,1.0
d894fd1af131ed7a296716b5,632,58540f191766,4809.0,4845.0,36.0,1,1.0,6.0,0.0,1.0,MISC,632,36.0,6.0,1.0,4809.0,1.0
d894fd1af131ed7a296716b5,633,58540f191766,4809.0,4867.0,58.0,1,1.0,6.0,0.0,1.0,MISC,633,58.0,6.0,1.0,4809.0,1.0
d894fd1af131ed7a296716b5,634,58540f191766,4810.0,4875.0,65.0,1,1.0,6.0,0.0,1.0,MISC,634,65.0,6.0,1.0,4810.0,1.0
d894fd1af131ed7a296716b5,635,58540f191766,4811.0,4900.0,89.0,1,1.0,6.0,0.0,1.0,MISC,635,89.0,6.0,1.0,4811.0,1.0
d894fd1af131ed7a296716b5,636,58540f191766,4811.0,4876.0,65.0,1,1.0,6.0,0.0,1.0,MISC,636,65.0,6.0,1.0,4811.0,1.0
d894fd1af131ed7a296716b5,637,58540f191766,4811.0,4886.0,75.0,1,1.0,6.0,0.0,1.0,MISC,637,75.0,6.0,1.0,4811.0,1.0
d894fd1af131ed7a296716b5,638,58540f191766,4811.0,4909.0,98.0,1,1.0,6.0,0.0,1.0,MISC,638,98.0,6.0,1.0,4811.0,1.0
d894fd1af131ed7a296716b5,639,58540f191766,4812.0,4875.0,63.0,1,1.0,6.0,0.0,1.0,MISC,639,63.0,6.0,1.0,4812.0,1.0
d894fd1af131ed7a296716b5,640,58540f191766,4812.0,4887.0,75.0,1,1.0,6.0,0.0,1.0,MISC,640,75.0,6.0,1.0,4812.0,1.0
50ac97e59abcccd75482411c,641,43bf1b71d8a5,4814.0,5374.0,560.0,1,1.0,6.0,0.0,1.0,MISC,641,560.0,6.0,1.0,4814.0,1.0
d894fd1af131ed7a296716b5,642,58540f191766,4817.0,12336.0,7519.0,1,1.0,6.0,0.0,0.1,MISC,642,7519.0,6.0,0.1,4817.0,1.0
d894fd1af131ed7a296716b5,643,58540f191766,4828.0,10232.0,5404.0,1,1.0,6.0,0.0,0.1,MISC,643,5404.0,6.0,0.1,4828.0,1.0
d894fd1af131ed7a296716b5,644,58540f191766,4856.0,11916.0,7060.0,1,1.0,6.0,0.0,0.1,MISC,644,7060.0,6.0,0.1,4856.0,1.0
37423403daa3e62e294e12da,645,4d95fa282778,4859.0,9987.0,5128.0,1,1.0,6.0,0.0,1.0,T4,645,5128.0,6.0,1.0,4859.0,1.0
d894fd1af131ed7a296716b5,646,58540f191766,4881.0,10913.0,6032.0,1,1.0,6.0,0.0,0.1,MISC,646,6032.0,6.0,0.1,4881.0,1.0
37423403daa3e62e294e12da,647,4d95fa282778,4885.0,7692.0,2807.0,1,1.0,6.0,0.0,1.0,T4,647,2807.0,6.0,1.0,4885.0,1.0
37423403daa3e62e294e12da,648,4d95fa282778,4891.0,7438.0,2547.0,1,1.0,6.0,0.0,1.0,T4,648,2547.0,6.0,1.0,4891.0,1.0
d894fd1af131ed7a296716b5,649,58540f191766,4901.0,11279.0,6378.0,1,1.0,6.0,0.0,0.1,MISC,649,6378.0,6.0,0.1,4901.0,1.0
37423403daa3e62e294e12da,650,4d95fa282778,4903.0,6937.0,2034.0,1,1.0,6.0,0.0,1.0,T4,650,2034.0,6.0,1.0,4903.0,1.0
d894fd1af131ed7a296716b5,651,58540f191766,4919.0,11240.0,6321.0,1,1.0,6.0,0.0,0.1,MISC,651,6321.0,6.0,0.1,4919.0,1.0
d894fd1af131ed7a296716b5,652,58540f191766,4935.0,11816.0,6881.0,1,1.0,6.0,0.0,0.1,MISC,652,6881.0,6.0,0.1,4935.0,1.0
37423403daa3e62e294e12da,653,4d95fa282778,4950.0,9203.0,4253.0,1,1.0,6.0,0.0,1.0,T4,653,4253.0,6.0,1.0,4950.0,1.0
37423403daa3e62e294e12da,654,4d95fa282778,4951.0,9777.0,4826.0,1,1.0,6.0,0.0,1.0,T4,654,4826.0,6.0,1.0,4951.0,1.0
d894fd1af131ed7a296716b5,655,58540f191766,4956.0,9493.0,4537.0,1,1.0,6.0,0.0,0.1,MISC,655,4537.0,6.0,0.1,4956.0,1.0
37423403daa3e62e294e12da,656,4d95fa282778,4958.0,11008.0,6050.0,1,1.0,6.0,0.0,1.0,T4,656,6050.0,6.0,1.0,4958.0,1.0
d894fd1af131ed7a296716b5,657,58540f191766,4975.0,9488.0,4513.0,1,1.0,6.0,0.0,0.1,MISC,657,4513.0,6.0,0.1,4975.0,1.0
7cf5028fd250cbef0452dd5d,658,24a58aa21121,4993.0,7118.0,2125.0,1,10.0,6.0,0.0,0.25,MISC,658,2125.0,60.0,2.5,4993.0,10.0
f17e954e97558148ded21349,659,c4cbaac9966d,5010.0,5240.0,230.0,1,1.0,10.0,0.0,0.5,T4,659,230.0,10.0,0.5,5010.0,1.0
1ccc18d7d13073b642b3a016,661,d4d51aca8806,5038.0,14337.0,9299.0,1,24.0,6.0,0.0,0.25,T4,661,9299.0,144.0,6.0,5038.0,24.0
d894fd1af131ed7a296716b5,662,58540f191766,5042.0,11501.0,6459.0,1,1.0,6.0,0.0,0.1,MISC,662,6459.0,6.0,0.1,5042.0,1.0
4c63a741106edc46bc1729dd,663,18febf35d3a1,5053.0,5253.0,200.0,1,1.0,6.0,0.0,1.0,MISC,663,200.0,6.0,1.0,5053.0,1.0
bf93958162c6935138d0600a,664,e92c26530fa7,5065.0,5183.0,118.0,1,3.0,1.0,0.0,2.0,MISC,664,118.0,3.0,6.0,5065.0,3.0
37423403daa3e62e294e12da,665,4d95fa282778,5066.0,6348.0,1282.0,1,1.0,6.0,0.0,1.0,T4,665,1282.0,6.0,1.0,5066.0,1.0
d894fd1af131ed7a296716b5,666,58540f191766,5083.0,8920.0,3837.0,1,1.0,6.0,0.0,0.1,MISC,666,3837.0,6.0,0.1,5083.0,1.0
37423403daa3e62e294e12da,667,4d95fa282778,5084.0,11136.0,6052.0,1,1.0,6.0,0.0,1.0,T4,667,6052.0,6.0,1.0,5084.0,1.0
d894fd1af131ed7a296716b5,668,58540f191766,5099.0,10249.0,5150.0,1,1.0,6.0,0.0,0.1,MISC,668,5150.0,6.0,0.1,5099.0,1.0
d894fd1af131ed7a296716b5,669,58540f191766,5122.0,9922.0,4800.0,1,1.0,6.0,0.0,0.1,MISC,669,4800.0,6.0,0.1,5122.0,1.0
1ccc18d7d13073b642b3a016,670,d4d51aca8806,5130.0,5744.0,614.0,1,8.0,1.0,0.0,0.25,T4,670,614.0,8.0,2.0,5130.0,8.0
2fe46f64538b8943a9882bab,671,c677a0acf7c0,5131.0,6346.0,1215.0,1,1.0,6.0,0.0,0.25,MISC,671,1215.0,6.0,0.25,5131.0,1.0
d894fd1af131ed7a296716b5,672,58540f191766,5134.0,8142.0,3008.0,1,1.0,6.0,0.0,0.1,MISC,672,3008.0,6.0,0.1,5134.0,1.0
1ccc18d7d13073b642b3a016,674,d4d51aca8806,5178.0,6639.0,1461.0,1,16.0,6.0,0.0,0.25,T4,674,1461.0,96.0,4.0,5178.0,16.0
d894fd1af131ed7a296716b5,675,58540f191766,5180.0,10169.0,4989.0,1,1.0,6.0,0.0,0.1,MISC,675,4989.0,6.0,0.1,5180.0,1.0
d894fd1af131ed7a296716b5,676,58540f191766,5198.0,10221.0,5023.0,1,1.0,6.0,0.0,0.1,MISC,676,5023.0,6.0,0.1,5198.0,1.0
d894fd1af131ed7a296716b5,677,58540f191766,5211.0,9772.0,4561.0,1,1.0,6.0,0.0,0.1,MISC,677,4561.0,6.0,0.1,5211.0,1.0
d894fd1af131ed7a296716b5,678,58540f191766,5220.0,10984.0,5764.0,1,1.0,6.0,0.0,0.1,MISC,678,5764.0,6.0,0.1,5220.0,1.0
d894fd1af131ed7a296716b5,679,58540f191766,5229.0,10862.0,5633.0,1,1.0,6.0,0.0,0.1,MISC,679,5633.0,6.0,0.1,5229.0,1.0
d894fd1af131ed7a296716b5,680,58540f191766,5253.0,10802.0,5549.0,1,1.0,6.0,0.0,0.1,MISC,680,5549.0,6.0,0.1,5253.0,1.0
3995073148156da8994ec8bb,682,5f4cb64dc693,5259.0,6003.0,744.0,1,20.0,1.0,0.0,1.0,MISC,682,744.0,20.0,20.0,5259.0,20.0
d894fd1af131ed7a296716b5,683,58540f191766,5262.0,10999.0,5737.0,1,1.0,6.0,0.0,0.1,MISC,683,5737.0,6.0,0.1,5262.0,1.0
d894fd1af131ed7a296716b5,684,58540f191766,5291.0,11768.0,6477.0,1,1.0,6.0,0.0,0.1,MISC,684,6477.0,6.0,0.1,5291.0,1.0
e8efa65aa22dff1e98ff15d7,686,b3bfe9b79bb5,5314.0,6867.0,1553.0,1,50.0,4.0,0.0,1.0,P100,686,1553.0,200.0,50.0,5314.0,50.0
d894fd1af131ed7a296716b5,687,58540f191766,5385.0,8504.0,3119.0,1,1.0,6.0,0.0,0.1,MISC,687,3119.0,6.0,0.1,5385.0,1.0
d894fd1af131ed7a296716b5,688,58540f191766,5413.0,11194.0,5781.0,1,1.0,6.0,0.0,0.1,MISC,688,5781.0,6.0,0.1,5413.0,1.0
1ccc18d7d13073b642b3a016,689,d4d51aca8806,5415.0,6261.0,846.0,1,20.0,6.0,0.0,0.5,T4,689,846.0,120.0,10.0,5415.0,20.0
bcefc24202843f241d4a17ec,690,3f5d4699c3a6,5418.0,5634.0,216.0,1,1.0,6.0,0.0,1.0,MISC,690,216.0,6.0,1.0,5418.0,1.0
bcefc24202843f241d4a17ec,691,3f5d4699c3a6,5422.0,5558.0,136.0,1,1.0,6.0,0.0,1.0,MISC,691,136.0,6.0,1.0,5422.0,1.0
d894fd1af131ed7a296716b5,692,58540f191766,5434.0,9827.0,4393.0,1,1.0,6.0,0.0,0.1,MISC,692,4393.0,6.0,0.1,5434.0,1.0
fdca1b26347a096dc8cd73ec,694,edc10645cc3f,5452.0,5863.0,411.0,1,1.0,6.0,0.0,0.25,MISC,694,411.0,6.0,0.25,5452.0,1.0
1ccc18d7d13073b642b3a016,695,d4d51aca8806,5453.0,5750.0,297.0,1,2.0,2.0,0.0,0.25,T4,695,297.0,4.0,0.5,5453.0,2.0
d894fd1af131ed7a296716b5,696,58540f191766,5460.0,12495.0,7035.0,1,1.0,6.0,0.0,0.1,MISC,696,7035.0,6.0,0.1,5460.0,1.0
4338499d3c24cc35be17b44c,698,5b1345f03aa1,5471.0,5507.0,36.0,1,1.0,6.0,0.0,1.0,MISC,698,36.0,6.0,1.0,5471.0,1.0
1ccc18d7d13073b642b3a016,699,d4d51aca8806,5499.0,5766.0,267.0,1,2.0,2.0,0.0,0.25,T4,699,267.0,4.0,0.5,5499.0,2.0
d894fd1af131ed7a296716b5,700,58540f191766,5506.0,12929.0,7423.0,1,1.0,6.0,0.0,0.1,MISC,700,7423.0,6.0,0.1,5506.0,1.0
f2c4b7ef9bca7bf8390f05cd,701,1480b75a8c96,5549.0,5865.0,316.0,1,1.0,6.0,0.0,1.0,T4,701,316.0,6.0,1.0,5549.0,1.0
2fe46f64538b8943a9882bab,702,c677a0acf7c0,5550.0,27687.0,22137.0,1,1.0,6.0,0.0,0.25,MISC,702,22137.0,6.0,0.25,5550.0,1.0
d894fd1af131ed7a296716b5,703,58540f191766,5558.0,10111.0,4553.0,1,1.0,6.0,0.0,0.1,MISC,703,4553.0,6.0,0.1,5558.0,1.0
a082a3e4a1c70eb300c5272f,704,8227ace86a31,5568.0,6652.0,1084.0,1,1.0,6.0,0.0,0.25,MISC,704,1084.0,6.0,0.25,5568.0,1.0
a082a3e4a1c70eb300c5272f,705,8227ace86a31,5568.0,6724.0,1156.0,1,1.0,6.0,0.0,0.25,MISC,705,1156.0,6.0,0.25,5568.0,1.0
d894fd1af131ed7a296716b5,706,58540f191766,5568.0,8041.0,2473.0,1,1.0,6.0,0.0,0.1,MISC,706,2473.0,6.0,0.1,5568.0,1.0
d894fd1af131ed7a296716b5,707,58540f191766,5568.0,9244.0,3676.0,1,1.0,6.0,0.0,0.1,MISC,707,3676.0,6.0,0.1,5568.0,1.0
d894fd1af131ed7a296716b5,710,58540f191766,5570.0,9270.0,3700.0,1,1.0,6.0,0.0,0.1,MISC,710,3700.0,6.0,0.1,5570.0,1.0
4d8fee7f10bd7edbb75b96b3,711,b2c52019b2c6,5571.0,6683.0,1112.0,1,20.0,6.0,0.0,0.2,MISC,711,1112.0,120.0,4.0,5571.0,20.0
30185446faeb493c1d55cacd,712,a8192d6b0ae9,5571.0,5815.0,244.0,1,50.0,8.0,0.0,1.0,P100,712,244.0,400.0,50.0,5571.0,50.0
d894fd1af131ed7a296716b5,713,58540f191766,5579.0,13267.0,7688.0,1,1.0,6.0,0.0,0.1,MISC,713,7688.0,6.0,0.1,5579.0,1.0
50ac97e59abcccd75482411c,714,43bf1b71d8a5,5607.0,5860.0,253.0,1,1.0,6.0,0.0,1.0,MISC,714,253.0,6.0,1.0,5607.0,1.0
07a7440f33d2bfb59804064b,715,9cc55781f4a6,5617.0,23551.0,17934.0,1,1.0,6.0,0.0,1.0,T4,715,17934.0,6.0,1.0,5617.0,1.0
e14f55e56de8f9e707c8ff95,716,42aa9724a88c,5625.0,5721.0,96.0,1,1.0,6.0,0.0,0.25,MISC,716,96.0,6.0,0.25,5625.0,1.0
d894fd1af131ed7a296716b5,717,58540f191766,5626.0,10362.0,4736.0,1,1.0,6.0,0.0,0.1,MISC,717,4736.0,6.0,0.1,5626.0,1.0
30185446faeb493c1d55cacd,718,a8192d6b0ae9,5636.0,5738.0,102.0,1,10.0,18.0,0.0,1.0,MISC,718,102.0,180.0,10.0,5636.0,10.0
3995073148156da8994ec8bb,719,5f4cb64dc693,5636.0,8168.0,2532.0,1,30.0,6.0,0.0,1.0,MISC,719,2532.0,180.0,30.0,5636.0,30.0
d894fd1af131ed7a296716b5,720,58540f191766,5639.0,10467.0,4828.0,1,1.0,6.0,0.0,0.1,MISC,720,4828.0,6.0,0.1,5639.0,1.0
d894fd1af131ed7a296716b5,721,58540f191766,5648.0,11618.0,5970.0,1,1.0,6.0,0.0,0.1,MISC,721,5970.0,6.0,0.1,5648.0,1.0
9c6554174b06015a7af561c6,722,41f97a75a037,5660.0,5684.0,24.0,1,1.0,6.0,0.0,1.0,T4,722,24.0,6.0,1.0,5660.0,1.0
d894fd1af131ed7a296716b5,723,58540f191766,5661.0,12541.0,6880.0,1,1.0,6.0,0.0,0.1,MISC,723,6880.0,6.0,0.1,5661.0,1.0
e14f55e56de8f9e707c8ff95,724,42aa9724a88c,5665.0,5710.0,45.0,1,1.0,6.0,0.0,1.0,MISC,724,45.0,6.0,1.0,5665.0,1.0
0381d6db958250b056960f1d,725,47baba33cffe,5672.0,5708.0,36.0,1,1.0,6.0,0.0,0.5,T4,725,36.0,6.0,0.5,5672.0,1.0
d894fd1af131ed7a296716b5,726,58540f191766,5685.0,13484.0,7799.0,1,1.0,6.0,0.0,0.1,MISC,726,7799.0,6.0,0.1,5685.0,1.0
049570305e6b0ab6aa86bf60,727,29380421d3fc,5708.0,5752.0,44.0,1,1.0,6.0,0.0,1.0,T4,727,44.0,6.0,1.0,5708.0,1.0
d894fd1af131ed7a296716b5,728,58540f191766,5708.0,8783.0,3075.0,1,1.0,6.0,0.0,0.1,MISC,728,3075.0,6.0,0.1,5708.0,1.0
d894fd1af131ed7a296716b5,729,58540f191766,5771.0,10820.0,5049.0,1,1.0,6.0,0.0,0.1,MISC,729,5049.0,6.0,0.1,5771.0,1.0
d894fd1af131ed7a296716b5,730,58540f191766,5781.0,7997.0,2216.0,1,1.0,6.0,0.0,0.1,MISC,730,2216.0,6.0,0.1,5781.0,1.0
d894fd1af131ed7a296716b5,731,58540f191766,5800.0,12039.0,6239.0,1,1.0,6.0,0.0,0.1,MISC,731,6239.0,6.0,0.1,5800.0,1.0
2fe46f64538b8943a9882bab,732,c677a0acf7c0,5803.0,7899.0,2096.0,1,1.0,6.0,0.0,0.25,MISC,732,2096.0,6.0,0.25,5803.0,1.0
d894fd1af131ed7a296716b5,733,58540f191766,5810.0,13075.0,7265.0,1,1.0,6.0,0.0,0.1,MISC,733,7265.0,6.0,0.1,5810.0,1.0
3995073148156da8994ec8bb,734,5f4cb64dc693,5817.0,5903.0,86.0,1,4.0,18.0,0.0,1.0,MISC,734,86.0,72.0,4.0,5817.0,4.0
d894fd1af131ed7a296716b5,735,58540f191766,5826.0,13319.0,7493.0,1,1.0,6.0,0.0,0.1,MISC,735,7493.0,6.0,0.1,5826.0,1.0
d894fd1af131ed7a296716b5,736,58540f191766,5851.0,13589.0,7738.0,1,1.0,6.0,0.0,0.1,MISC,736,7738.0,6.0,0.1,5851.0,1.0
3995073148156da8994ec8bb,737,5f4cb64dc693,5865.0,5916.0,51.0,1,4.0,18.0,0.0,1.0,MISC,737,51.0,72.0,4.0,5865.0,4.0
d894fd1af131ed7a296716b5,738,58540f191766,5869.0,14523.0,8654.0,1,1.0,6.0,0.0,0.1,MISC,738,8654.0,6.0,0.1,5869.0,1.0
3995073148156da8994ec8bb,739,5f4cb64dc693,5889.0,6073.0,184.0,1,5.0,18.0,0.0,1.0,P100,739,184.0,90.0,5.0,5889.0,5.0
f2c4b7ef9bca7bf8390f05cd,740,1480b75a8c96,5894.0,5919.0,25.0,1,1.0,6.0,0.0,1.0,T4,740,25.0,6.0,1.0,5894.0,1.0
7723928d5cc944dd00749ff0,741,b5bf56100cf9,5901.0,7643.0,1742.0,1,1.0,6.0,0.0,0.25,MISC,741,1742.0,6.0,0.25,5901.0,1.0
3e5fb00bf43aa67ee5c2b6d5,742,f134c9ec05e3,5916.0,5961.0,45.0,1,1.0,6.0,0.0,0.25,MISC,742,45.0,6.0,0.25,5916.0,1.0
30185446faeb493c1d55cacd,743,a8192d6b0ae9,5917.0,9632.0,3715.0,1,8.0,15.0,0.0,1.0,MISC,743,3715.0,120.0,8.0,5917.0,8.0
d894fd1af131ed7a296716b5,744,58540f191766,5921.0,6135.0,214.0,1,1.0,6.0,0.0,1.0,MISC,744,214.0,6.0,1.0,5921.0,1.0
d894fd1af131ed7a296716b5,745,58540f191766,5940.0,6208.0,268.0,1,1.0,6.0,0.0,1.0,MISC,745,268.0,6.0,1.0,5940.0,1.0
d894fd1af131ed7a296716b5,746,58540f191766,5940.0,6240.0,300.0,1,1.0,6.0,0.0,1.0,MISC,746,300.0,6.0,1.0,5940.0,1.0
d894fd1af131ed7a296716b5,747,58540f191766,5941.0,6143.0,202.0,1,1.0,6.0,0.0,1.0,MISC,747,202.0,6.0,1.0,5941.0,1.0
d894fd1af131ed7a296716b5,748,58540f191766,5945.0,6099.0,154.0,1,1.0,6.0,0.0,1.0,MISC,748,154.0,6.0,1.0,5945.0,1.0
d894fd1af131ed7a296716b5,749,58540f191766,5945.0,6100.0,155.0,1,1.0,6.0,0.0,1.0,MISC,749,155.0,6.0,1.0,5945.0,1.0
d894fd1af131ed7a296716b5,750,58540f191766,5945.0,6099.0,154.0,1,1.0,6.0,0.0,1.0,MISC,750,154.0,6.0,1.0,5945.0,1.0
d894fd1af131ed7a296716b5,751,58540f191766,5945.0,6099.0,154.0,1,1.0,6.0,0.0,1.0,MISC,751,154.0,6.0,1.0,5945.0,1.0
d894fd1af131ed7a296716b5,752,58540f191766,5945.0,6100.0,155.0,1,1.0,6.0,0.0,1.0,MISC,752,155.0,6.0,1.0,5945.0,1.0
d894fd1af131ed7a296716b5,753,58540f191766,5946.0,6100.0,154.0,1,1.0,6.0,0.0,1.0,MISC,753,154.0,6.0,1.0,5946.0,1.0
d894fd1af131ed7a296716b5,754,58540f191766,5946.0,6100.0,154.0,1,1.0,6.0,0.0,1.0,MISC,754,154.0,6.0,1.0,5946.0,1.0
d894fd1af131ed7a296716b5,755,58540f191766,5946.0,6100.0,154.0,1,1.0,6.0,0.0,1.0,MISC,755,154.0,6.0,1.0,5946.0,1.0
d894fd1af131ed7a296716b5,756,58540f191766,5948.0,6100.0,152.0,1,1.0,6.0,0.0,1.0,MISC,756,152.0,6.0,1.0,5948.0,1.0
d894fd1af131ed7a296716b5,757,58540f191766,5952.0,6112.0,160.0,1,1.0,6.0,0.0,1.0,MISC,757,160.0,6.0,1.0,5952.0,1.0
d894fd1af131ed7a296716b5,758,58540f191766,5952.0,6132.0,180.0,1,1.0,6.0,0.0,1.0,MISC,758,180.0,6.0,1.0,5952.0,1.0
d894fd1af131ed7a296716b5,759,58540f191766,5952.0,6111.0,159.0,1,1.0,6.0,0.0,1.0,MISC,759,159.0,6.0,1.0,5952.0,1.0
d894fd1af131ed7a296716b5,760,58540f191766,5952.0,6152.0,200.0,1,1.0,6.0,0.0,1.0,MISC,760,200.0,6.0,1.0,5952.0,1.0
d894fd1af131ed7a296716b5,761,58540f191766,5953.0,6110.0,157.0,1,1.0,6.0,0.0,1.0,MISC,761,157.0,6.0,1.0,5953.0,1.0
d894fd1af131ed7a296716b5,762,58540f191766,5953.0,6100.0,147.0,1,1.0,6.0,0.0,1.0,MISC,762,147.0,6.0,1.0,5953.0,1.0
d894fd1af131ed7a296716b5,763,58540f191766,5953.0,6100.0,147.0,1,1.0,6.0,0.0,1.0,MISC,763,147.0,6.0,1.0,5953.0,1.0
d894fd1af131ed7a296716b5,764,58540f191766,5953.0,6100.0,147.0,1,1.0,6.0,0.0,1.0,MISC,764,147.0,6.0,1.0,5953.0,1.0
d894fd1af131ed7a296716b5,765,58540f191766,5954.0,6099.0,145.0,1,1.0,6.0,0.0,1.0,MISC,765,145.0,6.0,1.0,5954.0,1.0
d894fd1af131ed7a296716b5,766,58540f191766,5959.0,6130.0,171.0,1,1.0,6.0,0.0,1.0,MISC,766,171.0,6.0,1.0,5959.0,1.0
d894fd1af131ed7a296716b5,767,58540f191766,5960.0,6261.0,301.0,1,1.0,6.0,0.0,1.0,MISC,767,301.0,6.0,1.0,5960.0,1.0
d894fd1af131ed7a296716b5,768,58540f191766,5960.0,6294.0,334.0,1,1.0,6.0,0.0,1.0,MISC,768,334.0,6.0,1.0,5960.0,1.0
d894fd1af131ed7a296716b5,769,58540f191766,5960.0,6247.0,287.0,1,1.0,6.0,0.0,1.0,MISC,769,287.0,6.0,1.0,5960.0,1.0
d894fd1af131ed7a296716b5,770,58540f191766,5960.0,6099.0,139.0,1,1.0,6.0,0.0,1.0,MISC,770,139.0,6.0,1.0,5960.0,1.0
d894fd1af131ed7a296716b5,771,58540f191766,5960.0,6181.0,221.0,1,1.0,6.0,0.0,1.0,MISC,771,221.0,6.0,1.0,5960.0,1.0
d894fd1af131ed7a296716b5,772,58540f191766,5960.0,6099.0,139.0,1,1.0,6.0,0.0,1.0,MISC,772,139.0,6.0,1.0,5960.0,1.0
d894fd1af131ed7a296716b5,773,58540f191766,5965.0,6234.0,269.0,1,1.0,6.0,0.0,1.0,MISC,773,269.0,6.0,1.0,5965.0,1.0
d894fd1af131ed7a296716b5,774,58540f191766,5966.0,6141.0,175.0,1,1.0,6.0,0.0,1.0,MISC,774,175.0,6.0,1.0,5966.0,1.0
d894fd1af131ed7a296716b5,775,58540f191766,5966.0,6141.0,175.0,1,1.0,6.0,0.0,1.0,MISC,775,175.0,6.0,1.0,5966.0,1.0
d894fd1af131ed7a296716b5,776,58540f191766,5969.0,6278.0,309.0,1,1.0,6.0,0.0,1.0,MISC,776,309.0,6.0,1.0,5969.0,1.0
d894fd1af131ed7a296716b5,777,58540f191766,5971.0,6201.0,230.0,1,1.0,6.0,0.0,1.0,MISC,777,230.0,6.0,1.0,5971.0,1.0
d894fd1af131ed7a296716b5,778,58540f191766,5971.0,6180.0,209.0,1,1.0,6.0,0.0,1.0,MISC,778,209.0,6.0,1.0,5971.0,1.0
d894fd1af131ed7a296716b5,779,58540f191766,5971.0,6140.0,169.0,1,1.0,6.0,0.0,1.0,MISC,779,169.0,6.0,1.0,5971.0,1.0
d894fd1af131ed7a296716b5,780,58540f191766,5971.0,6171.0,200.0,1,1.0,6.0,0.0,1.0,MISC,780,200.0,6.0,1.0,5971.0,1.0
d894fd1af131ed7a296716b5,781,58540f191766,5971.0,6170.0,199.0,1,1.0,6.0,0.0,1.0,MISC,781,199.0,6.0,1.0,5971.0,1.0
d894fd1af131ed7a296716b5,782,58540f191766,5971.0,6224.0,253.0,1,1.0,6.0,0.0,1.0,MISC,782,253.0,6.0,1.0,5971.0,1.0
d894fd1af131ed7a296716b5,783,58540f191766,5974.0,6193.0,219.0,1,1.0,6.0,0.0,1.0,MISC,783,219.0,6.0,1.0,5974.0,1.0
d894fd1af131ed7a296716b5,784,58540f191766,5974.0,6191.0,217.0,1,1.0,6.0,0.0,1.0,MISC,784,217.0,6.0,1.0,5974.0,1.0
d894fd1af131ed7a296716b5,785,58540f191766,5974.0,6150.0,176.0,1,1.0,6.0,0.0,1.0,MISC,785,176.0,6.0,1.0,5974.0,1.0
d894fd1af131ed7a296716b5,786,58540f191766,5974.0,14311.0,8337.0,1,1.0,6.0,0.0,0.1,MISC,786,8337.0,6.0,0.1,5974.0,1.0
d894fd1af131ed7a296716b5,787,58540f191766,5975.0,6139.0,164.0,1,1.0,6.0,0.0,1.0,MISC,787,164.0,6.0,1.0,5975.0,1.0
d894fd1af131ed7a296716b5,788,58540f191766,5975.0,6161.0,186.0,1,1.0,6.0,0.0,1.0,MISC,788,186.0,6.0,1.0,5975.0,1.0
d894fd1af131ed7a296716b5,789,58540f191766,5976.0,6150.0,174.0,1,1.0,6.0,0.0,1.0,MISC,789,174.0,6.0,1.0,5976.0,1.0
d894fd1af131ed7a296716b5,790,58540f191766,5976.0,6139.0,163.0,1,1.0,6.0,0.0,1.0,MISC,790,163.0,6.0,1.0,5976.0,1.0
d894fd1af131ed7a296716b5,791,58540f191766,5977.0,6180.0,203.0,1,1.0,6.0,0.0,1.0,MISC,791,203.0,6.0,1.0,5977.0,1.0
d894fd1af131ed7a296716b5,792,58540f191766,5977.0,6151.0,174.0,1,1.0,6.0,0.0,1.0,MISC,792,174.0,6.0,1.0,5977.0,1.0
d894fd1af131ed7a296716b5,793,58540f191766,5977.0,6161.0,184.0,1,1.0,6.0,0.0,1.0,MISC,793,184.0,6.0,1.0,5977.0,1.0
d894fd1af131ed7a296716b5,794,58540f191766,5978.0,6161.0,183.0,1,1.0,6.0,0.0,1.0,MISC,794,183.0,6.0,1.0,5978.0,1.0
d894fd1af131ed7a296716b5,795,58540f191766,5980.0,6191.0,211.0,1,1.0,6.0,0.0,1.0,MISC,795,211.0,6.0,1.0,5980.0,1.0
d894fd1af131ed7a296716b5,796,58540f191766,5980.0,6170.0,190.0,1,1.0,6.0,0.0,1.0,MISC,796,190.0,6.0,1.0,5980.0,1.0
d894fd1af131ed7a296716b5,797,58540f191766,5980.0,6171.0,191.0,1,1.0,6.0,0.0,1.0,MISC,797,191.0,6.0,1.0,5980.0,1.0
d894fd1af131ed7a296716b5,798,58540f191766,5980.0,6201.0,221.0,1,1.0,6.0,0.0,1.0,MISC,798,221.0,6.0,1.0,5980.0,1.0
d894fd1af131ed7a296716b5,799,58540f191766,5980.0,6180.0,200.0,1,1.0,6.0,0.0,1.0,MISC,799,200.0,6.0,1.0,5980.0,1.0
d894fd1af131ed7a296716b5,800,58540f191766,5980.0,6160.0,180.0,1,1.0,6.0,0.0,1.0,MISC,800,180.0,6.0,1.0,5980.0,1.0
d894fd1af131ed7a296716b5,801,58540f191766,5980.0,6150.0,170.0,1,1.0,6.0,0.0,1.0,MISC,801,170.0,6.0,1.0,5980.0,1.0
d894fd1af131ed7a296716b5,802,58540f191766,5983.0,6211.0,228.0,1,1.0,6.0,0.0,1.0,MISC,802,228.0,6.0,1.0,5983.0,1.0
d894fd1af131ed7a296716b5,803,58540f191766,5983.0,6200.0,217.0,1,1.0,6.0,0.0,1.0,MISC,803,217.0,6.0,1.0,5983.0,1.0
d894fd1af131ed7a296716b5,804,58540f191766,5984.0,6191.0,207.0,1,1.0,6.0,0.0,1.0,MISC,804,207.0,6.0,1.0,5984.0,1.0
d894fd1af131ed7a296716b5,805,58540f191766,5984.0,6161.0,177.0,1,1.0,6.0,0.0,1.0,MISC,805,177.0,6.0,1.0,5984.0,1.0
d894fd1af131ed7a296716b5,806,58540f191766,5986.0,6221.0,235.0,1,1.0,6.0,0.0,1.0,MISC,806,235.0,6.0,1.0,5986.0,1.0
d894fd1af131ed7a296716b5,807,58540f191766,5986.0,6160.0,174.0,1,1.0,6.0,0.0,1.0,MISC,807,174.0,6.0,1.0,5986.0,1.0
d894fd1af131ed7a296716b5,808,58540f191766,5986.0,6160.0,174.0,1,1.0,6.0,0.0,1.0,MISC,808,174.0,6.0,1.0,5986.0,1.0
d894fd1af131ed7a296716b5,809,58540f191766,5988.0,6171.0,183.0,1,1.0,6.0,0.0,1.0,MISC,809,183.0,6.0,1.0,5988.0,1.0
d894fd1af131ed7a296716b5,810,58540f191766,5988.0,6236.0,248.0,1,1.0,6.0,0.0,1.0,MISC,810,248.0,6.0,1.0,5988.0,1.0
d894fd1af131ed7a296716b5,811,58540f191766,5989.0,6181.0,192.0,1,1.0,6.0,0.0,1.0,MISC,811,192.0,6.0,1.0,5989.0,1.0
d894fd1af131ed7a296716b5,812,58540f191766,5989.0,27801.0,21812.0,1,1.0,6.0,0.0,1.0,MISC,812,21812.0,6.0,1.0,5989.0,1.0
d894fd1af131ed7a296716b5,813,58540f191766,5993.0,6171.0,178.0,1,1.0,6.0,0.0,1.0,MISC,813,178.0,6.0,1.0,5993.0,1.0
d894fd1af131ed7a296716b5,814,58540f191766,5994.0,8648.0,2654.0,1,1.0,6.0,0.0,0.1,MISC,814,2654.0,6.0,0.1,5994.0,1.0
d894fd1af131ed7a296716b5,815,58540f191766,5995.0,10122.0,4127.0,1,1.0,6.0,0.0,0.1,MISC,815,4127.0,6.0,0.1,5995.0,1.0
d894fd1af131ed7a296716b5,816,58540f191766,5996.0,8595.0,2599.0,1,1.0,6.0,0.0,0.1,MISC,816,2599.0,6.0,0.1,5996.0,1.0
d894fd1af131ed7a296716b5,817,58540f191766,5996.0,6171.0,175.0,1,1.0,6.0,0.0,1.0,MISC,817,175.0,6.0,1.0,5996.0,1.0
d894fd1af131ed7a296716b5,818,58540f191766,5998.0,9487.0,3489.0,1,1.0,6.0,0.0,0.1,MISC,818,3489.0,6.0,0.1,5998.0,1.0
d894fd1af131ed7a296716b5,819,58540f191766,6014.0,11781.0,5767.0,1,1.0,6.0,0.0,0.1,MISC,819,5767.0,6.0,0.1,6014.0,1.0
d894fd1af131ed7a296716b5,820,58540f191766,6043.0,13027.0,6984.0,1,1.0,6.0,0.0,0.1,MISC,820,6984.0,6.0,0.1,6043.0,1.0
d894fd1af131ed7a296716b5,821,58540f191766,6066.0,9979.0,3913.0,1,1.0,6.0,0.0,0.1,MISC,821,3913.0,6.0,0.1,6066.0,1.0
40df54e413d319037102e297,822,7b76597f4283,6067.0,6805.0,738.0,1,1.0,6.0,0.0,0.25,MISC,822,738.0,6.0,0.25,6067.0,1.0
d894fd1af131ed7a296716b5,823,58540f191766,6129.0,10115.0,3986.0,1,1.0,6.0,0.0,0.1,MISC,823,3986.0,6.0,0.1,6129.0,1.0
d894fd1af131ed7a296716b5,824,58540f191766,6165.0,16419.0,10254.0,1,1.0,6.0,0.0,0.1,MISC,824,10254.0,6.0,0.1,6165.0,1.0
d894fd1af131ed7a296716b5,825,58540f191766,6184.0,8899.0,2715.0,1,1.0,6.0,0.0,0.1,MISC,825,2715.0,6.0,0.1,6184.0,1.0
f17e954e97558148ded21349,826,c4cbaac9966d,6188.0,6571.0,383.0,1,1.0,10.0,0.0,0.5,T4,826,383.0,10.0,0.5,6188.0,1.0
3995073148156da8994ec8bb,827,5f4cb64dc693,6189.0,9835.0,3646.0,1,20.0,6.0,0.0,1.0,MISC,827,3646.0,120.0,20.0,6189.0,20.0
d894fd1af131ed7a296716b5,828,58540f191766,6228.0,16639.0,10411.0,1,1.0,6.0,0.0,0.1,MISC,828,10411.0,6.0,0.1,6228.0,1.0
d894fd1af131ed7a296716b5,829,58540f191766,6244.0,16610.0,10366.0,1,1.0,6.0,0.0,0.1,MISC,829,10366.0,6.0,0.1,6244.0,1.0
d894fd1af131ed7a296716b5,831,58540f191766,6269.0,11633.0,5364.0,1,1.0,6.0,0.0,0.1,MISC,831,5364.0,6.0,0.1,6269.0,1.0
e14f55e56de8f9e707c8ff95,832,42aa9724a88c,6273.0,6317.0,44.0,1,3.0,6.0,0.0,1.0,MISC,832,44.0,18.0,3.0,6273.0,3.0
e8efa65aa22dff1e98ff15d7,833,b3bfe9b79bb5,6278.0,6411.0,133.0,1,1.0,18.0,0.0,1.0,MISC,833,133.0,18.0,1.0,6278.0,1.0
e8efa65aa22dff1e98ff15d7,834,b3bfe9b79bb5,6278.0,6701.0,423.0,1,1.0,18.0,0.0,1.0,MISC,834,423.0,18.0,1.0,6278.0,1.0
e8efa65aa22dff1e98ff15d7,835,b3bfe9b79bb5,6280.0,8520.0,2240.0,1,1.0,18.0,0.0,1.0,MISC,835,2240.0,18.0,1.0,6280.0,1.0
e8efa65aa22dff1e98ff15d7,836,b3bfe9b79bb5,6280.0,7077.0,797.0,1,1.0,18.0,0.0,1.0,MISC,836,797.0,18.0,1.0,6280.0,1.0
e8efa65aa22dff1e98ff15d7,837,b3bfe9b79bb5,6281.0,6816.0,535.0,1,1.0,18.0,0.0,1.0,MISC,837,535.0,18.0,1.0,6281.0,1.0
e8efa65aa22dff1e98ff15d7,838,b3bfe9b79bb5,6281.0,6507.0,226.0,1,1.0,18.0,0.0,1.0,MISC,838,226.0,18.0,1.0,6281.0,1.0
d894fd1af131ed7a296716b5,840,58540f191766,6294.0,14990.0,8696.0,1,1.0,6.0,0.0,0.1,MISC,840,8696.0,6.0,0.1,6294.0,1.0
d894fd1af131ed7a296716b5,841,58540f191766,6313.0,11419.0,5106.0,1,1.0,6.0,0.0,0.1,MISC,841,5106.0,6.0,0.1,6313.0,1.0
d894fd1af131ed7a296716b5,842,58540f191766,6324.0,13695.0,7371.0,1,1.0,6.0,0.0,0.1,MISC,842,7371.0,6.0,0.1,6324.0,1.0
d894fd1af131ed7a296716b5,845,58540f191766,6346.0,9822.0,3476.0,1,1.0,6.0,0.0,0.1,MISC,845,3476.0,6.0,0.1,6346.0,1.0
2fe46f64538b8943a9882bab,846,c677a0acf7c0,6358.0,10462.0,4104.0,1,5.0,2.0,0.0,1.0,MISC,846,4104.0,10.0,5.0,6358.0,5.0
4338499d3c24cc35be17b44c,848,5b1345f03aa1,6367.0,6437.0,70.0,1,1.0,6.0,0.0,1.0,MISC,848,70.0,6.0,1.0,6367.0,1.0
d894fd1af131ed7a296716b5,849,58540f191766,6368.0,11966.0,5598.0,1,1.0,6.0,0.0,0.1,MISC,849,5598.0,6.0,0.1,6368.0,1.0
d894fd1af131ed7a296716b5,851,58540f191766,6377.0,15113.0,8736.0,1,1.0,6.0,0.0,0.1,MISC,851,8736.0,6.0,0.1,6377.0,1.0
d894fd1af131ed7a296716b5,852,58540f191766,6391.0,14925.0,8534.0,1,1.0,6.0,0.0,0.1,MISC,852,8534.0,6.0,0.1,6391.0,1.0
37423403daa3e62e294e12da,853,4d95fa282778,6396.0,9334.0,2938.0,1,1.0,6.0,0.0,1.0,T4,853,2938.0,6.0,1.0,6396.0,1.0
d894fd1af131ed7a296716b5,854,58540f191766,6398.0,10646.0,4248.0,1,1.0,6.0,0.0,0.1,MISC,854,4248.0,6.0,0.1,6398.0,1.0
d894fd1af131ed7a296716b5,855,58540f191766,6407.0,13224.0,6817.0,1,1.0,6.0,0.0,0.1,MISC,855,6817.0,6.0,0.1,6407.0,1.0
21858ac282f1092bb15f8831,856,45bd92802aa9,6411.0,11995.0,5584.0,1,1.0,6.0,0.0,2.0,T4,856,5584.0,6.0,2.0,6411.0,1.0
21858ac282f1092bb15f8831,857,45bd92802aa9,6413.0,10047.0,3634.0,1,1.0,6.0,0.0,2.0,T4,857,3634.0,6.0,2.0,6413.0,1.0
21858ac282f1092bb15f8831,858,45bd92802aa9,6415.0,9957.0,3542.0,1,1.0,6.0,0.0,2.0,T4,858,3542.0,6.0,2.0,6415.0,1.0
5241fd7d9a59d5917a2b54de,859,262fbc8b0c98,6415.0,8938.0,2523.0,1,1.0,10.0,0.0,1.0,MISC,859,2523.0,10.0,1.0,6415.0,1.0
21858ac282f1092bb15f8831,860,45bd92802aa9,6419.0,13520.0,7101.0,1,1.0,6.0,0.0,2.0,T4,860,7101.0,6.0,2.0,6419.0,1.0
d894fd1af131ed7a296716b5,861,58540f191766,6419.0,11203.0,4784.0,1,1.0,6.0,0.0,0.1,MISC,861,4784.0,6.0,0.1,6419.0,1.0
21858ac282f1092bb15f8831,863,45bd92802aa9,6422.0,13691.0,7269.0,1,1.0,6.0,0.0,2.0,T4,863,7269.0,6.0,2.0,6422.0,1.0
21858ac282f1092bb15f8831,864,45bd92802aa9,6423.0,15729.0,9306.0,1,1.0,6.0,0.0,2.0,T4,864,9306.0,6.0,2.0,6423.0,1.0
21858ac282f1092bb15f8831,865,45bd92802aa9,6424.0,17364.0,10940.0,1,1.0,6.0,0.0,2.0,T4,865,10940.0,6.0,2.0,6424.0,1.0
21858ac282f1092bb15f8831,866,45bd92802aa9,6424.0,17072.0,10648.0,1,1.0,6.0,0.0,2.0,T4,866,10648.0,6.0,2.0,6424.0,1.0
21858ac282f1092bb15f8831,867,45bd92802aa9,6424.0,19613.0,13189.0,1,1.0,6.0,0.0,2.0,T4,867,13189.0,6.0,2.0,6424.0,1.0
d894fd1af131ed7a296716b5,868,58540f191766,6424.0,12364.0,5940.0,1,1.0,6.0,0.0,0.1,MISC,868,5940.0,6.0,0.1,6424.0,1.0
21858ac282f1092bb15f8831,869,45bd92802aa9,6430.0,20635.0,14205.0,1,1.0,6.0,0.0,2.0,T4,869,14205.0,6.0,2.0,6430.0,1.0
d894fd1af131ed7a296716b5,870,58540f191766,6435.0,12028.0,5593.0,1,1.0,6.0,0.0,0.1,MISC,870,5593.0,6.0,0.1,6435.0,1.0
d894fd1af131ed7a296716b5,871,58540f191766,6448.0,14715.0,8267.0,1,1.0,6.0,0.0,0.1,MISC,871,8267.0,6.0,0.1,6448.0,1.0
8ccb9c9fe88b53537e096dd9,872,de69ddc1064e,6452.0,16859.0,10407.0,1,1.0,6.0,0.0,0.25,MISC,872,10407.0,6.0,0.25,6452.0,1.0
8ccb9c9fe88b53537e096dd9,873,de69ddc1064e,6452.0,15262.0,8810.0,1,1.0,6.0,0.0,0.25,MISC,873,8810.0,6.0,0.25,6452.0,1.0
8ccb9c9fe88b53537e096dd9,874,de69ddc1064e,6452.0,16594.0,10142.0,1,1.0,6.0,0.0,0.25,MISC,874,10142.0,6.0,0.25,6452.0,1.0
8ccb9c9fe88b53537e096dd9,875,de69ddc1064e,6452.0,17242.0,10790.0,1,1.0,6.0,0.0,0.25,MISC,875,10790.0,6.0,0.25,6452.0,1.0
8ccb9c9fe88b53537e096dd9,876,de69ddc1064e,6452.0,17080.0,10628.0,1,1.0,6.0,0.0,0.25,MISC,876,10628.0,6.0,0.25,6452.0,1.0
8ccb9c9fe88b53537e096dd9,877,de69ddc1064e,6452.0,15301.0,8849.0,1,1.0,6.0,0.0,0.25,MISC,877,8849.0,6.0,0.25,6452.0,1.0
8ccb9c9fe88b53537e096dd9,878,de69ddc1064e,6453.0,19250.0,12797.0,1,1.0,6.0,0.0,0.25,MISC,878,12797.0,6.0,0.25,6453.0,1.0
8ccb9c9fe88b53537e096dd9,879,de69ddc1064e,6453.0,16354.0,9901.0,1,1.0,6.0,0.0,0.25,MISC,879,9901.0,6.0,0.25,6453.0,1.0
8ccb9c9fe88b53537e096dd9,880,de69ddc1064e,6453.0,16533.0,10080.0,1,1.0,6.0,0.0,0.25,MISC,880,10080.0,6.0,0.25,6453.0,1.0
8ccb9c9fe88b53537e096dd9,881,de69ddc1064e,6453.0,16123.0,9670.0,1,1.0,6.0,0.0,0.25,MISC,881,9670.0,6.0,0.25,6453.0,1.0
d894fd1af131ed7a296716b5,882,58540f191766,6457.0,14742.0,8285.0,1,1.0,6.0,0.0,0.1,MISC,882,8285.0,6.0,0.1,6457.0,1.0
d894fd1af131ed7a296716b5,883,58540f191766,6468.0,12226.0,5758.0,1,1.0,6.0,0.0,0.1,MISC,883,5758.0,6.0,0.1,6468.0,1.0
d894fd1af131ed7a296716b5,884,58540f191766,6474.0,14756.0,8282.0,1,1.0,6.0,0.0,0.1,MISC,884,8282.0,6.0,0.1,6474.0,1.0
e14f55e56de8f9e707c8ff95,885,42aa9724a88c,6479.0,6550.0,71.0,1,1.0,6.0,0.0,1.0,MISC,885,71.0,6.0,1.0,6479.0,1.0
d894fd1af131ed7a296716b5,886,58540f191766,6483.0,10690.0,4207.0,1,1.0,6.0,0.0,0.1,MISC,886,4207.0,6.0,0.1,6483.0,1.0
d894fd1af131ed7a296716b5,887,58540f191766,6493.0,11421.0,4928.0,1,1.0,6.0,0.0,0.1,MISC,887,4928.0,6.0,0.1,6493.0,1.0
d894fd1af131ed7a296716b5,888,58540f191766,6502.0,17242.0,10740.0,1,1.0,6.0,0.0,0.1,MISC,888,10740.0,6.0,0.1,6502.0,1.0
e8efa65aa22dff1e98ff15d7,889,b3bfe9b79bb5,6509.0,6657.0,148.0,1,1.0,6.0,0.0,1.0,MISC,889,148.0,6.0,1.0,6509.0,1.0
d894fd1af131ed7a296716b5,890,58540f191766,6509.0,17219.0,10710.0,1,1.0,6.0,0.0,0.1,MISC,890,10710.0,6.0,0.1,6509.0,1.0
40df54e413d319037102e297,891,7b76597f4283,6517.0,6845.0,328.0,1,1.0,6.0,0.0,1.0,MISC,891,328.0,6.0,1.0,6517.0,1.0
d894fd1af131ed7a296716b5,892,58540f191766,6519.0,12966.0,6447.0,1,1.0,6.0,0.0,0.1,MISC,892,6447.0,6.0,0.1,6519.0,1.0
11bb21defa21318cae0d80d7,893,7ba2dc8417d5,6528.0,7356.0,828.0,1,1.0,6.0,0.0,0.25,MISC,893,828.0,6.0,0.25,6528.0,1.0
3995073148156da8994ec8bb,895,5f4cb64dc693,6535.0,8361.0,1826.0,1,5.0,1.0,0.0,1.0,MISC,895,1826.0,5.0,5.0,6535.0,5.0
d894fd1af131ed7a296716b5,896,58540f191766,6537.0,13673.0,7136.0,1,1.0,6.0,0.0,0.1,MISC,896,7136.0,6.0,0.1,6537.0,1.0
d894fd1af131ed7a296716b5,897,58540f191766,6546.0,14047.0,7501.0,1,1.0,6.0,0.0,0.1,MISC,897,7501.0,6.0,0.1,6546.0,1.0
4338499d3c24cc35be17b44c,898,5b1345f03aa1,6551.0,12711.0,6160.0,1,1.0,6.0,0.0,1.0,MISC,898,6160.0,6.0,1.0,6551.0,1.0
fdca1b26347a096dc8cd73ec,901,edc10645cc3f,6560.0,7027.0,467.0,1,30.0,6.0,0.0,1.0,MISC,901,467.0,180.0,30.0,6560.0,30.0
2fe46f64538b8943a9882bab,902,c677a0acf7c0,6561.0,13610.0,7049.0,1,20.0,12.0,0.0,0.25,MISC,902,7049.0,240.0,5.0,6561.0,20.0
d894fd1af131ed7a296716b5,903,58540f191766,6569.0,13267.0,6698.0,1,1.0,6.0,0.0,0.1,MISC,903,6698.0,6.0,0.1,6569.0,1.0
9ae9b2a926a0b1a6e4b0945c,904,05b25af4dd8b,6579.0,6786.0,207.0,1,1.0,18.0,0.0,1.0,MISC,904,207.0,18.0,1.0,6579.0,1.0
d894fd1af131ed7a296716b5,905,58540f191766,6579.0,14079.0,7500.0,1,1.0,6.0,0.0,0.1,MISC,905,7500.0,6.0,0.1,6579.0,1.0
3995073148156da8994ec8bb,906,5f4cb64dc693,6580.0,6734.0,154.0,1,1.0,6.0,0.0,1.0,MISC,906,154.0,6.0,1.0,6580.0,1.0
d894fd1af131ed7a296716b5,907,58540f191766,6587.0,9430.0,2843.0,1,1.0,6.0,0.0,0.1,MISC,907,2843.0,6.0,0.1,6587.0,1.0
d894fd1af131ed7a296716b5,908,58540f191766,6603.0,10309.0,3706.0,1,1.0,6.0,0.0,0.1,MISC,908,3706.0,6.0,0.1,6603.0,1.0
d894fd1af131ed7a296716b5,910,58540f191766,6613.0,12400.0,5787.0,1,1.0,6.0,0.0,0.1,MISC,910,5787.0,6.0,0.1,6613.0,1.0
d894fd1af131ed7a296716b5,911,58540f191766,6620.0,9740.0,3120.0,1,1.0,6.0,0.0,0.1,MISC,911,3120.0,6.0,0.1,6620.0,1.0
fdca1b26347a096dc8cd73ec,912,edc10645cc3f,6625.0,8008.0,1383.0,1,8.0,10.0,0.0,1.0,P100,912,1383.0,80.0,8.0,6625.0,8.0
37423403daa3e62e294e12da,914,4d95fa282778,6626.0,11423.0,4797.0,1,1.0,6.0,0.0,1.0,T4,914,4797.0,6.0,1.0,6626.0,1.0
d894fd1af131ed7a296716b5,915,58540f191766,6638.0,12661.0,6023.0,1,1.0,6.0,0.0,0.1,MISC,915,6023.0,6.0,0.1,6638.0,1.0
fdca1b26347a096dc8cd73ec,916,edc10645cc3f,6648.0,6785.0,137.0,1,30.0,6.0,0.0,1.0,P100,916,137.0,180.0,30.0,6648.0,30.0
d894fd1af131ed7a296716b5,917,58540f191766,6649.0,11707.0,5058.0,1,1.0,6.0,0.0,0.1,MISC,917,5058.0,6.0,0.1,6649.0,1.0
d894fd1af131ed7a296716b5,919,58540f191766,6663.0,10674.0,4011.0,1,1.0,6.0,0.0,0.1,MISC,919,4011.0,6.0,0.1,6663.0,1.0
d894fd1af131ed7a296716b5,920,58540f191766,6677.0,14227.0,7550.0,1,1.0,6.0,0.0,0.1,MISC,920,7550.0,6.0,0.1,6677.0,1.0
3e5fb00bf43aa67ee5c2b6d5,921,f134c9ec05e3,6683.0,6741.0,58.0,1,1.0,6.0,0.0,0.25,MISC,921,58.0,6.0,0.25,6683.0,1.0
1ccc18d7d13073b642b3a016,922,d4d51aca8806,6701.0,6755.0,54.0,1,30.0,6.0,0.0,0.25,T4,922,54.0,180.0,7.5,6701.0,30.0
d894fd1af131ed7a296716b5,923,58540f191766,6702.0,13639.0,6937.0,1,1.0,6.0,0.0,0.1,MISC,923,6937.0,6.0,0.1,6702.0,1.0
d894fd1af131ed7a296716b5,924,58540f191766,6722.0,9506.0,2784.0,1,1.0,6.0,0.0,0.1,MISC,924,2784.0,6.0,0.1,6722.0,1.0
d894fd1af131ed7a296716b5,926,58540f191766,6738.0,9107.0,2369.0,1,1.0,6.0,0.0,0.1,MISC,926,2369.0,6.0,0.1,6738.0,1.0
d894fd1af131ed7a296716b5,927,58540f191766,6758.0,12468.0,5710.0,1,1.0,6.0,0.0,0.1,MISC,927,5710.0,6.0,0.1,6758.0,1.0
d894fd1af131ed7a296716b5,928,58540f191766,6773.0,11281.0,4508.0,1,1.0,6.0,0.0,0.1,MISC,928,4508.0,6.0,0.1,6773.0,1.0
9ae9b2a926a0b1a6e4b0945c,930,05b25af4dd8b,6784.0,7525.0,741.0,1,2.0,18.0,0.0,1.0,MISC,930,741.0,36.0,2.0,6784.0,2.0
d894fd1af131ed7a296716b5,931,58540f191766,6793.0,9548.0,2755.0,1,1.0,6.0,0.0,0.1,MISC,931,2755.0,6.0,0.1,6793.0,1.0
d894fd1af131ed7a296716b5,932,58540f191766,6803.0,14618.0,7815.0,1,1.0,6.0,0.0,0.1,MISC,932,7815.0,6.0,0.1,6803.0,1.0
37423403daa3e62e294e12da,933,4d95fa282778,6812.0,6975.0,163.0,1,1.0,16.0,0.0,1.0,T4,933,163.0,16.0,1.0,6812.0,1.0
d894fd1af131ed7a296716b5,934,58540f191766,6812.0,14470.0,7658.0,1,1.0,6.0,0.0,0.1,MISC,934,7658.0,6.0,0.1,6812.0,1.0
37423403daa3e62e294e12da,935,4d95fa282778,6814.0,7251.0,437.0,1,1.0,6.0,0.0,1.0,T4,935,437.0,6.0,1.0,6814.0,1.0
37423403daa3e62e294e12da,936,4d95fa282778,6816.0,12778.0,5962.0,1,1.0,6.0,0.0,1.0,T4,936,5962.0,6.0,1.0,6816.0,1.0
d894fd1af131ed7a296716b5,937,58540f191766,6827.0,9989.0,3162.0,1,1.0,6.0,0.0,0.1,MISC,937,3162.0,6.0,0.1,6827.0,1.0
d894fd1af131ed7a296716b5,938,58540f191766,6837.0,14527.0,7690.0,1,1.0,6.0,0.0,0.1,MISC,938,7690.0,6.0,0.1,6837.0,1.0
d894fd1af131ed7a296716b5,939,58540f191766,6853.0,17530.0,10677.0,1,1.0,6.0,0.0,0.1,MISC,939,10677.0,6.0,0.1,6853.0,1.0
40df54e413d319037102e297,940,7b76597f4283,6859.0,7030.0,171.0,1,1.0,6.0,0.0,1.0,MISC,940,171.0,6.0,1.0,6859.0,1.0
d894fd1af131ed7a296716b5,941,58540f191766,6865.0,15183.0,8318.0,1,1.0,6.0,0.0,0.1,MISC,941,8318.0,6.0,0.1,6865.0,1.0
0be3971157d6c504afbc3397,942,354e3b81c515,6869.0,6903.0,34.0,1,1.0,6.0,0.0,1.0,MISC,942,34.0,6.0,1.0,6869.0,1.0
d894fd1af131ed7a296716b5,943,58540f191766,6874.0,14486.0,7612.0,1,1.0,6.0,0.0,0.1,MISC,943,7612.0,6.0,0.1,6874.0,1.0
d894fd1af131ed7a296716b5,944,58540f191766,6886.0,14451.0,7565.0,1,1.0,6.0,0.0,0.1,MISC,944,7565.0,6.0,0.1,6886.0,1.0
e8efa65aa22dff1e98ff15d7,945,b3bfe9b79bb5,6896.0,119602.0,112706.0,1,1.0,6.0,0.0,1.0,MISC,945,112706.0,6.0,1.0,6896.0,1.0
fdca1b26347a096dc8cd73ec,946,edc10645cc3f,6904.0,8053.0,1149.0,1,1.0,6.0,0.0,0.5,MISC,946,1149.0,6.0,0.5,6904.0,1.0
e8efa65aa22dff1e98ff15d7,947,b3bfe9b79bb5,6906.0,7007.0,101.0,1,4.0,6.0,0.0,1.0,MISC,947,101.0,24.0,4.0,6906.0,4.0
d894fd1af131ed7a296716b5,948,58540f191766,6907.0,9851.0,2944.0,1,1.0,6.0,0.0,0.1,MISC,948,2944.0,6.0,0.1,6907.0,1.0
d894fd1af131ed7a296716b5,949,58540f191766,6916.0,11088.0,4172.0,1,1.0,6.0,0.0,0.1,MISC,949,4172.0,6.0,0.1,6916.0,1.0
5241fd7d9a59d5917a2b54de,950,262fbc8b0c98,6922.0,11769.0,4847.0,1,1.0,16.0,0.0,4.0,V100,950,4847.0,16.0,4.0,6922.0,1.0
d894fd1af131ed7a296716b5,951,58540f191766,6926.0,9661.0,2735.0,1,1.0,6.0,0.0,0.1,MISC,951,2735.0,6.0,0.1,6926.0,1.0
40df54e413d319037102e297,952,7b76597f4283,6930.0,7800.0,870.0,1,1.0,6.0,0.0,1.0,MISC,952,870.0,6.0,1.0,6930.0,1.0
d894fd1af131ed7a296716b5,953,58540f191766,6935.0,12387.0,5452.0,1,1.0,6.0,0.0,0.1,MISC,953,5452.0,6.0,0.1,6935.0,1.0
21858ac282f1092bb15f8831,954,45bd92802aa9,6936.0,9941.0,3005.0,1,1.0,6.0,0.0,1.0,T4,954,3005.0,6.0,1.0,6936.0,1.0
d894fd1af131ed7a296716b5,955,58540f191766,6944.0,14624.0,7680.0,1,1.0,6.0,0.0,0.1,MISC,955,7680.0,6.0,0.1,6944.0,1.0
d894fd1af131ed7a296716b5,956,58540f191766,6957.0,15378.0,8421.0,1,1.0,6.0,0.0,0.1,MISC,956,8421.0,6.0,0.1,6957.0,1.0
d894fd1af131ed7a296716b5,957,58540f191766,6980.0,14666.0,7686.0,1,1.0,6.0,0.0,0.1,MISC,957,7686.0,6.0,0.1,6980.0,1.0
d894fd1af131ed7a296716b5,958,58540f191766,6990.0,11731.0,4741.0,1,1.0,6.0,0.0,0.1,MISC,958,4741.0,6.0,0.1,6990.0,1.0
d894fd1af131ed7a296716b5,959,58540f191766,7011.0,12916.0,5905.0,1,1.0,6.0,0.0,0.1,MISC,959,5905.0,6.0,0.1,7011.0,1.0
d894fd1af131ed7a296716b5,960,58540f191766,7020.0,12974.0,5954.0,1,1.0,6.0,0.0,0.1,MISC,960,5954.0,6.0,0.1,7020.0,1.0
d894fd1af131ed7a296716b5,961,58540f191766,7031.0,10819.0,3788.0,1,1.0,6.0,0.0,0.1,MISC,961,3788.0,6.0,0.1,7031.0,1.0
d894fd1af131ed7a296716b5,962,58540f191766,7043.0,9701.0,2658.0,1,1.0,6.0,0.0,0.1,MISC,962,2658.0,6.0,0.1,7043.0,1.0
d894fd1af131ed7a296716b5,963,58540f191766,7098.0,13149.0,6051.0,1,1.0,6.0,0.0,0.1,MISC,963,6051.0,6.0,0.1,7098.0,1.0
d894fd1af131ed7a296716b5,964,58540f191766,7107.0,13223.0,6116.0,1,1.0,6.0,0.0,0.1,MISC,964,6116.0,6.0,0.1,7107.0,1.0
330c4567830246d94ee386d4,965,766c6c1054bf,7108.0,7930.0,822.0,1,1.0,6.0,0.0,0.25,MISC,965,822.0,6.0,0.25,7108.0,1.0
d894fd1af131ed7a296716b5,966,58540f191766,7114.0,11940.0,4826.0,1,1.0,6.0,0.0,0.1,MISC,966,4826.0,6.0,0.1,7114.0,1.0
d894fd1af131ed7a296716b5,967,58540f191766,7124.0,12733.0,5609.0,1,1.0,6.0,0.0,0.1,MISC,967,5609.0,6.0,0.1,7124.0,1.0
4d8fee7f10bd7edbb75b96b3,968,b2c52019b2c6,7131.0,7283.0,152.0,1,1.0,6.0,0.0,1.0,MISC,968,152.0,6.0,1.0,7131.0,1.0
330c4567830246d94ee386d4,969,766c6c1054bf,7142.0,7707.0,565.0,1,1.0,6.0,0.0,0.25,MISC,969,565.0,6.0,0.25,7142.0,1.0
330c4567830246d94ee386d4,970,766c6c1054bf,7142.0,8020.0,878.0,1,1.0,6.0,0.0,0.25,MISC,970,878.0,6.0,0.25,7142.0,1.0
d894fd1af131ed7a296716b5,971,58540f191766,7143.0,15657.0,8514.0,1,1.0,6.0,0.0,0.1,MISC,971,8514.0,6.0,0.1,7143.0,1.0
d894fd1af131ed7a296716b5,972,58540f191766,7149.0,15704.0,8555.0,1,1.0,6.0,0.0,0.1,MISC,972,8555.0,6.0,0.1,7149.0,1.0
d894fd1af131ed7a296716b5,973,58540f191766,7161.0,15703.0,8542.0,1,1.0,6.0,0.0,0.1,MISC,973,8542.0,6.0,0.1,7161.0,1.0
d894fd1af131ed7a296716b5,974,58540f191766,7171.0,12521.0,5350.0,1,1.0,6.0,0.0,0.1,MISC,974,5350.0,6.0,0.1,7171.0,1.0
d894fd1af131ed7a296716b5,975,58540f191766,7179.0,12499.0,5320.0,1,1.0,6.0,0.0,0.1,MISC,975,5320.0,6.0,0.1,7179.0,1.0
330c4567830246d94ee386d4,976,766c6c1054bf,7180.0,7686.0,506.0,1,1.0,6.0,0.0,0.25,MISC,976,506.0,6.0,0.25,7180.0,1.0
40df54e413d319037102e297,977,7b76597f4283,7191.0,7324.0,133.0,1,1.0,6.0,0.0,1.0,MISC,977,133.0,6.0,1.0,7191.0,1.0
2fe46f64538b8943a9882bab,978,c677a0acf7c0,7194.0,8437.0,1243.0,1,1.0,6.0,0.0,0.25,MISC,978,1243.0,6.0,0.25,7194.0,1.0
2fe46f64538b8943a9882bab,979,c677a0acf7c0,7199.0,7589.0,390.0,1,1.0,6.0,0.0,0.25,MISC,979,390.0,6.0,0.25,7199.0,1.0
d894fd1af131ed7a296716b5,980,58540f191766,7199.0,9643.0,2444.0,1,1.0,6.0,0.0,0.1,MISC,980,2444.0,6.0,0.1,7199.0,1.0
2fe46f64538b8943a9882bab,981,c677a0acf7c0,7203.0,12488.0,5285.0,1,1.0,6.0,0.0,0.25,MISC,981,5285.0,6.0,0.25,7203.0,1.0
d894fd1af131ed7a296716b5,982,58540f191766,7211.0,14090.0,6879.0,1,1.0,6.0,0.0,0.1,MISC,982,6879.0,6.0,0.1,7211.0,1.0
2fe46f64538b8943a9882bab,983,c677a0acf7c0,7212.0,11873.0,4661.0,1,1.0,6.0,0.0,0.25,MISC,983,4661.0,6.0,0.25,7212.0,1.0
f2c4b7ef9bca7bf8390f05cd,984,1480b75a8c96,7215.0,7390.0,175.0,1,1.0,6.0,0.0,1.0,T4,984,175.0,6.0,1.0,7215.0,1.0
f2c4b7ef9bca7bf8390f05cd,985,1480b75a8c96,7217.0,7392.0,175.0,1,1.0,6.0,0.0,1.0,T4,985,175.0,6.0,1.0,7217.0,1.0
30185446faeb493c1d55cacd,986,a8192d6b0ae9,7223.0,7304.0,81.0,1,1.0,6.0,0.0,1.0,MISC,986,81.0,6.0,1.0,7223.0,1.0
d894fd1af131ed7a296716b5,987,58540f191766,7224.0,12138.0,4914.0,1,1.0,6.0,0.0,0.1,MISC,987,4914.0,6.0,0.1,7224.0,1.0
d894fd1af131ed7a296716b5,988,58540f191766,7237.0,12488.0,5251.0,1,1.0,6.0,0.0,0.1,MISC,988,5251.0,6.0,0.1,7237.0,1.0
e14f55e56de8f9e707c8ff95,989,42aa9724a88c,7247.0,7305.0,58.0,1,10.0,6.0,0.0,1.0,MISC,989,58.0,60.0,10.0,7247.0,10.0
d894fd1af131ed7a296716b5,990,58540f191766,7261.0,15471.0,8210.0,1,1.0,6.0,0.0,0.1,MISC,990,8210.0,6.0,0.1,7261.0,1.0
2fe46f64538b8943a9882bab,991,c677a0acf7c0,7273.0,13466.0,6193.0,1,10.0,12.0,0.0,0.25,MISC,991,6193.0,120.0,2.5,7273.0,10.0
d894fd1af131ed7a296716b5,992,58540f191766,7282.0,11738.0,4456.0,1,1.0,6.0,0.0,0.1,MISC,992,4456.0,6.0,0.1,7282.0,1.0
e8efa65aa22dff1e98ff15d7,993,b3bfe9b79bb5,7304.0,7352.0,48.0,1,1.0,6.0,0.0,1.0,MISC,993,48.0,6.0,1.0,7304.0,1.0
d894fd1af131ed7a296716b5,994,58540f191766,7321.0,14667.0,7346.0,1,1.0,6.0,0.0,0.1,MISC,994,7346.0,6.0,0.1,7321.0,1.0
4338499d3c24cc35be17b44c,996,5b1345f03aa1,7334.0,7404.0,70.0,1,1.0,6.0,0.0,1.0,MISC,996,70.0,6.0,1.0,7334.0,1.0
d894fd1af131ed7a296716b5,997,58540f191766,7341.0,12544.0,5203.0,1,1.0,6.0,0.0,0.1,MISC,997,5203.0,6.0,0.1,7341.0,1.0
4d8fee7f10bd7edbb75b96b3,998,b2c52019b2c6,7354.0,7411.0,57.0,1,1.0,6.0,0.0,1.0,MISC,998,57.0,6.0,1.0,7354.0,1.0
d894fd1af131ed7a296716b5,999,58540f191766,7357.0,10011.0,2654.0,1,1.0,6.0,0.0,0.1,MISC,999,2654.0,6.0,0.1,7357.0,1.0
d894fd1af131ed7a296716b5,1000,58540f191766,7371.0,14999.0,7628.0,1,1.0,6.0,0.0,0.1,MISC,1000,7628.0,6.0,0.1,7371.0,1.0
e8efa65aa22dff1e98ff15d7,1001,b3bfe9b79bb5,7381.0,7433.0,52.0,1,1.0,6.0,0.0,1.0,MISC,1001,52.0,6.0,1.0,7381.0,1.0
d894fd1af131ed7a296716b5,1002,58540f191766,7383.0,12968.0,5585.0,1,1.0,6.0,0.0,0.1,MISC,1002,5585.0,6.0,0.1,7383.0,1.0
30185446faeb493c1d55cacd,1003,a8192d6b0ae9,7405.0,7464.0,59.0,1,1.0,6.0,0.0,1.0,MISC,1003,59.0,6.0,1.0,7405.0,1.0
d894fd1af131ed7a296716b5,1004,58540f191766,7410.0,14966.0,7556.0,1,1.0,6.0,0.0,0.1,MISC,1004,7556.0,6.0,0.1,7410.0,1.0
d894fd1af131ed7a296716b5,1005,58540f191766,7426.0,10933.0,3507.0,1,1.0,6.0,0.0,0.1,MISC,1005,3507.0,6.0,0.1,7426.0,1.0
d894fd1af131ed7a296716b5,1006,58540f191766,7435.0,17664.0,10229.0,1,1.0,6.0,0.0,0.1,MISC,1006,10229.0,6.0,0.1,7435.0,1.0
d894fd1af131ed7a296716b5,1007,58540f191766,7451.0,13210.0,5759.0,1,1.0,6.0,0.0,0.1,MISC,1007,5759.0,6.0,0.1,7451.0,1.0
e14f55e56de8f9e707c8ff95,1008,42aa9724a88c,7456.0,7546.0,90.0,1,1.0,6.0,0.0,1.0,MISC,1008,90.0,6.0,1.0,7456.0,1.0
4338499d3c24cc35be17b44c,1009,5b1345f03aa1,7457.0,7625.0,168.0,1,1.0,6.0,0.0,0.25,MISC,1009,168.0,6.0,0.25,7457.0,1.0
4338499d3c24cc35be17b44c,1010,5b1345f03aa1,7460.0,7630.0,170.0,1,1.0,6.0,0.0,0.25,MISC,1010,170.0,6.0,0.25,7460.0,1.0
f17e954e97558148ded21349,1011,c4cbaac9966d,7461.0,7952.0,491.0,1,1.0,10.0,0.0,0.5,T4,1011,491.0,10.0,0.5,7461.0,1.0
d894fd1af131ed7a296716b5,1012,58540f191766,7467.0,14533.0,7066.0,1,1.0,6.0,0.0,0.1,MISC,1012,7066.0,6.0,0.1,7467.0,1.0
e8efa65aa22dff1e98ff15d7,1014,b3bfe9b79bb5,7473.0,8031.0,558.0,1,5.0,6.0,0.0,0.25,MISC,1014,558.0,30.0,1.25,7473.0,5.0
d894fd1af131ed7a296716b5,1015,58540f191766,7479.0,13180.0,5701.0,1,1.0,6.0,0.0,0.1,MISC,1015,5701.0,6.0,0.1,7479.0,1.0
f2c4b7ef9bca7bf8390f05cd,1016,1480b75a8c96,7491.0,7817.0,326.0,1,1.0,6.0,0.0,1.0,T4,1016,326.0,6.0,1.0,7491.0,1.0
d894fd1af131ed7a296716b5,1017,58540f191766,7504.0,15876.0,8372.0,1,1.0,6.0,0.0,0.1,MISC,1017,8372.0,6.0,0.1,7504.0,1.0
bcefc24202843f241d4a17ec,1018,3f5d4699c3a6,7509.0,9014.0,1505.0,1,6.0,2.0,0.0,1.0,MISC,1018,1505.0,12.0,6.0,7509.0,6.0
845ebc87e40bad0db5b37e26,1019,f14128db0160,7528.0,7568.0,40.0,1,1.0,6.0,0.0,2.0,MISC,1019,40.0,6.0,2.0,7528.0,1.0
4338499d3c24cc35be17b44c,1020,5b1345f03aa1,7529.0,7901.0,372.0,1,1.0,6.0,0.0,0.5,MISC,1020,372.0,6.0,0.5,7529.0,1.0
3e5fb00bf43aa67ee5c2b6d5,1022,f134c9ec05e3,7531.0,12507.0,4976.0,1,5.0,8.0,0.0,0.25,MISC,1022,4976.0,40.0,1.25,7531.0,5.0
d894fd1af131ed7a296716b5,1023,58540f191766,7533.0,10947.0,3414.0,1,1.0,6.0,0.0,0.1,MISC,1023,3414.0,6.0,0.1,7533.0,1.0
d894fd1af131ed7a296716b5,1024,58540f191766,7581.0,14494.0,6913.0,1,1.0,6.0,0.0,0.1,MISC,1024,6913.0,6.0,0.1,7581.0,1.0
d894fd1af131ed7a296716b5,1025,58540f191766,7657.0,13570.0,5913.0,1,1.0,6.0,0.0,0.1,MISC,1025,5913.0,6.0,0.1,7657.0,1.0
d894fd1af131ed7a296716b5,1026,58540f191766,7671.0,12291.0,4620.0,1,1.0,6.0,0.0,0.1,MISC,1026,4620.0,6.0,0.1,7671.0,1.0
95e3e86e9e73820232bf933a,1027,f961b1ebfe7e,7699.0,7874.0,175.0,1,1.0,6.0,0.0,0.25,MISC,1027,175.0,6.0,0.25,7699.0,1.0
4338499d3c24cc35be17b44c,1028,5b1345f03aa1,7726.0,7928.0,202.0,1,1.0,6.0,0.0,1.0,MISC,1028,202.0,6.0,1.0,7726.0,1.0
d894fd1af131ed7a296716b5,1029,58540f191766,7771.0,11080.0,3309.0,1,1.0,6.0,0.0,0.1,MISC,1029,3309.0,6.0,0.1,7771.0,1.0
4338499d3c24cc35be17b44c,1030,5b1345f03aa1,7777.0,9509.0,1732.0,1,1.0,6.0,0.0,1.0,MISC,1030,1732.0,6.0,1.0,7777.0,1.0
40df54e413d319037102e297,1031,7b76597f4283,7790.0,14377.0,6587.0,1,1.0,6.0,0.0,1.0,MISC,1031,6587.0,6.0,1.0,7790.0,1.0
d894fd1af131ed7a296716b5,1032,58540f191766,7791.0,11613.0,3822.0,1,1.0,6.0,0.0,0.1,MISC,1032,3822.0,6.0,0.1,7791.0,1.0
40df54e413d319037102e297,1033,7b76597f4283,7794.0,7976.0,182.0,1,1.0,6.0,0.0,1.0,MISC,1033,182.0,6.0,1.0,7794.0,1.0
40df54e413d319037102e297,1034,7b76597f4283,7794.0,7966.0,172.0,1,1.0,6.0,0.0,1.0,MISC,1034,172.0,6.0,1.0,7794.0,1.0
4338499d3c24cc35be17b44c,1035,5b1345f03aa1,7794.0,9211.0,1417.0,1,1.0,6.0,0.0,1.0,MISC,1035,1417.0,6.0,1.0,7794.0,1.0
40df54e413d319037102e297,1036,7b76597f4283,7795.0,7942.0,147.0,1,1.0,6.0,0.0,1.0,MISC,1036,147.0,6.0,1.0,7795.0,1.0
40df54e413d319037102e297,1037,7b76597f4283,7795.0,7988.0,193.0,1,1.0,6.0,0.0,1.0,MISC,1037,193.0,6.0,1.0,7795.0,1.0
40df54e413d319037102e297,1038,7b76597f4283,7795.0,7991.0,196.0,1,1.0,6.0,0.0,1.0,MISC,1038,196.0,6.0,1.0,7795.0,1.0
40df54e413d319037102e297,1039,7b76597f4283,7798.0,7941.0,143.0,1,1.0,6.0,0.0,1.0,MISC,1039,143.0,6.0,1.0,7798.0,1.0
4338499d3c24cc35be17b44c,1041,5b1345f03aa1,7810.0,9185.0,1375.0,1,1.0,6.0,0.0,1.0,MISC,1041,1375.0,6.0,1.0,7810.0,1.0
d894fd1af131ed7a296716b5,1042,58540f191766,7811.0,11648.0,3837.0,1,1.0,6.0,0.0,0.1,MISC,1042,3837.0,6.0,0.1,7811.0,1.0
2fe46f64538b8943a9882bab,1044,c677a0acf7c0,7818.0,14060.0,6242.0,1,8.0,6.0,0.0,0.25,MISC,1044,6242.0,48.0,2.0,7818.0,8.0
4338499d3c24cc35be17b44c,1045,5b1345f03aa1,7827.0,8902.0,1075.0,1,1.0,6.0,0.0,1.0,MISC,1045,1075.0,6.0,1.0,7827.0,1.0
07a7440f33d2bfb59804064b,1046,9cc55781f4a6,7831.0,7957.0,126.0,1,1.0,6.0,0.0,1.0,T4,1046,126.0,6.0,1.0,7831.0,1.0
d894fd1af131ed7a296716b5,1047,58540f191766,7832.0,15190.0,7358.0,1,1.0,6.0,0.0,0.1,MISC,1047,7358.0,6.0,0.1,7832.0,1.0
4338499d3c24cc35be17b44c,1048,5b1345f03aa1,7844.0,8720.0,876.0,1,1.0,6.0,0.0,1.0,MISC,1048,876.0,6.0,1.0,7844.0,1.0
f2c4b7ef9bca7bf8390f05cd,1049,1480b75a8c96,7846.0,7871.0,25.0,1,1.0,6.0,0.0,1.0,T4,1049,25.0,6.0,1.0,7846.0,1.0
2fe46f64538b8943a9882bab,1051,c677a0acf7c0,7852.0,8538.0,686.0,1,8.0,6.0,0.0,0.25,MISC,1051,686.0,48.0,2.0,7852.0,8.0
d894fd1af131ed7a296716b5,1052,58540f191766,7878.0,12402.0,4524.0,1,1.0,6.0,0.0,0.1,MISC,1052,4524.0,6.0,0.1,7878.0,1.0
d894fd1af131ed7a296716b5,1053,58540f191766,7902.0,11906.0,4004.0,1,1.0,6.0,0.0,0.1,MISC,1053,4004.0,6.0,0.1,7902.0,1.0
d894fd1af131ed7a296716b5,1054,58540f191766,7924.0,14562.0,6638.0,1,1.0,6.0,0.0,0.1,MISC,1054,6638.0,6.0,0.1,7924.0,1.0
4338499d3c24cc35be17b44c,1055,5b1345f03aa1,7930.0,8912.0,982.0,1,1.0,6.0,0.0,1.0,MISC,1055,982.0,6.0,1.0,7930.0,1.0
d894fd1af131ed7a296716b5,1056,58540f191766,7956.0,13067.0,5111.0,1,1.0,6.0,0.0,0.1,MISC,1056,5111.0,6.0,0.1,7956.0,1.0
4338499d3c24cc35be17b44c,1057,5b1345f03aa1,7963.0,8113.0,150.0,1,1.0,6.0,0.0,0.25,MISC,1057,150.0,6.0,0.25,7963.0,1.0
d894fd1af131ed7a296716b5,1058,58540f191766,7975.0,17291.0,9316.0,1,1.0,6.0,0.0,0.1,MISC,1058,9316.0,6.0,0.1,7975.0,1.0
d894fd1af131ed7a296716b5,1059,58540f191766,7995.0,10238.0,2243.0,1,1.0,6.0,0.0,0.1,MISC,1059,2243.0,6.0,0.1,7995.0,1.0
d894fd1af131ed7a296716b5,1060,58540f191766,8023.0,13726.0,5703.0,1,1.0,6.0,0.0,0.1,MISC,1060,5703.0,6.0,0.1,8023.0,1.0
d894fd1af131ed7a296716b5,1061,58540f191766,8036.0,11936.0,3900.0,1,1.0,6.0,0.0,0.1,MISC,1061,3900.0,6.0,0.1,8036.0,1.0
d894fd1af131ed7a296716b5,1062,58540f191766,8044.0,11104.0,3060.0,1,1.0,6.0,0.0,0.1,MISC,1062,3060.0,6.0,0.1,8044.0,1.0
d894fd1af131ed7a296716b5,1063,58540f191766,8060.0,10622.0,2562.0,1,1.0,6.0,0.0,0.1,MISC,1063,2562.0,6.0,0.1,8060.0,1.0
3e5fb00bf43aa67ee5c2b6d5,1064,f134c9ec05e3,8121.0,9666.0,1545.0,1,1.0,6.0,0.0,0.25,MISC,1064,1545.0,6.0,0.25,8121.0,1.0
d894fd1af131ed7a296716b5,1065,58540f191766,8125.0,11481.0,3356.0,1,1.0,6.0,0.0,0.1,MISC,1065,3356.0,6.0,0.1,8125.0,1.0
e8efa65aa22dff1e98ff15d7,1066,b3bfe9b79bb5,8128.0,17063.0,8935.0,1,1.0,6.0,0.0,0.25,MISC,1066,8935.0,6.0,0.25,8128.0,1.0
0381d6db958250b056960f1d,1067,47baba33cffe,8129.0,9068.0,939.0,1,1.0,6.0,0.0,0.5,T4,1067,939.0,6.0,0.5,8129.0,1.0
d894fd1af131ed7a296716b5,1068,58540f191766,8129.0,11933.0,3804.0,1,1.0,6.0,0.0,0.1,MISC,1068,3804.0,6.0,0.1,8129.0,1.0
0381d6db958250b056960f1d,1069,47baba33cffe,8129.0,9119.0,990.0,1,1.0,6.0,0.0,0.5,T4,1069,990.0,6.0,0.5,8129.0,1.0
0381d6db958250b056960f1d,1070,47baba33cffe,8129.0,9038.0,909.0,1,1.0,6.0,0.0,0.5,T4,1070,909.0,6.0,0.5,8129.0,1.0
0381d6db958250b056960f1d,1072,47baba33cffe,8131.0,9061.0,930.0,1,1.0,6.0,0.0,0.5,T4,1072,930.0,6.0,0.5,8131.0,1.0
e8efa65aa22dff1e98ff15d7,1073,b3bfe9b79bb5,8135.0,9363.0,1228.0,1,1.0,6.0,0.0,0.25,MISC,1073,1228.0,6.0,0.25,8135.0,1.0
cb7783c3317d6f6509c1c8d6,1074,66f88ff00a3d,8139.0,10153.0,2014.0,1,1.0,6.0,0.0,1.0,MISC,1074,2014.0,6.0,1.0,8139.0,1.0
07a7440f33d2bfb59804064b,1075,9cc55781f4a6,8163.0,8510.0,347.0,1,1.0,6.0,0.0,1.0,T4,1075,347.0,6.0,1.0,8163.0,1.0
d894fd1af131ed7a296716b5,1076,58540f191766,8164.0,14295.0,6131.0,1,1.0,6.0,0.0,0.1,MISC,1076,6131.0,6.0,0.1,8164.0,1.0
d894fd1af131ed7a296716b5,1077,58540f191766,8171.0,14838.0,6667.0,1,1.0,6.0,0.0,0.1,MISC,1077,6667.0,6.0,0.1,8171.0,1.0
d894fd1af131ed7a296716b5,1078,58540f191766,8183.0,14112.0,5929.0,1,1.0,6.0,0.0,0.1,MISC,1078,5929.0,6.0,0.1,8183.0,1.0
3e5fb00bf43aa67ee5c2b6d5,1079,f134c9ec05e3,8208.0,8432.0,224.0,1,1.0,6.0,0.0,0.5,MISC,1079,224.0,6.0,0.5,8208.0,1.0
d894fd1af131ed7a296716b5,1080,58540f191766,8208.0,12079.0,3871.0,1,1.0,6.0,0.0,0.1,MISC,1080,3871.0,6.0,0.1,8208.0,1.0
40df54e413d319037102e297,1081,7b76597f4283,8209.0,8400.0,191.0,1,1.0,6.0,0.0,1.0,MISC,1081,191.0,6.0,1.0,8209.0,1.0
d894fd1af131ed7a296716b5,1082,58540f191766,8211.0,13024.0,4813.0,1,1.0,6.0,0.0,0.1,MISC,1082,4813.0,6.0,0.1,8211.0,1.0
d894fd1af131ed7a296716b5,1083,58540f191766,8211.0,12037.0,3826.0,1,1.0,6.0,0.0,0.1,MISC,1083,3826.0,6.0,0.1,8211.0,1.0
d894fd1af131ed7a296716b5,1084,58540f191766,8211.0,13053.0,4842.0,1,1.0,6.0,0.0,0.1,MISC,1084,4842.0,6.0,0.1,8211.0,1.0
4338499d3c24cc35be17b44c,1087,5b1345f03aa1,8224.0,8274.0,50.0,1,1.0,6.0,0.0,1.0,MISC,1087,50.0,6.0,1.0,8224.0,1.0
d894fd1af131ed7a296716b5,1088,58540f191766,8237.0,12865.0,4628.0,1,1.0,6.0,0.0,0.1,MISC,1088,4628.0,6.0,0.1,8237.0,1.0
4c63a741106edc46bc1729dd,1089,18febf35d3a1,8237.0,36635.0,28398.0,1,1.0,20.0,0.0,1.0,MISC,1089,28398.0,20.0,1.0,8237.0,1.0
e14f55e56de8f9e707c8ff95,1090,42aa9724a88c,8239.0,8296.0,57.0,1,1.0,6.0,0.0,1.0,MISC,1090,57.0,6.0,1.0,8239.0,1.0
d894fd1af131ed7a296716b5,1091,58540f191766,8254.0,14072.0,5818.0,1,1.0,6.0,0.0,0.1,MISC,1091,5818.0,6.0,0.1,8254.0,1.0
f17e954e97558148ded21349,1092,c4cbaac9966d,8261.0,8629.0,368.0,1,1.0,10.0,0.0,0.5,T4,1092,368.0,10.0,0.5,8261.0,1.0
f17e954e97558148ded21349,1093,c4cbaac9966d,8263.0,8608.0,345.0,1,1.0,10.0,0.0,0.5,T4,1093,345.0,10.0,0.5,8263.0,1.0
f17e954e97558148ded21349,1094,c4cbaac9966d,8264.0,9354.0,1090.0,1,1.0,10.0,0.0,0.5,T4,1094,1090.0,10.0,0.5,8264.0,1.0
d894fd1af131ed7a296716b5,1095,58540f191766,8283.0,11512.0,3229.0,1,1.0,6.0,0.0,0.1,MISC,1095,3229.0,6.0,0.1,8283.0,1.0
d894fd1af131ed7a296716b5,1096,58540f191766,8312.0,14021.0,5709.0,1,1.0,6.0,0.0,0.1,MISC,1096,5709.0,6.0,0.1,8312.0,1.0
4c63a741106edc46bc1729dd,1097,18febf35d3a1,8320.0,8566.0,246.0,1,1.0,6.0,0.0,1.0,MISC,1097,246.0,6.0,1.0,8320.0,1.0
d894fd1af131ed7a296716b5,1098,58540f191766,8339.0,10612.0,2273.0,1,1.0,6.0,0.0,0.1,MISC,1098,2273.0,6.0,0.1,8339.0,1.0
4338499d3c24cc35be17b44c,1099,5b1345f03aa1,8368.0,9200.0,832.0,1,1.0,6.0,0.0,0.25,MISC,1099,832.0,6.0,0.25,8368.0,1.0
4338499d3c24cc35be17b44c,1100,5b1345f03aa1,8369.0,9197.0,828.0,1,1.0,6.0,0.0,0.25,MISC,1100,828.0,6.0,0.25,8369.0,1.0
d894fd1af131ed7a296716b5,1101,58540f191766,8370.0,15579.0,7209.0,1,1.0,6.0,0.0,0.1,MISC,1101,7209.0,6.0,0.1,8370.0,1.0
4338499d3c24cc35be17b44c,1102,5b1345f03aa1,8371.0,9398.0,1027.0,1,1.0,6.0,0.0,0.25,MISC,1102,1027.0,6.0,0.25,8371.0,1.0
4338499d3c24cc35be17b44c,1103,5b1345f03aa1,8371.0,9319.0,948.0,1,1.0,6.0,0.0,0.25,MISC,1103,948.0,6.0,0.25,8371.0,1.0
4338499d3c24cc35be17b44c,1104,5b1345f03aa1,8372.0,10004.0,1632.0,1,1.0,6.0,0.0,0.25,MISC,1104,1632.0,6.0,0.25,8372.0,1.0
4338499d3c24cc35be17b44c,1105,5b1345f03aa1,8375.0,9210.0,835.0,1,1.0,6.0,0.0,0.5,MISC,1105,835.0,6.0,0.5,8375.0,1.0
d894fd1af131ed7a296716b5,1106,58540f191766,8390.0,12575.0,4185.0,1,1.0,6.0,0.0,0.1,MISC,1106,4185.0,6.0,0.1,8390.0,1.0
845ebc87e40bad0db5b37e26,1107,f14128db0160,8396.0,8572.0,176.0,1,1.0,6.0,0.0,2.0,MISC,1107,176.0,6.0,2.0,8396.0,1.0
d894fd1af131ed7a296716b5,1109,58540f191766,8410.0,12206.0,3796.0,1,1.0,6.0,0.0,0.1,MISC,1109,3796.0,6.0,0.1,8410.0,1.0
bcefc24202843f241d4a17ec,1110,3f5d4699c3a6,8414.0,8585.0,171.0,1,1.0,6.0,0.0,1.0,MISC,1110,171.0,6.0,1.0,8414.0,1.0
d894fd1af131ed7a296716b5,1111,58540f191766,8431.0,12234.0,3803.0,1,1.0,6.0,0.0,0.1,MISC,1111,3803.0,6.0,0.1,8431.0,1.0
3995073148156da8994ec8bb,1113,5f4cb64dc693,8447.0,9818.0,1371.0,1,5.0,1.0,0.0,1.0,MISC,1113,1371.0,5.0,5.0,8447.0,5.0
d894fd1af131ed7a296716b5,1114,58540f191766,8475.0,16169.0,7694.0,1,1.0,6.0,0.0,0.1,MISC,1114,7694.0,6.0,0.1,8475.0,1.0
d894fd1af131ed7a296716b5,1115,58540f191766,8502.0,14923.0,6421.0,1,1.0,6.0,0.0,0.1,MISC,1115,6421.0,6.0,0.1,8502.0,1.0
07a7440f33d2bfb59804064b,1116,9cc55781f4a6,8543.0,8609.0,66.0,1,1.0,6.0,0.0,1.0,T4,1116,66.0,6.0,1.0,8543.0,1.0
07a7440f33d2bfb59804064b,1117,9cc55781f4a6,8641.0,8656.0,15.0,1,1.0,6.0,0.0,1.0,T4,1117,15.0,6.0,1.0,8641.0,1.0
4c63a741106edc46bc1729dd,1118,18febf35d3a1,8643.0,8928.0,285.0,1,1.0,6.0,0.0,1.0,MISC,1118,285.0,6.0,1.0,8643.0,1.0
b53f9ebd1eeeea726d1dac78,1119,2cbd33b08024,8649.0,8718.0,69.0,1,1.0,6.0,0.0,0.25,MISC,1119,69.0,6.0,0.25,8649.0,1.0
d894fd1af131ed7a296716b5,1120,58540f191766,8658.0,14862.0,6204.0,1,1.0,6.0,0.0,0.1,MISC,1120,6204.0,6.0,0.1,8658.0,1.0
d894fd1af131ed7a296716b5,1121,58540f191766,8678.0,11453.0,2775.0,1,1.0,6.0,0.0,0.1,MISC,1121,2775.0,6.0,0.1,8678.0,1.0
d894fd1af131ed7a296716b5,1122,58540f191766,8700.0,11765.0,3065.0,1,1.0,6.0,0.0,0.1,MISC,1122,3065.0,6.0,0.1,8700.0,1.0
bcefc24202843f241d4a17ec,1123,3f5d4699c3a6,8710.0,8825.0,115.0,1,1.0,6.0,0.0,1.0,MISC,1123,115.0,6.0,1.0,8710.0,1.0
d894fd1af131ed7a296716b5,1124,58540f191766,8718.0,12388.0,3670.0,1,1.0,6.0,0.0,0.1,MISC,1124,3670.0,6.0,0.1,8718.0,1.0
f17e954e97558148ded21349,1125,c4cbaac9966d,8731.0,9218.0,487.0,1,1.0,10.0,0.0,0.5,T4,1125,487.0,10.0,0.5,8731.0,1.0
d894fd1af131ed7a296716b5,1126,58540f191766,8738.0,13815.0,5077.0,1,1.0,6.0,0.0,0.1,MISC,1126,5077.0,6.0,0.1,8738.0,1.0
0272670bed9659e6a76e6998,1127,c2a3a3121170,8742.0,40744.0,32002.0,1,10.0,3.0,0.0,0.5,MISC,1127,32002.0,30.0,5.0,8742.0,10.0
d894fd1af131ed7a296716b5,1128,58540f191766,8762.0,11689.0,2927.0,1,1.0,6.0,0.0,0.1,MISC,1128,2927.0,6.0,0.1,8762.0,1.0
d894fd1af131ed7a296716b5,1129,58540f191766,8781.0,11334.0,2553.0,1,1.0,6.0,0.0,0.1,MISC,1129,2553.0,6.0,0.1,8781.0,1.0
d894fd1af131ed7a296716b5,1130,58540f191766,8789.0,17880.0,9091.0,1,1.0,6.0,0.0,0.1,MISC,1130,9091.0,6.0,0.1,8789.0,1.0
21858ac282f1092bb15f8831,1131,45bd92802aa9,8791.0,10156.0,1365.0,1,1.0,6.0,0.0,1.0,T4,1131,1365.0,6.0,1.0,8791.0,1.0
9ae9b2a926a0b1a6e4b0945c,1132,05b25af4dd8b,8798.0,15745.0,6947.0,1,2.0,18.0,0.0,1.0,MISC,1132,6947.0,36.0,2.0,8798.0,2.0
d894fd1af131ed7a296716b5,1133,58540f191766,8799.0,16235.0,7436.0,1,1.0,6.0,0.0,0.1,MISC,1133,7436.0,6.0,0.1,8799.0,1.0
9ae9b2a926a0b1a6e4b0945c,1134,05b25af4dd8b,8803.0,16194.0,7391.0,1,2.0,18.0,0.0,1.0,MISC,1134,7391.0,36.0,2.0,8803.0,2.0
40df54e413d319037102e297,1135,7b76597f4283,8805.0,9844.0,1039.0,1,4.0,18.0,0.0,1.0,MISC,1135,1039.0,72.0,4.0,8805.0,4.0
d894fd1af131ed7a296716b5,1137,58540f191766,8824.0,13367.0,4543.0,1,1.0,6.0,0.0,0.1,MISC,1137,4543.0,6.0,0.1,8824.0,1.0
21858ac282f1092bb15f8831,1138,45bd92802aa9,8825.0,10310.0,1485.0,1,1.0,6.0,0.0,1.0,T4,1138,1485.0,6.0,1.0,8825.0,1.0
4d8fee7f10bd7edbb75b96b3,1139,b2c52019b2c6,8838.0,8867.0,29.0,1,1.0,6.0,0.0,1.0,MISC,1139,29.0,6.0,1.0,8838.0,1.0
d894fd1af131ed7a296716b5,1140,58540f191766,8838.0,11316.0,2478.0,1,1.0,6.0,0.0,0.1,MISC,1140,2478.0,6.0,0.1,8838.0,1.0
07a7440f33d2bfb59804064b,1141,9cc55781f4a6,8845.0,9512.0,667.0,1,1.0,6.0,0.0,1.0,T4,1141,667.0,6.0,1.0,8845.0,1.0
d894fd1af131ed7a296716b5,1142,58540f191766,8862.0,15075.0,6213.0,1,1.0,6.0,0.0,0.1,MISC,1142,6213.0,6.0,0.1,8862.0,1.0
d894fd1af131ed7a296716b5,1143,58540f191766,8883.0,12514.0,3631.0,1,1.0,6.0,0.0,0.1,MISC,1143,3631.0,6.0,0.1,8883.0,1.0
4d8fee7f10bd7edbb75b96b3,1144,b2c52019b2c6,8900.0,9832.0,932.0,1,1.0,6.0,0.0,1.0,MISC,1144,932.0,6.0,1.0,8900.0,1.0
d894fd1af131ed7a296716b5,1145,58540f191766,8906.0,11148.0,2242.0,1,1.0,6.0,0.0,0.1,MISC,1145,2242.0,6.0,0.1,8906.0,1.0
fdca1b26347a096dc8cd73ec,1147,edc10645cc3f,8915.0,15076.0,6161.0,1,15.0,6.0,0.0,1.0,MISC,1147,6161.0,90.0,15.0,8915.0,15.0
d894fd1af131ed7a296716b5,1148,58540f191766,8916.0,10979.0,2063.0,1,1.0,6.0,0.0,0.1,MISC,1148,2063.0,6.0,0.1,8916.0,1.0
d894fd1af131ed7a296716b5,1149,58540f191766,8925.0,12608.0,3683.0,1,1.0,6.0,0.0,0.1,MISC,1149,3683.0,6.0,0.1,8925.0,1.0
85566767177f708ace60b331,1150,645eb26f94f2,8927.0,18323.0,9396.0,1,1.0,6.0,0.0,0.25,MISC,1150,9396.0,6.0,0.25,8927.0,1.0
d894fd1af131ed7a296716b5,1151,58540f191766,8937.0,14099.0,5162.0,1,1.0,6.0,0.0,0.1,MISC,1151,5162.0,6.0,0.1,8937.0,1.0
85566767177f708ace60b331,1152,645eb26f94f2,8941.0,15331.0,6390.0,1,1.0,6.0,0.0,0.25,MISC,1152,6390.0,6.0,0.25,8941.0,1.0
d894fd1af131ed7a296716b5,1153,58540f191766,8964.0,11801.0,2837.0,1,1.0,6.0,0.0,0.1,MISC,1153,2837.0,6.0,0.1,8964.0,1.0
2fe46f64538b8943a9882bab,1155,c677a0acf7c0,8970.0,9169.0,199.0,1,20.0,2.0,0.0,0.25,MISC,1155,199.0,40.0,5.0,8970.0,20.0
d894fd1af131ed7a296716b5,1157,58540f191766,8974.0,14654.0,5680.0,1,1.0,6.0,0.0,0.1,MISC,1157,5680.0,6.0,0.1,8974.0,1.0
df48f04d9c83bc2566c414b5,1158,0a91baf066f2,8981.0,9072.0,91.0,1,1.0,2.0,0.0,1.0,T4,1158,91.0,2.0,1.0,8981.0,1.0
d894fd1af131ed7a296716b5,1159,58540f191766,8988.0,13039.0,4051.0,1,1.0,6.0,0.0,0.1,MISC,1159,4051.0,6.0,0.1,8988.0,1.0
d894fd1af131ed7a296716b5,1160,58540f191766,8996.0,16277.0,7281.0,1,1.0,6.0,0.0,0.2,MISC,1160,7281.0,6.0,0.2,8996.0,1.0
4d8fee7f10bd7edbb75b96b3,1164,b2c52019b2c6,9014.0,9165.0,151.0,1,1.0,2.0,0.0,0.25,MISC,1164,151.0,2.0,0.25,9014.0,1.0
2fe46f64538b8943a9882bab,1165,c677a0acf7c0,9015.0,9299.0,284.0,1,20.0,2.0,0.0,0.25,MISC,1165,284.0,40.0,5.0,9015.0,20.0
4d8fee7f10bd7edbb75b96b3,1166,b2c52019b2c6,9015.0,9099.0,84.0,1,1.0,2.0,0.0,0.25,MISC,1166,84.0,2.0,0.25,9015.0,1.0
d894fd1af131ed7a296716b5,1167,58540f191766,9017.0,24418.0,15401.0,1,1.0,6.0,0.0,0.2,MISC,1167,15401.0,6.0,0.2,9017.0,1.0
4d8fee7f10bd7edbb75b96b3,1168,b2c52019b2c6,9017.0,9188.0,171.0,1,1.0,2.0,0.0,0.25,MISC,1168,171.0,2.0,0.25,9017.0,1.0
4d8fee7f10bd7edbb75b96b3,1170,b2c52019b2c6,9024.0,9163.0,139.0,1,1.0,2.0,0.0,0.25,MISC,1170,139.0,2.0,0.25,9024.0,1.0
d894fd1af131ed7a296716b5,1171,58540f191766,9039.0,12377.0,3338.0,1,1.0,6.0,0.0,0.1,MISC,1171,3338.0,6.0,0.1,9039.0,1.0
d894fd1af131ed7a296716b5,1172,58540f191766,9040.0,15251.0,6211.0,1,1.0,6.0,0.0,0.2,MISC,1172,6211.0,6.0,0.2,9040.0,1.0
d894fd1af131ed7a296716b5,1173,58540f191766,9059.0,15562.0,6503.0,1,1.0,6.0,0.0,0.2,MISC,1173,6503.0,6.0,0.2,9059.0,1.0
d894fd1af131ed7a296716b5,1174,58540f191766,9059.0,11555.0,2496.0,1,1.0,6.0,0.0,0.1,MISC,1174,2496.0,6.0,0.1,9059.0,1.0
4338499d3c24cc35be17b44c,1176,5b1345f03aa1,9079.0,9140.0,61.0,1,1.0,6.0,0.0,1.0,MISC,1176,61.0,6.0,1.0,9079.0,1.0
d894fd1af131ed7a296716b5,1177,58540f191766,9085.0,16239.0,7154.0,1,1.0,6.0,0.0,0.2,MISC,1177,7154.0,6.0,0.2,9085.0,1.0
d894fd1af131ed7a296716b5,1178,58540f191766,9086.0,11654.0,2568.0,1,1.0,6.0,0.0,0.1,MISC,1178,2568.0,6.0,0.1,9086.0,1.0
d894fd1af131ed7a296716b5,1179,58540f191766,9104.0,11315.0,2211.0,1,1.0,6.0,0.0,0.1,MISC,1179,2211.0,6.0,0.1,9104.0,1.0
d894fd1af131ed7a296716b5,1180,58540f191766,9109.0,15434.0,6325.0,1,1.0,6.0,0.0,0.2,MISC,1180,6325.0,6.0,0.2,9109.0,1.0
d894fd1af131ed7a296716b5,1181,58540f191766,9126.0,11340.0,2214.0,1,1.0,6.0,0.0,0.1,MISC,1181,2214.0,6.0,0.1,9126.0,1.0
d894fd1af131ed7a296716b5,1182,58540f191766,9141.0,15287.0,6146.0,1,1.0,6.0,0.0,0.2,MISC,1182,6146.0,6.0,0.2,9141.0,1.0
d894fd1af131ed7a296716b5,1183,58540f191766,9153.0,15155.0,6002.0,1,1.0,6.0,0.0,0.2,MISC,1183,6002.0,6.0,0.2,9153.0,1.0
d894fd1af131ed7a296716b5,1184,58540f191766,9163.0,12767.0,3604.0,1,1.0,6.0,0.0,0.1,MISC,1184,3604.0,6.0,0.1,9163.0,1.0
d894fd1af131ed7a296716b5,1185,58540f191766,9166.0,12675.0,3509.0,1,1.0,6.0,0.0,0.1,MISC,1185,3509.0,6.0,0.1,9166.0,1.0
4d8fee7f10bd7edbb75b96b3,1187,b2c52019b2c6,9172.0,10143.0,971.0,1,20.0,6.0,0.0,0.2,MISC,1187,971.0,120.0,4.0,9172.0,20.0
d894fd1af131ed7a296716b5,1188,58540f191766,9176.0,15494.0,6318.0,1,1.0,6.0,0.0,0.2,MISC,1188,6318.0,6.0,0.2,9176.0,1.0
d894fd1af131ed7a296716b5,1189,58540f191766,9178.0,11588.0,2410.0,1,1.0,6.0,0.0,0.1,MISC,1189,2410.0,6.0,0.1,9178.0,1.0
d894fd1af131ed7a296716b5,1190,58540f191766,9185.0,15149.0,5964.0,1,1.0,6.0,0.0,0.2,MISC,1190,5964.0,6.0,0.2,9185.0,1.0
d894fd1af131ed7a296716b5,1191,58540f191766,9190.0,11669.0,2479.0,1,1.0,6.0,0.0,0.1,MISC,1191,2479.0,6.0,0.1,9190.0,1.0
d894fd1af131ed7a296716b5,1192,58540f191766,9199.0,12582.0,3383.0,1,1.0,6.0,0.0,0.1,MISC,1192,3383.0,6.0,0.1,9199.0,1.0
d894fd1af131ed7a296716b5,1193,58540f191766,9206.0,16375.0,7169.0,1,1.0,6.0,0.0,0.2,MISC,1193,7169.0,6.0,0.2,9206.0,1.0
d894fd1af131ed7a296716b5,1194,58540f191766,9208.0,12903.0,3695.0,1,1.0,6.0,0.0,0.1,MISC,1194,3695.0,6.0,0.1,9208.0,1.0
d894fd1af131ed7a296716b5,1195,58540f191766,9218.0,16211.0,6993.0,1,1.0,6.0,0.0,0.2,MISC,1195,6993.0,6.0,0.2,9218.0,1.0
845ebc87e40bad0db5b37e26,1196,f14128db0160,9220.0,18277.0,9057.0,1,1.0,6.0,0.0,2.0,MISC,1196,9057.0,6.0,2.0,9220.0,1.0
f2c4b7ef9bca7bf8390f05cd,1197,1480b75a8c96,9221.0,9537.0,316.0,1,1.0,6.0,0.0,1.0,T4,1197,316.0,6.0,1.0,9221.0,1.0
d894fd1af131ed7a296716b5,1198,58540f191766,9222.0,14581.0,5359.0,1,1.0,6.0,0.0,0.1,MISC,1198,5359.0,6.0,0.1,9222.0,1.0
e14f55e56de8f9e707c8ff95,1199,42aa9724a88c,9224.0,9257.0,33.0,1,1.0,6.0,0.0,1.0,MISC,1199,33.0,6.0,1.0,9224.0,1.0
d894fd1af131ed7a296716b5,1200,58540f191766,9228.0,15478.0,6250.0,1,1.0,6.0,0.0,0.2,MISC,1200,6250.0,6.0,0.2,9228.0,1.0
d894fd1af131ed7a296716b5,1201,58540f191766,9244.0,14519.0,5275.0,1,1.0,6.0,0.0,0.1,MISC,1201,5275.0,6.0,0.1,9244.0,1.0
d894fd1af131ed7a296716b5,1202,58540f191766,9259.0,11782.0,2523.0,1,1.0,6.0,0.0,0.1,MISC,1202,2523.0,6.0,0.1,9259.0,1.0
d894fd1af131ed7a296716b5,1203,58540f191766,9280.0,16493.0,7213.0,1,1.0,6.0,0.0,0.1,MISC,1203,7213.0,6.0,0.1,9280.0,1.0
d894fd1af131ed7a296716b5,1204,58540f191766,9289.0,14191.0,4902.0,1,1.0,6.0,0.0,0.1,MISC,1204,4902.0,6.0,0.1,9289.0,1.0
d894fd1af131ed7a296716b5,1205,58540f191766,9301.0,13519.0,4218.0,1,1.0,6.0,0.0,0.1,MISC,1205,4218.0,6.0,0.1,9301.0,1.0
d894fd1af131ed7a296716b5,1206,58540f191766,9312.0,17582.0,8270.0,1,1.0,6.0,0.0,0.1,MISC,1206,8270.0,6.0,0.1,9312.0,1.0
9c6554174b06015a7af561c6,1207,41f97a75a037,9325.0,9339.0,14.0,1,1.0,6.0,0.0,1.0,T4,1207,14.0,6.0,1.0,9325.0,1.0
07a7440f33d2bfb59804064b,1208,9cc55781f4a6,9345.0,9672.0,327.0,1,1.0,6.0,0.0,0.25,T4,1208,327.0,6.0,0.25,9345.0,1.0
d894fd1af131ed7a296716b5,1209,58540f191766,9346.0,14713.0,5367.0,1,1.0,6.0,0.0,0.1,MISC,1209,5367.0,6.0,0.1,9346.0,1.0
d894fd1af131ed7a296716b5,1210,58540f191766,9358.0,16089.0,6731.0,1,1.0,6.0,0.0,0.1,MISC,1210,6731.0,6.0,0.1,9358.0,1.0
e8efa65aa22dff1e98ff15d7,1211,b3bfe9b79bb5,9359.0,9716.0,357.0,1,1.0,6.0,0.0,0.25,MISC,1211,357.0,6.0,0.25,9359.0,1.0
d894fd1af131ed7a296716b5,1212,58540f191766,9383.0,16545.0,7162.0,1,1.0,6.0,0.0,0.1,MISC,1212,7162.0,6.0,0.1,9383.0,1.0
2fe46f64538b8943a9882bab,1214,c677a0acf7c0,9389.0,13101.0,3712.0,1,20.0,2.0,0.0,0.25,MISC,1214,3712.0,40.0,5.0,9389.0,20.0
2fe46f64538b8943a9882bab,1215,c677a0acf7c0,9393.0,9459.0,66.0,1,1.0,6.0,0.0,1.0,MISC,1215,66.0,6.0,1.0,9393.0,1.0
049570305e6b0ab6aa86bf60,1217,29380421d3fc,9398.0,9462.0,64.0,1,1.0,6.0,0.0,1.0,T4,1217,64.0,6.0,1.0,9398.0,1.0
e8efa65aa22dff1e98ff15d7,1218,b3bfe9b79bb5,9400.0,10289.0,889.0,1,80.0,2.0,0.0,1.0,P100,1218,889.0,160.0,80.0,9400.0,80.0
9ae9b2a926a0b1a6e4b0945c,1219,05b25af4dd8b,9406.0,10933.0,1527.0,1,2.0,18.0,0.0,1.0,MISC,1219,1527.0,36.0,2.0,9406.0,2.0
9ae9b2a926a0b1a6e4b0945c,1220,05b25af4dd8b,9411.0,11645.0,2234.0,1,2.0,18.0,0.0,1.0,MISC,1220,2234.0,36.0,2.0,9411.0,2.0
d894fd1af131ed7a296716b5,1221,58540f191766,9412.0,13509.0,4097.0,1,1.0,6.0,0.0,0.1,MISC,1221,4097.0,6.0,0.1,9412.0,1.0
f17e954e97558148ded21349,1222,c4cbaac9966d,9413.0,9796.0,383.0,1,1.0,10.0,0.0,0.5,T4,1222,383.0,10.0,0.5,9413.0,1.0
d894fd1af131ed7a296716b5,1223,58540f191766,9436.0,13297.0,3861.0,1,1.0,6.0,0.0,0.1,MISC,1223,3861.0,6.0,0.1,9436.0,1.0
e8efa65aa22dff1e98ff15d7,1224,b3bfe9b79bb5,9448.0,9489.0,41.0,1,1.0,6.0,0.0,1.0,MISC,1224,41.0,6.0,1.0,9448.0,1.0
d894fd1af131ed7a296716b5,1225,58540f191766,9451.0,11682.0,2231.0,1,1.0,6.0,0.0,0.1,MISC,1225,2231.0,6.0,0.1,9451.0,1.0
2fe46f64538b8943a9882bab,1226,c677a0acf7c0,9493.0,9518.0,25.0,1,1.0,6.0,0.0,1.0,MISC,1226,25.0,6.0,1.0,9493.0,1.0
d894fd1af131ed7a296716b5,1227,58540f191766,9507.0,18108.0,8601.0,1,1.0,6.0,0.0,0.1,MISC,1227,8601.0,6.0,0.1,9507.0,1.0
e8efa65aa22dff1e98ff15d7,1228,b3bfe9b79bb5,9520.0,9561.0,41.0,1,1.0,6.0,0.0,1.0,MISC,1228,41.0,6.0,1.0,9520.0,1.0
d894fd1af131ed7a296716b5,1229,58540f191766,9522.0,13090.0,3568.0,1,1.0,6.0,0.0,0.1,MISC,1229,3568.0,6.0,0.1,9522.0,1.0
d894fd1af131ed7a296716b5,1230,58540f191766,9536.0,14555.0,5019.0,1,1.0,6.0,0.0,0.1,MISC,1230,5019.0,6.0,0.1,9536.0,1.0
d894fd1af131ed7a296716b5,1231,58540f191766,9559.0,12869.0,3310.0,1,1.0,6.0,0.0,0.1,MISC,1231,3310.0,6.0,0.1,9559.0,1.0
f2c4b7ef9bca7bf8390f05cd,1232,1480b75a8c96,9567.0,9591.0,24.0,1,1.0,6.0,0.0,1.0,T4,1232,24.0,6.0,1.0,9567.0,1.0
d894fd1af131ed7a296716b5,1233,58540f191766,9569.0,14565.0,4996.0,1,1.0,6.0,0.0,0.1,MISC,1233,4996.0,6.0,0.1,9569.0,1.0
40df54e413d319037102e297,1234,7b76597f4283,9574.0,9847.0,273.0,1,1.0,6.0,0.0,0.25,MISC,1234,273.0,6.0,0.25,9574.0,1.0
40df54e413d319037102e297,1235,7b76597f4283,9576.0,87160.0,77584.0,1,1.0,6.0,0.0,0.25,MISC,1235,77584.0,6.0,0.25,9576.0,1.0
d894fd1af131ed7a296716b5,1236,58540f191766,9583.0,15971.0,6388.0,1,1.0,6.0,0.0,0.1,MISC,1236,6388.0,6.0,0.1,9583.0,1.0
2fe46f64538b8943a9882bab,1237,c677a0acf7c0,9596.0,15429.0,5833.0,1,1.0,6.0,0.0,0.25,MISC,1237,5833.0,6.0,0.25,9596.0,1.0
df48f04d9c83bc2566c414b5,1238,0a91baf066f2,9601.0,10569.0,968.0,1,1.0,8.0,0.0,0.5,T4,1238,968.0,8.0,0.5,9601.0,1.0
d894fd1af131ed7a296716b5,1239,58540f191766,9603.0,12024.0,2421.0,1,1.0,6.0,0.0,0.1,MISC,1239,2421.0,6.0,0.1,9603.0,1.0
ce1acbfcbf28f229417c6f7d,1240,818eff02f2c4,9607.0,12313.0,2706.0,1,1.0,6.0,0.0,0.25,MISC,1240,2706.0,6.0,0.25,9607.0,1.0
df48f04d9c83bc2566c414b5,1241,0a91baf066f2,9611.0,9942.0,331.0,1,1.0,8.0,0.0,0.5,T4,1241,331.0,8.0,0.5,9611.0,1.0
ce1acbfcbf28f229417c6f7d,1242,818eff02f2c4,9612.0,9749.0,137.0,1,1.0,6.0,0.0,0.25,MISC,1242,137.0,6.0,0.25,9612.0,1.0
d894fd1af131ed7a296716b5,1243,58540f191766,9633.0,12172.0,2539.0,1,1.0,6.0,0.0,0.1,MISC,1243,2539.0,6.0,0.1,9633.0,1.0
d894fd1af131ed7a296716b5,1244,58540f191766,9645.0,16012.0,6367.0,1,1.0,6.0,0.0,0.1,MISC,1244,6367.0,6.0,0.1,9645.0,1.0
57b1ec7822bae7fe782bcc14,1245,cf523ee5a118,9651.0,42723.0,33072.0,1,1.0,12.0,0.0,1.0,MISC,1245,33072.0,12.0,1.0,9651.0,1.0
ce1acbfcbf28f229417c6f7d,1246,818eff02f2c4,9668.0,12771.0,3103.0,1,1.0,6.0,0.0,0.25,MISC,1246,3103.0,6.0,0.25,9668.0,1.0
ce1acbfcbf28f229417c6f7d,1247,818eff02f2c4,9671.0,13058.0,3387.0,1,1.0,6.0,0.0,0.25,MISC,1247,3387.0,6.0,0.25,9671.0,1.0
d894fd1af131ed7a296716b5,1248,58540f191766,9679.0,12059.0,2380.0,1,1.0,6.0,0.0,0.1,MISC,1248,2380.0,6.0,0.1,9679.0,1.0
d894fd1af131ed7a296716b5,1249,58540f191766,9687.0,11874.0,2187.0,1,1.0,6.0,0.0,0.1,MISC,1249,2187.0,6.0,0.1,9687.0,1.0
07a7440f33d2bfb59804064b,1250,9cc55781f4a6,9691.0,14800.0,5109.0,1,1.0,6.0,0.0,1.0,T4,1250,5109.0,6.0,1.0,9691.0,1.0
d894fd1af131ed7a296716b5,1251,58540f191766,9698.0,12389.0,2691.0,1,1.0,6.0,0.0,0.1,MISC,1251,2691.0,6.0,0.1,9698.0,1.0
d894fd1af131ed7a296716b5,1252,58540f191766,9711.0,13404.0,3693.0,1,1.0,6.0,0.0,0.1,MISC,1252,3693.0,6.0,0.1,9711.0,1.0
e8efa65aa22dff1e98ff15d7,1253,b3bfe9b79bb5,9719.0,11675.0,1956.0,1,1.0,6.0,0.0,1.0,MISC,1253,1956.0,6.0,1.0,9719.0,1.0
e8efa65aa22dff1e98ff15d7,1254,b3bfe9b79bb5,9720.0,10848.0,1128.0,1,1.0,6.0,0.0,1.0,MISC,1254,1128.0,6.0,1.0,9720.0,1.0
e8efa65aa22dff1e98ff15d7,1255,b3bfe9b79bb5,9720.0,10636.0,916.0,1,1.0,6.0,0.0,1.0,MISC,1255,916.0,6.0,1.0,9720.0,1.0
e8efa65aa22dff1e98ff15d7,1256,b3bfe9b79bb5,9720.0,11864.0,2144.0,1,1.0,6.0,0.0,1.0,MISC,1256,2144.0,6.0,1.0,9720.0,1.0
e8efa65aa22dff1e98ff15d7,1257,b3bfe9b79bb5,9720.0,10041.0,321.0,1,1.0,6.0,0.0,1.0,MISC,1257,321.0,6.0,1.0,9720.0,1.0
d894fd1af131ed7a296716b5,1258,58540f191766,9721.0,16087.0,6366.0,1,1.0,6.0,0.0,0.1,MISC,1258,6366.0,6.0,0.1,9721.0,1.0
e8efa65aa22dff1e98ff15d7,1259,b3bfe9b79bb5,9721.0,23918.0,14197.0,1,1.0,6.0,0.0,1.0,MISC,1259,14197.0,6.0,1.0,9721.0,1.0
e8efa65aa22dff1e98ff15d7,1260,b3bfe9b79bb5,9724.0,10788.0,1064.0,1,1.0,6.0,0.0,1.0,MISC,1260,1064.0,6.0,1.0,9724.0,1.0
e8efa65aa22dff1e98ff15d7,1261,b3bfe9b79bb5,9724.0,11046.0,1322.0,1,1.0,6.0,0.0,1.0,MISC,1261,1322.0,6.0,1.0,9724.0,1.0
2fe46f64538b8943a9882bab,1262,c677a0acf7c0,9725.0,19901.0,10176.0,1,1.0,6.0,0.0,0.25,MISC,1262,10176.0,6.0,0.25,9725.0,1.0
e8efa65aa22dff1e98ff15d7,1263,b3bfe9b79bb5,9730.0,11883.0,2153.0,1,1.0,6.0,0.0,1.0,MISC,1263,2153.0,6.0,1.0,9730.0,1.0
d894fd1af131ed7a296716b5,1264,58540f191766,9731.0,12013.0,2282.0,1,1.0,6.0,0.0,0.1,MISC,1264,2282.0,6.0,0.1,9731.0,1.0
07a7440f33d2bfb59804064b,1265,9cc55781f4a6,9741.0,9858.0,117.0,1,1.0,6.0,0.0,0.25,T4,1265,117.0,6.0,0.25,9741.0,1.0
37423403daa3e62e294e12da,1266,4d95fa282778,9745.0,25268.0,15523.0,1,1.0,6.0,0.0,0.25,T4,1266,15523.0,6.0,0.25,9745.0,1.0
d894fd1af131ed7a296716b5,1267,58540f191766,9747.0,16156.0,6409.0,1,1.0,6.0,0.0,0.1,MISC,1267,6409.0,6.0,0.1,9747.0,1.0
e8efa65aa22dff1e98ff15d7,1268,b3bfe9b79bb5,9748.0,11878.0,2130.0,1,1.0,6.0,0.0,1.0,MISC,1268,2130.0,6.0,1.0,9748.0,1.0
8ccb9c9fe88b53537e096dd9,1270,de69ddc1064e,9832.0,55471.0,45639.0,1,1.0,6.0,0.0,0.25,MISC,1270,45639.0,6.0,0.25,9832.0,1.0
2fe46f64538b8943a9882bab,1271,c677a0acf7c0,9834.0,35574.0,25740.0,1,1.0,6.0,0.0,0.25,MISC,1271,25740.0,6.0,0.25,9834.0,1.0
e8efa65aa22dff1e98ff15d7,1273,b3bfe9b79bb5,9847.0,11450.0,1603.0,1,50.0,6.0,0.0,0.5,MISC,1273,1603.0,300.0,25.0,9847.0,50.0
2fe46f64538b8943a9882bab,1274,c677a0acf7c0,9859.0,20590.0,10731.0,1,1.0,6.0,0.0,0.25,MISC,1274,10731.0,6.0,0.25,9859.0,1.0
4d8fee7f10bd7edbb75b96b3,1276,b2c52019b2c6,9869.0,13003.0,3134.0,1,10.0,4.0,0.0,0.25,MISC,1276,3134.0,40.0,2.5,9869.0,10.0
37423403daa3e62e294e12da,1277,4d95fa282778,9870.0,10350.0,480.0,1,1.0,16.0,0.0,1.0,T4,1277,480.0,16.0,1.0,9870.0,1.0
2fe46f64538b8943a9882bab,1278,c677a0acf7c0,9883.0,9910.0,27.0,1,1.0,6.0,0.0,1.0,MISC,1278,27.0,6.0,1.0,9883.0,1.0
3995073148156da8994ec8bb,1280,5f4cb64dc693,9901.0,11832.0,1931.0,1,5.0,1.0,0.0,1.0,MISC,1280,1931.0,5.0,5.0,9901.0,5.0
8ccb9c9fe88b53537e096dd9,1281,de69ddc1064e,9909.0,171269.0,161360.0,1,1.0,6.0,0.0,1.0,MISC,1281,161360.0,6.0,1.0,9909.0,1.0
4338499d3c24cc35be17b44c,1282,5b1345f03aa1,9943.0,10052.0,109.0,1,1.0,6.0,0.0,0.25,MISC,1282,109.0,6.0,0.25,9943.0,1.0
2fe46f64538b8943a9882bab,1284,c677a0acf7c0,9946.0,35083.0,25137.0,1,10.0,1.0,0.0,0.25,MISC,1284,25137.0,10.0,2.5,9946.0,10.0
4338499d3c24cc35be17b44c,1285,5b1345f03aa1,9949.0,10053.0,104.0,1,1.0,6.0,0.0,0.25,MISC,1285,104.0,6.0,0.25,9949.0,1.0
36dee9eabb9570587bc26052,1286,61d6b6dd5b15,9971.0,46427.0,36456.0,1,20.0,6.0,0.0,0.5,MISC,1286,36456.0,120.0,10.0,9971.0,20.0
4338499d3c24cc35be17b44c,1288,5b1345f03aa1,9994.0,10059.0,65.0,1,1.0,6.0,0.0,1.0,MISC,1288,65.0,6.0,1.0,9994.0,1.0
4338499d3c24cc35be17b44c,1289,5b1345f03aa1,10017.0,10245.0,228.0,1,1.0,6.0,0.0,0.5,MISC,1289,228.0,6.0,0.5,10017.0,1.0
2fe46f64538b8943a9882bab,1291,c677a0acf7c0,10071.0,19054.0,8983.0,1,30.0,5.0,0.0,0.25,MISC,1291,8983.0,150.0,7.5,10071.0,30.0
f17e954e97558148ded21349,1292,c4cbaac9966d,10151.0,10548.0,397.0,1,1.0,10.0,0.0,0.5,T4,1292,397.0,10.0,0.5,10151.0,1.0
e14f55e56de8f9e707c8ff95,1293,42aa9724a88c,10170.0,10212.0,42.0,1,1.0,6.0,0.0,1.0,MISC,1293,42.0,6.0,1.0,10170.0,1.0
0be3971157d6c504afbc3397,1294,354e3b81c515,10269.0,10309.0,40.0,1,1.0,6.0,0.0,1.0,MISC,1294,40.0,6.0,1.0,10269.0,1.0
3e5fb00bf43aa67ee5c2b6d5,1295,f134c9ec05e3,10438.0,13116.0,2678.0,1,1.0,6.0,0.0,1.0,MISC,1295,2678.0,6.0,1.0,10438.0,1.0
cbf6d2221f1d91ff57132898,1296,4c7e97453469,10472.0,10583.0,111.0,1,8.0,6.0,0.0,0.25,MISC,1296,111.0,48.0,2.0,10472.0,8.0
df48f04d9c83bc2566c414b5,1297,0a91baf066f2,10516.0,14075.0,3559.0,1,16.0,16.0,0.0,0.5,T4,1297,3559.0,256.0,8.0,10516.0,16.0
df48f04d9c83bc2566c414b5,1298,0a91baf066f2,10519.0,23982.0,13463.0,1,16.0,16.0,0.0,0.5,T4,1298,13463.0,256.0,8.0,10519.0,16.0
2fe46f64538b8943a9882bab,1299,c677a0acf7c0,10542.0,39813.0,29271.0,1,1.0,6.0,0.0,0.25,MISC,1299,29271.0,6.0,0.25,10542.0,1.0
57b1ec7822bae7fe782bcc14,1300,cf523ee5a118,10566.0,45818.0,35252.0,1,1.0,12.0,0.0,1.0,MISC,1300,35252.0,12.0,1.0,10566.0,1.0
07a7440f33d2bfb59804064b,1301,9cc55781f4a6,10592.0,17073.0,6481.0,1,1.0,6.0,0.0,1.0,V100,1301,6481.0,6.0,1.0,10592.0,1.0
d894fd1af131ed7a296716b5,1302,58540f191766,10620.0,12993.0,2373.0,1,1.0,6.0,0.0,1.0,MISC,1302,2373.0,6.0,1.0,10620.0,1.0
d894fd1af131ed7a296716b5,1303,58540f191766,10624.0,12992.0,2368.0,1,1.0,6.0,0.0,1.0,MISC,1303,2368.0,6.0,1.0,10624.0,1.0
d894fd1af131ed7a296716b5,1304,58540f191766,10624.0,12648.0,2024.0,1,1.0,6.0,0.0,0.5,MISC,1304,2024.0,6.0,0.5,10624.0,1.0
2fe46f64538b8943a9882bab,1305,c677a0acf7c0,10624.0,14070.0,3446.0,1,5.0,2.0,0.0,1.0,MISC,1305,3446.0,10.0,5.0,10624.0,5.0
d894fd1af131ed7a296716b5,1306,58540f191766,10626.0,12765.0,2139.0,1,1.0,6.0,0.0,0.5,MISC,1306,2139.0,6.0,0.5,10626.0,1.0
d894fd1af131ed7a296716b5,1307,58540f191766,10629.0,13850.0,3221.0,1,1.0,6.0,0.0,0.5,MISC,1307,3221.0,6.0,0.5,10629.0,1.0
d894fd1af131ed7a296716b5,1308,58540f191766,10629.0,12904.0,2275.0,1,1.0,6.0,0.0,1.0,MISC,1308,2275.0,6.0,1.0,10629.0,1.0
d894fd1af131ed7a296716b5,1309,58540f191766,10629.0,12861.0,2232.0,1,1.0,6.0,0.0,0.5,MISC,1309,2232.0,6.0,0.5,10629.0,1.0
d894fd1af131ed7a296716b5,1310,58540f191766,10630.0,11137.0,507.0,1,1.0,6.0,0.0,0.5,MISC,1310,507.0,6.0,0.5,10630.0,1.0
d894fd1af131ed7a296716b5,1311,58540f191766,10630.0,13290.0,2660.0,1,1.0,6.0,0.0,0.5,MISC,1311,2660.0,6.0,0.5,10630.0,1.0
d894fd1af131ed7a296716b5,1312,58540f191766,10630.0,15251.0,4621.0,1,1.0,6.0,0.0,0.5,MISC,1312,4621.0,6.0,0.5,10630.0,1.0
d894fd1af131ed7a296716b5,1313,58540f191766,10630.0,13285.0,2655.0,1,1.0,6.0,0.0,0.5,MISC,1313,2655.0,6.0,0.5,10630.0,1.0
d894fd1af131ed7a296716b5,1314,58540f191766,10630.0,13019.0,2389.0,1,1.0,6.0,0.0,0.5,MISC,1314,2389.0,6.0,0.5,10630.0,1.0
d894fd1af131ed7a296716b5,1315,58540f191766,10630.0,13894.0,3264.0,1,1.0,6.0,0.0,0.5,MISC,1315,3264.0,6.0,0.5,10630.0,1.0
d894fd1af131ed7a296716b5,1316,58540f191766,10630.0,13918.0,3288.0,1,1.0,6.0,0.0,0.5,MISC,1316,3288.0,6.0,0.5,10630.0,1.0
d894fd1af131ed7a296716b5,1317,58540f191766,10631.0,12032.0,1401.0,1,1.0,6.0,0.0,0.5,MISC,1317,1401.0,6.0,0.5,10631.0,1.0
d894fd1af131ed7a296716b5,1318,58540f191766,10631.0,15249.0,4618.0,1,1.0,6.0,0.0,0.5,MISC,1318,4618.0,6.0,0.5,10631.0,1.0
d894fd1af131ed7a296716b5,1319,58540f191766,10631.0,14915.0,4284.0,1,1.0,6.0,0.0,0.5,MISC,1319,4284.0,6.0,0.5,10631.0,1.0
d894fd1af131ed7a296716b5,1320,58540f191766,10631.0,11209.0,578.0,1,1.0,6.0,0.0,0.5,MISC,1320,578.0,6.0,0.5,10631.0,1.0
d894fd1af131ed7a296716b5,1321,58540f191766,10631.0,16438.0,5807.0,1,1.0,6.0,0.0,0.5,MISC,1321,5807.0,6.0,0.5,10631.0,1.0
d894fd1af131ed7a296716b5,1322,58540f191766,10631.0,15315.0,4684.0,1,1.0,6.0,0.0,0.5,MISC,1322,4684.0,6.0,0.5,10631.0,1.0
d894fd1af131ed7a296716b5,1323,58540f191766,10631.0,11059.0,428.0,1,1.0,6.0,0.0,0.5,MISC,1323,428.0,6.0,0.5,10631.0,1.0
d894fd1af131ed7a296716b5,1324,58540f191766,10631.0,14112.0,3481.0,1,1.0,6.0,0.0,0.5,MISC,1324,3481.0,6.0,0.5,10631.0,1.0
d894fd1af131ed7a296716b5,1325,58540f191766,10632.0,12899.0,2267.0,1,1.0,6.0,0.0,0.5,MISC,1325,2267.0,6.0,0.5,10632.0,1.0
d894fd1af131ed7a296716b5,1326,58540f191766,10632.0,12923.0,2291.0,1,1.0,6.0,0.0,1.0,MISC,1326,2291.0,6.0,1.0,10632.0,1.0
57293d03ada474346c391af2,1327,086c863a6fa4,10637.0,10653.0,16.0,1,1.0,6.0,0.0,0.25,T4,1327,16.0,6.0,0.25,10637.0,1.0
57293d03ada474346c391af2,1328,086c863a6fa4,10692.0,15741.0,5049.0,1,1.0,6.0,0.0,0.25,T4,1328,5049.0,6.0,0.25,10692.0,1.0
8ccb9c9fe88b53537e096dd9,1329,de69ddc1064e,10696.0,12667.0,1971.0,1,1.0,6.0,0.0,0.25,MISC,1329,1971.0,6.0,0.25,10696.0,1.0
4d8fee7f10bd7edbb75b96b3,1330,b2c52019b2c6,10761.0,10913.0,152.0,1,1.0,6.0,0.0,1.0,MISC,1330,152.0,6.0,1.0,10761.0,1.0
30185446faeb493c1d55cacd,1332,a8192d6b0ae9,10804.0,10856.0,52.0,1,1.0,6.0,0.0,1.0,MISC,1332,52.0,6.0,1.0,10804.0,1.0
4d8fee7f10bd7edbb75b96b3,1333,b2c52019b2c6,10805.0,10936.0,131.0,1,1.0,2.0,0.0,0.25,MISC,1333,131.0,2.0,0.25,10805.0,1.0
4d8fee7f10bd7edbb75b96b3,1335,b2c52019b2c6,10810.0,10948.0,138.0,1,1.0,2.0,0.0,0.25,MISC,1335,138.0,2.0,0.25,10810.0,1.0
30185446faeb493c1d55cacd,1336,a8192d6b0ae9,10918.0,10973.0,55.0,1,1.0,6.0,0.0,1.0,MISC,1336,55.0,6.0,1.0,10918.0,1.0
a757f125d866d5722ec3bfc2,1337,3960a1141089,10936.0,13499.0,2563.0,1,1.0,6.0,0.0,0.25,MISC,1337,2563.0,6.0,0.25,10936.0,1.0
4338499d3c24cc35be17b44c,1339,5b1345f03aa1,10948.0,11034.0,86.0,1,1.0,6.0,0.0,1.0,MISC,1339,86.0,6.0,1.0,10948.0,1.0
4d8fee7f10bd7edbb75b96b3,1340,b2c52019b2c6,10963.0,11017.0,54.0,1,1.0,6.0,0.0,1.0,MISC,1340,54.0,6.0,1.0,10963.0,1.0
f2c4b7ef9bca7bf8390f05cd,1341,1480b75a8c96,11016.0,22883.0,11867.0,1,16.0,24.0,0.0,0.25,T4,1341,11867.0,384.0,4.0,11016.0,16.0
f2c4b7ef9bca7bf8390f05cd,1342,1480b75a8c96,11057.0,11414.0,357.0,1,1.0,6.0,0.0,1.0,T4,1342,357.0,6.0,1.0,11057.0,1.0
e14f55e56de8f9e707c8ff95,1343,42aa9724a88c,11064.0,11124.0,60.0,1,1.0,6.0,0.0,1.0,MISC,1343,60.0,6.0,1.0,11064.0,1.0
4338499d3c24cc35be17b44c,1344,5b1345f03aa1,11077.0,11246.0,169.0,1,1.0,6.0,0.0,1.0,MISC,1344,169.0,6.0,1.0,11077.0,1.0
845ebc87e40bad0db5b37e26,1345,f14128db0160,11117.0,11179.0,62.0,1,1.0,6.0,0.0,2.0,MISC,1345,62.0,6.0,2.0,11117.0,1.0
3e5fb00bf43aa67ee5c2b6d5,1346,f134c9ec05e3,11122.0,11323.0,201.0,1,1.0,6.0,0.0,0.5,MISC,1346,201.0,6.0,0.5,11122.0,1.0
4338499d3c24cc35be17b44c,1348,5b1345f03aa1,11198.0,12961.0,1763.0,1,1.0,6.0,0.0,1.0,MISC,1348,1763.0,6.0,1.0,11198.0,1.0
4338499d3c24cc35be17b44c,1349,5b1345f03aa1,11213.0,12910.0,1697.0,1,1.0,6.0,0.0,1.0,MISC,1349,1697.0,6.0,1.0,11213.0,1.0
28dbedeb830a7a6ebc9dcdb7,1350,c9e676ebc7ef,11216.0,15537.0,4321.0,1,40.0,6.0,0.0,0.05,T4,1350,4321.0,240.0,2.0,11216.0,40.0
4338499d3c24cc35be17b44c,1351,5b1345f03aa1,11227.0,12498.0,1271.0,1,1.0,6.0,0.0,1.0,MISC,1351,1271.0,6.0,1.0,11227.0,1.0
28dbedeb830a7a6ebc9dcdb7,1352,c9e676ebc7ef,11233.0,11849.0,616.0,1,1.0,6.0,0.0,1.0,T4,1352,616.0,6.0,1.0,11233.0,1.0
28dbedeb830a7a6ebc9dcdb7,1353,c9e676ebc7ef,11244.0,17624.0,6380.0,1,1.0,6.0,0.0,1.0,T4,1353,6380.0,6.0,1.0,11244.0,1.0
0be3971157d6c504afbc3397,1354,354e3b81c515,11244.0,11282.0,38.0,1,1.0,6.0,0.0,1.0,MISC,1354,38.0,6.0,1.0,11244.0,1.0
4338499d3c24cc35be17b44c,1355,5b1345f03aa1,11245.0,11915.0,670.0,1,1.0,6.0,0.0,1.0,MISC,1355,670.0,6.0,1.0,11245.0,1.0
28dbedeb830a7a6ebc9dcdb7,1356,c9e676ebc7ef,11256.0,22571.0,11315.0,1,20.0,6.0,0.0,0.05,T4,1356,11315.0,120.0,1.0,11256.0,20.0
28dbedeb830a7a6ebc9dcdb7,1357,c9e676ebc7ef,11258.0,12561.0,1303.0,1,4.0,6.0,0.0,0.05,T4,1357,1303.0,24.0,0.2,11258.0,4.0
4338499d3c24cc35be17b44c,1358,5b1345f03aa1,11263.0,12027.0,764.0,1,1.0,6.0,0.0,1.0,MISC,1358,764.0,6.0,1.0,11263.0,1.0
d894fd1af131ed7a296716b5,1359,58540f191766,11268.0,14804.0,3536.0,1,1.0,6.0,0.0,0.5,MISC,1359,3536.0,6.0,0.5,11268.0,1.0
d894fd1af131ed7a296716b5,1360,58540f191766,11268.0,13081.0,1813.0,1,1.0,6.0,0.0,0.5,MISC,1360,1813.0,6.0,0.5,11268.0,1.0
d894fd1af131ed7a296716b5,1361,58540f191766,11268.0,13830.0,2562.0,1,1.0,6.0,0.0,1.0,MISC,1361,2562.0,6.0,1.0,11268.0,1.0
d894fd1af131ed7a296716b5,1362,58540f191766,11269.0,11529.0,260.0,1,1.0,6.0,0.0,1.0,MISC,1362,260.0,6.0,1.0,11269.0,1.0
d894fd1af131ed7a296716b5,1363,58540f191766,11269.0,13645.0,2376.0,1,1.0,6.0,0.0,0.5,MISC,1363,2376.0,6.0,0.5,11269.0,1.0
1a3f505af8a83df0ce858718,1364,93bd02b5b356,11273.0,26985.0,15712.0,1,1.0,6.0,0.0,0.25,MISC,1364,15712.0,6.0,0.25,11273.0,1.0
4338499d3c24cc35be17b44c,1365,5b1345f03aa1,11280.0,11402.0,122.0,1,1.0,6.0,0.0,0.25,MISC,1365,122.0,6.0,0.25,11280.0,1.0
2fe46f64538b8943a9882bab,1366,c677a0acf7c0,11364.0,86093.0,74729.0,1,1.0,6.0,0.0,0.25,MISC,1366,74729.0,6.0,0.25,11364.0,1.0
6c3063994722f1e538b28a1a,1368,d7052eeddab7,11389.0,15052.0,3663.0,1,5.0,6.0,0.0,1.0,MISC,1368,3663.0,30.0,5.0,11389.0,5.0
f2c4b7ef9bca7bf8390f05cd,1370,1480b75a8c96,11446.0,11471.0,25.0,1,1.0,6.0,0.0,1.0,T4,1370,25.0,6.0,1.0,11446.0,1.0
5e71584c514d8e17662ffd10,1371,69d8872acc41,11477.0,21139.0,9662.0,1,1.0,6.0,0.0,1.0,T4,1371,9662.0,6.0,1.0,11477.0,1.0
28dbedeb830a7a6ebc9dcdb7,1372,c9e676ebc7ef,11528.0,11616.0,88.0,1,1.0,6.0,0.0,1.0,T4,1372,88.0,6.0,1.0,11528.0,1.0
3995073148156da8994ec8bb,1373,5f4cb64dc693,11578.0,11784.0,206.0,1,1.0,6.0,0.0,1.0,MISC,1373,206.0,6.0,1.0,11578.0,1.0
28dbedeb830a7a6ebc9dcdb7,1374,c9e676ebc7ef,11587.0,11810.0,223.0,1,8.0,6.0,0.0,0.05,T4,1374,223.0,48.0,0.4,11587.0,8.0
4338499d3c24cc35be17b44c,1375,5b1345f03aa1,11607.0,12306.0,699.0,1,1.0,6.0,0.0,1.0,MISC,1375,699.0,6.0,1.0,11607.0,1.0
d31da220e964fb2f1ace98f6,1376,eea150bdfdd6,11644.0,11728.0,84.0,1,10.0,10.0,0.0,1.0,MISC,1376,84.0,100.0,10.0,11644.0,10.0
85566767177f708ace60b331,1377,645eb26f94f2,11659.0,17199.0,5540.0,1,1.0,6.0,0.0,0.25,MISC,1377,5540.0,6.0,0.25,11659.0,1.0
d894fd1af131ed7a296716b5,1378,58540f191766,11668.0,13175.0,1507.0,1,1.0,6.0,0.0,0.5,MISC,1378,1507.0,6.0,0.5,11668.0,1.0
1ccc18d7d13073b642b3a016,1379,d4d51aca8806,11669.0,16063.0,4394.0,1,20.0,6.0,0.0,0.5,T4,1379,4394.0,120.0,10.0,11669.0,20.0
e8efa65aa22dff1e98ff15d7,1380,b3bfe9b79bb5,11685.0,18394.0,6709.0,1,50.0,8.0,0.0,0.5,MISC,1380,6709.0,400.0,25.0,11685.0,50.0
d894fd1af131ed7a296716b5,1381,58540f191766,11707.0,14451.0,2744.0,1,1.0,6.0,0.0,0.5,MISC,1381,2744.0,6.0,0.5,11707.0,1.0
d894fd1af131ed7a296716b5,1382,58540f191766,11739.0,14455.0,2716.0,1,1.0,6.0,0.0,0.5,MISC,1382,2716.0,6.0,0.5,11739.0,1.0
1ccc18d7d13073b642b3a016,1385,d4d51aca8806,11743.0,16739.0,4996.0,1,20.0,6.0,0.0,0.5,T4,1385,4996.0,120.0,10.0,11743.0,20.0
143b087a9cf31f7f5c1b09ba,1386,f5440bdf32a5,11762.0,12024.0,262.0,1,1.0,6.0,0.0,0.25,MISC,1386,262.0,6.0,0.25,11762.0,1.0
d894fd1af131ed7a296716b5,1387,58540f191766,11768.0,15762.0,3994.0,1,1.0,6.0,0.0,0.5,MISC,1387,3994.0,6.0,0.5,11768.0,1.0
143b087a9cf31f7f5c1b09ba,1389,f5440bdf32a5,11801.0,16253.0,4452.0,1,1.0,6.0,0.0,0.25,MISC,1389,4452.0,6.0,0.25,11801.0,1.0
37423403daa3e62e294e12da,1390,4d95fa282778,11802.0,13424.0,1622.0,1,1.0,6.0,0.0,1.0,T4,1390,1622.0,6.0,1.0,11802.0,1.0
d894fd1af131ed7a296716b5,1391,58540f191766,11820.0,13012.0,1192.0,1,1.0,6.0,0.0,0.5,MISC,1391,1192.0,6.0,0.5,11820.0,1.0
1ccc18d7d13073b642b3a016,1392,d4d51aca8806,11843.0,13266.0,1423.0,1,20.0,6.0,0.0,0.5,T4,1392,1423.0,120.0,10.0,11843.0,20.0
e14f55e56de8f9e707c8ff95,1393,42aa9724a88c,11895.0,11931.0,36.0,1,1.0,6.0,0.0,1.0,MISC,1393,36.0,6.0,1.0,11895.0,1.0
8ccb9c9fe88b53537e096dd9,1394,de69ddc1064e,11896.0,37996.0,26100.0,1,1.0,6.0,0.0,0.25,MISC,1394,26100.0,6.0,0.25,11896.0,1.0
3995073148156da8994ec8bb,1396,5f4cb64dc693,11925.0,13157.0,1232.0,1,5.0,1.0,0.0,1.0,MISC,1396,1232.0,5.0,5.0,11925.0,5.0
d894fd1af131ed7a296716b5,1397,58540f191766,11927.0,13584.0,1657.0,1,1.0,6.0,0.0,0.5,MISC,1397,1657.0,6.0,0.5,11927.0,1.0
d894fd1af131ed7a296716b5,1398,58540f191766,11948.0,13294.0,1346.0,1,1.0,6.0,0.0,0.5,MISC,1398,1346.0,6.0,0.5,11948.0,1.0
845ebc87e40bad0db5b37e26,1399,f14128db0160,11952.0,12311.0,359.0,1,1.0,6.0,0.0,2.0,MISC,1399,359.0,6.0,2.0,11952.0,1.0
4c63a741106edc46bc1729dd,1400,18febf35d3a1,11957.0,12239.0,282.0,1,1.0,6.0,0.0,1.0,MISC,1400,282.0,6.0,1.0,11957.0,1.0
d894fd1af131ed7a296716b5,1401,58540f191766,11976.0,13319.0,1343.0,1,1.0,6.0,0.0,0.5,MISC,1401,1343.0,6.0,0.5,11976.0,1.0
d894fd1af131ed7a296716b5,1402,58540f191766,12026.0,13397.0,1371.0,1,1.0,6.0,0.0,0.5,MISC,1402,1371.0,6.0,0.5,12026.0,1.0
d894fd1af131ed7a296716b5,1403,58540f191766,12069.0,15927.0,3858.0,1,1.0,6.0,0.0,0.5,MISC,1403,3858.0,6.0,0.5,12069.0,1.0
28dbedeb830a7a6ebc9dcdb7,1404,c9e676ebc7ef,12124.0,12250.0,126.0,1,8.0,6.0,0.0,0.25,T4,1404,126.0,48.0,2.0,12124.0,8.0
e8efa65aa22dff1e98ff15d7,1405,b3bfe9b79bb5,12190.0,72248.0,60058.0,1,1.0,6.0,0.0,1.0,MISC,1405,60058.0,6.0,1.0,12190.0,1.0
e8efa65aa22dff1e98ff15d7,1406,b3bfe9b79bb5,12192.0,77486.0,65294.0,1,1.0,6.0,0.0,1.0,MISC,1406,65294.0,6.0,1.0,12192.0,1.0
e8efa65aa22dff1e98ff15d7,1407,b3bfe9b79bb5,12192.0,73537.0,61345.0,1,1.0,6.0,0.0,1.0,MISC,1407,61345.0,6.0,1.0,12192.0,1.0
e8efa65aa22dff1e98ff15d7,1408,b3bfe9b79bb5,12192.0,74869.0,62677.0,1,1.0,6.0,0.0,1.0,MISC,1408,62677.0,6.0,1.0,12192.0,1.0
e8efa65aa22dff1e98ff15d7,1409,b3bfe9b79bb5,12195.0,75060.0,62865.0,1,1.0,6.0,0.0,1.0,MISC,1409,62865.0,6.0,1.0,12195.0,1.0
e8efa65aa22dff1e98ff15d7,1411,b3bfe9b79bb5,12300.0,146252.0,133952.0,1,1.0,6.0,0.0,1.0,MISC,1411,133952.0,6.0,1.0,12300.0,1.0
4c63a741106edc46bc1729dd,1412,18febf35d3a1,12314.0,12652.0,338.0,1,1.0,6.0,0.0,1.0,MISC,1412,338.0,6.0,1.0,12314.0,1.0
a757f125d866d5722ec3bfc2,1413,3960a1141089,12332.0,12533.0,201.0,1,10.0,6.0,0.0,0.25,MISC,1413,201.0,60.0,2.5,12332.0,10.0
7723928d5cc944dd00749ff0,1414,b5bf56100cf9,12443.0,19702.0,7259.0,1,1.0,6.0,0.0,0.25,MISC,1414,7259.0,6.0,0.25,12443.0,1.0
5e71584c514d8e17662ffd10,1415,69d8872acc41,12456.0,12551.0,95.0,1,1.0,6.0,0.0,0.25,T4,1415,95.0,6.0,0.25,12456.0,1.0
e8efa65aa22dff1e98ff15d7,1417,b3bfe9b79bb5,12472.0,19229.0,6757.0,1,50.0,8.0,0.0,0.5,MISC,1417,6757.0,400.0,25.0,12472.0,50.0
11bb21defa21318cae0d80d7,1418,7ba2dc8417d5,12476.0,15130.0,2654.0,1,1.0,6.0,0.0,0.25,MISC,1418,2654.0,6.0,0.25,12476.0,1.0
1a3f505af8a83df0ce858718,1419,93bd02b5b356,12627.0,14297.0,1670.0,1,1.0,6.0,0.0,0.25,MISC,1419,1670.0,6.0,0.25,12627.0,1.0
e14f55e56de8f9e707c8ff95,1420,42aa9724a88c,12631.0,34223.0,21592.0,1,1.0,6.0,0.0,0.25,MISC,1420,21592.0,6.0,0.25,12631.0,1.0
21858ac282f1092bb15f8831,1421,45bd92802aa9,12667.0,12862.0,195.0,1,1.0,6.0,0.0,1.0,T4,1421,195.0,6.0,1.0,12667.0,1.0
e14f55e56de8f9e707c8ff95,1423,42aa9724a88c,12673.0,26427.0,13754.0,1,100.0,6.0,0.0,0.25,MISC,1423,13754.0,600.0,25.0,12673.0,100.0
143b087a9cf31f7f5c1b09ba,1424,f5440bdf32a5,12678.0,26514.0,13836.0,1,1.0,6.0,0.0,0.25,MISC,1424,13836.0,6.0,0.25,12678.0,1.0
4338499d3c24cc35be17b44c,1426,5b1345f03aa1,12686.0,12749.0,63.0,1,1.0,6.0,0.0,1.0,MISC,1426,63.0,6.0,1.0,12686.0,1.0
4338499d3c24cc35be17b44c,1427,5b1345f03aa1,12713.0,12783.0,70.0,1,1.0,6.0,0.0,1.0,MISC,1427,70.0,6.0,1.0,12713.0,1.0
f2c4b7ef9bca7bf8390f05cd,1428,1480b75a8c96,12780.0,13105.0,325.0,1,1.0,6.0,0.0,1.0,T4,1428,325.0,6.0,1.0,12780.0,1.0
4338499d3c24cc35be17b44c,1429,5b1345f03aa1,12781.0,13225.0,444.0,1,1.0,6.0,0.0,1.0,MISC,1429,444.0,6.0,1.0,12781.0,1.0
e14f55e56de8f9e707c8ff95,1430,42aa9724a88c,12797.0,12853.0,56.0,1,1.0,6.0,0.0,1.0,MISC,1430,56.0,6.0,1.0,12797.0,1.0
07a7440f33d2bfb59804064b,1431,9cc55781f4a6,12806.0,25350.0,12544.0,1,1.0,6.0,0.0,0.5,T4,1431,12544.0,6.0,0.5,12806.0,1.0
28dbedeb830a7a6ebc9dcdb7,1432,c9e676ebc7ef,12812.0,13007.0,195.0,1,1.0,6.0,0.0,1.0,T4,1432,195.0,6.0,1.0,12812.0,1.0
28dbedeb830a7a6ebc9dcdb7,1435,c9e676ebc7ef,12831.0,13078.0,247.0,1,4.0,6.0,0.0,0.25,T4,1435,247.0,24.0,1.0,12831.0,4.0
28dbedeb830a7a6ebc9dcdb7,1436,c9e676ebc7ef,12832.0,13118.0,286.0,1,4.0,6.0,0.0,0.25,T4,1436,286.0,24.0,1.0,12832.0,4.0
28dbedeb830a7a6ebc9dcdb7,1437,c9e676ebc7ef,12832.0,13199.0,367.0,1,4.0,6.0,0.0,0.25,T4,1437,367.0,24.0,1.0,12832.0,4.0
28dbedeb830a7a6ebc9dcdb7,1438,c9e676ebc7ef,12838.0,13098.0,260.0,1,4.0,6.0,0.0,0.25,T4,1438,260.0,24.0,1.0,12838.0,4.0
28dbedeb830a7a6ebc9dcdb7,1439,c9e676ebc7ef,12850.0,13107.0,257.0,1,4.0,6.0,0.0,0.25,T4,1439,257.0,24.0,1.0,12850.0,4.0
8ccb9c9fe88b53537e096dd9,1440,de69ddc1064e,12863.0,39716.0,26853.0,1,1.0,6.0,0.0,1.0,MISC,1440,26853.0,6.0,1.0,12863.0,1.0
28dbedeb830a7a6ebc9dcdb7,1441,c9e676ebc7ef,12888.0,13476.0,588.0,1,4.0,6.0,0.0,0.5,T4,1441,588.0,24.0,2.0,12888.0,4.0
9c6554174b06015a7af561c6,1442,41f97a75a037,12891.0,12916.0,25.0,1,1.0,6.0,0.0,1.0,T4,1442,25.0,6.0,1.0,12891.0,1.0
28dbedeb830a7a6ebc9dcdb7,1443,c9e676ebc7ef,12907.0,13279.0,372.0,1,4.0,6.0,0.0,0.25,T4,1443,372.0,24.0,1.0,12907.0,4.0
28dbedeb830a7a6ebc9dcdb7,1444,c9e676ebc7ef,12919.0,13206.0,287.0,1,4.0,6.0,0.0,0.25,T4,1444,287.0,24.0,1.0,12919.0,4.0
8ccb9c9fe88b53537e096dd9,1445,de69ddc1064e,12960.0,102816.0,89856.0,1,1.0,6.0,0.0,0.5,MISC,1445,89856.0,6.0,0.5,12960.0,1.0
8ccb9c9fe88b53537e096dd9,1446,de69ddc1064e,12965.0,97420.0,84455.0,1,1.0,6.0,0.0,0.5,MISC,1446,84455.0,6.0,0.5,12965.0,1.0
8ccb9c9fe88b53537e096dd9,1447,de69ddc1064e,12965.0,92398.0,79433.0,1,1.0,6.0,0.0,0.5,MISC,1447,79433.0,6.0,0.5,12965.0,1.0
8ccb9c9fe88b53537e096dd9,1448,de69ddc1064e,12965.0,105216.0,92251.0,1,1.0,6.0,0.0,0.5,MISC,1448,92251.0,6.0,0.5,12965.0,1.0
8ccb9c9fe88b53537e096dd9,1449,de69ddc1064e,12965.0,96697.0,83732.0,1,1.0,6.0,0.0,0.5,MISC,1449,83732.0,6.0,0.5,12965.0,1.0
8ccb9c9fe88b53537e096dd9,1450,de69ddc1064e,12965.0,102383.0,89418.0,1,1.0,6.0,0.0,0.5,MISC,1450,89418.0,6.0,0.5,12965.0,1.0
8ccb9c9fe88b53537e096dd9,1451,de69ddc1064e,12965.0,92934.0,79969.0,1,1.0,6.0,0.0,0.5,MISC,1451,79969.0,6.0,0.5,12965.0,1.0
8ccb9c9fe88b53537e096dd9,1452,de69ddc1064e,12965.0,97928.0,84963.0,1,1.0,6.0,0.0,0.5,MISC,1452,84963.0,6.0,0.5,12965.0,1.0
8ccb9c9fe88b53537e096dd9,1453,de69ddc1064e,12966.0,96170.0,83204.0,1,1.0,6.0,0.0,0.5,MISC,1453,83204.0,6.0,0.5,12966.0,1.0
5241fd7d9a59d5917a2b54de,1454,262fbc8b0c98,12967.0,18577.0,5610.0,1,1.0,16.0,0.0,5.0,V100,1454,5610.0,16.0,5.0,12967.0,1.0
8ccb9c9fe88b53537e096dd9,1455,de69ddc1064e,12968.0,94905.0,81937.0,1,1.0,6.0,0.0,0.5,MISC,1455,81937.0,6.0,0.5,12968.0,1.0
3e5fb00bf43aa67ee5c2b6d5,1456,f134c9ec05e3,12969.0,16044.0,3075.0,1,1.0,6.0,0.0,1.0,MISC,1456,3075.0,6.0,1.0,12969.0,1.0
049570305e6b0ab6aa86bf60,1457,29380421d3fc,12974.0,13018.0,44.0,1,1.0,6.0,0.0,1.0,T4,1457,44.0,6.0,1.0,12974.0,1.0
049570305e6b0ab6aa86bf60,1458,29380421d3fc,12979.0,13023.0,44.0,1,1.0,6.0,0.0,1.0,T4,1458,44.0,6.0,1.0,12979.0,1.0
5e71584c514d8e17662ffd10,1459,69d8872acc41,13005.0,14467.0,1462.0,1,1.0,6.0,0.0,5.0,V100,1459,1462.0,6.0,5.0,13005.0,1.0
2fe46f64538b8943a9882bab,1460,c677a0acf7c0,13077.0,15673.0,2596.0,1,20.0,5.0,0.0,0.25,MISC,1460,2596.0,100.0,5.0,13077.0,20.0
8ccb9c9fe88b53537e096dd9,1462,de69ddc1064e,13102.0,36732.0,23630.0,1,1.0,6.0,0.0,0.5,MISC,1462,23630.0,6.0,0.5,13102.0,1.0
4d8fee7f10bd7edbb75b96b3,1463,b2c52019b2c6,13103.0,13603.0,500.0,1,10.0,4.0,0.0,0.25,MISC,1463,500.0,40.0,2.5,13103.0,10.0
8ccb9c9fe88b53537e096dd9,1464,de69ddc1064e,13104.0,41091.0,27987.0,1,1.0,6.0,0.0,0.5,MISC,1464,27987.0,6.0,0.5,13104.0,1.0
8ccb9c9fe88b53537e096dd9,1465,de69ddc1064e,13104.0,43386.0,30282.0,1,1.0,6.0,0.0,0.5,MISC,1465,30282.0,6.0,0.5,13104.0,1.0
8ccb9c9fe88b53537e096dd9,1466,de69ddc1064e,13104.0,40882.0,27778.0,1,1.0,6.0,0.0,0.5,MISC,1466,27778.0,6.0,0.5,13104.0,1.0
8ccb9c9fe88b53537e096dd9,1467,de69ddc1064e,13104.0,41146.0,28042.0,1,1.0,6.0,0.0,0.5,MISC,1467,28042.0,6.0,0.5,13104.0,1.0
8ccb9c9fe88b53537e096dd9,1468,de69ddc1064e,13104.0,43418.0,30314.0,1,1.0,6.0,0.0,0.5,MISC,1468,30314.0,6.0,0.5,13104.0,1.0
8ccb9c9fe88b53537e096dd9,1469,de69ddc1064e,13104.0,42897.0,29793.0,1,1.0,6.0,0.0,0.5,MISC,1469,29793.0,6.0,0.5,13104.0,1.0
8ccb9c9fe88b53537e096dd9,1470,de69ddc1064e,13104.0,43256.0,30152.0,1,1.0,6.0,0.0,0.5,MISC,1470,30152.0,6.0,0.5,13104.0,1.0
8ccb9c9fe88b53537e096dd9,1471,de69ddc1064e,13105.0,40659.0,27554.0,1,1.0,6.0,0.0,0.5,MISC,1471,27554.0,6.0,0.5,13105.0,1.0
8ccb9c9fe88b53537e096dd9,1472,de69ddc1064e,13105.0,38843.0,25738.0,1,1.0,6.0,0.0,0.5,MISC,1472,25738.0,6.0,0.5,13105.0,1.0
f2c4b7ef9bca7bf8390f05cd,1473,1480b75a8c96,13133.0,13157.0,24.0,1,1.0,6.0,0.0,1.0,T4,1473,24.0,6.0,1.0,13133.0,1.0
2fe46f64538b8943a9882bab,1474,c677a0acf7c0,13153.0,35200.0,22047.0,1,10.0,1.0,0.0,0.25,MISC,1474,22047.0,10.0,2.5,13153.0,10.0
8ccb9c9fe88b53537e096dd9,1475,de69ddc1064e,13172.0,18136.0,4964.0,1,1.0,6.0,0.0,0.25,MISC,1475,4964.0,6.0,0.25,13172.0,1.0
8ccb9c9fe88b53537e096dd9,1476,de69ddc1064e,13175.0,18042.0,4867.0,1,1.0,6.0,0.0,0.25,MISC,1476,4867.0,6.0,0.25,13175.0,1.0
8ccb9c9fe88b53537e096dd9,1477,de69ddc1064e,13175.0,19103.0,5928.0,1,1.0,6.0,0.0,0.25,MISC,1477,5928.0,6.0,0.25,13175.0,1.0
8ccb9c9fe88b53537e096dd9,1478,de69ddc1064e,13180.0,18510.0,5330.0,1,1.0,6.0,0.0,0.25,MISC,1478,5330.0,6.0,0.25,13180.0,1.0
8ccb9c9fe88b53537e096dd9,1479,de69ddc1064e,13180.0,22593.0,9413.0,1,1.0,6.0,0.0,0.25,MISC,1479,9413.0,6.0,0.25,13180.0,1.0
8ccb9c9fe88b53537e096dd9,1480,de69ddc1064e,13180.0,18131.0,4951.0,1,1.0,6.0,0.0,0.25,MISC,1480,4951.0,6.0,0.25,13180.0,1.0
8ccb9c9fe88b53537e096dd9,1481,de69ddc1064e,13180.0,19084.0,5904.0,1,1.0,6.0,0.0,0.25,MISC,1481,5904.0,6.0,0.25,13180.0,1.0
8ccb9c9fe88b53537e096dd9,1482,de69ddc1064e,13181.0,17680.0,4499.0,1,1.0,6.0,0.0,0.25,MISC,1482,4499.0,6.0,0.25,13181.0,1.0
8ccb9c9fe88b53537e096dd9,1483,de69ddc1064e,13181.0,17602.0,4421.0,1,1.0,6.0,0.0,0.25,MISC,1483,4421.0,6.0,0.25,13181.0,1.0
8ccb9c9fe88b53537e096dd9,1484,de69ddc1064e,13181.0,18398.0,5217.0,1,1.0,6.0,0.0,0.25,MISC,1484,5217.0,6.0,0.25,13181.0,1.0
8ccb9c9fe88b53537e096dd9,1485,de69ddc1064e,13181.0,17652.0,4471.0,1,1.0,6.0,0.0,0.25,MISC,1485,4471.0,6.0,0.25,13181.0,1.0
8ccb9c9fe88b53537e096dd9,1486,de69ddc1064e,13181.0,17983.0,4802.0,1,1.0,6.0,0.0,0.25,MISC,1486,4802.0,6.0,0.25,13181.0,1.0
8ccb9c9fe88b53537e096dd9,1487,de69ddc1064e,13181.0,17986.0,4805.0,1,1.0,6.0,0.0,0.25,MISC,1487,4805.0,6.0,0.25,13181.0,1.0
8ccb9c9fe88b53537e096dd9,1488,de69ddc1064e,13181.0,17642.0,4461.0,1,1.0,6.0,0.0,0.25,MISC,1488,4461.0,6.0,0.25,13181.0,1.0
8ccb9c9fe88b53537e096dd9,1489,de69ddc1064e,13181.0,17720.0,4539.0,1,1.0,6.0,0.0,0.25,MISC,1489,4539.0,6.0,0.25,13181.0,1.0
8ccb9c9fe88b53537e096dd9,1490,de69ddc1064e,13181.0,17741.0,4560.0,1,1.0,6.0,0.0,0.25,MISC,1490,4560.0,6.0,0.25,13181.0,1.0
8ccb9c9fe88b53537e096dd9,1491,de69ddc1064e,13181.0,17740.0,4559.0,1,1.0,6.0,0.0,0.25,MISC,1491,4559.0,6.0,0.25,13181.0,1.0
8ccb9c9fe88b53537e096dd9,1492,de69ddc1064e,13181.0,17974.0,4793.0,1,1.0,6.0,0.0,0.25,MISC,1492,4793.0,6.0,0.25,13181.0,1.0
8ccb9c9fe88b53537e096dd9,1493,de69ddc1064e,13183.0,18094.0,4911.0,1,1.0,6.0,0.0,0.25,MISC,1493,4911.0,6.0,0.25,13183.0,1.0
8ccb9c9fe88b53537e096dd9,1494,de69ddc1064e,13183.0,17902.0,4719.0,1,1.0,6.0,0.0,0.25,MISC,1494,4719.0,6.0,0.25,13183.0,1.0
2fe46f64538b8943a9882bab,1495,c677a0acf7c0,13198.0,13279.0,81.0,1,1.0,6.0,0.0,1.0,MISC,1495,81.0,6.0,1.0,13198.0,1.0
0e113fe8f6b4153745d87b60,1496,035b9488e79a,13203.0,13489.0,286.0,1,1.0,6.0,0.0,1.0,MISC,1496,286.0,6.0,1.0,13203.0,1.0
0e113fe8f6b4153745d87b60,1497,035b9488e79a,13224.0,14002.0,778.0,1,1.0,6.0,0.0,1.0,MISC,1497,778.0,6.0,1.0,13224.0,1.0
3995073148156da8994ec8bb,1499,5f4cb64dc693,13249.0,13845.0,596.0,1,5.0,1.0,0.0,1.0,MISC,1499,596.0,5.0,5.0,13249.0,5.0
3995073148156da8994ec8bb,1500,5f4cb64dc693,13250.0,14327.0,1077.0,1,1.0,6.0,0.0,1.0,MISC,1500,1077.0,6.0,1.0,13250.0,1.0
d894fd1af131ed7a296716b5,1501,58540f191766,13310.0,35194.0,21884.0,1,1.0,6.0,0.0,0.25,MISC,1501,21884.0,6.0,0.25,13310.0,1.0
d894fd1af131ed7a296716b5,1502,58540f191766,13310.0,32539.0,19229.0,1,1.0,6.0,0.0,0.25,MISC,1502,19229.0,6.0,0.25,13310.0,1.0
2fe46f64538b8943a9882bab,1503,c677a0acf7c0,13311.0,13379.0,68.0,1,1.0,6.0,0.0,1.0,MISC,1503,68.0,6.0,1.0,13311.0,1.0
d894fd1af131ed7a296716b5,1504,58540f191766,13314.0,33966.0,20652.0,1,1.0,6.0,0.0,0.25,MISC,1504,20652.0,6.0,0.25,13314.0,1.0
d894fd1af131ed7a296716b5,1505,58540f191766,13314.0,35489.0,22175.0,1,1.0,6.0,0.0,0.25,MISC,1505,22175.0,6.0,0.25,13314.0,1.0
d894fd1af131ed7a296716b5,1506,58540f191766,13315.0,36787.0,23472.0,1,1.0,6.0,0.0,0.25,MISC,1506,23472.0,6.0,0.25,13315.0,1.0
d894fd1af131ed7a296716b5,1507,58540f191766,13315.0,35070.0,21755.0,1,1.0,6.0,0.0,0.25,MISC,1507,21755.0,6.0,0.25,13315.0,1.0
d894fd1af131ed7a296716b5,1508,58540f191766,13315.0,32733.0,19418.0,1,1.0,6.0,0.0,0.25,MISC,1508,19418.0,6.0,0.25,13315.0,1.0
d894fd1af131ed7a296716b5,1509,58540f191766,13318.0,32658.0,19340.0,1,1.0,6.0,0.0,0.25,MISC,1509,19340.0,6.0,0.25,13318.0,1.0
d894fd1af131ed7a296716b5,1510,58540f191766,13319.0,37803.0,24484.0,1,1.0,6.0,0.0,0.25,MISC,1510,24484.0,6.0,0.25,13319.0,1.0
d894fd1af131ed7a296716b5,1511,58540f191766,13319.0,33841.0,20522.0,1,1.0,6.0,0.0,0.25,MISC,1511,20522.0,6.0,0.25,13319.0,1.0
1ccc18d7d13073b642b3a016,1512,d4d51aca8806,13324.0,15363.0,2039.0,1,20.0,6.0,0.0,0.5,T4,1512,2039.0,120.0,10.0,13324.0,20.0
e8efa65aa22dff1e98ff15d7,1514,b3bfe9b79bb5,13423.0,13682.0,259.0,1,20.0,4.0,0.0,1.0,MISC,1514,259.0,80.0,20.0,13423.0,20.0
4338499d3c24cc35be17b44c,1515,5b1345f03aa1,13428.0,13542.0,114.0,1,1.0,6.0,0.0,0.25,MISC,1515,114.0,6.0,0.25,13428.0,1.0
4338499d3c24cc35be17b44c,1516,5b1345f03aa1,13439.0,13553.0,114.0,1,1.0,6.0,0.0,0.25,MISC,1516,114.0,6.0,0.25,13439.0,1.0
5e71584c514d8e17662ffd10,1521,69d8872acc41,13469.0,17207.0,3738.0,1,1.0,6.0,0.0,5.0,V100,1521,3738.0,6.0,5.0,13469.0,1.0
2fe46f64538b8943a9882bab,1522,c677a0acf7c0,13552.0,13656.0,104.0,1,1.0,6.0,0.0,1.0,MISC,1522,104.0,6.0,1.0,13552.0,1.0
fdca1b26347a096dc8cd73ec,1523,edc10645cc3f,13632.0,13903.0,271.0,1,1.0,32.0,0.0,1.0,MISC,1523,271.0,32.0,1.0,13632.0,1.0
fdca1b26347a096dc8cd73ec,1524,edc10645cc3f,13674.0,14018.0,344.0,1,1.0,16.0,0.0,1.0,MISC,1524,344.0,16.0,1.0,13674.0,1.0
e14f55e56de8f9e707c8ff95,1525,42aa9724a88c,13682.0,13724.0,42.0,1,1.0,6.0,0.0,1.0,MISC,1525,42.0,6.0,1.0,13682.0,1.0
2fe46f64538b8943a9882bab,1526,c677a0acf7c0,13693.0,13726.0,33.0,1,1.0,6.0,0.0,1.0,MISC,1526,33.0,6.0,1.0,13693.0,1.0
2fe46f64538b8943a9882bab,1527,c677a0acf7c0,13699.0,13797.0,98.0,1,1.0,6.0,0.0,1.0,MISC,1527,98.0,6.0,1.0,13699.0,1.0
4338499d3c24cc35be17b44c,1528,5b1345f03aa1,13767.0,13915.0,148.0,1,1.0,6.0,0.0,1.0,MISC,1528,148.0,6.0,1.0,13767.0,1.0
2fe46f64538b8943a9882bab,1529,c677a0acf7c0,13829.0,13852.0,23.0,1,1.0,6.0,0.0,1.0,MISC,1529,23.0,6.0,1.0,13829.0,1.0
8ccb9c9fe88b53537e096dd9,1530,de69ddc1064e,13835.0,13945.0,110.0,1,1.0,6.0,0.0,1.0,MISC,1530,110.0,6.0,1.0,13835.0,1.0
0272670bed9659e6a76e6998,1532,c2a3a3121170,13844.0,13999.0,155.0,1,50.0,3.0,0.0,0.5,MISC,1532,155.0,150.0,25.0,13844.0,50.0
11bb21defa21318cae0d80d7,1533,7ba2dc8417d5,13845.0,18166.0,4321.0,1,1.0,6.0,0.0,1.0,MISC,1533,4321.0,6.0,1.0,13845.0,1.0
8ccb9c9fe88b53537e096dd9,1535,de69ddc1064e,13875.0,15061.0,1186.0,1,5.0,8.0,0.0,0.25,MISC,1535,1186.0,40.0,1.25,13875.0,5.0
0696d9170230c726b1278089,1537,06ed49c96a51,13888.0,17792.0,3904.0,1,5.0,0.05,0.0,1.0,MISC,1537,3904.0,0.25,5.0,13888.0,5.0
40df54e413d319037102e297,1538,7b76597f4283,13904.0,16981.0,3077.0,1,1.0,6.0,0.0,0.25,MISC,1538,3077.0,6.0,0.25,13904.0,1.0
3995073148156da8994ec8bb,1540,5f4cb64dc693,13927.0,14199.0,272.0,1,5.0,1.0,0.0,1.0,MISC,1540,272.0,5.0,5.0,13927.0,5.0
8ccb9c9fe88b53537e096dd9,1541,de69ddc1064e,13974.0,15693.0,1719.0,1,1.0,6.0,0.0,1.0,MISC,1541,1719.0,6.0,1.0,13974.0,1.0
8ccb9c9fe88b53537e096dd9,1542,de69ddc1064e,13978.0,34599.0,20621.0,1,1.0,6.0,0.0,0.25,MISC,1542,20621.0,6.0,0.25,13978.0,1.0
8ccb9c9fe88b53537e096dd9,1543,de69ddc1064e,13981.0,35570.0,21589.0,1,1.0,6.0,0.0,0.25,MISC,1543,21589.0,6.0,0.25,13981.0,1.0
8ccb9c9fe88b53537e096dd9,1544,de69ddc1064e,13982.0,33920.0,19938.0,1,1.0,6.0,0.0,0.25,MISC,1544,19938.0,6.0,0.25,13982.0,1.0
8ccb9c9fe88b53537e096dd9,1545,de69ddc1064e,13982.0,34341.0,20359.0,1,1.0,6.0,0.0,0.25,MISC,1545,20359.0,6.0,0.25,13982.0,1.0
8ccb9c9fe88b53537e096dd9,1546,de69ddc1064e,13984.0,35661.0,21677.0,1,1.0,6.0,0.0,0.25,MISC,1546,21677.0,6.0,0.25,13984.0,1.0
8ccb9c9fe88b53537e096dd9,1547,de69ddc1064e,13984.0,35649.0,21665.0,1,1.0,6.0,0.0,0.25,MISC,1547,21665.0,6.0,0.25,13984.0,1.0
8ccb9c9fe88b53537e096dd9,1548,de69ddc1064e,13984.0,33015.0,19031.0,1,1.0,6.0,0.0,0.25,MISC,1548,19031.0,6.0,0.25,13984.0,1.0
8ccb9c9fe88b53537e096dd9,1549,de69ddc1064e,13984.0,34836.0,20852.0,1,1.0,6.0,0.0,0.25,MISC,1549,20852.0,6.0,0.25,13984.0,1.0
8ccb9c9fe88b53537e096dd9,1550,de69ddc1064e,13984.0,35389.0,21405.0,1,1.0,6.0,0.0,0.25,MISC,1550,21405.0,6.0,0.25,13984.0,1.0
8ccb9c9fe88b53537e096dd9,1552,de69ddc1064e,13985.0,35633.0,21648.0,1,1.0,6.0,0.0,0.25,MISC,1552,21648.0,6.0,0.25,13985.0,1.0
8ccb9c9fe88b53537e096dd9,1553,de69ddc1064e,13985.0,35047.0,21062.0,1,1.0,6.0,0.0,0.25,MISC,1553,21062.0,6.0,0.25,13985.0,1.0
8ccb9c9fe88b53537e096dd9,1554,de69ddc1064e,13985.0,33835.0,19850.0,1,1.0,6.0,0.0,0.25,MISC,1554,19850.0,6.0,0.25,13985.0,1.0
8ccb9c9fe88b53537e096dd9,1555,de69ddc1064e,13986.0,36397.0,22411.0,1,1.0,6.0,0.0,0.25,MISC,1555,22411.0,6.0,0.25,13986.0,1.0
6c3063994722f1e538b28a1a,1556,d7052eeddab7,13989.0,15744.0,1755.0,1,1.0,1.0,0.0,1.0,MISC,1556,1755.0,1.0,1.0,13989.0,1.0
40df54e413d319037102e297,1557,7b76597f4283,13992.0,15423.0,1431.0,1,1.0,6.0,0.0,1.0,MISC,1557,1431.0,6.0,1.0,13992.0,1.0
3995073148156da8994ec8bb,1558,5f4cb64dc693,14026.0,15977.0,1951.0,1,20.0,6.0,0.0,0.5,MISC,1558,1951.0,120.0,10.0,14026.0,20.0
f17e954e97558148ded21349,1559,c4cbaac9966d,14055.0,14628.0,573.0,1,1.0,10.0,0.0,0.5,T4,1559,573.0,10.0,0.5,14055.0,1.0
4338499d3c24cc35be17b44c,1561,5b1345f03aa1,14088.0,14320.0,232.0,1,1.0,6.0,0.0,0.5,MISC,1561,232.0,6.0,0.5,14088.0,1.0
4d8fee7f10bd7edbb75b96b3,1562,b2c52019b2c6,14182.0,14486.0,304.0,1,1.0,6.0,0.0,1.0,MISC,1562,304.0,6.0,1.0,14182.0,1.0
0be3971157d6c504afbc3397,1563,354e3b81c515,14202.0,14223.0,21.0,1,1.0,6.0,0.0,1.0,MISC,1563,21.0,6.0,1.0,14202.0,1.0
2fe46f64538b8943a9882bab,1564,c677a0acf7c0,14239.0,17068.0,2829.0,1,5.0,2.0,0.0,1.0,MISC,1564,2829.0,10.0,5.0,14239.0,5.0
143b087a9cf31f7f5c1b09ba,1565,f5440bdf32a5,14252.0,70809.0,56557.0,1,1.0,6.0,0.0,0.25,MISC,1565,56557.0,6.0,0.25,14252.0,1.0
0272670bed9659e6a76e6998,1567,c2a3a3121170,14267.0,15493.0,1226.0,1,50.0,6.0,0.0,0.5,MISC,1567,1226.0,300.0,25.0,14267.0,50.0
fdca1b26347a096dc8cd73ec,1568,edc10645cc3f,14284.0,14570.0,286.0,1,1.0,32.0,0.0,1.0,MISC,1568,286.0,32.0,1.0,14284.0,1.0
37423403daa3e62e294e12da,1569,4d95fa282778,14326.0,15476.0,1150.0,1,1.0,6.0,0.0,1.0,T4,1569,1150.0,6.0,1.0,14326.0,1.0
5241fd7d9a59d5917a2b54de,1571,262fbc8b0c98,14368.0,14384.0,16.0,1,1.0,18.0,0.0,1.0,MISC,1571,16.0,18.0,1.0,14368.0,1.0
4d8fee7f10bd7edbb75b96b3,1572,b2c52019b2c6,14369.0,23121.0,8752.0,1,2.0,6.0,0.0,0.25,MISC,1572,8752.0,12.0,0.5,14369.0,2.0
11bb21defa21318cae0d80d7,1573,7ba2dc8417d5,14423.0,14970.0,547.0,1,1.0,6.0,0.0,1.0,MISC,1573,547.0,6.0,1.0,14423.0,1.0
11bb21defa21318cae0d80d7,1574,7ba2dc8417d5,14424.0,17459.0,3035.0,1,1.0,6.0,0.0,1.0,MISC,1574,3035.0,6.0,1.0,14424.0,1.0
11bb21defa21318cae0d80d7,1575,7ba2dc8417d5,14432.0,22296.0,7864.0,1,1.0,6.0,0.0,1.0,MISC,1575,7864.0,6.0,1.0,14432.0,1.0
30185446faeb493c1d55cacd,1576,a8192d6b0ae9,14432.0,14489.0,57.0,1,1.0,6.0,0.0,1.0,MISC,1576,57.0,6.0,1.0,14432.0,1.0
11bb21defa21318cae0d80d7,1577,7ba2dc8417d5,14485.0,16804.0,2319.0,1,1.0,6.0,0.0,1.0,MISC,1577,2319.0,6.0,1.0,14485.0,1.0
4d8fee7f10bd7edbb75b96b3,1578,b2c52019b2c6,14519.0,14538.0,19.0,1,1.0,6.0,0.0,1.0,MISC,1578,19.0,6.0,1.0,14519.0,1.0
11bb21defa21318cae0d80d7,1580,7ba2dc8417d5,14534.0,21771.0,7237.0,1,1.0,6.0,0.0,1.0,MISC,1580,7237.0,6.0,1.0,14534.0,1.0
4338499d3c24cc35be17b44c,1581,5b1345f03aa1,14535.0,14578.0,43.0,1,1.0,6.0,0.0,1.0,MISC,1581,43.0,6.0,1.0,14535.0,1.0
40df54e413d319037102e297,1582,7b76597f4283,14559.0,24965.0,10406.0,1,1.0,6.0,0.0,1.0,MISC,1582,10406.0,6.0,1.0,14559.0,1.0
40df54e413d319037102e297,1583,7b76597f4283,14560.0,24984.0,10424.0,1,1.0,6.0,0.0,1.0,MISC,1583,10424.0,6.0,1.0,14560.0,1.0
40df54e413d319037102e297,1584,7b76597f4283,14560.0,25766.0,11206.0,1,1.0,6.0,0.0,1.0,MISC,1584,11206.0,6.0,1.0,14560.0,1.0
40df54e413d319037102e297,1585,7b76597f4283,14562.0,24261.0,9699.0,1,1.0,6.0,0.0,1.0,MISC,1585,9699.0,6.0,1.0,14562.0,1.0
40df54e413d319037102e297,1586,7b76597f4283,14583.0,24150.0,9567.0,1,1.0,6.0,0.0,1.0,MISC,1586,9567.0,6.0,1.0,14583.0,1.0
e14f55e56de8f9e707c8ff95,1587,42aa9724a88c,14593.0,14628.0,35.0,1,1.0,6.0,0.0,1.0,MISC,1587,35.0,6.0,1.0,14593.0,1.0
cbf6d2221f1d91ff57132898,1588,4c7e97453469,14597.0,14638.0,41.0,1,1.0,6.0,0.0,0.25,MISC,1588,41.0,6.0,0.25,14597.0,1.0
2fe46f64538b8943a9882bab,1589,c677a0acf7c0,14638.0,21013.0,6375.0,1,1.0,6.0,0.0,0.25,MISC,1589,6375.0,6.0,0.25,14638.0,1.0
cbf6d2221f1d91ff57132898,1590,4c7e97453469,14647.0,14689.0,42.0,1,1.0,6.0,0.0,0.25,MISC,1590,42.0,6.0,0.25,14647.0,1.0
fdca1b26347a096dc8cd73ec,1591,edc10645cc3f,14649.0,14908.0,259.0,1,1.0,6.0,0.0,1.0,MISC,1591,259.0,6.0,1.0,14649.0,1.0
fdca1b26347a096dc8cd73ec,1592,edc10645cc3f,14649.0,14898.0,249.0,1,1.0,6.0,0.0,1.0,MISC,1592,249.0,6.0,1.0,14649.0,1.0
fdca1b26347a096dc8cd73ec,1593,edc10645cc3f,14649.0,14919.0,270.0,1,1.0,6.0,0.0,1.0,MISC,1593,270.0,6.0,1.0,14649.0,1.0
fdca1b26347a096dc8cd73ec,1594,edc10645cc3f,14649.0,14869.0,220.0,1,1.0,6.0,0.0,1.0,MISC,1594,220.0,6.0,1.0,14649.0,1.0
fdca1b26347a096dc8cd73ec,1595,edc10645cc3f,14649.0,14909.0,260.0,1,1.0,6.0,0.0,1.0,MISC,1595,260.0,6.0,1.0,14649.0,1.0
fdca1b26347a096dc8cd73ec,1596,edc10645cc3f,14650.0,14950.0,300.0,1,1.0,6.0,0.0,1.0,MISC,1596,300.0,6.0,1.0,14650.0,1.0
5241fd7d9a59d5917a2b54de,1597,262fbc8b0c98,14662.0,14682.0,20.0,1,1.0,18.0,0.0,1.0,MISC,1597,20.0,18.0,1.0,14662.0,1.0
3995073148156da8994ec8bb,1598,5f4cb64dc693,14676.0,14930.0,254.0,1,1.0,6.0,0.0,1.0,MISC,1598,254.0,6.0,1.0,14676.0,1.0
30185446faeb493c1d55cacd,1599,a8192d6b0ae9,14682.0,14732.0,50.0,1,1.0,6.0,0.0,1.0,MISC,1599,50.0,6.0,1.0,14682.0,1.0
4338499d3c24cc35be17b44c,1600,5b1345f03aa1,14691.0,15100.0,409.0,1,1.0,6.0,0.0,1.0,MISC,1600,409.0,6.0,1.0,14691.0,1.0
845ebc87e40bad0db5b37e26,1601,f14128db0160,14699.0,14736.0,37.0,1,1.0,6.0,0.0,2.0,MISC,1601,37.0,6.0,2.0,14699.0,1.0
3e5fb00bf43aa67ee5c2b6d5,1602,f134c9ec05e3,14735.0,15071.0,336.0,1,1.0,6.0,0.0,0.5,MISC,1602,336.0,6.0,0.5,14735.0,1.0
40df54e413d319037102e297,1603,7b76597f4283,14806.0,18112.0,3306.0,1,1.0,6.0,0.0,1.0,MISC,1603,3306.0,6.0,1.0,14806.0,1.0
40df54e413d319037102e297,1604,7b76597f4283,14807.0,14926.0,119.0,1,1.0,6.0,0.0,1.0,MISC,1604,119.0,6.0,1.0,14807.0,1.0
40df54e413d319037102e297,1605,7b76597f4283,14808.0,14930.0,122.0,1,1.0,6.0,0.0,1.0,MISC,1605,122.0,6.0,1.0,14808.0,1.0
40df54e413d319037102e297,1606,7b76597f4283,14810.0,14926.0,116.0,1,1.0,6.0,0.0,1.0,MISC,1606,116.0,6.0,1.0,14810.0,1.0
cbf6d2221f1d91ff57132898,1607,4c7e97453469,14815.0,14859.0,44.0,1,1.0,6.0,0.0,0.25,MISC,1607,44.0,6.0,0.25,14815.0,1.0
07a7440f33d2bfb59804064b,1608,9cc55781f4a6,14832.0,15088.0,256.0,1,1.0,6.0,0.0,1.0,T4,1608,256.0,6.0,1.0,14832.0,1.0
5241fd7d9a59d5917a2b54de,1609,262fbc8b0c98,14961.0,14974.0,13.0,1,1.0,18.0,0.0,1.0,MISC,1609,13.0,18.0,1.0,14961.0,1.0
330c4567830246d94ee386d4,1610,766c6c1054bf,14970.0,15886.0,916.0,1,1.0,6.0,0.0,0.25,MISC,1610,916.0,6.0,0.25,14970.0,1.0
9ae9b2a926a0b1a6e4b0945c,1612,05b25af4dd8b,14976.0,19753.0,4777.0,1,16.0,6.0,0.0,0.25,MISC,1612,4777.0,96.0,4.0,14976.0,16.0
9ae9b2a926a0b1a6e4b0945c,1615,05b25af4dd8b,15007.0,15697.0,690.0,1,2.0,18.0,0.0,1.0,MISC,1615,690.0,36.0,2.0,15007.0,2.0
11bb21defa21318cae0d80d7,1616,7ba2dc8417d5,15049.0,20183.0,5134.0,1,1.0,6.0,0.0,1.0,MISC,1616,5134.0,6.0,1.0,15049.0,1.0
11bb21defa21318cae0d80d7,1617,7ba2dc8417d5,15049.0,20495.0,5446.0,1,1.0,6.0,0.0,1.0,MISC,1617,5446.0,6.0,1.0,15049.0,1.0
a6f4f091632f915821796807,1618,e71cb97ab858,15049.0,15153.0,104.0,1,10.0,6.0,0.0,1.0,MISC,1618,104.0,60.0,10.0,15049.0,10.0
e14f55e56de8f9e707c8ff95,1619,42aa9724a88c,15056.0,15128.0,72.0,1,10.0,6.0,0.0,1.0,MISC,1619,72.0,60.0,10.0,15056.0,10.0
f2c4b7ef9bca7bf8390f05cd,1620,1480b75a8c96,15293.0,15619.0,326.0,1,1.0,6.0,0.0,1.0,T4,1620,326.0,6.0,1.0,15293.0,1.0
4338499d3c24cc35be17b44c,1621,5b1345f03aa1,15313.0,15531.0,218.0,1,1.0,6.0,0.0,0.25,MISC,1621,218.0,6.0,0.25,15313.0,1.0
cbf6d2221f1d91ff57132898,1622,4c7e97453469,15314.0,15368.0,54.0,1,1.0,6.0,0.0,0.25,MISC,1622,54.0,6.0,0.25,15314.0,1.0
07a7440f33d2bfb59804064b,1623,9cc55781f4a6,15315.0,15330.0,15.0,1,1.0,6.0,0.0,1.0,T4,1623,15.0,6.0,1.0,15315.0,1.0
11bb21defa21318cae0d80d7,1624,7ba2dc8417d5,15318.0,15674.0,356.0,1,1.0,6.0,0.0,1.0,MISC,1624,356.0,6.0,1.0,15318.0,1.0
4338499d3c24cc35be17b44c,1625,5b1345f03aa1,15342.0,15642.0,300.0,1,1.0,6.0,0.0,1.0,MISC,1625,300.0,6.0,1.0,15342.0,1.0
4338499d3c24cc35be17b44c,1626,5b1345f03aa1,15349.0,15405.0,56.0,1,1.0,6.0,0.0,1.0,MISC,1626,56.0,6.0,1.0,15349.0,1.0
4338499d3c24cc35be17b44c,1628,5b1345f03aa1,15372.0,15439.0,67.0,1,1.0,6.0,0.0,1.0,MISC,1628,67.0,6.0,1.0,15372.0,1.0
4338499d3c24cc35be17b44c,1629,5b1345f03aa1,15377.0,16074.0,697.0,1,1.0,6.0,0.0,1.0,MISC,1629,697.0,6.0,1.0,15377.0,1.0
1ccc18d7d13073b642b3a016,1630,d4d51aca8806,15388.0,19377.0,3989.0,1,20.0,6.0,0.0,0.5,T4,1630,3989.0,120.0,10.0,15388.0,20.0
8ccb9c9fe88b53537e096dd9,1632,de69ddc1064e,15398.0,17341.0,1943.0,1,4.0,8.0,0.0,0.25,MISC,1632,1943.0,32.0,1.0,15398.0,4.0
8ccb9c9fe88b53537e096dd9,1633,de69ddc1064e,15406.0,15674.0,268.0,1,1.0,6.0,0.0,0.25,MISC,1633,268.0,6.0,0.25,15406.0,1.0
1ce74e0e0b7d42abe83c84a6,1634,669fba973167,15408.0,15449.0,41.0,1,1.0,4.0,0.0,1.0,MISC,1634,41.0,4.0,1.0,15408.0,1.0
4338499d3c24cc35be17b44c,1635,5b1345f03aa1,15438.0,15560.0,122.0,1,1.0,6.0,0.0,0.25,MISC,1635,122.0,6.0,0.25,15438.0,1.0
143b087a9cf31f7f5c1b09ba,1636,f5440bdf32a5,15451.0,17860.0,2409.0,1,1.0,6.0,0.0,0.25,MISC,1636,2409.0,6.0,0.25,15451.0,1.0
8ccb9c9fe88b53537e096dd9,1637,de69ddc1064e,15453.0,15603.0,150.0,1,1.0,6.0,0.0,0.25,MISC,1637,150.0,6.0,0.25,15453.0,1.0
8ccb9c9fe88b53537e096dd9,1638,de69ddc1064e,15453.0,15696.0,243.0,1,1.0,6.0,0.0,0.25,MISC,1638,243.0,6.0,0.25,15453.0,1.0
8ccb9c9fe88b53537e096dd9,1639,de69ddc1064e,15460.0,16130.0,670.0,1,1.0,6.0,0.0,0.25,MISC,1639,670.0,6.0,0.25,15460.0,1.0
40df54e413d319037102e297,1640,7b76597f4283,15462.0,23447.0,7985.0,1,1.0,6.0,0.0,0.5,MISC,1640,7985.0,6.0,0.5,15462.0,1.0
8ccb9c9fe88b53537e096dd9,1641,de69ddc1064e,15464.0,15879.0,415.0,1,1.0,6.0,0.0,0.25,MISC,1641,415.0,6.0,0.25,15464.0,1.0
36dee9eabb9570587bc26052,1642,61d6b6dd5b15,15486.0,139102.0,123616.0,1,30.0,6.0,0.0,0.5,MISC,1642,123616.0,180.0,15.0,15486.0,30.0
f17e954e97558148ded21349,1643,c4cbaac9966d,15513.0,16091.0,578.0,1,1.0,10.0,0.0,0.5,T4,1643,578.0,10.0,0.5,15513.0,1.0
40df54e413d319037102e297,1644,7b76597f4283,15514.0,15719.0,205.0,1,1.0,6.0,0.0,0.5,MISC,1644,205.0,6.0,0.5,15514.0,1.0
e14f55e56de8f9e707c8ff95,1645,42aa9724a88c,15536.0,15578.0,42.0,1,1.0,6.0,0.0,1.0,MISC,1645,42.0,6.0,1.0,15536.0,1.0
845ebc87e40bad0db5b37e26,1646,f14128db0160,15536.0,15713.0,177.0,1,1.0,6.0,0.0,2.0,MISC,1646,177.0,6.0,2.0,15536.0,1.0
07a7440f33d2bfb59804064b,1647,9cc55781f4a6,15540.0,16730.0,1190.0,1,1.0,6.0,0.0,1.0,T4,1647,1190.0,6.0,1.0,15540.0,1.0
f17e954e97558148ded21349,1648,c4cbaac9966d,15540.0,16065.0,525.0,1,1.0,10.0,0.0,0.5,T4,1648,525.0,10.0,0.5,15540.0,1.0
40df54e413d319037102e297,1649,7b76597f4283,15543.0,15734.0,191.0,1,1.0,6.0,0.0,1.0,MISC,1649,191.0,6.0,1.0,15543.0,1.0
f17e954e97558148ded21349,1651,c4cbaac9966d,15606.0,16293.0,687.0,1,1.0,10.0,0.0,0.5,T4,1651,687.0,10.0,0.5,15606.0,1.0
4c63a741106edc46bc1729dd,1652,18febf35d3a1,15617.0,15913.0,296.0,1,1.0,6.0,0.0,1.0,MISC,1652,296.0,6.0,1.0,15617.0,1.0
f17e954e97558148ded21349,1653,c4cbaac9966d,15634.0,16111.0,477.0,1,1.0,10.0,0.0,0.5,T4,1653,477.0,10.0,0.5,15634.0,1.0
f17e954e97558148ded21349,1654,c4cbaac9966d,15636.0,16285.0,649.0,1,1.0,10.0,0.0,0.5,T4,1654,649.0,10.0,0.5,15636.0,1.0
11bb21defa21318cae0d80d7,1655,7ba2dc8417d5,15641.0,42338.0,26697.0,1,1.0,6.0,0.0,0.25,MISC,1655,26697.0,6.0,0.25,15641.0,1.0
0272670bed9659e6a76e6998,1656,c2a3a3121170,15644.0,15858.0,214.0,1,50.0,4.0,0.0,0.5,MISC,1656,214.0,200.0,25.0,15644.0,50.0
f2c4b7ef9bca7bf8390f05cd,1657,1480b75a8c96,15645.0,15670.0,25.0,1,1.0,6.0,0.0,1.0,T4,1657,25.0,6.0,1.0,15645.0,1.0
769220aca8155a44984e00d3,1658,aaea7d552f1f,15677.0,15743.0,66.0,1,1.0,6.0,0.0,1.0,T4,1658,66.0,6.0,1.0,15677.0,1.0
8ccb9c9fe88b53537e096dd9,1660,de69ddc1064e,15716.0,55957.0,40241.0,1,1.0,6.0,0.0,0.25,MISC,1660,40241.0,6.0,0.25,15716.0,1.0
27fe3bcbb296170406b340f5,1661,9ad16018440a,15748.0,42498.0,26750.0,1,1.0,6.0,0.0,0.5,T4,1661,26750.0,6.0,0.5,15748.0,1.0
9ae9b2a926a0b1a6e4b0945c,1662,05b25af4dd8b,15749.0,15968.0,219.0,1,2.0,18.0,0.0,1.0,MISC,1662,219.0,36.0,2.0,15749.0,2.0
2fe46f64538b8943a9882bab,1663,c677a0acf7c0,15765.0,15846.0,81.0,1,1.0,6.0,0.0,1.0,MISC,1663,81.0,6.0,1.0,15765.0,1.0
8ccb9c9fe88b53537e096dd9,1664,de69ddc1064e,15770.0,20601.0,4831.0,1,1.0,6.0,0.0,0.25,MISC,1664,4831.0,6.0,0.25,15770.0,1.0
27fe3bcbb296170406b340f5,1665,9ad16018440a,15788.0,25129.0,9341.0,1,1.0,6.0,0.0,0.5,T4,1665,9341.0,6.0,0.5,15788.0,1.0
11bb21defa21318cae0d80d7,1666,7ba2dc8417d5,15794.0,18672.0,2878.0,1,1.0,6.0,0.0,0.25,MISC,1666,2878.0,6.0,0.25,15794.0,1.0
6c3063994722f1e538b28a1a,1667,d7052eeddab7,15806.0,15845.0,39.0,1,1.0,6.0,0.0,1.0,MISC,1667,39.0,6.0,1.0,15806.0,1.0
3995073148156da8994ec8bb,1668,5f4cb64dc693,15816.0,15956.0,140.0,1,1.0,6.0,0.0,1.0,MISC,1668,140.0,6.0,1.0,15816.0,1.0
57293d03ada474346c391af2,1669,086c863a6fa4,15858.0,16446.0,588.0,1,1.0,6.0,0.0,0.25,T4,1669,588.0,6.0,0.25,15858.0,1.0
3995073148156da8994ec8bb,1670,5f4cb64dc693,15970.0,16202.0,232.0,1,1.0,6.0,0.0,1.0,MISC,1670,232.0,6.0,1.0,15970.0,1.0
4c63a741106edc46bc1729dd,1671,18febf35d3a1,15990.0,16236.0,246.0,1,1.0,6.0,0.0,1.0,MISC,1671,246.0,6.0,1.0,15990.0,1.0
8ccb9c9fe88b53537e096dd9,1672,de69ddc1064e,15995.0,16450.0,455.0,1,1.0,6.0,0.0,0.25,MISC,1672,455.0,6.0,0.25,15995.0,1.0
8ccb9c9fe88b53537e096dd9,1673,de69ddc1064e,15995.0,16450.0,455.0,1,1.0,6.0,0.0,0.25,MISC,1673,455.0,6.0,0.25,15995.0,1.0
8ccb9c9fe88b53537e096dd9,1674,de69ddc1064e,15998.0,16288.0,290.0,1,1.0,6.0,0.0,0.25,MISC,1674,290.0,6.0,0.25,15998.0,1.0
8ccb9c9fe88b53537e096dd9,1675,de69ddc1064e,15998.0,16307.0,309.0,1,1.0,6.0,0.0,0.25,MISC,1675,309.0,6.0,0.25,15998.0,1.0
8ccb9c9fe88b53537e096dd9,1676,de69ddc1064e,15998.0,16256.0,258.0,1,1.0,6.0,0.0,0.25,MISC,1676,258.0,6.0,0.25,15998.0,1.0
8ccb9c9fe88b53537e096dd9,1677,de69ddc1064e,15998.0,16450.0,452.0,1,1.0,6.0,0.0,0.25,MISC,1677,452.0,6.0,0.25,15998.0,1.0
8ccb9c9fe88b53537e096dd9,1678,de69ddc1064e,15998.0,16269.0,271.0,1,1.0,6.0,0.0,0.25,MISC,1678,271.0,6.0,0.25,15998.0,1.0
8ccb9c9fe88b53537e096dd9,1679,de69ddc1064e,15998.0,16266.0,268.0,1,1.0,6.0,0.0,0.25,MISC,1679,268.0,6.0,0.25,15998.0,1.0
8ccb9c9fe88b53537e096dd9,1680,de69ddc1064e,15999.0,16286.0,287.0,1,1.0,6.0,0.0,0.25,MISC,1680,287.0,6.0,0.25,15999.0,1.0
8ccb9c9fe88b53537e096dd9,1681,de69ddc1064e,15999.0,16266.0,267.0,1,1.0,6.0,0.0,0.25,MISC,1681,267.0,6.0,0.25,15999.0,1.0
8ccb9c9fe88b53537e096dd9,1682,de69ddc1064e,16000.0,16327.0,327.0,1,1.0,6.0,0.0,0.25,MISC,1682,327.0,6.0,0.25,16000.0,1.0
40df54e413d319037102e297,1683,7b76597f4283,16001.0,17886.0,1885.0,1,1.0,6.0,0.0,0.25,MISC,1683,1885.0,6.0,0.25,16001.0,1.0
ce1acbfcbf28f229417c6f7d,1684,818eff02f2c4,16003.0,17775.0,1772.0,1,1.0,6.0,0.0,0.5,MISC,1684,1772.0,6.0,0.5,16003.0,1.0
ce1acbfcbf28f229417c6f7d,1685,818eff02f2c4,16004.0,74605.0,58601.0,1,1.0,6.0,0.0,0.25,MISC,1685,58601.0,6.0,0.25,16004.0,1.0
40df54e413d319037102e297,1686,7b76597f4283,16044.0,16147.0,103.0,1,1.0,6.0,0.0,0.25,MISC,1686,103.0,6.0,0.25,16044.0,1.0
8ccb9c9fe88b53537e096dd9,1687,de69ddc1064e,16065.0,33958.0,17893.0,1,1.0,6.0,0.0,0.25,MISC,1687,17893.0,6.0,0.25,16065.0,1.0
1ccc18d7d13073b642b3a016,1688,d4d51aca8806,16088.0,20015.0,3927.0,1,20.0,6.0,0.0,0.5,T4,1688,3927.0,120.0,10.0,16088.0,20.0
40df54e413d319037102e297,1689,7b76597f4283,16100.0,16215.0,115.0,1,1.0,6.0,0.0,1.0,MISC,1689,115.0,6.0,1.0,16100.0,1.0
769220aca8155a44984e00d3,1690,aaea7d552f1f,16134.0,16189.0,55.0,1,1.0,6.0,0.0,0.25,T4,1690,55.0,6.0,0.25,16134.0,1.0
21858ac282f1092bb15f8831,1691,45bd92802aa9,16138.0,16333.0,195.0,1,1.0,6.0,0.0,1.0,T4,1691,195.0,6.0,1.0,16138.0,1.0
8ccb9c9fe88b53537e096dd9,1694,de69ddc1064e,16161.0,20434.0,4273.0,1,15.0,6.0,0.0,0.25,MISC,1694,4273.0,90.0,3.75,16161.0,15.0
8ccb9c9fe88b53537e096dd9,1695,de69ddc1064e,16162.0,19691.0,3529.0,1,15.0,6.0,0.0,0.25,MISC,1695,3529.0,90.0,3.75,16162.0,15.0
f17e954e97558148ded21349,1696,c4cbaac9966d,16163.0,16592.0,429.0,1,1.0,10.0,0.0,0.5,T4,1696,429.0,10.0,0.5,16163.0,1.0
ce1acbfcbf28f229417c6f7d,1697,818eff02f2c4,16176.0,90674.0,74498.0,1,1.0,6.0,0.0,0.25,MISC,1697,74498.0,6.0,0.25,16176.0,1.0
ce1acbfcbf28f229417c6f7d,1698,818eff02f2c4,16179.0,63434.0,47255.0,1,1.0,6.0,0.0,0.25,MISC,1698,47255.0,6.0,0.25,16179.0,1.0
8ccb9c9fe88b53537e096dd9,1699,de69ddc1064e,16247.0,21220.0,4973.0,1,1.0,6.0,0.0,1.0,MISC,1699,4973.0,6.0,1.0,16247.0,1.0
4338499d3c24cc35be17b44c,1701,5b1345f03aa1,16286.0,16325.0,39.0,1,1.0,6.0,0.0,1.0,MISC,1701,39.0,6.0,1.0,16286.0,1.0
6c3063994722f1e538b28a1a,1703,d7052eeddab7,16291.0,24368.0,8077.0,1,20.0,6.0,0.0,1.0,MISC,1703,8077.0,120.0,20.0,16291.0,20.0
cb7783c3317d6f6509c1c8d6,1704,66f88ff00a3d,16294.0,16474.0,180.0,1,1.0,6.0,0.0,1.0,MISC,1704,180.0,6.0,1.0,16294.0,1.0
8ccb9c9fe88b53537e096dd9,1705,de69ddc1064e,16317.0,20053.0,3736.0,1,1.0,6.0,0.0,0.5,MISC,1705,3736.0,6.0,0.5,16317.0,1.0
e14f55e56de8f9e707c8ff95,1706,42aa9724a88c,16325.0,16357.0,32.0,1,1.0,6.0,0.0,1.0,MISC,1706,32.0,6.0,1.0,16325.0,1.0
30185446faeb493c1d55cacd,1708,a8192d6b0ae9,16331.0,35434.0,19103.0,1,50.0,6.0,0.0,1.0,MISC,1708,19103.0,300.0,50.0,16331.0,50.0
6c3063994722f1e538b28a1a,1710,d7052eeddab7,16348.0,18127.0,1779.0,1,100.0,6.0,0.0,1.0,P100,1710,1779.0,600.0,100.0,16348.0,100.0
143b087a9cf31f7f5c1b09ba,1711,f5440bdf32a5,16354.0,32597.0,16243.0,1,1.0,6.0,0.0,0.5,MISC,1711,16243.0,6.0,0.5,16354.0,1.0
f2c4b7ef9bca7bf8390f05cd,1712,1480b75a8c96,16385.0,16711.0,326.0,1,1.0,6.0,0.0,1.0,T4,1712,326.0,6.0,1.0,16385.0,1.0
0272670bed9659e6a76e6998,1714,c2a3a3121170,16390.0,16615.0,225.0,1,50.0,4.0,0.0,0.5,MISC,1714,225.0,200.0,25.0,16390.0,50.0
143b087a9cf31f7f5c1b09ba,1715,f5440bdf32a5,16413.0,33841.0,17428.0,1,1.0,6.0,0.0,0.5,MISC,1715,17428.0,6.0,0.5,16413.0,1.0
8ccb9c9fe88b53537e096dd9,1718,de69ddc1064e,16413.0,22163.0,5750.0,1,1.0,6.0,0.0,0.25,MISC,1718,5750.0,6.0,0.25,16413.0,1.0
8ccb9c9fe88b53537e096dd9,1719,de69ddc1064e,16413.0,17534.0,1121.0,1,1.0,6.0,0.0,0.25,MISC,1719,1121.0,6.0,0.25,16413.0,1.0
8ccb9c9fe88b53537e096dd9,1720,de69ddc1064e,16417.0,19415.0,2998.0,1,15.0,6.0,0.0,0.25,MISC,1720,2998.0,90.0,3.75,16417.0,15.0
8ccb9c9fe88b53537e096dd9,1721,de69ddc1064e,16417.0,17735.0,1318.0,1,1.0,6.0,0.0,0.25,MISC,1721,1318.0,6.0,0.25,16417.0,1.0
8ccb9c9fe88b53537e096dd9,1722,de69ddc1064e,16418.0,17774.0,1356.0,1,1.0,6.0,0.0,0.25,MISC,1722,1356.0,6.0,0.25,16418.0,1.0
4338499d3c24cc35be17b44c,1723,5b1345f03aa1,16426.0,17010.0,584.0,1,1.0,6.0,0.0,1.0,MISC,1723,584.0,6.0,1.0,16426.0,1.0
9c6554174b06015a7af561c6,1724,41f97a75a037,16452.0,16476.0,24.0,1,1.0,6.0,0.0,1.0,T4,1724,24.0,6.0,1.0,16452.0,1.0
8ccb9c9fe88b53537e096dd9,1725,de69ddc1064e,16521.0,17906.0,1385.0,1,1.0,6.0,0.0,0.25,MISC,1725,1385.0,6.0,0.25,16521.0,1.0
8ccb9c9fe88b53537e096dd9,1726,de69ddc1064e,16522.0,18066.0,1544.0,1,1.0,6.0,0.0,0.25,MISC,1726,1544.0,6.0,0.25,16522.0,1.0
40df54e413d319037102e297,1727,7b76597f4283,16527.0,16580.0,53.0,1,1.0,6.0,0.0,1.0,MISC,1727,53.0,6.0,1.0,16527.0,1.0
8ccb9c9fe88b53537e096dd9,1731,de69ddc1064e,16627.0,22973.0,6346.0,1,15.0,6.0,0.0,1.0,MISC,1731,6346.0,90.0,15.0,16627.0,15.0
8ccb9c9fe88b53537e096dd9,1732,de69ddc1064e,16628.0,22779.0,6151.0,1,15.0,6.0,0.0,0.5,MISC,1732,6151.0,90.0,7.5,16628.0,15.0
8ccb9c9fe88b53537e096dd9,1733,de69ddc1064e,16629.0,21411.0,4782.0,1,15.0,6.0,0.0,0.5,MISC,1733,4782.0,90.0,7.5,16629.0,15.0
0272670bed9659e6a76e6998,1735,c2a3a3121170,16705.0,17872.0,1167.0,1,50.0,4.0,0.0,0.5,MISC,1735,1167.0,200.0,25.0,16705.0,50.0
d894fd1af131ed7a296716b5,1736,58540f191766,16719.0,17010.0,291.0,1,1.0,6.0,0.0,0.5,MISC,1736,291.0,6.0,0.5,16719.0,1.0
d894fd1af131ed7a296716b5,1737,58540f191766,16720.0,18037.0,1317.0,1,1.0,6.0,0.0,0.5,MISC,1737,1317.0,6.0,0.5,16720.0,1.0
d894fd1af131ed7a296716b5,1738,58540f191766,16720.0,18690.0,1970.0,1,1.0,6.0,0.0,0.5,MISC,1738,1970.0,6.0,0.5,16720.0,1.0
d894fd1af131ed7a296716b5,1739,58540f191766,16720.0,17001.0,281.0,1,1.0,6.0,0.0,0.5,MISC,1739,281.0,6.0,0.5,16720.0,1.0
d894fd1af131ed7a296716b5,1740,58540f191766,16721.0,19063.0,2342.0,1,1.0,6.0,0.0,0.5,MISC,1740,2342.0,6.0,0.5,16721.0,1.0
d894fd1af131ed7a296716b5,1741,58540f191766,16721.0,17000.0,279.0,1,1.0,6.0,0.0,0.5,MISC,1741,279.0,6.0,0.5,16721.0,1.0
d894fd1af131ed7a296716b5,1742,58540f191766,16721.0,18623.0,1902.0,1,1.0,6.0,0.0,0.5,MISC,1742,1902.0,6.0,0.5,16721.0,1.0
d894fd1af131ed7a296716b5,1743,58540f191766,16721.0,16860.0,139.0,1,1.0,6.0,0.0,0.5,MISC,1743,139.0,6.0,0.5,16721.0,1.0
d894fd1af131ed7a296716b5,1744,58540f191766,16722.0,17976.0,1254.0,1,1.0,6.0,0.0,0.5,MISC,1744,1254.0,6.0,0.5,16722.0,1.0
d894fd1af131ed7a296716b5,1745,58540f191766,16722.0,17151.0,429.0,1,1.0,6.0,0.0,0.5,MISC,1745,429.0,6.0,0.5,16722.0,1.0
d894fd1af131ed7a296716b5,1746,58540f191766,16722.0,18670.0,1948.0,1,1.0,6.0,0.0,0.5,MISC,1746,1948.0,6.0,0.5,16722.0,1.0
d894fd1af131ed7a296716b5,1747,58540f191766,16724.0,19212.0,2488.0,1,1.0,6.0,0.0,0.5,MISC,1747,2488.0,6.0,0.5,16724.0,1.0
d894fd1af131ed7a296716b5,1748,58540f191766,16725.0,18728.0,2003.0,1,1.0,6.0,0.0,0.5,MISC,1748,2003.0,6.0,0.5,16725.0,1.0
0be3971157d6c504afbc3397,1749,354e3b81c515,16725.0,16749.0,24.0,1,1.0,6.0,0.0,1.0,MISC,1749,24.0,6.0,1.0,16725.0,1.0
d894fd1af131ed7a296716b5,1750,58540f191766,16725.0,18758.0,2033.0,1,1.0,6.0,0.0,0.5,MISC,1750,2033.0,6.0,0.5,16725.0,1.0
d894fd1af131ed7a296716b5,1751,58540f191766,16725.0,16859.0,134.0,1,1.0,6.0,0.0,0.5,MISC,1751,134.0,6.0,0.5,16725.0,1.0
d894fd1af131ed7a296716b5,1752,58540f191766,16725.0,19934.0,3209.0,1,1.0,6.0,0.0,0.5,MISC,1752,3209.0,6.0,0.5,16725.0,1.0
d894fd1af131ed7a296716b5,1753,58540f191766,16725.0,18839.0,2114.0,1,1.0,6.0,0.0,0.5,MISC,1753,2114.0,6.0,0.5,16725.0,1.0
d894fd1af131ed7a296716b5,1754,58540f191766,16725.0,16990.0,265.0,1,1.0,6.0,0.0,0.5,MISC,1754,265.0,6.0,0.5,16725.0,1.0
d894fd1af131ed7a296716b5,1755,58540f191766,16725.0,16880.0,155.0,1,1.0,6.0,0.0,0.5,MISC,1755,155.0,6.0,0.5,16725.0,1.0
d894fd1af131ed7a296716b5,1756,58540f191766,16725.0,18650.0,1925.0,1,1.0,6.0,0.0,0.5,MISC,1756,1925.0,6.0,0.5,16725.0,1.0
d894fd1af131ed7a296716b5,1757,58540f191766,16726.0,18710.0,1984.0,1,1.0,6.0,0.0,0.5,MISC,1757,1984.0,6.0,0.5,16726.0,1.0
d894fd1af131ed7a296716b5,1758,58540f191766,16726.0,18720.0,1994.0,1,1.0,6.0,0.0,0.5,MISC,1758,1994.0,6.0,0.5,16726.0,1.0
d894fd1af131ed7a296716b5,1759,58540f191766,16726.0,17141.0,415.0,1,1.0,6.0,0.0,0.5,MISC,1759,415.0,6.0,0.5,16726.0,1.0
d894fd1af131ed7a296716b5,1760,58540f191766,16726.0,17975.0,1249.0,1,1.0,6.0,0.0,0.5,MISC,1760,1249.0,6.0,0.5,16726.0,1.0
d894fd1af131ed7a296716b5,1761,58540f191766,16726.0,18698.0,1972.0,1,1.0,6.0,0.0,0.5,MISC,1761,1972.0,6.0,0.5,16726.0,1.0
d894fd1af131ed7a296716b5,1762,58540f191766,16726.0,20146.0,3420.0,1,1.0,6.0,0.0,0.5,MISC,1762,3420.0,6.0,0.5,16726.0,1.0
d894fd1af131ed7a296716b5,1763,58540f191766,16726.0,18920.0,2194.0,1,1.0,6.0,0.0,0.5,MISC,1763,2194.0,6.0,0.5,16726.0,1.0
d894fd1af131ed7a296716b5,1764,58540f191766,16726.0,20127.0,3401.0,1,1.0,6.0,0.0,0.5,MISC,1764,3401.0,6.0,0.5,16726.0,1.0
d894fd1af131ed7a296716b5,1765,58540f191766,16731.0,18428.0,1697.0,1,1.0,6.0,0.0,0.5,MISC,1765,1697.0,6.0,0.5,16731.0,1.0
f2c4b7ef9bca7bf8390f05cd,1766,1480b75a8c96,16741.0,16765.0,24.0,1,1.0,6.0,0.0,1.0,T4,1766,24.0,6.0,1.0,16741.0,1.0
d894fd1af131ed7a296716b5,1767,58540f191766,16743.0,16879.0,136.0,1,1.0,6.0,0.0,0.5,MISC,1767,136.0,6.0,0.5,16743.0,1.0
07a7440f33d2bfb59804064b,1768,9cc55781f4a6,16765.0,16830.0,65.0,1,1.0,6.0,0.0,1.0,T4,1768,65.0,6.0,1.0,16765.0,1.0
3995073148156da8994ec8bb,1769,5f4cb64dc693,16802.0,16941.0,139.0,1,1.0,6.0,0.0,1.0,MISC,1769,139.0,6.0,1.0,16802.0,1.0
d894fd1af131ed7a296716b5,1770,58540f191766,16814.0,33526.0,16712.0,1,1.0,0.2,0.0,0.05,MISC,1770,16712.0,0.2,0.05,16814.0,1.0
049570305e6b0ab6aa86bf60,1771,29380421d3fc,16848.0,16892.0,44.0,1,1.0,6.0,0.0,1.0,T4,1771,44.0,6.0,1.0,16848.0,1.0
07a7440f33d2bfb59804064b,1772,9cc55781f4a6,16859.0,16874.0,15.0,1,1.0,6.0,0.0,1.0,T4,1772,15.0,6.0,1.0,16859.0,1.0
1ccc18d7d13073b642b3a016,1773,d4d51aca8806,16859.0,21448.0,4589.0,1,40.0,2.0,0.0,0.2,T4,1773,4589.0,80.0,8.0,16859.0,40.0
40df54e413d319037102e297,1774,7b76597f4283,16892.0,16941.0,49.0,1,1.0,6.0,0.0,1.0,MISC,1774,49.0,6.0,1.0,16892.0,1.0
f17e954e97558148ded21349,1776,c4cbaac9966d,16905.0,17473.0,568.0,1,1.0,10.0,0.0,0.5,T4,1776,568.0,10.0,0.5,16905.0,1.0
2fe46f64538b8943a9882bab,1777,c677a0acf7c0,16909.0,19687.0,2778.0,1,20.0,5.0,0.0,0.25,MISC,1777,2778.0,100.0,5.0,16909.0,20.0
27fe3bcbb296170406b340f5,1778,9ad16018440a,16936.0,17644.0,708.0,1,1.0,6.0,0.0,0.5,T4,1778,708.0,6.0,0.5,16936.0,1.0
07a7440f33d2bfb59804064b,1779,9cc55781f4a6,16976.0,74305.0,57329.0,1,1.0,6.0,0.0,1.0,T4,1779,57329.0,6.0,1.0,16976.0,1.0
d31da220e964fb2f1ace98f6,1780,eea150bdfdd6,16983.0,17361.0,378.0,1,1.0,18.0,0.0,1.0,MISC,1780,378.0,18.0,1.0,16983.0,1.0
d31da220e964fb2f1ace98f6,1781,eea150bdfdd6,16985.0,17334.0,349.0,1,1.0,18.0,0.0,1.0,MISC,1781,349.0,18.0,1.0,16985.0,1.0
d31da220e964fb2f1ace98f6,1782,eea150bdfdd6,16989.0,17359.0,370.0,1,1.0,18.0,0.0,1.0,MISC,1782,370.0,18.0,1.0,16989.0,1.0
d31da220e964fb2f1ace98f6,1783,eea150bdfdd6,16990.0,17435.0,445.0,1,1.0,18.0,0.0,1.0,MISC,1783,445.0,18.0,1.0,16990.0,1.0
d31da220e964fb2f1ace98f6,1784,eea150bdfdd6,16991.0,17444.0,453.0,1,1.0,18.0,0.0,1.0,MISC,1784,453.0,18.0,1.0,16991.0,1.0
fdca1b26347a096dc8cd73ec,1786,edc10645cc3f,16994.0,17634.0,640.0,1,3.0,6.0,0.0,0.25,MISC,1786,640.0,18.0,0.75,16994.0,3.0
d31da220e964fb2f1ace98f6,1787,eea150bdfdd6,16995.0,17945.0,950.0,1,1.0,18.0,0.0,1.0,MISC,1787,950.0,18.0,1.0,16995.0,1.0
d31da220e964fb2f1ace98f6,1788,eea150bdfdd6,17002.0,17922.0,920.0,1,1.0,18.0,0.0,1.0,MISC,1788,920.0,18.0,1.0,17002.0,1.0
d31da220e964fb2f1ace98f6,1789,eea150bdfdd6,17008.0,17650.0,642.0,1,1.0,6.0,0.0,0.5,MISC,1789,642.0,6.0,0.5,17008.0,1.0
3e5fb00bf43aa67ee5c2b6d5,1790,f134c9ec05e3,17028.0,20403.0,3375.0,1,1.0,6.0,0.0,1.0,MISC,1790,3375.0,6.0,1.0,17028.0,1.0
d31da220e964fb2f1ace98f6,1791,eea150bdfdd6,17029.0,17474.0,445.0,1,1.0,6.0,0.0,0.25,MISC,1791,445.0,6.0,0.25,17029.0,1.0
3e5fb00bf43aa67ee5c2b6d5,1792,f134c9ec05e3,17044.0,18150.0,1106.0,1,1.0,6.0,0.0,1.0,MISC,1792,1106.0,6.0,1.0,17044.0,1.0
3e5fb00bf43aa67ee5c2b6d5,1793,f134c9ec05e3,17045.0,18103.0,1058.0,1,1.0,6.0,0.0,1.0,MISC,1793,1058.0,6.0,1.0,17045.0,1.0
3e5fb00bf43aa67ee5c2b6d5,1794,f134c9ec05e3,17046.0,20458.0,3412.0,1,1.0,6.0,0.0,1.0,MISC,1794,3412.0,6.0,1.0,17046.0,1.0
3e5fb00bf43aa67ee5c2b6d5,1795,f134c9ec05e3,17047.0,17917.0,870.0,1,1.0,6.0,0.0,1.0,MISC,1795,870.0,6.0,1.0,17047.0,1.0
3e5fb00bf43aa67ee5c2b6d5,1796,f134c9ec05e3,17047.0,25463.0,8416.0,1,1.0,6.0,0.0,1.0,MISC,1796,8416.0,6.0,1.0,17047.0,1.0
3e5fb00bf43aa67ee5c2b6d5,1797,f134c9ec05e3,17047.0,20334.0,3287.0,1,1.0,6.0,0.0,1.0,MISC,1797,3287.0,6.0,1.0,17047.0,1.0
3e5fb00bf43aa67ee5c2b6d5,1798,f134c9ec05e3,17049.0,20099.0,3050.0,1,1.0,6.0,0.0,1.0,MISC,1798,3050.0,6.0,1.0,17049.0,1.0
3e5fb00bf43aa67ee5c2b6d5,1799,f134c9ec05e3,17049.0,17574.0,525.0,1,1.0,6.0,0.0,1.0,MISC,1799,525.0,6.0,1.0,17049.0,1.0
0272670bed9659e6a76e6998,1801,c2a3a3121170,17072.0,17122.0,50.0,1,1.0,4.0,0.0,1.0,MISC,1801,50.0,4.0,1.0,17072.0,1.0
40df54e413d319037102e297,1802,7b76597f4283,17075.0,98486.0,81411.0,1,1.0,6.0,0.0,1.0,MISC,1802,81411.0,6.0,1.0,17075.0,1.0
40df54e413d319037102e297,1803,7b76597f4283,17077.0,102415.0,85338.0,1,1.0,6.0,0.0,1.0,MISC,1803,85338.0,6.0,1.0,17077.0,1.0
37423403daa3e62e294e12da,1804,4d95fa282778,17084.0,17147.0,63.0,1,1.0,4.0,0.0,1.0,T4,1804,63.0,4.0,1.0,17084.0,1.0
3e5fb00bf43aa67ee5c2b6d5,1806,f134c9ec05e3,17103.0,21609.0,4506.0,1,5.0,8.0,0.0,0.25,MISC,1806,4506.0,40.0,1.25,17103.0,5.0
3e5fb00bf43aa67ee5c2b6d5,1808,f134c9ec05e3,17108.0,22254.0,5146.0,1,5.0,8.0,0.0,0.25,MISC,1808,5146.0,40.0,1.25,17108.0,5.0
3e5fb00bf43aa67ee5c2b6d5,1811,f134c9ec05e3,17130.0,24573.0,7443.0,1,10.0,8.0,0.0,0.25,MISC,1811,7443.0,80.0,2.5,17130.0,10.0
0272670bed9659e6a76e6998,1812,c2a3a3121170,17132.0,17182.0,50.0,1,1.0,4.0,0.0,1.0,MISC,1812,50.0,4.0,1.0,17132.0,1.0
8ccb9c9fe88b53537e096dd9,1813,de69ddc1064e,17167.0,17896.0,729.0,1,1.0,6.0,0.0,0.25,MISC,1813,729.0,6.0,0.25,17167.0,1.0
8ccb9c9fe88b53537e096dd9,1814,de69ddc1064e,17167.0,18381.0,1214.0,1,1.0,6.0,0.0,0.25,MISC,1814,1214.0,6.0,0.25,17167.0,1.0
8ccb9c9fe88b53537e096dd9,1815,de69ddc1064e,17168.0,18341.0,1173.0,1,1.0,6.0,0.0,0.25,MISC,1815,1173.0,6.0,0.25,17168.0,1.0
8ccb9c9fe88b53537e096dd9,1816,de69ddc1064e,17168.0,18029.0,861.0,1,1.0,6.0,0.0,0.25,MISC,1816,861.0,6.0,0.25,17168.0,1.0
8ccb9c9fe88b53537e096dd9,1818,de69ddc1064e,17170.0,18258.0,1088.0,1,1.0,6.0,0.0,0.25,MISC,1818,1088.0,6.0,0.25,17170.0,1.0
3e5fb00bf43aa67ee5c2b6d5,1820,f134c9ec05e3,17171.0,27733.0,10562.0,1,10.0,8.0,0.0,0.25,MISC,1820,10562.0,80.0,2.5,17171.0,10.0
4338499d3c24cc35be17b44c,1821,5b1345f03aa1,17176.0,17212.0,36.0,1,1.0,6.0,0.0,1.0,MISC,1821,36.0,6.0,1.0,17176.0,1.0
2fe46f64538b8943a9882bab,1822,c677a0acf7c0,17207.0,20129.0,2922.0,1,5.0,2.0,0.0,1.0,MISC,1822,2922.0,10.0,5.0,17207.0,5.0
e14f55e56de8f9e707c8ff95,1823,42aa9724a88c,17238.0,17283.0,45.0,1,1.0,6.0,0.0,1.0,MISC,1823,45.0,6.0,1.0,17238.0,1.0
8ccb9c9fe88b53537e096dd9,1824,de69ddc1064e,17247.0,28079.0,10832.0,1,1.0,6.0,0.0,0.5,MISC,1824,10832.0,6.0,0.5,17247.0,1.0
d31da220e964fb2f1ace98f6,1825,eea150bdfdd6,17250.0,21047.0,3797.0,1,1.0,18.0,0.0,1.0,MISC,1825,3797.0,18.0,1.0,17250.0,1.0
d31da220e964fb2f1ace98f6,1826,eea150bdfdd6,17258.0,19516.0,2258.0,1,1.0,18.0,0.0,1.0,MISC,1826,2258.0,18.0,1.0,17258.0,1.0
d31da220e964fb2f1ace98f6,1827,eea150bdfdd6,17259.0,20470.0,3211.0,1,1.0,18.0,0.0,1.0,MISC,1827,3211.0,18.0,1.0,17259.0,1.0
8ccb9c9fe88b53537e096dd9,1829,de69ddc1064e,17274.0,17906.0,632.0,1,5.0,6.0,0.0,0.25,MISC,1829,632.0,30.0,1.25,17274.0,5.0
f17e954e97558148ded21349,1830,c4cbaac9966d,17306.0,17776.0,470.0,1,1.0,10.0,0.0,0.5,T4,1830,470.0,10.0,0.5,17306.0,1.0
f17e954e97558148ded21349,1831,c4cbaac9966d,17309.0,17663.0,354.0,1,1.0,10.0,0.0,0.5,T4,1831,354.0,10.0,0.5,17309.0,1.0
40df54e413d319037102e297,1832,7b76597f4283,17320.0,17967.0,647.0,1,1.0,6.0,0.0,0.25,MISC,1832,647.0,6.0,0.25,17320.0,1.0
8ccb9c9fe88b53537e096dd9,1833,de69ddc1064e,17346.0,20426.0,3080.0,1,15.0,6.0,0.0,0.25,MISC,1833,3080.0,90.0,3.75,17346.0,15.0
3995073148156da8994ec8bb,1834,5f4cb64dc693,17554.0,17675.0,121.0,1,1.0,6.0,0.0,1.0,MISC,1834,121.0,6.0,1.0,17554.0,1.0
4338499d3c24cc35be17b44c,1835,5b1345f03aa1,17579.0,19026.0,1447.0,1,1.0,6.0,0.0,1.0,MISC,1835,1447.0,6.0,1.0,17579.0,1.0
4338499d3c24cc35be17b44c,1836,5b1345f03aa1,17591.0,24884.0,7293.0,1,1.0,6.0,0.0,1.0,MISC,1836,7293.0,6.0,1.0,17591.0,1.0
4338499d3c24cc35be17b44c,1837,5b1345f03aa1,17593.0,46782.0,29189.0,1,1.0,6.0,0.0,1.0,MISC,1837,29189.0,6.0,1.0,17593.0,1.0
4338499d3c24cc35be17b44c,1838,5b1345f03aa1,17593.0,19450.0,1857.0,1,1.0,6.0,0.0,1.0,MISC,1838,1857.0,6.0,1.0,17593.0,1.0
40df54e413d319037102e297,1840,7b76597f4283,17599.0,25977.0,8378.0,1,1.0,6.0,0.0,1.0,MISC,1840,8378.0,6.0,1.0,17599.0,1.0
1ccc18d7d13073b642b3a016,1841,d4d51aca8806,17600.0,42601.0,25001.0,1,12.0,6.0,0.0,0.25,T4,1841,25001.0,72.0,3.0,17600.0,12.0
f17e954e97558148ded21349,1842,c4cbaac9966d,17650.0,18225.0,575.0,1,1.0,10.0,0.0,0.5,T4,1842,575.0,10.0,0.5,17650.0,1.0
40df54e413d319037102e297,1843,7b76597f4283,17684.0,18339.0,655.0,1,1.0,6.0,0.0,1.0,MISC,1843,655.0,6.0,1.0,17684.0,1.0
40df54e413d319037102e297,1845,7b76597f4283,17701.0,25643.0,7942.0,1,1.0,6.0,0.0,0.25,MISC,1845,7942.0,6.0,0.25,17701.0,1.0
27fe3bcbb296170406b340f5,1846,9ad16018440a,17715.0,18324.0,609.0,1,1.0,6.0,0.0,0.5,T4,1846,609.0,6.0,0.5,17715.0,1.0
8ccb9c9fe88b53537e096dd9,1847,de69ddc1064e,17775.0,49074.0,31299.0,1,1.0,6.0,0.0,0.25,MISC,1847,31299.0,6.0,0.25,17775.0,1.0
8ccb9c9fe88b53537e096dd9,1848,de69ddc1064e,17782.0,46476.0,28694.0,1,1.0,6.0,0.0,0.25,MISC,1848,28694.0,6.0,0.25,17782.0,1.0
8ccb9c9fe88b53537e096dd9,1851,de69ddc1064e,17783.0,46569.0,28786.0,1,1.0,6.0,0.0,0.25,MISC,1851,28786.0,6.0,0.25,17783.0,1.0
8ccb9c9fe88b53537e096dd9,1852,de69ddc1064e,17783.0,44829.0,27046.0,1,1.0,6.0,0.0,0.25,MISC,1852,27046.0,6.0,0.25,17783.0,1.0
8ccb9c9fe88b53537e096dd9,1853,de69ddc1064e,17783.0,45171.0,27388.0,1,1.0,6.0,0.0,0.25,MISC,1853,27388.0,6.0,0.25,17783.0,1.0
8ccb9c9fe88b53537e096dd9,1854,de69ddc1064e,17783.0,47960.0,30177.0,1,1.0,6.0,0.0,0.25,MISC,1854,30177.0,6.0,0.25,17783.0,1.0
8ccb9c9fe88b53537e096dd9,1855,de69ddc1064e,17783.0,45576.0,27793.0,1,1.0,6.0,0.0,0.25,MISC,1855,27793.0,6.0,0.25,17783.0,1.0
8ccb9c9fe88b53537e096dd9,1856,de69ddc1064e,17783.0,48884.0,31101.0,1,1.0,6.0,0.0,0.25,MISC,1856,31101.0,6.0,0.25,17783.0,1.0
8ccb9c9fe88b53537e096dd9,1857,de69ddc1064e,17783.0,47795.0,30012.0,1,1.0,6.0,0.0,0.25,MISC,1857,30012.0,6.0,0.25,17783.0,1.0
8ccb9c9fe88b53537e096dd9,1858,de69ddc1064e,17783.0,51052.0,33269.0,1,1.0,6.0,0.0,0.25,MISC,1858,33269.0,6.0,0.25,17783.0,1.0
fdca1b26347a096dc8cd73ec,1859,edc10645cc3f,17784.0,17827.0,43.0,1,2.0,6.0,0.0,0.25,MISC,1859,43.0,12.0,0.5,17784.0,2.0
fdca1b26347a096dc8cd73ec,1860,edc10645cc3f,17784.0,17827.0,43.0,1,2.0,6.0,0.0,0.25,MISC,1860,43.0,12.0,0.5,17784.0,2.0
fdca1b26347a096dc8cd73ec,1862,edc10645cc3f,17821.0,18579.0,758.0,1,2.0,18.0,0.0,1.0,MISC,1862,758.0,36.0,2.0,17821.0,2.0
fdca1b26347a096dc8cd73ec,1863,edc10645cc3f,17826.0,18431.0,605.0,1,2.0,18.0,0.0,1.0,MISC,1863,605.0,36.0,2.0,17826.0,2.0
f17e954e97558148ded21349,1864,c4cbaac9966d,17894.0,18264.0,370.0,1,1.0,10.0,0.0,0.5,T4,1864,370.0,10.0,0.5,17894.0,1.0
28dbedeb830a7a6ebc9dcdb7,1865,c9e676ebc7ef,17898.0,18488.0,590.0,1,4.0,6.0,0.0,0.05,T4,1865,590.0,24.0,0.2,17898.0,4.0
40df54e413d319037102e297,1868,7b76597f4283,17916.0,20546.0,2630.0,1,1.0,6.0,0.0,1.0,V100,1868,2630.0,6.0,1.0,17916.0,1.0
f17e954e97558148ded21349,1871,c4cbaac9966d,17930.0,18254.0,324.0,1,1.0,10.0,0.0,0.5,T4,1871,324.0,10.0,0.5,17930.0,1.0
6c3063994722f1e538b28a1a,1873,d7052eeddab7,17993.0,18708.0,715.0,1,1.0,1.0,0.0,1.0,MISC,1873,715.0,1.0,1.0,17993.0,1.0
8ccb9c9fe88b53537e096dd9,1874,de69ddc1064e,18009.0,18069.0,60.0,1,1.0,6.0,0.0,0.25,MISC,1874,60.0,6.0,0.25,18009.0,1.0
30185446faeb493c1d55cacd,1875,a8192d6b0ae9,18020.0,18071.0,51.0,1,1.0,6.0,0.0,1.0,MISC,1875,51.0,6.0,1.0,18020.0,1.0
4338499d3c24cc35be17b44c,1877,5b1345f03aa1,18117.0,18158.0,41.0,1,1.0,6.0,0.0,1.0,MISC,1877,41.0,6.0,1.0,18117.0,1.0
e14f55e56de8f9e707c8ff95,1878,42aa9724a88c,18178.0,18209.0,31.0,1,1.0,6.0,0.0,1.0,MISC,1878,31.0,6.0,1.0,18178.0,1.0
0696d9170230c726b1278089,1880,06ed49c96a51,18182.0,21238.0,3056.0,1,1.0,0.05,0.0,1.0,MISC,1880,3056.0,0.05,1.0,18182.0,1.0
30185446faeb493c1d55cacd,1881,a8192d6b0ae9,18189.0,18234.0,45.0,1,1.0,6.0,0.0,1.0,MISC,1881,45.0,6.0,1.0,18189.0,1.0
f2c4b7ef9bca7bf8390f05cd,1882,1480b75a8c96,18258.0,18645.0,387.0,1,1.0,6.0,0.0,1.0,T4,1882,387.0,6.0,1.0,18258.0,1.0
845ebc87e40bad0db5b37e26,1883,f14128db0160,18311.0,18350.0,39.0,1,1.0,6.0,0.0,2.0,MISC,1883,39.0,6.0,2.0,18311.0,1.0
3e5fb00bf43aa67ee5c2b6d5,1884,f134c9ec05e3,18315.0,18481.0,166.0,1,1.0,6.0,0.0,0.5,MISC,1884,166.0,6.0,0.5,18315.0,1.0
27fe3bcbb296170406b340f5,1887,9ad16018440a,18392.0,18970.0,578.0,1,1.0,6.0,0.0,0.5,T4,1887,578.0,6.0,0.5,18392.0,1.0
4338499d3c24cc35be17b44c,1888,5b1345f03aa1,18401.0,18452.0,51.0,1,1.0,6.0,0.0,1.0,MISC,1888,51.0,6.0,1.0,18401.0,1.0
07a7440f33d2bfb59804064b,1890,9cc55781f4a6,18424.0,19414.0,990.0,1,1.0,6.0,0.0,0.25,T4,1890,990.0,6.0,0.25,18424.0,1.0
6c3063994722f1e538b28a1a,1891,d7052eeddab7,18425.0,19428.0,1003.0,1,1.0,1.0,0.0,1.0,MISC,1891,1003.0,1.0,1.0,18425.0,1.0
8ccb9c9fe88b53537e096dd9,1892,de69ddc1064e,18441.0,18642.0,201.0,1,1.0,6.0,0.0,0.25,MISC,1892,201.0,6.0,0.25,18441.0,1.0
07a7440f33d2bfb59804064b,1893,9cc55781f4a6,18462.0,19221.0,759.0,1,1.0,6.0,0.0,0.25,T4,1893,759.0,6.0,0.25,18462.0,1.0
8ccb9c9fe88b53537e096dd9,1895,de69ddc1064e,18462.0,20957.0,2495.0,1,1.0,6.0,0.0,0.25,MISC,1895,2495.0,6.0,0.25,18462.0,1.0
8ccb9c9fe88b53537e096dd9,1896,de69ddc1064e,18463.0,24134.0,5671.0,1,1.0,6.0,0.0,0.25,MISC,1896,5671.0,6.0,0.25,18463.0,1.0
8ccb9c9fe88b53537e096dd9,1897,de69ddc1064e,18466.0,19988.0,1522.0,1,15.0,6.0,0.0,0.25,MISC,1897,1522.0,90.0,3.75,18466.0,15.0
d894fd1af131ed7a296716b5,1898,58540f191766,18480.0,82072.0,63592.0,1,1.0,6.0,0.0,0.25,MISC,1898,63592.0,6.0,0.25,18480.0,1.0
d894fd1af131ed7a296716b5,1899,58540f191766,18480.0,88111.0,69631.0,1,1.0,6.0,0.0,0.25,MISC,1899,69631.0,6.0,0.25,18480.0,1.0
d894fd1af131ed7a296716b5,1900,58540f191766,18480.0,88394.0,69914.0,1,1.0,6.0,0.0,0.25,MISC,1900,69914.0,6.0,0.25,18480.0,1.0
d894fd1af131ed7a296716b5,1901,58540f191766,18480.0,87526.0,69046.0,1,1.0,6.0,0.0,0.25,MISC,1901,69046.0,6.0,0.25,18480.0,1.0
d894fd1af131ed7a296716b5,1902,58540f191766,18480.0,85822.0,67342.0,1,1.0,6.0,0.0,0.25,MISC,1902,67342.0,6.0,0.25,18480.0,1.0
d894fd1af131ed7a296716b5,1903,58540f191766,18481.0,87693.0,69212.0,1,1.0,6.0,0.0,0.25,MISC,1903,69212.0,6.0,0.25,18481.0,1.0
d894fd1af131ed7a296716b5,1904,58540f191766,18481.0,83486.0,65005.0,1,1.0,6.0,0.0,0.25,MISC,1904,65005.0,6.0,0.25,18481.0,1.0
d894fd1af131ed7a296716b5,1905,58540f191766,18481.0,88075.0,69594.0,1,1.0,6.0,0.0,0.25,MISC,1905,69594.0,6.0,0.25,18481.0,1.0
d894fd1af131ed7a296716b5,1906,58540f191766,18483.0,82982.0,64499.0,1,1.0,6.0,0.0,0.25,MISC,1906,64499.0,6.0,0.25,18483.0,1.0
4338499d3c24cc35be17b44c,1907,5b1345f03aa1,18487.0,18573.0,86.0,1,1.0,6.0,0.0,0.25,MISC,1907,86.0,6.0,0.25,18487.0,1.0
d894fd1af131ed7a296716b5,1908,58540f191766,18504.0,90169.0,71665.0,1,1.0,6.0,0.0,0.25,MISC,1908,71665.0,6.0,0.25,18504.0,1.0
4338499d3c24cc35be17b44c,1909,5b1345f03aa1,18517.0,19398.0,881.0,1,1.0,6.0,0.0,1.0,MISC,1909,881.0,6.0,1.0,18517.0,1.0
4338499d3c24cc35be17b44c,1910,5b1345f03aa1,18531.0,19226.0,695.0,1,1.0,6.0,0.0,1.0,MISC,1910,695.0,6.0,1.0,18531.0,1.0
4338499d3c24cc35be17b44c,1911,5b1345f03aa1,18548.0,19296.0,748.0,1,1.0,6.0,0.0,1.0,MISC,1911,748.0,6.0,1.0,18548.0,1.0
4338499d3c24cc35be17b44c,1912,5b1345f03aa1,18563.0,19326.0,763.0,1,1.0,6.0,0.0,1.0,MISC,1912,763.0,6.0,1.0,18563.0,1.0
4338499d3c24cc35be17b44c,1913,5b1345f03aa1,18579.0,19478.0,899.0,1,1.0,6.0,0.0,1.0,MISC,1913,899.0,6.0,1.0,18579.0,1.0
6c3063994722f1e538b28a1a,1914,d7052eeddab7,18626.0,36056.0,17430.0,1,60.0,6.0,0.0,1.0,MISC,1914,17430.0,360.0,60.0,18626.0,60.0
40df54e413d319037102e297,1915,7b76597f4283,18643.0,18753.0,110.0,1,1.0,6.0,0.0,1.0,MISC,1915,110.0,6.0,1.0,18643.0,1.0
40df54e413d319037102e297,1916,7b76597f4283,18644.0,20071.0,1427.0,1,1.0,6.0,0.0,1.0,MISC,1916,1427.0,6.0,1.0,18644.0,1.0
40df54e413d319037102e297,1917,7b76597f4283,18646.0,18759.0,113.0,1,1.0,6.0,0.0,1.0,MISC,1917,113.0,6.0,1.0,18646.0,1.0
40df54e413d319037102e297,1918,7b76597f4283,18655.0,18803.0,148.0,1,1.0,6.0,0.0,1.0,MISC,1918,148.0,6.0,1.0,18655.0,1.0
2fe46f64538b8943a9882bab,1920,c677a0acf7c0,18674.0,29452.0,10778.0,1,30.0,3.0,0.0,0.25,MISC,1920,10778.0,90.0,7.5,18674.0,30.0
f2c4b7ef9bca7bf8390f05cd,1921,1480b75a8c96,18677.0,18702.0,25.0,1,1.0,6.0,0.0,1.0,T4,1921,25.0,6.0,1.0,18677.0,1.0
11bb21defa21318cae0d80d7,1922,7ba2dc8417d5,18707.0,22855.0,4148.0,1,1.0,6.0,0.0,1.0,MISC,1922,4148.0,6.0,1.0,18707.0,1.0
0272670bed9659e6a76e6998,1924,c2a3a3121170,18711.0,18770.0,59.0,1,20.0,4.0,0.0,0.5,MISC,1924,59.0,80.0,10.0,18711.0,20.0
28dbedeb830a7a6ebc9dcdb7,1925,c9e676ebc7ef,18786.0,18901.0,115.0,1,2.0,6.0,0.0,0.25,T4,1925,115.0,12.0,0.5,18786.0,2.0
fdca1b26347a096dc8cd73ec,1927,edc10645cc3f,18801.0,18827.0,26.0,1,2.0,18.0,0.0,1.0,MISC,1927,26.0,36.0,2.0,18801.0,2.0
fdca1b26347a096dc8cd73ec,1928,edc10645cc3f,18803.0,18836.0,33.0,1,2.0,18.0,0.0,1.0,MISC,1928,33.0,36.0,2.0,18803.0,2.0
0272670bed9659e6a76e6998,1931,c2a3a3121170,18842.0,18946.0,104.0,1,4.0,4.0,0.0,1.0,MISC,1931,104.0,16.0,4.0,18842.0,4.0
5241fd7d9a59d5917a2b54de,1932,262fbc8b0c98,18853.0,18977.0,124.0,1,1.0,1.0,0.0,1.0,MISC,1932,124.0,1.0,1.0,18853.0,1.0
0272670bed9659e6a76e6998,1934,c2a3a3121170,18859.0,18956.0,97.0,1,20.0,4.0,0.0,0.5,MISC,1934,97.0,80.0,10.0,18859.0,20.0
845ebc87e40bad0db5b37e26,1935,f14128db0160,18861.0,19092.0,231.0,1,1.0,6.0,0.0,2.0,MISC,1935,231.0,6.0,2.0,18861.0,1.0
0272670bed9659e6a76e6998,1947,c2a3a3121170,18886.0,20203.0,1317.0,1,40.0,8.0,0.0,1.0,MISC,1947,1317.0,320.0,40.0,18886.0,40.0
4338499d3c24cc35be17b44c,1951,5b1345f03aa1,18982.0,19023.0,41.0,1,1.0,6.0,0.0,1.0,MISC,1951,41.0,6.0,1.0,18982.0,1.0
28dbedeb830a7a6ebc9dcdb7,1953,c9e676ebc7ef,18990.0,19114.0,124.0,1,2.0,6.0,0.0,0.25,T4,1953,124.0,12.0,0.5,18990.0,2.0
4338499d3c24cc35be17b44c,1954,5b1345f03aa1,19027.0,19903.0,876.0,1,1.0,6.0,0.0,1.0,MISC,1954,876.0,6.0,1.0,19027.0,1.0
1ccc18d7d13073b642b3a016,1955,d4d51aca8806,19033.0,19118.0,85.0,1,10.0,6.0,0.0,0.5,T4,1955,85.0,60.0,5.0,19033.0,10.0
1ccc18d7d13073b642b3a016,1956,d4d51aca8806,19036.0,19119.0,83.0,1,10.0,6.0,0.0,0.5,T4,1956,83.0,60.0,5.0,19036.0,10.0
e14f55e56de8f9e707c8ff95,1957,42aa9724a88c,19054.0,19085.0,31.0,1,1.0,6.0,0.0,1.0,MISC,1957,31.0,6.0,1.0,19054.0,1.0
27fe3bcbb296170406b340f5,1958,9ad16018440a,19058.0,19646.0,588.0,1,1.0,6.0,0.0,0.5,T4,1958,588.0,6.0,0.5,19058.0,1.0
6c3063994722f1e538b28a1a,1959,d7052eeddab7,19067.0,24681.0,5614.0,1,10.0,6.0,0.0,1.0,MISC,1959,5614.0,60.0,10.0,19067.0,10.0
1ccc18d7d13073b642b3a016,1960,d4d51aca8806,19072.0,19151.0,79.0,1,16.0,0.5,0.0,1.0,T4,1960,79.0,8.0,16.0,19072.0,16.0
1ccc18d7d13073b642b3a016,1961,d4d51aca8806,19078.0,19169.0,91.0,1,10.0,6.0,0.0,0.5,T4,1961,91.0,60.0,5.0,19078.0,10.0
1ccc18d7d13073b642b3a016,1962,d4d51aca8806,19085.0,19171.0,86.0,1,10.0,6.0,0.0,0.5,T4,1962,86.0,60.0,5.0,19085.0,10.0
1ccc18d7d13073b642b3a016,1963,d4d51aca8806,19089.0,19326.0,237.0,1,10.0,6.0,0.0,0.5,T4,1963,237.0,60.0,5.0,19089.0,10.0
1ccc18d7d13073b642b3a016,1964,d4d51aca8806,19101.0,19348.0,247.0,1,10.0,6.0,0.0,0.5,T4,1964,247.0,60.0,5.0,19101.0,10.0
1ccc18d7d13073b642b3a016,1965,d4d51aca8806,19103.0,19312.0,209.0,1,10.0,6.0,0.0,0.5,T4,1965,209.0,60.0,5.0,19103.0,10.0
1ccc18d7d13073b642b3a016,1966,d4d51aca8806,19105.0,19264.0,159.0,1,10.0,6.0,0.0,0.5,T4,1966,159.0,60.0,5.0,19105.0,10.0
1ccc18d7d13073b642b3a016,1967,d4d51aca8806,19105.0,19287.0,182.0,1,10.0,6.0,0.0,0.5,T4,1967,182.0,60.0,5.0,19105.0,10.0
1ccc18d7d13073b642b3a016,1968,d4d51aca8806,19107.0,19289.0,182.0,1,10.0,6.0,0.0,0.5,T4,1968,182.0,60.0,5.0,19107.0,10.0
1ccc18d7d13073b642b3a016,1969,d4d51aca8806,19107.0,19404.0,297.0,1,10.0,6.0,0.0,0.5,T4,1969,297.0,60.0,5.0,19107.0,10.0
1ccc18d7d13073b642b3a016,1970,d4d51aca8806,19108.0,19409.0,301.0,1,10.0,6.0,0.0,0.5,T4,1970,301.0,60.0,5.0,19108.0,10.0
1ccc18d7d13073b642b3a016,1971,d4d51aca8806,19111.0,19353.0,242.0,1,10.0,6.0,0.0,0.5,T4,1971,242.0,60.0,5.0,19111.0,10.0
4c63a741106edc46bc1729dd,1972,18febf35d3a1,19115.0,19316.0,201.0,1,1.0,6.0,0.0,1.0,MISC,1972,201.0,6.0,1.0,19115.0,1.0
1ccc18d7d13073b642b3a016,1973,d4d51aca8806,19120.0,19397.0,277.0,1,10.0,6.0,0.0,0.5,T4,1973,277.0,60.0,5.0,19120.0,10.0
1ccc18d7d13073b642b3a016,1974,d4d51aca8806,19122.0,19269.0,147.0,1,10.0,6.0,0.0,0.5,T4,1974,147.0,60.0,5.0,19122.0,10.0
3995073148156da8994ec8bb,1976,5f4cb64dc693,19123.0,21729.0,2606.0,1,10.0,6.0,0.0,1.0,MISC,1976,2606.0,60.0,10.0,19123.0,10.0
1ccc18d7d13073b642b3a016,1977,d4d51aca8806,19123.0,19341.0,218.0,1,10.0,6.0,0.0,0.5,T4,1977,218.0,60.0,5.0,19123.0,10.0
1ccc18d7d13073b642b3a016,1978,d4d51aca8806,19125.0,19354.0,229.0,1,16.0,0.5,0.0,1.0,T4,1978,229.0,8.0,16.0,19125.0,16.0
1ccc18d7d13073b642b3a016,1979,d4d51aca8806,19125.0,19213.0,88.0,1,16.0,0.5,0.0,1.0,T4,1979,88.0,8.0,16.0,19125.0,16.0
1ccc18d7d13073b642b3a016,1980,d4d51aca8806,19126.0,19296.0,170.0,1,16.0,0.5,0.0,1.0,T4,1980,170.0,8.0,16.0,19126.0,16.0
30185446faeb493c1d55cacd,1981,a8192d6b0ae9,19126.0,19799.0,673.0,1,3.0,6.0,0.0,1.0,MISC,1981,673.0,18.0,3.0,19126.0,3.0
1ccc18d7d13073b642b3a016,1982,d4d51aca8806,19128.0,19310.0,182.0,1,16.0,0.5,0.0,1.0,T4,1982,182.0,8.0,16.0,19128.0,16.0
1ccc18d7d13073b642b3a016,1983,d4d51aca8806,19129.0,19327.0,198.0,1,16.0,0.5,0.0,1.0,T4,1983,198.0,8.0,16.0,19129.0,16.0
1ccc18d7d13073b642b3a016,1984,d4d51aca8806,19129.0,19347.0,218.0,1,10.0,6.0,0.0,0.5,T4,1984,218.0,60.0,5.0,19129.0,10.0
1ccc18d7d13073b642b3a016,1985,d4d51aca8806,19133.0,19326.0,193.0,1,10.0,6.0,0.0,0.5,T4,1985,193.0,60.0,5.0,19133.0,10.0
1ccc18d7d13073b642b3a016,1986,d4d51aca8806,19139.0,19344.0,205.0,1,10.0,6.0,0.0,0.5,T4,1986,205.0,60.0,5.0,19139.0,10.0
1ccc18d7d13073b642b3a016,1987,d4d51aca8806,19139.0,19316.0,177.0,1,16.0,0.5,0.0,1.0,T4,1987,177.0,8.0,16.0,19139.0,16.0
1ccc18d7d13073b642b3a016,1988,d4d51aca8806,19142.0,19277.0,135.0,1,16.0,0.5,0.0,1.0,T4,1988,135.0,8.0,16.0,19142.0,16.0
1ccc18d7d13073b642b3a016,1989,d4d51aca8806,19142.0,21593.0,2451.0,1,10.0,6.0,0.0,0.5,T4,1989,2451.0,60.0,5.0,19142.0,10.0
1ccc18d7d13073b642b3a016,1990,d4d51aca8806,19143.0,19463.0,320.0,1,10.0,6.0,0.0,0.5,T4,1990,320.0,60.0,5.0,19143.0,10.0
1ccc18d7d13073b642b3a016,1991,d4d51aca8806,19143.0,19500.0,357.0,1,10.0,6.0,0.0,0.5,T4,1991,357.0,60.0,5.0,19143.0,10.0
2fe46f64538b8943a9882bab,1992,c677a0acf7c0,19143.0,19225.0,82.0,1,1.0,6.0,0.0,1.0,MISC,1992,82.0,6.0,1.0,19143.0,1.0
1ccc18d7d13073b642b3a016,1993,d4d51aca8806,19143.0,19352.0,209.0,1,16.0,0.5,0.0,1.0,T4,1993,209.0,8.0,16.0,19143.0,16.0
1ccc18d7d13073b642b3a016,1994,d4d51aca8806,19143.0,19466.0,323.0,1,10.0,6.0,0.0,0.5,T4,1994,323.0,60.0,5.0,19143.0,10.0
1ccc18d7d13073b642b3a016,1995,d4d51aca8806,19145.0,19835.0,690.0,1,16.0,0.5,0.0,1.0,T4,1995,690.0,8.0,16.0,19145.0,16.0
1ccc18d7d13073b642b3a016,1996,d4d51aca8806,19145.0,19452.0,307.0,1,16.0,0.5,0.0,1.0,T4,1996,307.0,8.0,16.0,19145.0,16.0
1ccc18d7d13073b642b3a016,1997,d4d51aca8806,19145.0,19471.0,326.0,1,10.0,6.0,0.0,0.5,T4,1997,326.0,60.0,5.0,19145.0,10.0
1ccc18d7d13073b642b3a016,1998,d4d51aca8806,19158.0,19357.0,199.0,1,10.0,6.0,0.0,0.5,T4,1998,199.0,60.0,5.0,19158.0,10.0
1ccc18d7d13073b642b3a016,1999,d4d51aca8806,19159.0,19290.0,131.0,1,10.0,6.0,0.0,0.5,T4,1999,131.0,60.0,5.0,19159.0,10.0
1ccc18d7d13073b642b3a016,2000,d4d51aca8806,19160.0,19358.0,198.0,1,10.0,6.0,0.0,0.5,T4,2000,198.0,60.0,5.0,19160.0,10.0
1ccc18d7d13073b642b3a016,2001,d4d51aca8806,19160.0,19350.0,190.0,1,16.0,0.5,0.0,1.0,T4,2001,190.0,8.0,16.0,19160.0,16.0
1ccc18d7d13073b642b3a016,2002,d4d51aca8806,19160.0,21781.0,2621.0,1,10.0,6.0,0.0,0.5,T4,2002,2621.0,60.0,5.0,19160.0,10.0
1ccc18d7d13073b642b3a016,2003,d4d51aca8806,19161.0,19410.0,249.0,1,16.0,0.5,0.0,1.0,T4,2003,249.0,8.0,16.0,19161.0,16.0
1ccc18d7d13073b642b3a016,2004,d4d51aca8806,19161.0,19496.0,335.0,1,10.0,6.0,0.0,0.5,T4,2004,335.0,60.0,5.0,19161.0,10.0
1ccc18d7d13073b642b3a016,2005,d4d51aca8806,19163.0,22967.0,3804.0,1,10.0,6.0,0.0,0.5,T4,2005,3804.0,60.0,5.0,19163.0,10.0
1ccc18d7d13073b642b3a016,2006,d4d51aca8806,19164.0,20316.0,1152.0,1,16.0,0.5,0.0,1.0,T4,2006,1152.0,8.0,16.0,19164.0,16.0
1ccc18d7d13073b642b3a016,2007,d4d51aca8806,19164.0,19690.0,526.0,1,10.0,6.0,0.0,0.5,T4,2007,526.0,60.0,5.0,19164.0,10.0
1ccc18d7d13073b642b3a016,2008,d4d51aca8806,19165.0,19506.0,341.0,1,10.0,6.0,0.0,0.5,T4,2008,341.0,60.0,5.0,19165.0,10.0
1ccc18d7d13073b642b3a016,2009,d4d51aca8806,19169.0,19511.0,342.0,1,16.0,0.5,0.0,1.0,T4,2009,342.0,8.0,16.0,19169.0,16.0
1ccc18d7d13073b642b3a016,2010,d4d51aca8806,19169.0,19410.0,241.0,1,10.0,6.0,0.0,0.5,T4,2010,241.0,60.0,5.0,19169.0,10.0
1ccc18d7d13073b642b3a016,2011,d4d51aca8806,19169.0,19409.0,240.0,1,16.0,0.5,0.0,1.0,T4,2011,240.0,8.0,16.0,19169.0,16.0
1ccc18d7d13073b642b3a016,2012,d4d51aca8806,19169.0,19892.0,723.0,1,16.0,0.5,0.0,1.0,T4,2012,723.0,8.0,16.0,19169.0,16.0
1ccc18d7d13073b642b3a016,2013,d4d51aca8806,19170.0,19478.0,308.0,1,16.0,0.5,0.0,1.0,T4,2013,308.0,8.0,16.0,19170.0,16.0
1ccc18d7d13073b642b3a016,2014,d4d51aca8806,19171.0,19426.0,255.0,1,16.0,0.5,0.0,1.0,T4,2014,255.0,8.0,16.0,19171.0,16.0
1ccc18d7d13073b642b3a016,2015,d4d51aca8806,19172.0,19537.0,365.0,1,16.0,0.5,0.0,1.0,T4,2015,365.0,8.0,16.0,19172.0,16.0
1ccc18d7d13073b642b3a016,2016,d4d51aca8806,19174.0,19502.0,328.0,1,16.0,0.5,0.0,1.0,T4,2016,328.0,8.0,16.0,19174.0,16.0
1ccc18d7d13073b642b3a016,2017,d4d51aca8806,19183.0,19919.0,736.0,1,16.0,0.5,0.0,1.0,T4,2017,736.0,8.0,16.0,19183.0,16.0
1ccc18d7d13073b642b3a016,2018,d4d51aca8806,19187.0,20429.0,1242.0,1,16.0,0.5,0.0,1.0,T4,2018,1242.0,8.0,16.0,19187.0,16.0
1ccc18d7d13073b642b3a016,2019,d4d51aca8806,19195.0,19516.0,321.0,1,16.0,0.5,0.0,1.0,T4,2019,321.0,8.0,16.0,19195.0,16.0
4d8fee7f10bd7edbb75b96b3,2022,b2c52019b2c6,19201.0,51218.0,32017.0,1,50.0,2.0,0.0,0.25,MISC,2022,32017.0,100.0,12.5,19201.0,50.0
4d8fee7f10bd7edbb75b96b3,2023,b2c52019b2c6,19202.0,42808.0,23606.0,1,50.0,2.0,0.0,0.25,MISC,2023,23606.0,100.0,12.5,19202.0,50.0
1ccc18d7d13073b642b3a016,2024,d4d51aca8806,19202.0,19512.0,310.0,1,16.0,0.5,0.0,1.0,T4,2024,310.0,8.0,16.0,19202.0,16.0
fdca1b26347a096dc8cd73ec,2026,edc10645cc3f,19203.0,19507.0,304.0,1,2.0,18.0,0.0,1.0,MISC,2026,304.0,36.0,2.0,19203.0,2.0
1ccc18d7d13073b642b3a016,2027,d4d51aca8806,19204.0,23002.0,3798.0,1,16.0,0.5,0.0,1.0,T4,2027,3798.0,8.0,16.0,19204.0,16.0
1ccc18d7d13073b642b3a016,2028,d4d51aca8806,19205.0,23298.0,4093.0,1,10.0,6.0,0.0,0.5,T4,2028,4093.0,60.0,5.0,19205.0,10.0
1ccc18d7d13073b642b3a016,2029,d4d51aca8806,19206.0,19624.0,418.0,1,16.0,0.5,0.0,1.0,T4,2029,418.0,8.0,16.0,19206.0,16.0
1ccc18d7d13073b642b3a016,2030,d4d51aca8806,19209.0,20613.0,1404.0,1,10.0,6.0,0.0,0.5,T4,2030,1404.0,60.0,5.0,19209.0,10.0
1ccc18d7d13073b642b3a016,2031,d4d51aca8806,19210.0,19632.0,422.0,1,16.0,0.5,0.0,1.0,T4,2031,422.0,8.0,16.0,19210.0,16.0
1ccc18d7d13073b642b3a016,2032,d4d51aca8806,19211.0,20830.0,1619.0,1,16.0,0.5,0.0,1.0,T4,2032,1619.0,8.0,16.0,19211.0,16.0
1ccc18d7d13073b642b3a016,2033,d4d51aca8806,19216.0,20175.0,959.0,1,16.0,0.5,0.0,1.0,T4,2033,959.0,8.0,16.0,19216.0,16.0
1ccc18d7d13073b642b3a016,2034,d4d51aca8806,19220.0,19808.0,588.0,1,16.0,0.5,0.0,1.0,T4,2034,588.0,8.0,16.0,19220.0,16.0
1ccc18d7d13073b642b3a016,2035,d4d51aca8806,19222.0,20068.0,846.0,1,16.0,0.5,0.0,1.0,T4,2035,846.0,8.0,16.0,19222.0,16.0
1ccc18d7d13073b642b3a016,2036,d4d51aca8806,19223.0,19775.0,552.0,1,16.0,0.5,0.0,1.0,T4,2036,552.0,8.0,16.0,19223.0,16.0
1ccc18d7d13073b642b3a016,2037,d4d51aca8806,19223.0,22940.0,3717.0,1,10.0,6.0,0.0,0.5,T4,2037,3717.0,60.0,5.0,19223.0,10.0
1ccc18d7d13073b642b3a016,2038,d4d51aca8806,19223.0,20138.0,915.0,1,16.0,0.5,0.0,1.0,T4,2038,915.0,8.0,16.0,19223.0,16.0
1ccc18d7d13073b642b3a016,2039,d4d51aca8806,19224.0,19713.0,489.0,1,16.0,0.5,0.0,1.0,T4,2039,489.0,8.0,16.0,19224.0,16.0
1ccc18d7d13073b642b3a016,2040,d4d51aca8806,19224.0,19933.0,709.0,1,16.0,0.5,0.0,1.0,T4,2040,709.0,8.0,16.0,19224.0,16.0
1ccc18d7d13073b642b3a016,2041,d4d51aca8806,19231.0,19860.0,629.0,1,16.0,0.5,0.0,1.0,T4,2041,629.0,8.0,16.0,19231.0,16.0
1ccc18d7d13073b642b3a016,2042,d4d51aca8806,19231.0,20792.0,1561.0,1,16.0,0.5,0.0,1.0,T4,2042,1561.0,8.0,16.0,19231.0,16.0
1ccc18d7d13073b642b3a016,2043,d4d51aca8806,19231.0,19942.0,711.0,1,16.0,0.5,0.0,1.0,T4,2043,711.0,8.0,16.0,19231.0,16.0
1ccc18d7d13073b642b3a016,2044,d4d51aca8806,19232.0,20039.0,807.0,1,16.0,0.5,0.0,1.0,T4,2044,807.0,8.0,16.0,19232.0,16.0
1ccc18d7d13073b642b3a016,2046,d4d51aca8806,19240.0,20043.0,803.0,1,16.0,0.5,0.0,1.0,T4,2046,803.0,8.0,16.0,19240.0,16.0
1ccc18d7d13073b642b3a016,2047,d4d51aca8806,19243.0,20004.0,761.0,1,10.0,6.0,0.0,0.5,T4,2047,761.0,60.0,5.0,19243.0,10.0
2fe46f64538b8943a9882bab,2048,c677a0acf7c0,19243.0,35408.0,16165.0,1,30.0,1.0,0.0,0.25,MISC,2048,16165.0,30.0,7.5,19243.0,30.0
1ccc18d7d13073b642b3a016,2049,d4d51aca8806,19243.0,20060.0,817.0,1,16.0,0.5,0.0,1.0,T4,2049,817.0,8.0,16.0,19243.0,16.0
1ccc18d7d13073b642b3a016,2050,d4d51aca8806,19244.0,20106.0,862.0,1,16.0,0.5,0.0,1.0,T4,2050,862.0,8.0,16.0,19244.0,16.0
1ccc18d7d13073b642b3a016,2051,d4d51aca8806,19249.0,21459.0,2210.0,1,16.0,0.5,0.0,1.0,T4,2051,2210.0,8.0,16.0,19249.0,16.0
1ccc18d7d13073b642b3a016,2052,d4d51aca8806,19254.0,20205.0,951.0,1,16.0,0.5,0.0,1.0,T4,2052,951.0,8.0,16.0,19254.0,16.0
1ccc18d7d13073b642b3a016,2053,d4d51aca8806,19254.0,20500.0,1246.0,1,16.0,0.5,0.0,1.0,T4,2053,1246.0,8.0,16.0,19254.0,16.0
1ccc18d7d13073b642b3a016,2054,d4d51aca8806,19258.0,20201.0,943.0,1,16.0,0.5,0.0,1.0,T4,2054,943.0,8.0,16.0,19258.0,16.0
1ccc18d7d13073b642b3a016,2055,d4d51aca8806,19260.0,23832.0,4572.0,1,10.0,6.0,0.0,0.5,T4,2055,4572.0,60.0,5.0,19260.0,10.0
1ccc18d7d13073b642b3a016,2056,d4d51aca8806,19269.0,21604.0,2335.0,1,16.0,0.5,0.0,1.0,T4,2056,2335.0,8.0,16.0,19269.0,16.0
1ccc18d7d13073b642b3a016,2057,d4d51aca8806,19270.0,20788.0,1518.0,1,16.0,0.5,0.0,1.0,T4,2057,1518.0,8.0,16.0,19270.0,16.0
1ccc18d7d13073b642b3a016,2058,d4d51aca8806,19278.0,21717.0,2439.0,1,16.0,0.5,0.0,1.0,T4,2058,2439.0,8.0,16.0,19278.0,16.0
1ccc18d7d13073b642b3a016,2059,d4d51aca8806,19282.0,20224.0,942.0,1,16.0,0.5,0.0,1.0,T4,2059,942.0,8.0,16.0,19282.0,16.0
1ccc18d7d13073b642b3a016,2060,d4d51aca8806,19282.0,23863.0,4581.0,1,10.0,6.0,0.0,0.5,T4,2060,4581.0,60.0,5.0,19282.0,10.0
1ccc18d7d13073b642b3a016,2061,d4d51aca8806,19285.0,20256.0,971.0,1,16.0,0.5,0.0,1.0,T4,2061,971.0,8.0,16.0,19285.0,16.0
1ccc18d7d13073b642b3a016,2062,d4d51aca8806,19288.0,20689.0,1401.0,1,16.0,0.5,0.0,1.0,T4,2062,1401.0,8.0,16.0,19288.0,16.0
1ccc18d7d13073b642b3a016,2063,d4d51aca8806,19288.0,19480.0,192.0,1,10.0,6.0,0.0,0.5,T4,2063,192.0,60.0,5.0,19288.0,10.0
30185446faeb493c1d55cacd,2065,a8192d6b0ae9,19312.0,26855.0,7543.0,1,5.0,6.0,0.0,0.25,MISC,2065,7543.0,30.0,1.25,19312.0,5.0
1ccc18d7d13073b642b3a016,2066,d4d51aca8806,19323.0,25258.0,5935.0,1,10.0,6.0,0.0,0.5,T4,2066,5935.0,60.0,5.0,19323.0,10.0
5efca795c284664053c676be,2067,8af74a85f324,19324.0,58612.0,39288.0,1,2.0,15.0,0.0,1.0,MISC,2067,39288.0,30.0,2.0,19324.0,2.0
3995073148156da8994ec8bb,2068,5f4cb64dc693,19333.0,46379.0,27046.0,1,20.0,6.0,0.0,1.0,MISC,2068,27046.0,120.0,20.0,19333.0,20.0
30185446faeb493c1d55cacd,2069,a8192d6b0ae9,19334.0,19506.0,172.0,1,2.0,26.0,0.0,1.0,MISC,2069,172.0,52.0,2.0,19334.0,2.0
1ccc18d7d13073b642b3a016,2070,d4d51aca8806,19334.0,28610.0,9276.0,1,10.0,6.0,0.0,0.5,T4,2070,9276.0,60.0,5.0,19334.0,10.0
5efca795c284664053c676be,2071,8af74a85f324,19335.0,27255.0,7920.0,1,3.0,26.0,0.0,1.0,P100,2071,7920.0,78.0,3.0,19335.0,3.0
1ccc18d7d13073b642b3a016,2072,d4d51aca8806,19342.0,24240.0,4898.0,1,10.0,6.0,0.0,0.5,T4,2072,4898.0,60.0,5.0,19342.0,10.0
fdca1b26347a096dc8cd73ec,2073,edc10645cc3f,19344.0,20020.0,676.0,1,1.0,6.0,0.0,0.5,MISC,2073,676.0,6.0,0.5,19344.0,1.0
3b3e097ad00b781fe6fbf202,2074,fb00f753b65b,19347.0,21080.0,1733.0,1,1.0,6.0,0.0,0.25,MISC,2074,1733.0,6.0,0.25,19347.0,1.0
3b3e097ad00b781fe6fbf202,2075,fb00f753b65b,19352.0,20977.0,1625.0,1,1.0,6.0,0.0,0.25,MISC,2075,1625.0,6.0,0.25,19352.0,1.0
3b3e097ad00b781fe6fbf202,2076,fb00f753b65b,19354.0,28344.0,8990.0,1,1.0,6.0,0.0,0.25,MISC,2076,8990.0,6.0,0.25,19354.0,1.0
1ccc18d7d13073b642b3a016,2077,d4d51aca8806,19363.0,22101.0,2738.0,1,16.0,0.5,0.0,1.0,T4,2077,2738.0,8.0,16.0,19363.0,16.0
1ccc18d7d13073b642b3a016,2078,d4d51aca8806,19377.0,21826.0,2449.0,1,16.0,0.5,0.0,1.0,T4,2078,2449.0,8.0,16.0,19377.0,16.0
1ccc18d7d13073b642b3a016,2079,d4d51aca8806,19378.0,24776.0,5398.0,1,10.0,6.0,0.0,0.5,T4,2079,5398.0,60.0,5.0,19378.0,10.0
4c63a741106edc46bc1729dd,2080,18febf35d3a1,19387.0,19624.0,237.0,1,1.0,6.0,0.0,1.0,MISC,2080,237.0,6.0,1.0,19387.0,1.0
1ccc18d7d13073b642b3a016,2081,d4d51aca8806,19394.0,25074.0,5680.0,1,10.0,6.0,0.0,0.5,T4,2081,5680.0,60.0,5.0,19394.0,10.0
1ccc18d7d13073b642b3a016,2082,d4d51aca8806,19412.0,22589.0,3177.0,1,16.0,0.5,0.0,1.0,T4,2082,3177.0,8.0,16.0,19412.0,16.0
1ccc18d7d13073b642b3a016,2083,d4d51aca8806,19423.0,25074.0,5651.0,1,10.0,6.0,0.0,0.5,T4,2083,5651.0,60.0,5.0,19423.0,10.0
e8efa65aa22dff1e98ff15d7,2085,b3bfe9b79bb5,19445.0,19565.0,120.0,1,200.0,1.0,0.0,0.1,MISC,2085,120.0,200.0,20.0,19445.0,200.0
8ccb9c9fe88b53537e096dd9,2086,de69ddc1064e,19476.0,43116.0,23640.0,1,1.0,6.0,0.0,1.0,MISC,2086,23640.0,6.0,1.0,19476.0,1.0
30185446faeb493c1d55cacd,2087,a8192d6b0ae9,19508.0,49071.0,29563.0,1,10.0,20.0,0.0,1.0,MISC,2087,29563.0,200.0,10.0,19508.0,10.0
fdca1b26347a096dc8cd73ec,2088,edc10645cc3f,19532.0,19834.0,302.0,1,2.0,18.0,0.0,1.0,MISC,2088,302.0,36.0,2.0,19532.0,2.0
8ccb9c9fe88b53537e096dd9,2090,de69ddc1064e,19535.0,22996.0,3461.0,1,1.0,6.0,0.0,0.25,MISC,2090,3461.0,6.0,0.25,19535.0,1.0
5efca795c284664053c676be,2091,8af74a85f324,19538.0,20754.0,1216.0,1,2.0,15.0,0.0,1.0,MISC,2091,1216.0,30.0,2.0,19538.0,2.0
40df54e413d319037102e297,2093,7b76597f4283,19567.0,23306.0,3739.0,1,1.0,6.0,0.0,1.0,MISC,2093,3739.0,6.0,1.0,19567.0,1.0
21858ac282f1092bb15f8831,2094,45bd92802aa9,19569.0,19775.0,206.0,1,1.0,6.0,0.0,1.0,T4,2094,206.0,6.0,1.0,19569.0,1.0
b53f9ebd1eeeea726d1dac78,2095,2cbd33b08024,19576.0,19669.0,93.0,1,1.0,6.0,0.0,1.0,MISC,2095,93.0,6.0,1.0,19576.0,1.0
40df54e413d319037102e297,2097,7b76597f4283,19584.0,30581.0,10997.0,1,1.0,6.0,0.0,1.0,MISC,2097,10997.0,6.0,1.0,19584.0,1.0
8ccb9c9fe88b53537e096dd9,2099,de69ddc1064e,19591.0,25864.0,6273.0,1,8.0,6.0,0.0,0.25,MISC,2099,6273.0,48.0,2.0,19591.0,8.0
37423403daa3e62e294e12da,2103,4d95fa282778,19625.0,20896.0,1271.0,1,1.0,6.0,0.0,1.0,T4,2103,1271.0,6.0,1.0,19625.0,1.0
1ccc18d7d13073b642b3a016,2104,d4d51aca8806,19629.0,20243.0,614.0,1,10.0,6.0,0.0,0.5,T4,2104,614.0,60.0,5.0,19629.0,10.0
07a7440f33d2bfb59804064b,2105,9cc55781f4a6,19644.0,19659.0,15.0,1,1.0,6.0,0.0,1.0,T4,2105,15.0,6.0,1.0,19644.0,1.0
5efca795c284664053c676be,2106,8af74a85f324,19659.0,24160.0,4501.0,1,2.0,15.0,0.0,1.0,MISC,2106,4501.0,30.0,2.0,19659.0,2.0
8ccb9c9fe88b53537e096dd9,2107,de69ddc1064e,19696.0,20584.0,888.0,1,1.0,6.0,0.0,1.0,MISC,2107,888.0,6.0,1.0,19696.0,1.0
8ccb9c9fe88b53537e096dd9,2108,de69ddc1064e,19700.0,26192.0,6492.0,1,1.0,6.0,0.0,0.5,MISC,2108,6492.0,6.0,0.5,19700.0,1.0
81ed5c9faf3943d58867e805,2109,c88b4a44554a,19734.0,23914.0,4180.0,1,1.0,6.0,0.0,0.25,MISC,2109,4180.0,6.0,0.25,19734.0,1.0
81ed5c9faf3943d58867e805,2110,c88b4a44554a,19735.0,23824.0,4089.0,1,1.0,6.0,0.0,0.25,MISC,2110,4089.0,6.0,0.25,19735.0,1.0
27fe3bcbb296170406b340f5,2111,9ad16018440a,19736.0,20324.0,588.0,1,1.0,6.0,0.0,0.5,T4,2111,588.0,6.0,0.5,19736.0,1.0
81ed5c9faf3943d58867e805,2112,c88b4a44554a,19736.0,24534.0,4798.0,1,1.0,6.0,0.0,0.25,MISC,2112,4798.0,6.0,0.25,19736.0,1.0
81ed5c9faf3943d58867e805,2113,c88b4a44554a,19736.0,24527.0,4791.0,1,1.0,6.0,0.0,0.25,MISC,2113,4791.0,6.0,0.25,19736.0,1.0
81ed5c9faf3943d58867e805,2114,c88b4a44554a,19737.0,23519.0,3782.0,1,1.0,6.0,0.0,0.25,MISC,2114,3782.0,6.0,0.25,19737.0,1.0
81ed5c9faf3943d58867e805,2115,c88b4a44554a,19737.0,23609.0,3872.0,1,1.0,6.0,0.0,0.25,MISC,2115,3872.0,6.0,0.25,19737.0,1.0
81ed5c9faf3943d58867e805,2116,c88b4a44554a,19737.0,23429.0,3692.0,1,1.0,6.0,0.0,0.25,MISC,2116,3692.0,6.0,0.25,19737.0,1.0
0be3971157d6c504afbc3397,2117,354e3b81c515,19740.0,19771.0,31.0,1,1.0,6.0,0.0,1.0,MISC,2117,31.0,6.0,1.0,19740.0,1.0
0272670bed9659e6a76e6998,2118,c2a3a3121170,19745.0,20799.0,1054.0,1,10.0,8.0,0.0,1.0,P100,2118,1054.0,80.0,10.0,19745.0,10.0
81ed5c9faf3943d58867e805,2119,c88b4a44554a,19748.0,24391.0,4643.0,1,1.0,6.0,0.0,0.25,MISC,2119,4643.0,6.0,0.25,19748.0,1.0
81ed5c9faf3943d58867e805,2120,c88b4a44554a,19749.0,23614.0,3865.0,1,1.0,6.0,0.0,0.25,MISC,2120,3865.0,6.0,0.25,19749.0,1.0
81ed5c9faf3943d58867e805,2121,c88b4a44554a,19750.0,23584.0,3834.0,1,1.0,6.0,0.0,0.25,MISC,2121,3834.0,6.0,0.25,19750.0,1.0
8ccb9c9fe88b53537e096dd9,2122,de69ddc1064e,19766.0,29558.0,9792.0,1,1.0,40.0,0.0,0.5,P100,2122,9792.0,40.0,0.5,19766.0,1.0
2fe46f64538b8943a9882bab,2123,c677a0acf7c0,19773.0,19850.0,77.0,1,1.0,6.0,0.0,1.0,MISC,2123,77.0,6.0,1.0,19773.0,1.0
ed05e49c01b1f7aa2c7e3ef0,2124,88a6aff0a9f8,19777.0,22178.0,2401.0,1,1.0,6.0,0.0,0.25,MISC,2124,2401.0,6.0,0.25,19777.0,1.0
8ccb9c9fe88b53537e096dd9,2125,de69ddc1064e,19816.0,19849.0,33.0,1,1.0,6.0,0.0,1.0,MISC,2125,33.0,6.0,1.0,19816.0,1.0
d31da220e964fb2f1ace98f6,2127,eea150bdfdd6,19878.0,19970.0,92.0,1,1.0,6.0,0.0,0.25,MISC,2127,92.0,6.0,0.25,19878.0,1.0
4338499d3c24cc35be17b44c,2129,5b1345f03aa1,19886.0,19930.0,44.0,1,1.0,6.0,0.0,1.0,MISC,2129,44.0,6.0,1.0,19886.0,1.0
e14f55e56de8f9e707c8ff95,2130,42aa9724a88c,19939.0,19970.0,31.0,1,1.0,6.0,0.0,1.0,MISC,2130,31.0,6.0,1.0,19939.0,1.0
f2c4b7ef9bca7bf8390f05cd,2131,1480b75a8c96,19953.0,20268.0,315.0,1,1.0,6.0,0.0,1.0,T4,2131,315.0,6.0,1.0,19953.0,1.0
4338499d3c24cc35be17b44c,2132,5b1345f03aa1,20045.0,20152.0,107.0,1,1.0,6.0,0.0,0.25,MISC,2132,107.0,6.0,0.25,20045.0,1.0
9c6554174b06015a7af561c6,2133,41f97a75a037,20048.0,20072.0,24.0,1,1.0,6.0,0.0,1.0,T4,2133,24.0,6.0,1.0,20048.0,1.0
4338499d3c24cc35be17b44c,2134,5b1345f03aa1,20049.0,20154.0,105.0,1,1.0,6.0,0.0,0.25,MISC,2134,105.0,6.0,0.25,20049.0,1.0
1ccc18d7d13073b642b3a016,2135,d4d51aca8806,20071.0,22417.0,2346.0,1,40.0,2.0,0.0,0.2,T4,2135,2346.0,80.0,8.0,20071.0,40.0
8ccb9c9fe88b53537e096dd9,2136,de69ddc1064e,20104.0,20838.0,734.0,1,1.0,6.0,0.0,0.25,MISC,2136,734.0,6.0,0.25,20104.0,1.0
8ccb9c9fe88b53537e096dd9,2137,de69ddc1064e,20116.0,20504.0,388.0,1,1.0,6.0,0.0,0.5,MISC,2137,388.0,6.0,0.5,20116.0,1.0
4338499d3c24cc35be17b44c,2138,5b1345f03aa1,20183.0,20425.0,242.0,1,1.0,6.0,0.0,0.5,MISC,2138,242.0,6.0,0.5,20183.0,1.0
8ccb9c9fe88b53537e096dd9,2140,de69ddc1064e,20218.0,20944.0,726.0,1,8.0,6.0,0.0,0.25,MISC,2140,726.0,48.0,2.0,20218.0,8.0
8ccb9c9fe88b53537e096dd9,2142,de69ddc1064e,20229.0,22303.0,2074.0,1,4.0,6.0,0.0,0.25,MISC,2142,2074.0,24.0,1.0,20229.0,4.0
330c4567830246d94ee386d4,2143,766c6c1054bf,20241.0,21048.0,807.0,1,1.0,6.0,0.0,0.25,MISC,2143,807.0,6.0,0.25,20241.0,1.0
85566767177f708ace60b331,2144,645eb26f94f2,20242.0,21113.0,871.0,1,1.0,6.0,0.0,0.25,MISC,2144,871.0,6.0,0.25,20242.0,1.0
1ccc18d7d13073b642b3a016,2145,d4d51aca8806,20256.0,22161.0,1905.0,1,20.0,6.0,0.0,0.5,T4,2145,1905.0,120.0,10.0,20256.0,20.0
2fe46f64538b8943a9882bab,2146,c677a0acf7c0,20263.0,23211.0,2948.0,1,5.0,2.0,0.0,1.0,MISC,2146,2948.0,10.0,5.0,20263.0,5.0
d31da220e964fb2f1ace98f6,2147,eea150bdfdd6,20270.0,20622.0,352.0,1,1.0,18.0,0.0,1.0,MISC,2147,352.0,18.0,1.0,20270.0,1.0
8ccb9c9fe88b53537e096dd9,2149,de69ddc1064e,20273.0,21710.0,1437.0,1,4.0,6.0,0.0,0.25,MISC,2149,1437.0,24.0,1.0,20273.0,4.0
f2c4b7ef9bca7bf8390f05cd,2150,1480b75a8c96,20297.0,20321.0,24.0,1,1.0,6.0,0.0,1.0,T4,2150,24.0,6.0,1.0,20297.0,1.0
8ccb9c9fe88b53537e096dd9,2151,de69ddc1064e,20350.0,49533.0,29183.0,1,1.0,6.0,0.0,0.25,MISC,2151,29183.0,6.0,0.25,20350.0,1.0
8ccb9c9fe88b53537e096dd9,2152,de69ddc1064e,20352.0,55634.0,35282.0,1,1.0,6.0,0.0,0.25,MISC,2152,35282.0,6.0,0.25,20352.0,1.0
8ccb9c9fe88b53537e096dd9,2153,de69ddc1064e,20352.0,52385.0,32033.0,1,1.0,6.0,0.0,0.25,MISC,2153,32033.0,6.0,0.25,20352.0,1.0
8ccb9c9fe88b53537e096dd9,2154,de69ddc1064e,20352.0,52337.0,31985.0,1,1.0,6.0,0.0,0.25,MISC,2154,31985.0,6.0,0.25,20352.0,1.0
8ccb9c9fe88b53537e096dd9,2155,de69ddc1064e,20353.0,51209.0,30856.0,1,1.0,6.0,0.0,0.25,MISC,2155,30856.0,6.0,0.25,20353.0,1.0
8ccb9c9fe88b53537e096dd9,2156,de69ddc1064e,20353.0,51241.0,30888.0,1,1.0,6.0,0.0,0.25,MISC,2156,30888.0,6.0,0.25,20353.0,1.0
8ccb9c9fe88b53537e096dd9,2157,de69ddc1064e,20353.0,53957.0,33604.0,1,1.0,6.0,0.0,0.25,MISC,2157,33604.0,6.0,0.25,20353.0,1.0
8ccb9c9fe88b53537e096dd9,2158,de69ddc1064e,20353.0,51146.0,30793.0,1,1.0,6.0,0.0,0.25,MISC,2158,30793.0,6.0,0.25,20353.0,1.0
8ccb9c9fe88b53537e096dd9,2159,de69ddc1064e,20353.0,51522.0,31169.0,1,1.0,6.0,0.0,0.25,MISC,2159,31169.0,6.0,0.25,20353.0,1.0
8ccb9c9fe88b53537e096dd9,2160,de69ddc1064e,20354.0,54509.0,34155.0,1,1.0,6.0,0.0,0.25,MISC,2160,34155.0,6.0,0.25,20354.0,1.0
d894fd1af131ed7a296716b5,2161,58540f191766,20389.0,21659.0,1270.0,1,1.0,6.0,0.0,0.5,MISC,2161,1270.0,6.0,0.5,20389.0,1.0
d894fd1af131ed7a296716b5,2162,58540f191766,20391.0,24401.0,4010.0,1,1.0,6.0,0.0,0.5,MISC,2162,4010.0,6.0,0.5,20391.0,1.0
5241fd7d9a59d5917a2b54de,2163,262fbc8b0c98,20391.0,20668.0,277.0,1,1.0,1.0,0.0,3.0,MISC,2163,277.0,1.0,3.0,20391.0,1.0
d894fd1af131ed7a296716b5,2164,58540f191766,20392.0,23172.0,2780.0,1,1.0,6.0,0.0,0.5,MISC,2164,2780.0,6.0,0.5,20392.0,1.0
d894fd1af131ed7a296716b5,2165,58540f191766,20392.0,23615.0,3223.0,1,1.0,6.0,0.0,0.5,MISC,2165,3223.0,6.0,0.5,20392.0,1.0
d894fd1af131ed7a296716b5,2166,58540f191766,20392.0,20767.0,375.0,1,1.0,6.0,0.0,0.5,MISC,2166,375.0,6.0,0.5,20392.0,1.0
27fe3bcbb296170406b340f5,2167,9ad16018440a,20393.0,20970.0,577.0,1,1.0,6.0,0.0,0.5,T4,2167,577.0,6.0,0.5,20393.0,1.0
d894fd1af131ed7a296716b5,2168,58540f191766,20393.0,20845.0,452.0,1,1.0,6.0,0.0,0.5,MISC,2168,452.0,6.0,0.5,20393.0,1.0
d894fd1af131ed7a296716b5,2169,58540f191766,20393.0,21780.0,1387.0,1,1.0,6.0,0.0,0.5,MISC,2169,1387.0,6.0,0.5,20393.0,1.0
d894fd1af131ed7a296716b5,2170,58540f191766,20393.0,24015.0,3622.0,1,1.0,6.0,0.0,0.5,MISC,2170,3622.0,6.0,0.5,20393.0,1.0
d894fd1af131ed7a296716b5,2171,58540f191766,20393.0,22586.0,2193.0,1,1.0,6.0,0.0,0.5,MISC,2171,2193.0,6.0,0.5,20393.0,1.0
d894fd1af131ed7a296716b5,2172,58540f191766,20393.0,22675.0,2282.0,1,1.0,6.0,0.0,0.5,MISC,2172,2282.0,6.0,0.5,20393.0,1.0
d894fd1af131ed7a296716b5,2173,58540f191766,20393.0,24247.0,3854.0,1,1.0,6.0,0.0,0.5,MISC,2173,3854.0,6.0,0.5,20393.0,1.0
d894fd1af131ed7a296716b5,2174,58540f191766,20393.0,20685.0,292.0,1,1.0,6.0,0.0,0.5,MISC,2174,292.0,6.0,0.5,20393.0,1.0
d894fd1af131ed7a296716b5,2175,58540f191766,20393.0,22646.0,2253.0,1,1.0,6.0,0.0,0.5,MISC,2175,2253.0,6.0,0.5,20393.0,1.0
d894fd1af131ed7a296716b5,2176,58540f191766,20394.0,23227.0,2833.0,1,1.0,6.0,0.0,0.5,MISC,2176,2833.0,6.0,0.5,20394.0,1.0
d894fd1af131ed7a296716b5,2177,58540f191766,20394.0,22315.0,1921.0,1,1.0,6.0,0.0,0.5,MISC,2177,1921.0,6.0,0.5,20394.0,1.0
d894fd1af131ed7a296716b5,2178,58540f191766,20394.0,22796.0,2402.0,1,1.0,6.0,0.0,0.5,MISC,2178,2402.0,6.0,0.5,20394.0,1.0
d894fd1af131ed7a296716b5,2179,58540f191766,20394.0,22386.0,1992.0,1,1.0,6.0,0.0,0.5,MISC,2179,1992.0,6.0,0.5,20394.0,1.0
d894fd1af131ed7a296716b5,2180,58540f191766,20394.0,22508.0,2114.0,1,1.0,6.0,0.0,0.5,MISC,2180,2114.0,6.0,0.5,20394.0,1.0
d894fd1af131ed7a296716b5,2181,58540f191766,20394.0,23073.0,2679.0,1,1.0,6.0,0.0,0.5,MISC,2181,2679.0,6.0,0.5,20394.0,1.0
d894fd1af131ed7a296716b5,2182,58540f191766,20394.0,22844.0,2450.0,1,1.0,6.0,0.0,0.5,MISC,2182,2450.0,6.0,0.5,20394.0,1.0
d894fd1af131ed7a296716b5,2183,58540f191766,20394.0,20694.0,300.0,1,1.0,6.0,0.0,0.5,MISC,2183,300.0,6.0,0.5,20394.0,1.0
d894fd1af131ed7a296716b5,2184,58540f191766,20394.0,23148.0,2754.0,1,1.0,6.0,0.0,0.5,MISC,2184,2754.0,6.0,0.5,20394.0,1.0
d894fd1af131ed7a296716b5,2185,58540f191766,20394.0,20674.0,280.0,1,1.0,6.0,0.0,0.5,MISC,2185,280.0,6.0,0.5,20394.0,1.0
d894fd1af131ed7a296716b5,2186,58540f191766,20394.0,22263.0,1869.0,1,1.0,6.0,0.0,0.5,MISC,2186,1869.0,6.0,0.5,20394.0,1.0
d894fd1af131ed7a296716b5,2187,58540f191766,20394.0,22426.0,2032.0,1,1.0,6.0,0.0,0.5,MISC,2187,2032.0,6.0,0.5,20394.0,1.0
d894fd1af131ed7a296716b5,2188,58540f191766,20394.0,37422.0,17028.0,1,1.0,6.0,0.0,0.5,MISC,2188,17028.0,6.0,0.5,20394.0,1.0
d894fd1af131ed7a296716b5,2189,58540f191766,20394.0,22061.0,1667.0,1,1.0,6.0,0.0,0.5,MISC,2189,1667.0,6.0,0.5,20394.0,1.0
d894fd1af131ed7a296716b5,2190,58540f191766,20395.0,24150.0,3755.0,1,1.0,6.0,0.0,0.5,MISC,2190,3755.0,6.0,0.5,20395.0,1.0
d894fd1af131ed7a296716b5,2191,58540f191766,20396.0,24161.0,3765.0,1,1.0,6.0,0.0,0.5,MISC,2191,3765.0,6.0,0.5,20396.0,1.0
d894fd1af131ed7a296716b5,2192,58540f191766,20397.0,20646.0,249.0,1,1.0,6.0,0.0,0.5,MISC,2192,249.0,6.0,0.5,20397.0,1.0
3e5fb00bf43aa67ee5c2b6d5,2193,f134c9ec05e3,20435.0,22868.0,2433.0,1,1.0,6.0,0.0,1.0,MISC,2193,2433.0,6.0,1.0,20435.0,1.0
3b3e097ad00b781fe6fbf202,2194,fb00f753b65b,20436.0,21078.0,642.0,1,1.0,6.0,0.0,1.0,MISC,2194,642.0,6.0,1.0,20436.0,1.0
40df54e413d319037102e297,2195,7b76597f4283,20471.0,20574.0,103.0,1,1.0,6.0,0.0,1.0,MISC,2195,103.0,6.0,1.0,20471.0,1.0
8ccb9c9fe88b53537e096dd9,2196,de69ddc1064e,20558.0,23220.0,2662.0,1,1.0,6.0,0.0,0.25,MISC,2196,2662.0,6.0,0.25,20558.0,1.0
f17e954e97558148ded21349,2197,c4cbaac9966d,20564.0,20907.0,343.0,1,1.0,10.0,0.0,0.5,T4,2197,343.0,10.0,0.5,20564.0,1.0
8ccb9c9fe88b53537e096dd9,2198,de69ddc1064e,20627.0,21289.0,662.0,1,1.0,6.0,0.0,1.0,MISC,2198,662.0,6.0,1.0,20627.0,1.0
2fe46f64538b8943a9882bab,2201,c677a0acf7c0,20663.0,27215.0,6552.0,1,1.0,6.0,0.0,0.25,MISC,2201,6552.0,6.0,0.25,20663.0,1.0
5241fd7d9a59d5917a2b54de,2202,262fbc8b0c98,20731.0,75809.0,55078.0,1,2.0,16.0,0.0,1.0,MISC,2202,55078.0,32.0,2.0,20731.0,2.0
3995073148156da8994ec8bb,2203,5f4cb64dc693,20739.0,20858.0,119.0,1,1.0,6.0,0.0,1.0,MISC,2203,119.0,6.0,1.0,20739.0,1.0
4338499d3c24cc35be17b44c,2205,5b1345f03aa1,20789.0,20824.0,35.0,1,1.0,6.0,0.0,1.0,MISC,2205,35.0,6.0,1.0,20789.0,1.0
e8efa65aa22dff1e98ff15d7,2207,b3bfe9b79bb5,20795.0,22054.0,1259.0,1,50.0,6.0,0.0,0.5,MISC,2207,1259.0,300.0,25.0,20795.0,50.0
e8efa65aa22dff1e98ff15d7,2209,b3bfe9b79bb5,20805.0,22021.0,1216.0,1,50.0,6.0,0.0,0.5,MISC,2209,1216.0,300.0,25.0,20805.0,50.0
3b3e097ad00b781fe6fbf202,2210,fb00f753b65b,20806.0,21438.0,632.0,1,1.0,6.0,0.0,1.0,MISC,2210,632.0,6.0,1.0,20806.0,1.0
2fe46f64538b8943a9882bab,2211,c677a0acf7c0,20822.0,23049.0,2227.0,1,1.0,6.0,0.0,0.25,MISC,2211,2227.0,6.0,0.25,20822.0,1.0
8ccb9c9fe88b53537e096dd9,2212,de69ddc1064e,20827.0,24429.0,3602.0,1,1.0,6.0,0.0,0.25,MISC,2212,3602.0,6.0,0.25,20827.0,1.0
95e3e86e9e73820232bf933a,2213,f961b1ebfe7e,20829.0,20959.0,130.0,1,1.0,6.0,0.0,0.25,MISC,2213,130.0,6.0,0.25,20829.0,1.0
8ccb9c9fe88b53537e096dd9,2214,de69ddc1064e,20829.0,23895.0,3066.0,1,1.0,6.0,0.0,0.25,MISC,2214,3066.0,6.0,0.25,20829.0,1.0
fdca1b26347a096dc8cd73ec,2216,edc10645cc3f,20847.0,21269.0,422.0,1,1.0,6.0,0.0,0.5,MISC,2216,422.0,6.0,0.5,20847.0,1.0
e14f55e56de8f9e707c8ff95,2217,42aa9724a88c,20870.0,20896.0,26.0,1,1.0,6.0,0.0,1.0,MISC,2217,26.0,6.0,1.0,20870.0,1.0
8ccb9c9fe88b53537e096dd9,2218,de69ddc1064e,20873.0,27030.0,6157.0,1,1.0,6.0,0.0,0.5,MISC,2218,6157.0,6.0,0.5,20873.0,1.0
8ccb9c9fe88b53537e096dd9,2219,de69ddc1064e,20873.0,26523.0,5650.0,1,1.0,6.0,0.0,0.5,MISC,2219,5650.0,6.0,0.5,20873.0,1.0
8ccb9c9fe88b53537e096dd9,2220,de69ddc1064e,20873.0,26756.0,5883.0,1,1.0,6.0,0.0,0.5,MISC,2220,5883.0,6.0,0.5,20873.0,1.0
8ccb9c9fe88b53537e096dd9,2221,de69ddc1064e,20873.0,26342.0,5469.0,1,1.0,6.0,0.0,0.5,MISC,2221,5469.0,6.0,0.5,20873.0,1.0
fdca1b26347a096dc8cd73ec,2223,edc10645cc3f,20911.0,26702.0,5791.0,1,15.0,6.0,0.0,0.5,MISC,2223,5791.0,90.0,7.5,20911.0,15.0
330c4567830246d94ee386d4,2224,766c6c1054bf,20940.0,21437.0,497.0,1,1.0,6.0,0.0,0.25,MISC,2224,497.0,6.0,0.25,20940.0,1.0
27fe3bcbb296170406b340f5,2225,9ad16018440a,21050.0,21628.0,578.0,1,1.0,6.0,0.0,0.5,T4,2225,578.0,6.0,0.5,21050.0,1.0
8ccb9c9fe88b53537e096dd9,2227,de69ddc1064e,21102.0,21370.0,268.0,1,4.0,6.0,0.0,0.25,MISC,2227,268.0,24.0,1.0,21102.0,4.0
f2c4b7ef9bca7bf8390f05cd,2228,1480b75a8c96,21104.0,22314.0,1210.0,1,1.0,6.0,0.0,1.0,T4,2228,1210.0,6.0,1.0,21104.0,1.0
3fdf3da3cf352dc2d1e02b3d,2230,dda07b53e47d,21224.0,27337.0,6113.0,1,4.0,6.0,0.0,0.5,T4,2230,6113.0,24.0,2.0,21224.0,4.0
143b087a9cf31f7f5c1b09ba,2231,f5440bdf32a5,21298.0,21353.0,55.0,1,1.0,6.0,0.0,1.0,MISC,2231,55.0,6.0,1.0,21298.0,1.0
143b087a9cf31f7f5c1b09ba,2232,f5440bdf32a5,21321.0,21412.0,91.0,1,1.0,6.0,0.0,1.0,MISC,2232,91.0,6.0,1.0,21321.0,1.0
6ce05c0db408367538a9bd9e,2234,0c3b5520dba6,21362.0,30915.0,9553.0,1,100.0,6.0,0.0,0.2,T4,2234,9553.0,600.0,20.0,21362.0,100.0
8ccb9c9fe88b53537e096dd9,2236,de69ddc1064e,21372.0,24901.0,3529.0,1,2.0,6.0,0.0,0.5,MISC,2236,3529.0,12.0,1.0,21372.0,2.0
e14f55e56de8f9e707c8ff95,2238,42aa9724a88c,21490.0,21550.0,60.0,1,1.0,6.0,0.0,0.25,MISC,2238,60.0,6.0,0.25,21490.0,1.0
0696d9170230c726b1278089,2239,06ed49c96a51,21512.0,26584.0,5072.0,1,5.0,0.05,0.0,1.0,MISC,2239,5072.0,0.25,5.0,21512.0,5.0
3b3e097ad00b781fe6fbf202,2240,fb00f753b65b,21530.0,21700.0,170.0,1,1.0,6.0,0.0,1.0,MISC,2240,170.0,6.0,1.0,21530.0,1.0
8ccb9c9fe88b53537e096dd9,2241,de69ddc1064e,21532.0,24005.0,2473.0,1,1.0,6.0,0.0,0.5,MISC,2241,2473.0,6.0,0.5,21532.0,1.0
30185446faeb493c1d55cacd,2242,a8192d6b0ae9,21621.0,21685.0,64.0,1,1.0,6.0,0.0,1.0,MISC,2242,64.0,6.0,1.0,21621.0,1.0
e14f55e56de8f9e707c8ff95,2243,42aa9724a88c,21644.0,21714.0,70.0,1,10.0,6.0,0.0,1.0,MISC,2243,70.0,60.0,10.0,21644.0,10.0
f17e954e97558148ded21349,2244,c4cbaac9966d,21646.0,21979.0,333.0,1,1.0,10.0,0.0,0.5,T4,2244,333.0,10.0,0.5,21646.0,1.0
8ccb9c9fe88b53537e096dd9,2245,de69ddc1064e,21651.0,32393.0,10742.0,1,1.0,40.0,0.0,1.0,MISC,2245,10742.0,40.0,1.0,21651.0,1.0
07a7440f33d2bfb59804064b,2246,9cc55781f4a6,21672.0,23315.0,1643.0,1,1.0,6.0,0.0,0.25,T4,2246,1643.0,6.0,0.25,21672.0,1.0
be3edda1d9c0ed26898d63a6,2247,e2ceaece17db,21678.0,22639.0,961.0,1,1.0,6.0,0.0,1.0,MISC,2247,961.0,6.0,1.0,21678.0,1.0
fdca1b26347a096dc8cd73ec,2248,edc10645cc3f,21686.0,22239.0,553.0,1,20.0,6.0,0.0,1.0,MISC,2248,553.0,120.0,20.0,21686.0,20.0
4338499d3c24cc35be17b44c,2250,5b1345f03aa1,21724.0,21821.0,97.0,1,1.0,6.0,0.0,1.0,MISC,2250,97.0,6.0,1.0,21724.0,1.0
27fe3bcbb296170406b340f5,2251,9ad16018440a,21742.0,22320.0,578.0,1,1.0,6.0,0.0,0.5,T4,2251,578.0,6.0,0.5,21742.0,1.0
30185446faeb493c1d55cacd,2252,a8192d6b0ae9,21798.0,21834.0,36.0,1,1.0,6.0,0.0,1.0,MISC,2252,36.0,6.0,1.0,21798.0,1.0
b53f9ebd1eeeea726d1dac78,2253,2cbd33b08024,21829.0,22347.0,518.0,1,1.0,6.0,0.0,0.25,MISC,2253,518.0,6.0,0.25,21829.0,1.0
e14f55e56de8f9e707c8ff95,2254,42aa9724a88c,21829.0,21873.0,44.0,1,1.0,6.0,0.0,1.0,MISC,2254,44.0,6.0,1.0,21829.0,1.0
845ebc87e40bad0db5b37e26,2255,f14128db0160,21874.0,21922.0,48.0,1,1.0,6.0,0.0,2.0,MISC,2255,48.0,6.0,2.0,21874.0,1.0
f2c4b7ef9bca7bf8390f05cd,2256,1480b75a8c96,21881.0,22196.0,315.0,1,1.0,6.0,0.0,1.0,T4,2256,315.0,6.0,1.0,21881.0,1.0
3b3e097ad00b781fe6fbf202,2257,fb00f753b65b,21902.0,22737.0,835.0,1,1.0,6.0,0.0,1.0,MISC,2257,835.0,6.0,1.0,21902.0,1.0
143b087a9cf31f7f5c1b09ba,2258,f5440bdf32a5,21910.0,22055.0,145.0,1,1.0,6.0,0.0,1.0,MISC,2258,145.0,6.0,1.0,21910.0,1.0
8ccb9c9fe88b53537e096dd9,2260,de69ddc1064e,21930.0,36302.0,14372.0,1,16.0,6.0,0.0,0.5,MISC,2260,14372.0,96.0,8.0,21930.0,16.0
d894fd1af131ed7a296716b5,2261,58540f191766,21965.0,24420.0,2455.0,1,1.0,6.0,0.0,0.25,MISC,2261,2455.0,6.0,0.25,21965.0,1.0
d894fd1af131ed7a296716b5,2262,58540f191766,21970.0,42035.0,20065.0,1,1.0,6.0,0.0,0.5,MISC,2262,20065.0,6.0,0.5,21970.0,1.0
e8efa65aa22dff1e98ff15d7,2263,b3bfe9b79bb5,22032.0,25211.0,3179.0,1,1.0,18.0,0.0,1.0,MISC,2263,3179.0,18.0,1.0,22032.0,1.0
143b087a9cf31f7f5c1b09ba,2264,f5440bdf32a5,22039.0,22186.0,147.0,1,1.0,6.0,0.0,1.0,MISC,2264,147.0,6.0,1.0,22039.0,1.0
f17e954e97558148ded21349,2265,c4cbaac9966d,22092.0,22237.0,145.0,1,1.0,10.0,0.0,0.5,T4,2265,145.0,10.0,0.5,22092.0,1.0
6c3063994722f1e538b28a1a,2268,d7052eeddab7,22121.0,24044.0,1923.0,1,1.0,1.0,0.0,1.0,MISC,2268,1923.0,1.0,1.0,22121.0,1.0
88c84c90f8fd4f5dc2a6226a,2269,aed9083d82ef,22151.0,22687.0,536.0,1,30.0,6.0,0.0,1.0,T4,2269,536.0,180.0,30.0,22151.0,30.0
3e5fb00bf43aa67ee5c2b6d5,2270,f134c9ec05e3,22153.0,22336.0,183.0,1,1.0,6.0,0.0,0.5,MISC,2270,183.0,6.0,0.5,22153.0,1.0
fdca1b26347a096dc8cd73ec,2271,edc10645cc3f,22175.0,22577.0,402.0,1,10.0,6.0,0.0,1.0,MISC,2271,402.0,60.0,10.0,22175.0,10.0
6c3063994722f1e538b28a1a,2272,d7052eeddab7,22207.0,22841.0,634.0,1,1.0,1.0,0.0,1.0,MISC,2272,634.0,1.0,1.0,22207.0,1.0
d894fd1af131ed7a296716b5,2273,58540f191766,22220.0,40332.0,18112.0,1,1.0,6.0,0.0,1.0,MISC,2273,18112.0,6.0,1.0,22220.0,1.0
d894fd1af131ed7a296716b5,2274,58540f191766,22220.0,43522.0,21302.0,1,1.0,6.0,0.0,1.0,MISC,2274,21302.0,6.0,1.0,22220.0,1.0
d894fd1af131ed7a296716b5,2275,58540f191766,22220.0,41066.0,18846.0,1,1.0,6.0,0.0,1.0,MISC,2275,18846.0,6.0,1.0,22220.0,1.0
d894fd1af131ed7a296716b5,2276,58540f191766,22221.0,38335.0,16114.0,1,1.0,6.0,0.0,1.0,MISC,2276,16114.0,6.0,1.0,22221.0,1.0
d894fd1af131ed7a296716b5,2277,58540f191766,22222.0,41307.0,19085.0,1,1.0,6.0,0.0,1.0,MISC,2277,19085.0,6.0,1.0,22222.0,1.0
f2c4b7ef9bca7bf8390f05cd,2278,1480b75a8c96,22224.0,22247.0,23.0,1,1.0,6.0,0.0,1.0,T4,2278,23.0,6.0,1.0,22224.0,1.0
f17e954e97558148ded21349,2280,c4cbaac9966d,22237.0,22756.0,519.0,1,1.0,10.0,0.0,0.5,T4,2280,519.0,10.0,0.5,22237.0,1.0
3995073148156da8994ec8bb,2281,5f4cb64dc693,22238.0,22438.0,200.0,1,5.0,1.0,0.0,1.0,MISC,2281,200.0,5.0,5.0,22238.0,5.0
8ccb9c9fe88b53537e096dd9,2282,de69ddc1064e,22302.0,29269.0,6967.0,1,1.0,6.0,0.0,0.5,MISC,2282,6967.0,6.0,0.5,22302.0,1.0
8ccb9c9fe88b53537e096dd9,2285,de69ddc1064e,22357.0,29276.0,6919.0,1,1.0,6.0,0.0,1.0,MISC,2285,6919.0,6.0,1.0,22357.0,1.0
ed05e49c01b1f7aa2c7e3ef0,2286,88a6aff0a9f8,22389.0,26120.0,3731.0,1,1.0,6.0,0.0,0.25,MISC,2286,3731.0,6.0,0.25,22389.0,1.0
27fe3bcbb296170406b340f5,2287,9ad16018440a,22393.0,22971.0,578.0,1,1.0,6.0,0.0,0.5,T4,2287,578.0,6.0,0.5,22393.0,1.0
8ccb9c9fe88b53537e096dd9,2288,de69ddc1064e,22409.0,22458.0,49.0,1,1.0,6.0,0.0,0.25,MISC,2288,49.0,6.0,0.25,22409.0,1.0
8ccb9c9fe88b53537e096dd9,2289,de69ddc1064e,22426.0,30351.0,7925.0,1,1.0,6.0,0.0,0.5,MISC,2289,7925.0,6.0,0.5,22426.0,1.0
4338499d3c24cc35be17b44c,2290,5b1345f03aa1,22527.0,22591.0,64.0,1,1.0,6.0,0.0,1.0,MISC,2290,64.0,6.0,1.0,22527.0,1.0
845ebc87e40bad0db5b37e26,2291,f14128db0160,22537.0,22718.0,181.0,1,1.0,6.0,0.0,2.0,MISC,2291,181.0,6.0,2.0,22537.0,1.0
4338499d3c24cc35be17b44c,2293,5b1345f03aa1,22586.0,22626.0,40.0,1,1.0,6.0,0.0,1.0,MISC,2293,40.0,6.0,1.0,22586.0,1.0
4338499d3c24cc35be17b44c,2296,5b1345f03aa1,22620.0,23236.0,616.0,1,1.0,6.0,0.0,1.0,MISC,2296,616.0,6.0,1.0,22620.0,1.0
4338499d3c24cc35be17b44c,2297,5b1345f03aa1,22623.0,22710.0,87.0,1,1.0,6.0,0.0,0.25,MISC,2297,87.0,6.0,0.25,22623.0,1.0
6ce05c0db408367538a9bd9e,2298,0c3b5520dba6,22627.0,25879.0,3252.0,1,1.0,6.0,0.0,1.0,T4,2298,3252.0,6.0,1.0,22627.0,1.0
4338499d3c24cc35be17b44c,2299,5b1345f03aa1,22634.0,23183.0,549.0,1,1.0,6.0,0.0,1.0,MISC,2299,549.0,6.0,1.0,22634.0,1.0
143b087a9cf31f7f5c1b09ba,2300,f5440bdf32a5,22639.0,22688.0,49.0,1,1.0,6.0,0.0,1.0,MISC,2300,49.0,6.0,1.0,22639.0,1.0
4338499d3c24cc35be17b44c,2301,5b1345f03aa1,22647.0,23215.0,568.0,1,1.0,6.0,0.0,1.0,MISC,2301,568.0,6.0,1.0,22647.0,1.0
4338499d3c24cc35be17b44c,2302,5b1345f03aa1,22664.0,23082.0,418.0,1,1.0,6.0,0.0,1.0,MISC,2302,418.0,6.0,1.0,22664.0,1.0
3fdf3da3cf352dc2d1e02b3d,2304,dda07b53e47d,22679.0,38554.0,15875.0,1,1.0,6.0,0.0,0.25,T4,2304,15875.0,6.0,0.25,22679.0,1.0
4338499d3c24cc35be17b44c,2305,5b1345f03aa1,22680.0,23101.0,421.0,1,1.0,6.0,0.0,1.0,MISC,2305,421.0,6.0,1.0,22680.0,1.0
4c63a741106edc46bc1729dd,2306,18febf35d3a1,22721.0,22929.0,208.0,1,1.0,6.0,0.0,1.0,MISC,2306,208.0,6.0,1.0,22721.0,1.0
e14f55e56de8f9e707c8ff95,2307,42aa9724a88c,22727.0,22778.0,51.0,1,1.0,6.0,0.0,1.0,MISC,2307,51.0,6.0,1.0,22727.0,1.0
143b087a9cf31f7f5c1b09ba,2308,f5440bdf32a5,22770.0,22823.0,53.0,1,1.0,6.0,0.0,1.0,MISC,2308,53.0,6.0,1.0,22770.0,1.0
1ccc18d7d13073b642b3a016,2309,d4d51aca8806,22772.0,23031.0,259.0,1,10.0,6.0,0.0,0.5,T4,2309,259.0,60.0,5.0,22772.0,10.0
0e113fe8f6b4153745d87b60,2311,035b9488e79a,22776.0,48838.0,26062.0,1,8.0,6.0,0.0,1.0,MISC,2311,26062.0,48.0,8.0,22776.0,8.0
1ccc18d7d13073b642b3a016,2312,d4d51aca8806,22790.0,23000.0,210.0,1,10.0,6.0,0.0,0.5,T4,2312,210.0,60.0,5.0,22790.0,10.0
f17e954e97558148ded21349,2313,c4cbaac9966d,22825.0,23477.0,652.0,1,1.0,10.0,0.0,0.5,T4,2313,652.0,10.0,0.5,22825.0,1.0
8ccb9c9fe88b53537e096dd9,2314,de69ddc1064e,22897.0,26051.0,3154.0,1,1.0,6.0,0.0,0.5,MISC,2314,3154.0,6.0,0.5,22897.0,1.0
6c3063994722f1e538b28a1a,2315,d7052eeddab7,22913.0,22950.0,37.0,1,1.0,6.0,0.0,1.0,MISC,2315,37.0,6.0,1.0,22913.0,1.0
4338499d3c24cc35be17b44c,2316,5b1345f03aa1,22925.0,23634.0,709.0,1,1.0,6.0,0.0,1.0,MISC,2316,709.0,6.0,1.0,22925.0,1.0
1ccc18d7d13073b642b3a016,2318,d4d51aca8806,22961.0,32127.0,9166.0,1,10.0,6.0,0.0,0.5,T4,2318,9166.0,60.0,5.0,22961.0,10.0
8ccb9c9fe88b53537e096dd9,2319,de69ddc1064e,22962.0,25708.0,2746.0,1,30.0,6.0,0.0,0.5,MISC,2319,2746.0,180.0,15.0,22962.0,30.0
fdca1b26347a096dc8cd73ec,2321,edc10645cc3f,22969.0,28439.0,5470.0,1,10.0,6.0,0.0,0.5,MISC,2321,5470.0,60.0,5.0,22969.0,10.0
1ccc18d7d13073b642b3a016,2322,d4d51aca8806,22993.0,23299.0,306.0,1,10.0,6.0,0.0,0.5,T4,2322,306.0,60.0,5.0,22993.0,10.0
1ce74e0e0b7d42abe83c84a6,2323,669fba973167,23002.0,23217.0,215.0,1,1.0,4.0,0.0,1.0,MISC,2323,215.0,4.0,1.0,23002.0,1.0
4c63a741106edc46bc1729dd,2324,18febf35d3a1,23006.0,23266.0,260.0,1,1.0,6.0,0.0,1.0,MISC,2324,260.0,6.0,1.0,23006.0,1.0
1ccc18d7d13073b642b3a016,2325,d4d51aca8806,23008.0,23448.0,440.0,1,10.0,6.0,0.0,0.5,T4,2325,440.0,60.0,5.0,23008.0,10.0
1ccc18d7d13073b642b3a016,2326,d4d51aca8806,23016.0,24929.0,1913.0,1,10.0,6.0,0.0,0.5,T4,2326,1913.0,60.0,5.0,23016.0,10.0
4338499d3c24cc35be17b44c,2327,5b1345f03aa1,23020.0,48839.0,25819.0,1,1.0,18.0,0.0,1.0,MISC,2327,25819.0,18.0,1.0,23020.0,1.0
27fe3bcbb296170406b340f5,2328,9ad16018440a,23043.0,23621.0,578.0,1,1.0,6.0,0.0,0.5,T4,2328,578.0,6.0,0.5,23043.0,1.0
21858ac282f1092bb15f8831,2329,45bd92802aa9,23058.0,23253.0,195.0,1,1.0,6.0,0.0,1.0,T4,2329,195.0,6.0,1.0,23058.0,1.0
07a7440f33d2bfb59804064b,2330,9cc55781f4a6,23087.0,23423.0,336.0,1,1.0,6.0,0.0,0.25,T4,2330,336.0,6.0,0.25,23087.0,1.0
4338499d3c24cc35be17b44c,2331,5b1345f03aa1,23111.0,23615.0,504.0,1,1.0,6.0,0.0,1.0,MISC,2331,504.0,6.0,1.0,23111.0,1.0
4338499d3c24cc35be17b44c,2332,5b1345f03aa1,23116.0,23694.0,578.0,1,1.0,6.0,0.0,1.0,MISC,2332,578.0,6.0,1.0,23116.0,1.0
8ccb9c9fe88b53537e096dd9,2333,de69ddc1064e,23140.0,24770.0,1630.0,1,1.0,6.0,0.0,0.25,MISC,2333,1630.0,6.0,0.25,23140.0,1.0
4338499d3c24cc35be17b44c,2334,5b1345f03aa1,23169.0,25470.0,2301.0,1,4.0,1.0,0.0,1.0,MISC,2334,2301.0,4.0,4.0,23169.0,4.0
40df54e413d319037102e297,2335,7b76597f4283,23185.0,23634.0,449.0,1,1.0,6.0,0.0,1.0,MISC,2335,449.0,6.0,1.0,23185.0,1.0
4338499d3c24cc35be17b44c,2336,5b1345f03aa1,23210.0,23709.0,499.0,1,1.0,6.0,0.0,1.0,MISC,2336,499.0,6.0,1.0,23210.0,1.0
3d0c139b04089a66f8327da1,2338,442acb263bf0,23246.0,23493.0,247.0,1,1.0,6.0,0.0,1.0,MISC,2338,247.0,6.0,1.0,23246.0,1.0
4d8fee7f10bd7edbb75b96b3,2339,b2c52019b2c6,23246.0,24154.0,908.0,1,20.0,6.0,0.0,0.25,MISC,2339,908.0,120.0,5.0,23246.0,20.0
1ccc18d7d13073b642b3a016,2340,d4d51aca8806,23249.0,24434.0,1185.0,1,10.0,6.0,0.0,0.5,T4,2340,1185.0,60.0,5.0,23249.0,10.0
4338499d3c24cc35be17b44c,2341,5b1345f03aa1,23310.0,28441.0,5131.0,1,1.0,6.0,0.0,1.0,MISC,2341,5131.0,6.0,1.0,23310.0,1.0
8ccb9c9fe88b53537e096dd9,2343,de69ddc1064e,23334.0,36536.0,13202.0,1,16.0,6.0,0.0,0.5,MISC,2343,13202.0,96.0,8.0,23334.0,16.0
2fe46f64538b8943a9882bab,2346,c677a0acf7c0,23355.0,26259.0,2904.0,1,5.0,2.0,0.0,1.0,MISC,2346,2904.0,10.0,5.0,23355.0,5.0
07a7440f33d2bfb59804064b,2347,9cc55781f4a6,23360.0,24510.0,1150.0,1,1.0,6.0,0.0,1.0,T4,2347,1150.0,6.0,1.0,23360.0,1.0
4338499d3c24cc35be17b44c,2348,5b1345f03aa1,23393.0,23790.0,397.0,1,1.0,6.0,0.0,1.0,MISC,2348,397.0,6.0,1.0,23393.0,1.0
1ccc18d7d13073b642b3a016,2353,d4d51aca8806,23405.0,25724.0,2319.0,1,10.0,6.0,0.0,0.5,T4,2353,2319.0,60.0,5.0,23405.0,10.0
e8efa65aa22dff1e98ff15d7,2354,b3bfe9b79bb5,23406.0,25135.0,1729.0,1,100.0,4.0,0.0,0.2,MISC,2354,1729.0,400.0,20.0,23406.0,100.0
e8efa65aa22dff1e98ff15d7,2355,b3bfe9b79bb5,23407.0,24691.0,1284.0,1,50.0,4.0,0.0,0.5,MISC,2355,1284.0,200.0,25.0,23407.0,50.0
8ccb9c9fe88b53537e096dd9,2357,de69ddc1064e,23414.0,38505.0,15091.0,1,20.0,6.0,0.0,0.5,MISC,2357,15091.0,120.0,10.0,23414.0,20.0
e8efa65aa22dff1e98ff15d7,2358,b3bfe9b79bb5,23423.0,23473.0,50.0,1,1.0,6.0,0.0,0.25,MISC,2358,50.0,6.0,0.25,23423.0,1.0
143b087a9cf31f7f5c1b09ba,2359,f5440bdf32a5,23441.0,23574.0,133.0,1,1.0,6.0,0.0,1.0,MISC,2359,133.0,6.0,1.0,23441.0,1.0
4338499d3c24cc35be17b44c,2361,5b1345f03aa1,23475.0,23523.0,48.0,1,1.0,6.0,0.0,1.0,MISC,2361,48.0,6.0,1.0,23475.0,1.0
1ccc18d7d13073b642b3a016,2362,d4d51aca8806,23481.0,48228.0,24747.0,1,10.0,6.0,0.0,0.5,T4,2362,24747.0,60.0,5.0,23481.0,10.0
1ccc18d7d13073b642b3a016,2363,d4d51aca8806,23482.0,27564.0,4082.0,1,10.0,6.0,0.0,0.5,T4,2363,4082.0,60.0,5.0,23482.0,10.0
1ccc18d7d13073b642b3a016,2364,d4d51aca8806,23489.0,23664.0,175.0,1,10.0,6.0,0.0,0.5,T4,2364,175.0,60.0,5.0,23489.0,10.0
f2c4b7ef9bca7bf8390f05cd,2365,1480b75a8c96,23539.0,23865.0,326.0,1,1.0,6.0,0.0,1.0,T4,2365,326.0,6.0,1.0,23539.0,1.0
4338499d3c24cc35be17b44c,2367,5b1345f03aa1,23548.0,24411.0,863.0,1,1.0,6.0,0.0,0.5,MISC,2367,863.0,6.0,0.5,23548.0,1.0
330c4567830246d94ee386d4,2368,766c6c1054bf,23576.0,24279.0,703.0,1,1.0,6.0,0.0,0.5,MISC,2368,703.0,6.0,0.5,23576.0,1.0
07a7440f33d2bfb59804064b,2369,9cc55781f4a6,23584.0,23650.0,66.0,1,1.0,6.0,0.0,1.0,T4,2369,66.0,6.0,1.0,23584.0,1.0
8ccb9c9fe88b53537e096dd9,2370,de69ddc1064e,23602.0,26803.0,3201.0,1,1.0,6.0,0.0,0.25,MISC,2370,3201.0,6.0,0.25,23602.0,1.0
e14f55e56de8f9e707c8ff95,2371,42aa9724a88c,23625.0,23674.0,49.0,1,1.0,6.0,0.0,1.0,MISC,2371,49.0,6.0,1.0,23625.0,1.0
9c6554174b06015a7af561c6,2372,41f97a75a037,23626.0,23650.0,24.0,1,1.0,6.0,0.0,1.0,T4,2372,24.0,6.0,1.0,23626.0,1.0
8ccb9c9fe88b53537e096dd9,2374,de69ddc1064e,23649.0,25281.0,1632.0,1,30.0,6.0,0.0,0.25,MISC,2374,1632.0,180.0,7.5,23649.0,30.0
fdca1b26347a096dc8cd73ec,2376,edc10645cc3f,23668.0,38964.0,15296.0,1,15.0,6.0,0.0,0.25,MISC,2376,15296.0,90.0,3.75,23668.0,15.0
07a7440f33d2bfb59804064b,2377,9cc55781f4a6,23684.0,23700.0,16.0,1,1.0,6.0,0.0,1.0,T4,2377,16.0,6.0,1.0,23684.0,1.0
40df54e413d319037102e297,2378,7b76597f4283,23699.0,24324.0,625.0,1,1.0,6.0,0.0,1.0,MISC,2378,625.0,6.0,1.0,23699.0,1.0
27fe3bcbb296170406b340f5,2379,9ad16018440a,23699.0,24277.0,578.0,1,1.0,6.0,0.0,0.5,T4,2379,578.0,6.0,0.5,23699.0,1.0
049570305e6b0ab6aa86bf60,2380,29380421d3fc,23700.0,23744.0,44.0,1,1.0,6.0,0.0,1.0,T4,2380,44.0,6.0,1.0,23700.0,1.0
8ccb9c9fe88b53537e096dd9,2383,de69ddc1064e,23710.0,37957.0,14247.0,1,30.0,6.0,0.0,0.25,MISC,2383,14247.0,180.0,7.5,23710.0,30.0
8ccb9c9fe88b53537e096dd9,2385,de69ddc1064e,23710.0,40619.0,16909.0,1,30.0,6.0,0.0,0.25,MISC,2385,16909.0,180.0,7.5,23710.0,30.0
8ccb9c9fe88b53537e096dd9,2386,de69ddc1064e,23713.0,39614.0,15901.0,1,30.0,6.0,0.0,0.25,MISC,2386,15901.0,180.0,7.5,23713.0,30.0
ed05e49c01b1f7aa2c7e3ef0,2388,88a6aff0a9f8,23776.0,26673.0,2897.0,1,1.0,6.0,0.0,1.0,MISC,2388,2897.0,6.0,1.0,23776.0,1.0
1ccc18d7d13073b642b3a016,2389,d4d51aca8806,23782.0,41804.0,18022.0,1,10.0,6.0,0.0,0.5,T4,2389,18022.0,60.0,5.0,23782.0,10.0
4338499d3c24cc35be17b44c,2391,5b1345f03aa1,23803.0,23846.0,43.0,1,1.0,6.0,0.0,0.25,MISC,2391,43.0,6.0,0.25,23803.0,1.0
4338499d3c24cc35be17b44c,2392,5b1345f03aa1,23819.0,24109.0,290.0,1,1.0,6.0,0.0,0.25,MISC,2392,290.0,6.0,0.25,23819.0,1.0
4338499d3c24cc35be17b44c,2393,5b1345f03aa1,23825.0,23947.0,122.0,1,1.0,6.0,0.0,0.25,MISC,2393,122.0,6.0,0.25,23825.0,1.0
4338499d3c24cc35be17b44c,2394,5b1345f03aa1,23834.0,23947.0,113.0,1,1.0,6.0,0.0,0.25,MISC,2394,113.0,6.0,0.25,23834.0,1.0
f17e954e97558148ded21349,2395,c4cbaac9966d,23850.0,24187.0,337.0,1,1.0,10.0,0.0,0.5,T4,2395,337.0,10.0,0.5,23850.0,1.0
fdca1b26347a096dc8cd73ec,2396,edc10645cc3f,23864.0,23945.0,81.0,1,1.0,6.0,0.0,1.0,MISC,2396,81.0,6.0,1.0,23864.0,1.0
4338499d3c24cc35be17b44c,2397,5b1345f03aa1,23877.0,24098.0,221.0,1,1.0,6.0,0.0,0.5,MISC,2397,221.0,6.0,0.5,23877.0,1.0
8ccb9c9fe88b53537e096dd9,2399,de69ddc1064e,23883.0,41678.0,17795.0,1,4.0,6.0,0.0,0.5,MISC,2399,17795.0,24.0,2.0,23883.0,4.0
f2c4b7ef9bca7bf8390f05cd,2400,1480b75a8c96,23894.0,24848.0,954.0,1,1.0,6.0,0.0,1.0,T4,2400,954.0,6.0,1.0,23894.0,1.0
e8efa65aa22dff1e98ff15d7,2401,b3bfe9b79bb5,23914.0,31464.0,7550.0,1,20.0,16.0,0.0,1.0,P100,2401,7550.0,320.0,20.0,23914.0,20.0
8ccb9c9fe88b53537e096dd9,2402,de69ddc1064e,23929.0,23995.0,66.0,1,1.0,6.0,0.0,1.0,MISC,2402,66.0,6.0,1.0,23929.0,1.0
3995073148156da8994ec8bb,2404,5f4cb64dc693,23935.0,23965.0,30.0,1,1.0,6.0,0.0,1.0,MISC,2404,30.0,6.0,1.0,23935.0,1.0
40df54e413d319037102e297,2405,7b76597f4283,23949.0,25649.0,1700.0,1,1.0,6.0,0.0,1.0,MISC,2405,1700.0,6.0,1.0,23949.0,1.0
0be3971157d6c504afbc3397,2406,354e3b81c515,24002.0,24025.0,23.0,1,1.0,6.0,0.0,1.0,MISC,2406,23.0,6.0,1.0,24002.0,1.0
8ccb9c9fe88b53537e096dd9,2407,de69ddc1064e,24051.0,28881.0,4830.0,1,1.0,6.0,0.0,1.0,MISC,2407,4830.0,6.0,1.0,24051.0,1.0
40df54e413d319037102e297,2408,7b76597f4283,24072.0,25749.0,1677.0,1,1.0,6.0,0.0,1.0,MISC,2408,1677.0,6.0,1.0,24072.0,1.0
8ccb9c9fe88b53537e096dd9,2411,de69ddc1064e,24089.0,33715.0,9626.0,1,30.0,6.0,0.0,0.25,MISC,2411,9626.0,180.0,7.5,24089.0,30.0
8ccb9c9fe88b53537e096dd9,2412,de69ddc1064e,24091.0,54958.0,30867.0,1,4.0,6.0,0.0,0.5,MISC,2412,30867.0,24.0,2.0,24091.0,4.0
6c3063994722f1e538b28a1a,2413,d7052eeddab7,24105.0,24136.0,31.0,1,1.0,6.0,0.0,1.0,P100,2413,31.0,6.0,1.0,24105.0,1.0
0381d6db958250b056960f1d,2414,47baba33cffe,24168.0,26513.0,2345.0,1,1.0,6.0,0.0,1.0,T4,2414,2345.0,6.0,1.0,24168.0,1.0
3e5fb00bf43aa67ee5c2b6d5,2415,f134c9ec05e3,24181.0,31991.0,7810.0,1,1.0,6.0,0.0,1.0,MISC,2415,7810.0,6.0,1.0,24181.0,1.0
4338499d3c24cc35be17b44c,2416,5b1345f03aa1,24186.0,24249.0,63.0,1,1.0,6.0,0.0,0.25,MISC,2416,63.0,6.0,0.25,24186.0,1.0
3e5fb00bf43aa67ee5c2b6d5,2417,f134c9ec05e3,24195.0,28657.0,4462.0,1,1.0,6.0,0.0,1.0,MISC,2417,4462.0,6.0,1.0,24195.0,1.0
3995073148156da8994ec8bb,2422,5f4cb64dc693,24235.0,24369.0,134.0,1,1.0,6.0,0.0,1.0,P100,2422,134.0,6.0,1.0,24235.0,1.0
5241fd7d9a59d5917a2b54de,2423,262fbc8b0c98,24277.0,24394.0,117.0,1,3.0,3.0,0.0,1.0,MISC,2423,117.0,9.0,3.0,24277.0,3.0
bcefc24202843f241d4a17ec,2424,3f5d4699c3a6,24312.0,25131.0,819.0,1,2.0,1.0,0.0,1.0,MISC,2424,819.0,2.0,2.0,24312.0,2.0
40df54e413d319037102e297,2427,7b76597f4283,24323.0,24782.0,459.0,1,1.0,6.0,0.0,1.0,MISC,2427,459.0,6.0,1.0,24323.0,1.0
40df54e413d319037102e297,2428,7b76597f4283,24325.0,24842.0,517.0,1,1.0,6.0,0.0,1.0,MISC,2428,517.0,6.0,1.0,24325.0,1.0
40df54e413d319037102e297,2429,7b76597f4283,24325.0,25083.0,758.0,1,1.0,6.0,0.0,1.0,MISC,2429,758.0,6.0,1.0,24325.0,1.0
40df54e413d319037102e297,2430,7b76597f4283,24326.0,24843.0,517.0,1,1.0,6.0,0.0,1.0,MISC,2430,517.0,6.0,1.0,24326.0,1.0
8ccb9c9fe88b53537e096dd9,2431,de69ddc1064e,24339.0,25213.0,874.0,1,1.0,6.0,0.0,0.25,MISC,2431,874.0,6.0,0.25,24339.0,1.0
27fe3bcbb296170406b340f5,2432,9ad16018440a,24352.0,24930.0,578.0,1,1.0,6.0,0.0,0.5,T4,2432,578.0,6.0,0.5,24352.0,1.0
4338499d3c24cc35be17b44c,2434,5b1345f03aa1,24374.0,24418.0,44.0,1,1.0,6.0,0.0,1.0,MISC,2434,44.0,6.0,1.0,24374.0,1.0
8ccb9c9fe88b53537e096dd9,2436,de69ddc1064e,24392.0,49288.0,24896.0,1,5.0,6.0,0.0,0.25,MISC,2436,24896.0,30.0,1.25,24392.0,5.0
d894fd1af131ed7a296716b5,2437,58540f191766,24430.0,27154.0,2724.0,1,1.0,18.0,0.0,1.0,MISC,2437,2724.0,18.0,1.0,24430.0,1.0
e14f55e56de8f9e707c8ff95,2438,42aa9724a88c,24497.0,24549.0,52.0,1,1.0,6.0,0.0,1.0,MISC,2438,52.0,6.0,1.0,24497.0,1.0
8ccb9c9fe88b53537e096dd9,2440,de69ddc1064e,24522.0,32973.0,8451.0,1,30.0,6.0,0.0,0.25,MISC,2440,8451.0,180.0,7.5,24522.0,30.0
4d8fee7f10bd7edbb75b96b3,2441,b2c52019b2c6,24531.0,24650.0,119.0,1,1.0,6.0,0.0,1.0,MISC,2441,119.0,6.0,1.0,24531.0,1.0
e8efa65aa22dff1e98ff15d7,2443,b3bfe9b79bb5,24571.0,24902.0,331.0,1,10.0,4.0,0.0,1.0,MISC,2443,331.0,40.0,10.0,24571.0,10.0
e8efa65aa22dff1e98ff15d7,2445,b3bfe9b79bb5,24593.0,25185.0,592.0,1,10.0,6.0,0.0,1.0,P100,2445,592.0,60.0,10.0,24593.0,10.0
693694aff93ce4f9a8bbdfd6,2446,b13fd7656207,24605.0,30730.0,6125.0,1,1.0,8.0,0.0,1.0,T4,2446,6125.0,8.0,1.0,24605.0,1.0
6ce05c0db408367538a9bd9e,2448,0c3b5520dba6,24640.0,39284.0,14644.0,1,100.0,3.0,0.0,0.1,T4,2448,14644.0,300.0,10.0,24640.0,100.0
4338499d3c24cc35be17b44c,2449,5b1345f03aa1,24642.0,24925.0,283.0,1,1.0,6.0,0.0,0.5,MISC,2449,283.0,6.0,0.5,24642.0,1.0
8ccb9c9fe88b53537e096dd9,2450,de69ddc1064e,24645.0,41219.0,16574.0,1,30.0,6.0,0.0,0.25,P100,2450,16574.0,180.0,7.5,24645.0,30.0
1ccc18d7d13073b642b3a016,2451,d4d51aca8806,24738.0,34229.0,9491.0,1,40.0,2.0,0.0,0.2,T4,2451,9491.0,80.0,8.0,24738.0,40.0
e8efa65aa22dff1e98ff15d7,2453,b3bfe9b79bb5,24772.0,24851.0,79.0,1,50.0,4.0,0.0,1.0,MISC,2453,79.0,200.0,50.0,24772.0,50.0
f17e954e97558148ded21349,2454,c4cbaac9966d,24778.0,25146.0,368.0,1,1.0,10.0,0.0,0.5,T4,2454,368.0,10.0,0.5,24778.0,1.0
40df54e413d319037102e297,2455,7b76597f4283,24800.0,28863.0,4063.0,1,1.0,6.0,0.0,1.0,MISC,2455,4063.0,6.0,1.0,24800.0,1.0
8ccb9c9fe88b53537e096dd9,2456,de69ddc1064e,24815.0,24880.0,65.0,1,1.0,6.0,0.0,0.25,MISC,2456,65.0,6.0,0.25,24815.0,1.0
8ccb9c9fe88b53537e096dd9,2458,de69ddc1064e,24836.0,27822.0,2986.0,1,5.0,6.0,0.0,0.25,MISC,2458,2986.0,30.0,1.25,24836.0,5.0
3e5fb00bf43aa67ee5c2b6d5,2459,f134c9ec05e3,24837.0,25756.0,919.0,1,4.0,1.0,0.0,1.0,MISC,2459,919.0,4.0,4.0,24837.0,4.0
40df54e413d319037102e297,2460,7b76597f4283,24842.0,25043.0,201.0,1,1.0,6.0,0.0,1.0,MISC,2460,201.0,6.0,1.0,24842.0,1.0
0381d6db958250b056960f1d,2462,47baba33cffe,24865.0,29103.0,4238.0,1,2.0,6.0,0.0,1.0,T4,2462,4238.0,12.0,2.0,24865.0,2.0
40df54e413d319037102e297,2463,7b76597f4283,24900.0,25103.0,203.0,1,1.0,6.0,0.0,1.0,MISC,2463,203.0,6.0,1.0,24900.0,1.0
40df54e413d319037102e297,2464,7b76597f4283,24906.0,25164.0,258.0,1,1.0,6.0,0.0,1.0,MISC,2464,258.0,6.0,1.0,24906.0,1.0
f17e954e97558148ded21349,2465,c4cbaac9966d,24935.0,25479.0,544.0,1,1.0,10.0,0.0,0.5,T4,2465,544.0,10.0,0.5,24935.0,1.0
40df54e413d319037102e297,2467,7b76597f4283,24963.0,25032.0,69.0,1,1.0,6.0,0.0,1.0,MISC,2467,69.0,6.0,1.0,24963.0,1.0
40df54e413d319037102e297,2468,7b76597f4283,24963.0,26486.0,1523.0,1,1.0,6.0,0.0,1.0,MISC,2468,1523.0,6.0,1.0,24963.0,1.0
40df54e413d319037102e297,2469,7b76597f4283,24963.0,36844.0,11881.0,1,1.0,6.0,0.0,1.0,MISC,2469,11881.0,6.0,1.0,24963.0,1.0
8ccb9c9fe88b53537e096dd9,2470,de69ddc1064e,24965.0,26587.0,1622.0,1,10.0,6.0,0.0,0.25,MISC,2470,1622.0,60.0,2.5,24965.0,10.0
27fe3bcbb296170406b340f5,2472,9ad16018440a,24994.0,25572.0,578.0,1,1.0,6.0,0.0,0.5,T4,2472,578.0,6.0,0.5,24994.0,1.0
6ce05c0db408367538a9bd9e,2477,0c3b5520dba6,25081.0,28680.0,3599.0,1,20.0,6.0,0.0,0.1,T4,2477,3599.0,120.0,2.0,25081.0,20.0
6ce05c0db408367538a9bd9e,2478,0c3b5520dba6,25082.0,28727.0,3645.0,1,20.0,6.0,0.0,0.1,T4,2478,3645.0,120.0,2.0,25082.0,20.0
6ce05c0db408367538a9bd9e,2479,0c3b5520dba6,25083.0,28267.0,3184.0,1,20.0,6.0,0.0,0.1,T4,2479,3184.0,120.0,2.0,25083.0,20.0
6ce05c0db408367538a9bd9e,2480,0c3b5520dba6,25083.0,39987.0,14904.0,1,100.0,6.0,0.0,0.2,T4,2480,14904.0,600.0,20.0,25083.0,100.0
6ce05c0db408367538a9bd9e,2483,0c3b5520dba6,25087.0,40725.0,15638.0,1,100.0,3.0,0.0,0.1,T4,2483,15638.0,300.0,10.0,25087.0,100.0
6ce05c0db408367538a9bd9e,2484,0c3b5520dba6,25088.0,39936.0,14848.0,1,100.0,3.0,0.0,0.1,T4,2484,14848.0,300.0,10.0,25088.0,100.0
1ccc18d7d13073b642b3a016,2485,d4d51aca8806,25099.0,62205.0,37106.0,1,32.0,3.0,0.0,0.25,V100,2485,37106.0,96.0,8.0,25099.0,32.0
1ccc18d7d13073b642b3a016,2486,d4d51aca8806,25124.0,49876.0,24752.0,1,10.0,6.0,0.0,0.5,T4,2486,24752.0,60.0,5.0,25124.0,10.0
0272670bed9659e6a76e6998,2488,c2a3a3121170,25129.0,25222.0,93.0,1,200.0,4.0,0.0,0.5,MISC,2488,93.0,800.0,100.0,25129.0,200.0
40df54e413d319037102e297,2489,7b76597f4283,25140.0,25404.0,264.0,1,1.0,6.0,0.0,1.0,MISC,2489,264.0,6.0,1.0,25140.0,1.0
4338499d3c24cc35be17b44c,2490,5b1345f03aa1,25168.0,32308.0,7140.0,1,1.0,6.0,0.0,1.0,MISC,2490,7140.0,6.0,1.0,25168.0,1.0
4338499d3c24cc35be17b44c,2491,5b1345f03aa1,25173.0,30954.0,5781.0,1,1.0,6.0,0.0,1.0,MISC,2491,5781.0,6.0,1.0,25173.0,1.0
4338499d3c24cc35be17b44c,2492,5b1345f03aa1,25192.0,27871.0,2679.0,1,1.0,6.0,0.0,1.0,MISC,2492,2679.0,6.0,1.0,25192.0,1.0
0be3971157d6c504afbc3397,2493,354e3b81c515,25193.0,25213.0,20.0,1,1.0,6.0,0.0,1.0,MISC,2493,20.0,6.0,1.0,25193.0,1.0
be3edda1d9c0ed26898d63a6,2494,e2ceaece17db,25198.0,25505.0,307.0,1,1.0,6.0,0.0,1.0,MISC,2494,307.0,6.0,1.0,25198.0,1.0
30185446faeb493c1d55cacd,2495,a8192d6b0ae9,25221.0,25286.0,65.0,1,1.0,6.0,0.0,1.0,MISC,2495,65.0,6.0,1.0,25221.0,1.0
3995073148156da8994ec8bb,2497,5f4cb64dc693,25293.0,29384.0,4091.0,1,30.0,2.0,0.0,0.5,MISC,2497,4091.0,60.0,15.0,25293.0,30.0
4338499d3c24cc35be17b44c,2499,5b1345f03aa1,25304.0,25342.0,38.0,1,1.0,6.0,0.0,1.0,MISC,2499,38.0,6.0,1.0,25304.0,1.0
4d8fee7f10bd7edbb75b96b3,2500,b2c52019b2c6,25309.0,25384.0,75.0,1,1.0,6.0,0.0,1.0,MISC,2500,75.0,6.0,1.0,25309.0,1.0
30185446faeb493c1d55cacd,2501,a8192d6b0ae9,25334.0,25363.0,29.0,1,1.0,6.0,0.0,1.0,MISC,2501,29.0,6.0,1.0,25334.0,1.0
8ccb9c9fe88b53537e096dd9,2503,de69ddc1064e,25357.0,47426.0,22069.0,1,30.0,6.0,0.0,0.25,MISC,2503,22069.0,180.0,7.5,25357.0,30.0
f2c4b7ef9bca7bf8390f05cd,2504,1480b75a8c96,25373.0,25709.0,336.0,1,1.0,6.0,0.0,1.0,T4,2504,336.0,6.0,1.0,25373.0,1.0
845ebc87e40bad0db5b37e26,2505,f14128db0160,25442.0,25493.0,51.0,1,1.0,6.0,0.0,2.0,MISC,2505,51.0,6.0,2.0,25442.0,1.0
5241fd7d9a59d5917a2b54de,2506,262fbc8b0c98,25472.0,25574.0,102.0,1,1.0,4.0,0.0,2.0,MISC,2506,102.0,4.0,2.0,25472.0,1.0
143b087a9cf31f7f5c1b09ba,2508,f5440bdf32a5,25483.0,26230.0,747.0,1,1.0,6.0,0.0,0.25,MISC,2508,747.0,6.0,0.25,25483.0,1.0
4338499d3c24cc35be17b44c,2509,5b1345f03aa1,25502.0,26149.0,647.0,1,1.0,6.0,0.0,1.0,MISC,2509,647.0,6.0,1.0,25502.0,1.0
a6f4f091632f915821796807,2511,e71cb97ab858,25513.0,33037.0,7524.0,1,150.0,6.0,0.0,0.25,P100,2511,7524.0,900.0,37.5,25513.0,150.0
3e5fb00bf43aa67ee5c2b6d5,2512,f134c9ec05e3,25534.0,25697.0,163.0,1,1.0,6.0,0.0,0.5,MISC,2512,163.0,6.0,0.5,25534.0,1.0
1ccc18d7d13073b642b3a016,2513,d4d51aca8806,25548.0,27261.0,1713.0,1,20.0,6.0,0.0,0.5,T4,2513,1713.0,120.0,10.0,25548.0,20.0
e14f55e56de8f9e707c8ff95,2516,42aa9724a88c,25573.0,25625.0,52.0,1,1.0,6.0,0.0,1.0,MISC,2516,52.0,6.0,1.0,25573.0,1.0
fdca1b26347a096dc8cd73ec,2517,edc10645cc3f,25611.0,26138.0,527.0,1,1.0,6.0,0.0,1.0,MISC,2517,527.0,6.0,1.0,25611.0,1.0
e8efa65aa22dff1e98ff15d7,2519,b3bfe9b79bb5,25628.0,32846.0,7218.0,1,100.0,2.0,0.0,0.25,MISC,2519,7218.0,200.0,25.0,25628.0,100.0
27fe3bcbb296170406b340f5,2520,9ad16018440a,25652.0,26220.0,568.0,1,1.0,6.0,0.0,0.5,T4,2520,568.0,6.0,0.5,25652.0,1.0
5241fd7d9a59d5917a2b54de,2521,262fbc8b0c98,25655.0,25946.0,291.0,1,1.0,6.0,0.0,1.0,MISC,2521,291.0,6.0,1.0,25655.0,1.0
693694aff93ce4f9a8bbdfd6,2522,b13fd7656207,25703.0,28755.0,3052.0,1,1.0,8.0,0.0,1.0,T4,2522,3052.0,8.0,1.0,25703.0,1.0
f2c4b7ef9bca7bf8390f05cd,2523,1480b75a8c96,25738.0,25759.0,21.0,1,1.0,6.0,0.0,1.0,T4,2523,21.0,6.0,1.0,25738.0,1.0
4338499d3c24cc35be17b44c,2524,5b1345f03aa1,25801.0,25858.0,57.0,1,1.0,6.0,0.0,1.0,MISC,2524,57.0,6.0,1.0,25801.0,1.0
8ccb9c9fe88b53537e096dd9,2526,de69ddc1064e,25811.0,56162.0,30351.0,1,20.0,8.0,0.0,0.25,MISC,2526,30351.0,160.0,5.0,25811.0,20.0
f17e954e97558148ded21349,2527,c4cbaac9966d,25831.0,26305.0,474.0,1,1.0,10.0,0.0,0.5,T4,2527,474.0,10.0,0.5,25831.0,1.0
4338499d3c24cc35be17b44c,2528,5b1345f03aa1,25832.0,26724.0,892.0,1,1.0,6.0,0.0,1.0,MISC,2528,892.0,6.0,1.0,25832.0,1.0
3995073148156da8994ec8bb,2529,5f4cb64dc693,25849.0,25900.0,51.0,1,4.0,18.0,0.0,1.0,P100,2529,51.0,72.0,4.0,25849.0,4.0
4338499d3c24cc35be17b44c,2530,5b1345f03aa1,25850.0,26412.0,562.0,1,1.0,6.0,0.0,1.0,MISC,2530,562.0,6.0,1.0,25850.0,1.0
4338499d3c24cc35be17b44c,2532,5b1345f03aa1,25861.0,44073.0,18212.0,1,50.0,10.0,0.0,0.1,P100,2532,18212.0,500.0,5.0,25861.0,50.0
4338499d3c24cc35be17b44c,2533,5b1345f03aa1,25866.0,26623.0,757.0,1,1.0,6.0,0.0,1.0,MISC,2533,757.0,6.0,1.0,25866.0,1.0
6c3063994722f1e538b28a1a,2535,d7052eeddab7,25879.0,27130.0,1251.0,1,5.0,6.0,0.0,1.0,MISC,2535,1251.0,30.0,5.0,25879.0,5.0
4338499d3c24cc35be17b44c,2536,5b1345f03aa1,25884.0,26392.0,508.0,1,1.0,6.0,0.0,1.0,MISC,2536,508.0,6.0,1.0,25884.0,1.0
4338499d3c24cc35be17b44c,2537,5b1345f03aa1,25897.0,26532.0,635.0,1,1.0,6.0,0.0,1.0,MISC,2537,635.0,6.0,1.0,25897.0,1.0
4338499d3c24cc35be17b44c,2538,5b1345f03aa1,25900.0,25980.0,80.0,1,1.0,6.0,0.0,0.25,MISC,2538,80.0,6.0,0.25,25900.0,1.0
6ce05c0db408367538a9bd9e,2539,0c3b5520dba6,25905.0,25969.0,64.0,1,1.0,6.0,0.0,1.0,T4,2539,64.0,6.0,1.0,25905.0,1.0
8ccb9c9fe88b53537e096dd9,2540,de69ddc1064e,25919.0,34054.0,8135.0,1,30.0,6.0,0.0,0.25,MISC,2540,8135.0,180.0,7.5,25919.0,30.0
11bb21defa21318cae0d80d7,2541,7ba2dc8417d5,25944.0,137869.0,111925.0,1,100.0,6.0,0.0,0.25,P100,2541,111925.0,600.0,25.0,25944.0,100.0
8ccb9c9fe88b53537e096dd9,2542,de69ddc1064e,25958.0,25997.0,39.0,1,1.0,6.0,0.0,0.25,MISC,2542,39.0,6.0,0.25,25958.0,1.0
8ccb9c9fe88b53537e096dd9,2543,de69ddc1064e,25974.0,26018.0,44.0,1,1.0,6.0,0.0,0.25,MISC,2543,44.0,6.0,0.25,25974.0,1.0
4338499d3c24cc35be17b44c,2546,5b1345f03aa1,25989.0,27436.0,1447.0,1,30.0,12.0,0.0,0.25,MISC,2546,1447.0,360.0,7.5,25989.0,30.0
4338499d3c24cc35be17b44c,2547,5b1345f03aa1,25991.0,26139.0,148.0,1,10.0,6.0,0.0,0.25,MISC,2547,148.0,60.0,2.5,25991.0,10.0
4338499d3c24cc35be17b44c,2549,5b1345f03aa1,26008.0,26172.0,164.0,1,10.0,6.0,0.0,0.25,MISC,2549,164.0,60.0,2.5,26008.0,10.0
143b087a9cf31f7f5c1b09ba,2550,f5440bdf32a5,26043.0,26090.0,47.0,1,1.0,6.0,0.0,1.0,MISC,2550,47.0,6.0,1.0,26043.0,1.0
8ccb9c9fe88b53537e096dd9,2551,de69ddc1064e,26046.0,36179.0,10133.0,1,1.0,6.0,0.0,1.0,MISC,2551,10133.0,6.0,1.0,26046.0,1.0
f17e954e97558148ded21349,2552,c4cbaac9966d,26079.0,26522.0,443.0,1,1.0,10.0,0.0,0.5,T4,2552,443.0,10.0,0.5,26079.0,1.0
845ebc87e40bad0db5b37e26,2553,f14128db0160,26120.0,26319.0,199.0,1,1.0,6.0,0.0,2.0,MISC,2553,199.0,6.0,2.0,26120.0,1.0
1ccc18d7d13073b642b3a016,2554,d4d51aca8806,26131.0,32033.0,5902.0,1,20.0,6.0,0.0,0.5,T4,2554,5902.0,120.0,10.0,26131.0,20.0
8ccb9c9fe88b53537e096dd9,2556,de69ddc1064e,26181.0,26840.0,659.0,1,1.0,6.0,0.0,1.0,MISC,2556,659.0,6.0,1.0,26181.0,1.0
4338499d3c24cc35be17b44c,2558,5b1345f03aa1,26205.0,26247.0,42.0,1,1.0,6.0,0.0,1.0,MISC,2558,42.0,6.0,1.0,26205.0,1.0
1484051e2875d76bc27495f6,2560,2d415d162cd1,26211.0,39109.0,12898.0,1,20.0,6.0,0.0,0.25,P100,2560,12898.0,120.0,5.0,26211.0,20.0
1484051e2875d76bc27495f6,2562,2d415d162cd1,26228.0,58881.0,32653.0,1,20.0,6.0,0.0,0.25,P100,2562,32653.0,120.0,5.0,26228.0,20.0
4338499d3c24cc35be17b44c,2563,5b1345f03aa1,26241.0,27016.0,775.0,1,1.0,6.0,0.0,1.0,MISC,2563,775.0,6.0,1.0,26241.0,1.0
f17e954e97558148ded21349,2564,c4cbaac9966d,26262.0,26786.0,524.0,1,1.0,10.0,0.0,0.5,T4,2564,524.0,10.0,0.5,26262.0,1.0
f17e954e97558148ded21349,2565,c4cbaac9966d,26265.0,27421.0,1156.0,1,1.0,10.0,0.0,0.5,T4,2565,1156.0,10.0,0.5,26265.0,1.0
f17e954e97558148ded21349,2566,c4cbaac9966d,26265.0,26986.0,721.0,1,1.0,10.0,0.0,0.5,T4,2566,721.0,10.0,0.5,26265.0,1.0
143b087a9cf31f7f5c1b09ba,2567,f5440bdf32a5,26271.0,26311.0,40.0,1,1.0,6.0,0.0,1.0,MISC,2567,40.0,6.0,1.0,26271.0,1.0
57b1ec7822bae7fe782bcc14,2568,cf523ee5a118,26278.0,26478.0,200.0,1,2.0,4.0,0.0,0.25,MISC,2568,200.0,8.0,0.5,26278.0,2.0
0be3971157d6c504afbc3397,2569,354e3b81c515,26302.0,31529.0,5227.0,1,1.0,6.0,0.0,1.0,MISC,2569,5227.0,6.0,1.0,26302.0,1.0
27fe3bcbb296170406b340f5,2570,9ad16018440a,26307.0,26956.0,649.0,1,1.0,6.0,0.0,0.5,T4,2570,649.0,6.0,0.5,26307.0,1.0
143b087a9cf31f7f5c1b09ba,2571,f5440bdf32a5,26310.0,26582.0,272.0,1,1.0,6.0,0.0,0.25,MISC,2571,272.0,6.0,0.25,26310.0,1.0
1ccc18d7d13073b642b3a016,2572,d4d51aca8806,26316.0,67917.0,41601.0,1,16.0,6.0,0.0,0.25,T4,2572,41601.0,96.0,4.0,26316.0,16.0
0be3971157d6c504afbc3397,2573,354e3b81c515,26318.0,43722.0,17404.0,1,1.0,6.0,0.0,1.0,MISC,2573,17404.0,6.0,1.0,26318.0,1.0
4c63a741106edc46bc1729dd,2574,18febf35d3a1,26332.0,26518.0,186.0,1,1.0,6.0,0.0,1.0,P100,2574,186.0,6.0,1.0,26332.0,1.0
143b087a9cf31f7f5c1b09ba,2575,f5440bdf32a5,26332.0,26392.0,60.0,1,1.0,6.0,0.0,1.0,P100,2575,60.0,6.0,1.0,26332.0,1.0
143b087a9cf31f7f5c1b09ba,2576,f5440bdf32a5,26344.0,28237.0,1893.0,1,1.0,6.0,0.0,1.0,MISC,2576,1893.0,6.0,1.0,26344.0,1.0
b53f9ebd1eeeea726d1dac78,2577,2cbd33b08024,26345.0,26823.0,478.0,1,1.0,6.0,0.0,0.25,MISC,2577,478.0,6.0,0.25,26345.0,1.0
b53f9ebd1eeeea726d1dac78,2578,2cbd33b08024,26348.0,26832.0,484.0,1,1.0,6.0,0.0,0.25,MISC,2578,484.0,6.0,0.25,26348.0,1.0
143b087a9cf31f7f5c1b09ba,2579,f5440bdf32a5,26362.0,26419.0,57.0,1,1.0,6.0,0.0,1.0,P100,2579,57.0,6.0,1.0,26362.0,1.0
143b087a9cf31f7f5c1b09ba,2580,f5440bdf32a5,26362.0,26480.0,118.0,1,1.0,6.0,0.0,1.0,P100,2580,118.0,6.0,1.0,26362.0,1.0
143b087a9cf31f7f5c1b09ba,2581,f5440bdf32a5,26368.0,26583.0,215.0,1,1.0,6.0,0.0,1.0,V100,2581,215.0,6.0,1.0,26368.0,1.0
143b087a9cf31f7f5c1b09ba,2582,f5440bdf32a5,26375.0,26579.0,204.0,1,1.0,6.0,0.0,1.0,V100,2582,204.0,6.0,1.0,26375.0,1.0
2fe46f64538b8943a9882bab,2583,c677a0acf7c0,26395.0,29375.0,2980.0,1,5.0,2.0,0.0,1.0,MISC,2583,2980.0,10.0,5.0,26395.0,5.0
b53f9ebd1eeeea726d1dac78,2585,2cbd33b08024,26416.0,29193.0,2777.0,1,4.0,6.0,0.0,0.25,P100,2585,2777.0,24.0,1.0,26416.0,4.0
d894fd1af131ed7a296716b5,2587,58540f191766,26419.0,38744.0,12325.0,1,1.0,0.2,0.0,0.1,MISC,2587,12325.0,0.2,0.1,26419.0,1.0
d894fd1af131ed7a296716b5,2588,58540f191766,26419.0,42904.0,16485.0,1,1.0,0.2,0.0,0.1,MISC,2588,16485.0,0.2,0.1,26419.0,1.0
f17e954e97558148ded21349,2589,c4cbaac9966d,26419.0,27135.0,716.0,1,1.0,10.0,0.0,0.5,T4,2589,716.0,10.0,0.5,26419.0,1.0
d894fd1af131ed7a296716b5,2590,58540f191766,26419.0,43131.0,16712.0,1,1.0,0.2,0.0,0.1,MISC,2590,16712.0,0.2,0.1,26419.0,1.0
b53f9ebd1eeeea726d1dac78,2591,2cbd33b08024,26421.0,29343.0,2922.0,1,10.0,6.0,0.0,0.25,P100,2591,2922.0,60.0,2.5,26421.0,10.0
e14f55e56de8f9e707c8ff95,2592,42aa9724a88c,26465.0,26519.0,54.0,1,1.0,6.0,0.0,1.0,P100,2592,54.0,6.0,1.0,26465.0,1.0
95e3e86e9e73820232bf933a,2593,f961b1ebfe7e,26472.0,26722.0,250.0,1,1.0,6.0,0.0,0.5,P100,2593,250.0,6.0,0.5,26472.0,1.0
fdca1b26347a096dc8cd73ec,2595,edc10645cc3f,26485.0,30271.0,3786.0,1,10.0,6.0,0.0,0.25,P100,2595,3786.0,60.0,2.5,26485.0,10.0
95e3e86e9e73820232bf933a,2597,f961b1ebfe7e,26500.0,28931.0,2431.0,1,1.0,6.0,0.0,0.5,MISC,2597,2431.0,6.0,0.5,26500.0,1.0
57b1ec7822bae7fe782bcc14,2598,cf523ee5a118,26515.0,26828.0,313.0,1,2.0,4.0,0.0,0.25,MISC,2598,313.0,8.0,0.5,26515.0,2.0
95e3e86e9e73820232bf933a,2599,f961b1ebfe7e,26525.0,27862.0,1337.0,1,1.0,6.0,0.0,0.25,MISC,2599,1337.0,6.0,0.25,26525.0,1.0
fdca1b26347a096dc8cd73ec,2601,edc10645cc3f,26566.0,30571.0,4005.0,1,10.0,6.0,0.0,0.25,P100,2601,4005.0,60.0,2.5,26566.0,10.0
fdca1b26347a096dc8cd73ec,2604,edc10645cc3f,26583.0,30411.0,3828.0,1,10.0,6.0,0.0,0.25,P100,2604,3828.0,60.0,2.5,26583.0,10.0
fdca1b26347a096dc8cd73ec,2605,edc10645cc3f,26584.0,30755.0,4171.0,1,10.0,6.0,0.0,0.25,P100,2605,4171.0,60.0,2.5,26584.0,10.0
4c63a741106edc46bc1729dd,2606,18febf35d3a1,26606.0,26836.0,230.0,1,1.0,6.0,0.0,1.0,MISC,2606,230.0,6.0,1.0,26606.0,1.0
f17e954e97558148ded21349,2608,c4cbaac9966d,26607.0,27294.0,687.0,1,1.0,10.0,0.0,0.5,T4,2608,687.0,10.0,0.5,26607.0,1.0
4338499d3c24cc35be17b44c,2609,5b1345f03aa1,26609.0,43819.0,17210.0,1,20.0,1.2,0.0,0.25,MISC,2609,17210.0,24.0,5.0,26609.0,20.0
fdca1b26347a096dc8cd73ec,2611,edc10645cc3f,26625.0,28199.0,1574.0,1,10.0,6.0,0.0,0.25,P100,2611,1574.0,60.0,2.5,26625.0,10.0
fdca1b26347a096dc8cd73ec,2613,edc10645cc3f,26628.0,28230.0,1602.0,1,10.0,6.0,0.0,0.25,P100,2613,1602.0,60.0,2.5,26628.0,10.0
fdca1b26347a096dc8cd73ec,2615,edc10645cc3f,26657.0,30321.0,3664.0,1,10.0,6.0,0.0,0.25,P100,2615,3664.0,60.0,2.5,26657.0,10.0
fdca1b26347a096dc8cd73ec,2617,edc10645cc3f,26669.0,30261.0,3592.0,1,10.0,6.0,0.0,0.25,P100,2617,3592.0,60.0,2.5,26669.0,10.0
1ccc18d7d13073b642b3a016,2618,d4d51aca8806,26792.0,28264.0,1472.0,1,20.0,6.0,0.0,0.5,T4,2618,1472.0,120.0,10.0,26792.0,20.0
57b1ec7822bae7fe782bcc14,2619,cf523ee5a118,26866.0,27339.0,473.0,1,2.0,4.0,0.0,0.25,MISC,2619,473.0,8.0,0.5,26866.0,2.0
f17e954e97558148ded21349,2620,c4cbaac9966d,26884.0,27425.0,541.0,1,1.0,10.0,0.0,0.5,T4,2620,541.0,10.0,0.5,26884.0,1.0
143b087a9cf31f7f5c1b09ba,2621,f5440bdf32a5,26892.0,26963.0,71.0,1,1.0,6.0,0.0,1.0,MISC,2621,71.0,6.0,1.0,26892.0,1.0
143b087a9cf31f7f5c1b09ba,2622,f5440bdf32a5,26902.0,27035.0,133.0,1,1.0,6.0,0.0,1.0,MISC,2622,133.0,6.0,1.0,26902.0,1.0
8ccb9c9fe88b53537e096dd9,2623,de69ddc1064e,26917.0,27662.0,745.0,1,1.0,6.0,0.0,1.0,MISC,2623,745.0,6.0,1.0,26917.0,1.0
21858ac282f1092bb15f8831,2624,45bd92802aa9,26929.0,26954.0,25.0,1,1.0,6.0,0.0,1.0,T4,2624,25.0,6.0,1.0,26929.0,1.0
143b087a9cf31f7f5c1b09ba,2625,f5440bdf32a5,26932.0,27104.0,172.0,1,1.0,6.0,0.0,1.0,MISC,2625,172.0,6.0,1.0,26932.0,1.0
40df54e413d319037102e297,2626,7b76597f4283,26935.0,27073.0,138.0,1,1.0,6.0,0.0,1.0,MISC,2626,138.0,6.0,1.0,26935.0,1.0
4338499d3c24cc35be17b44c,2627,5b1345f03aa1,26944.0,27113.0,169.0,1,1.0,6.0,0.0,1.0,MISC,2627,169.0,6.0,1.0,26944.0,1.0
3b3e097ad00b781fe6fbf202,2628,fb00f753b65b,26951.0,30723.0,3772.0,1,1.0,6.0,0.0,1.0,MISC,2628,3772.0,6.0,1.0,26951.0,1.0
143b087a9cf31f7f5c1b09ba,2629,f5440bdf32a5,26983.0,27167.0,184.0,1,1.0,6.0,0.0,1.0,MISC,2629,184.0,6.0,1.0,26983.0,1.0
30185446faeb493c1d55cacd,2632,a8192d6b0ae9,26990.0,27103.0,113.0,1,5.0,6.0,0.0,0.25,MISC,2632,113.0,30.0,1.25,26990.0,5.0
e8efa65aa22dff1e98ff15d7,2634,b3bfe9b79bb5,26992.0,27650.0,658.0,1,80.0,6.0,0.0,0.5,V100,2634,658.0,480.0,40.0,26992.0,80.0
e8efa65aa22dff1e98ff15d7,2635,b3bfe9b79bb5,26995.0,27694.0,699.0,1,80.0,6.0,0.0,0.5,V100,2635,699.0,480.0,40.0,26995.0,80.0
e8efa65aa22dff1e98ff15d7,2637,b3bfe9b79bb5,27008.0,27404.0,396.0,1,80.0,6.0,0.0,0.5,V100,2637,396.0,480.0,40.0,27008.0,80.0
11bb21defa21318cae0d80d7,2638,7ba2dc8417d5,27012.0,28582.0,1570.0,1,10.0,6.0,0.0,0.25,MISC,2638,1570.0,60.0,2.5,27012.0,10.0
27fe3bcbb296170406b340f5,2639,9ad16018440a,27024.0,27592.0,568.0,1,1.0,6.0,0.0,0.5,T4,2639,568.0,6.0,0.5,27024.0,1.0
143b087a9cf31f7f5c1b09ba,2640,f5440bdf32a5,27025.0,27164.0,139.0,1,1.0,6.0,0.0,1.0,MISC,2640,139.0,6.0,1.0,27025.0,1.0
4338499d3c24cc35be17b44c,2641,5b1345f03aa1,27049.0,27126.0,77.0,1,10.0,6.0,0.0,0.25,MISC,2641,77.0,60.0,2.5,27049.0,10.0
e14f55e56de8f9e707c8ff95,2642,42aa9724a88c,27049.0,27123.0,74.0,1,1.0,6.0,0.0,0.25,MISC,2642,74.0,6.0,0.25,27049.0,1.0
4338499d3c24cc35be17b44c,2644,5b1345f03aa1,27070.0,27112.0,42.0,1,1.0,6.0,0.0,1.0,MISC,2644,42.0,6.0,1.0,27070.0,1.0
f17e954e97558148ded21349,2645,c4cbaac9966d,27070.0,27503.0,433.0,1,1.0,10.0,0.0,0.5,T4,2645,433.0,10.0,0.5,27070.0,1.0
143b087a9cf31f7f5c1b09ba,2646,f5440bdf32a5,27083.0,27536.0,453.0,1,1.0,6.0,0.0,1.0,MISC,2646,453.0,6.0,1.0,27083.0,1.0
8ccb9c9fe88b53537e096dd9,2647,de69ddc1064e,27105.0,28510.0,1405.0,1,30.0,6.0,0.0,0.25,MISC,2647,1405.0,180.0,7.5,27105.0,30.0
f2c4b7ef9bca7bf8390f05cd,2648,1480b75a8c96,27144.0,27640.0,496.0,1,1.0,6.0,0.0,1.0,T4,2648,496.0,6.0,1.0,27144.0,1.0
f17e954e97558148ded21349,2649,c4cbaac9966d,27198.0,27712.0,514.0,1,1.0,10.0,0.0,0.5,T4,2649,514.0,10.0,0.5,27198.0,1.0
11bb21defa21318cae0d80d7,2650,7ba2dc8417d5,27212.0,33436.0,6224.0,1,1.0,6.0,0.0,1.0,MISC,2650,6224.0,6.0,1.0,27212.0,1.0
21858ac282f1092bb15f8831,2651,45bd92802aa9,27217.0,27422.0,205.0,1,1.0,6.0,0.0,1.0,T4,2651,205.0,6.0,1.0,27217.0,1.0
9c6554174b06015a7af561c6,2652,41f97a75a037,27231.0,27286.0,55.0,1,1.0,6.0,0.0,1.0,T4,2652,55.0,6.0,1.0,27231.0,1.0
30185446faeb493c1d55cacd,2654,a8192d6b0ae9,27242.0,48702.0,21460.0,1,20.0,6.0,0.0,1.0,MISC,2654,21460.0,120.0,20.0,27242.0,20.0
4338499d3c24cc35be17b44c,2655,5b1345f03aa1,27262.0,27386.0,124.0,1,1.0,6.0,0.0,0.25,MISC,2655,124.0,6.0,0.25,27262.0,1.0
4338499d3c24cc35be17b44c,2656,5b1345f03aa1,27262.0,27386.0,124.0,1,1.0,6.0,0.0,0.25,MISC,2656,124.0,6.0,0.25,27262.0,1.0
1ccc18d7d13073b642b3a016,2657,d4d51aca8806,27270.0,28970.0,1700.0,1,20.0,6.0,0.0,0.5,T4,2657,1700.0,120.0,10.0,27270.0,20.0
40df54e413d319037102e297,2658,7b76597f4283,27274.0,27565.0,291.0,1,1.0,6.0,0.0,1.0,MISC,2658,291.0,6.0,1.0,27274.0,1.0
049570305e6b0ab6aa86bf60,2659,29380421d3fc,27284.0,27328.0,44.0,1,1.0,6.0,0.0,1.0,T4,2659,44.0,6.0,1.0,27284.0,1.0
8ccb9c9fe88b53537e096dd9,2660,de69ddc1064e,27289.0,28141.0,852.0,1,1.0,6.0,0.0,1.0,MISC,2660,852.0,6.0,1.0,27289.0,1.0
143b087a9cf31f7f5c1b09ba,2661,f5440bdf32a5,27305.0,27508.0,203.0,1,1.0,6.0,0.0,1.0,MISC,2661,203.0,6.0,1.0,27305.0,1.0
0e113fe8f6b4153745d87b60,2662,035b9488e79a,27308.0,84731.0,57423.0,1,1.0,6.0,0.0,1.0,MISC,2662,57423.0,6.0,1.0,27308.0,1.0
049570305e6b0ab6aa86bf60,2663,29380421d3fc,27312.0,27357.0,45.0,1,1.0,6.0,0.0,1.0,T4,2663,45.0,6.0,1.0,27312.0,1.0
4338499d3c24cc35be17b44c,2664,5b1345f03aa1,27313.0,27584.0,271.0,1,1.0,6.0,0.0,0.5,MISC,2664,271.0,6.0,0.5,27313.0,1.0
1ccc18d7d13073b642b3a016,2665,d4d51aca8806,27325.0,31372.0,4047.0,1,20.0,6.0,0.0,0.5,T4,2665,4047.0,120.0,10.0,27325.0,20.0
143b087a9cf31f7f5c1b09ba,2666,f5440bdf32a5,27363.0,27556.0,193.0,1,1.0,6.0,0.0,1.0,MISC,2666,193.0,6.0,1.0,27363.0,1.0
5241fd7d9a59d5917a2b54de,2667,262fbc8b0c98,27370.0,27646.0,276.0,1,1.0,16.0,0.0,2.0,MISC,2667,276.0,16.0,2.0,27370.0,1.0
f17e954e97558148ded21349,2668,c4cbaac9966d,27381.0,28137.0,756.0,1,1.0,10.0,0.0,0.5,T4,2668,756.0,10.0,0.5,27381.0,1.0
fdca1b26347a096dc8cd73ec,2669,edc10645cc3f,27434.0,32897.0,5463.0,1,10.0,6.0,0.0,0.25,MISC,2669,5463.0,60.0,2.5,27434.0,10.0
f17e954e97558148ded21349,2670,c4cbaac9966d,27504.0,27945.0,441.0,1,1.0,10.0,0.0,0.5,T4,2670,441.0,10.0,0.5,27504.0,1.0
f17e954e97558148ded21349,2671,c4cbaac9966d,27504.0,27867.0,363.0,1,1.0,10.0,0.0,0.5,T4,2671,363.0,10.0,0.5,27504.0,1.0
e14f55e56de8f9e707c8ff95,2672,42aa9724a88c,27529.0,27577.0,48.0,1,1.0,6.0,0.0,1.0,MISC,2672,48.0,6.0,1.0,27529.0,1.0
3995073148156da8994ec8bb,2674,5f4cb64dc693,27547.0,33339.0,5792.0,1,4.0,1.0,0.0,1.0,MISC,2674,5792.0,4.0,4.0,27547.0,4.0
f17e954e97558148ded21349,2675,c4cbaac9966d,27566.0,27977.0,411.0,1,1.0,10.0,0.0,0.5,T4,2675,411.0,10.0,0.5,27566.0,1.0
1ccc18d7d13073b642b3a016,2676,d4d51aca8806,27593.0,27652.0,59.0,1,10.0,2.0,0.0,0.2,T4,2676,59.0,20.0,2.0,27593.0,10.0
d894fd1af131ed7a296716b5,2677,58540f191766,27621.0,30952.0,3331.0,1,1.0,18.0,0.0,1.0,MISC,2677,3331.0,18.0,1.0,27621.0,1.0
d894fd1af131ed7a296716b5,2678,58540f191766,27628.0,32959.0,5331.0,1,1.0,18.0,0.0,1.0,MISC,2678,5331.0,18.0,1.0,27628.0,1.0
d894fd1af131ed7a296716b5,2679,58540f191766,27629.0,28617.0,988.0,1,1.0,18.0,0.0,1.0,MISC,2679,988.0,18.0,1.0,27629.0,1.0
d894fd1af131ed7a296716b5,2680,58540f191766,27632.0,30711.0,3079.0,1,1.0,18.0,0.0,1.0,MISC,2680,3079.0,18.0,1.0,27632.0,1.0
27fe3bcbb296170406b340f5,2681,9ad16018440a,27660.0,28218.0,558.0,1,1.0,6.0,0.0,0.5,T4,2681,558.0,6.0,0.5,27660.0,1.0
f2c4b7ef9bca7bf8390f05cd,2682,1480b75a8c96,27669.0,27693.0,24.0,1,1.0,6.0,0.0,1.0,T4,2682,24.0,6.0,1.0,27669.0,1.0
e8efa65aa22dff1e98ff15d7,2684,b3bfe9b79bb5,27676.0,27985.0,309.0,1,100.0,2.0,0.0,0.25,MISC,2684,309.0,200.0,25.0,27676.0,100.0
40df54e413d319037102e297,2685,7b76597f4283,27695.0,27899.0,204.0,1,1.0,18.0,0.0,1.0,MISC,2685,204.0,18.0,1.0,27695.0,1.0
40df54e413d319037102e297,2686,7b76597f4283,27695.0,46340.0,18645.0,1,1.0,18.0,0.0,1.0,MISC,2686,18645.0,18.0,1.0,27695.0,1.0
e8efa65aa22dff1e98ff15d7,2688,b3bfe9b79bb5,27730.0,27895.0,165.0,1,100.0,2.0,0.0,0.25,P100,2688,165.0,200.0,25.0,27730.0,100.0
4338499d3c24cc35be17b44c,2689,5b1345f03aa1,27766.0,28116.0,350.0,1,50.0,3.0,0.0,0.5,MISC,2689,350.0,150.0,25.0,27766.0,50.0
40df54e413d319037102e297,2691,7b76597f4283,27781.0,27862.0,81.0,1,1.0,18.0,0.0,1.0,P100,2691,81.0,18.0,1.0,27781.0,1.0
e8efa65aa22dff1e98ff15d7,2692,b3bfe9b79bb5,27784.0,28166.0,382.0,1,100.0,2.0,0.0,0.25,P100,2692,382.0,200.0,25.0,27784.0,100.0
f17e954e97558148ded21349,2693,c4cbaac9966d,27789.0,28185.0,396.0,1,1.0,10.0,0.0,0.5,T4,2693,396.0,10.0,0.5,27789.0,1.0
8ccb9c9fe88b53537e096dd9,2694,de69ddc1064e,27795.0,30359.0,2564.0,1,1.0,6.0,0.0,1.0,MISC,2694,2564.0,6.0,1.0,27795.0,1.0
40df54e413d319037102e297,2695,7b76597f4283,27811.0,30309.0,2498.0,1,1.0,6.0,0.0,1.0,MISC,2695,2498.0,6.0,1.0,27811.0,1.0
40df54e413d319037102e297,2696,7b76597f4283,27811.0,30903.0,3092.0,1,1.0,6.0,0.0,1.0,MISC,2696,3092.0,6.0,1.0,27811.0,1.0
40df54e413d319037102e297,2697,7b76597f4283,27813.0,30829.0,3016.0,1,1.0,6.0,0.0,1.0,MISC,2697,3016.0,6.0,1.0,27813.0,1.0
8ccb9c9fe88b53537e096dd9,2698,de69ddc1064e,27814.0,38320.0,10506.0,1,1.0,6.0,0.0,1.0,MISC,2698,10506.0,6.0,1.0,27814.0,1.0
8ccb9c9fe88b53537e096dd9,2700,de69ddc1064e,27814.0,28624.0,810.0,1,1.0,6.0,0.0,1.0,MISC,2700,810.0,6.0,1.0,27814.0,1.0
8ccb9c9fe88b53537e096dd9,2701,de69ddc1064e,27815.0,35022.0,7207.0,1,1.0,6.0,0.0,1.0,MISC,2701,7207.0,6.0,1.0,27815.0,1.0
40df54e413d319037102e297,2702,7b76597f4283,27815.0,30789.0,2974.0,1,1.0,6.0,0.0,1.0,MISC,2702,2974.0,6.0,1.0,27815.0,1.0
40df54e413d319037102e297,2703,7b76597f4283,27825.0,30401.0,2576.0,1,1.0,6.0,0.0,1.0,MISC,2703,2576.0,6.0,1.0,27825.0,1.0
e8efa65aa22dff1e98ff15d7,2705,b3bfe9b79bb5,27842.0,28314.0,472.0,1,100.0,2.0,0.0,0.25,P100,2705,472.0,200.0,25.0,27842.0,100.0
e8efa65aa22dff1e98ff15d7,2707,b3bfe9b79bb5,27862.0,28271.0,409.0,1,100.0,2.0,0.0,0.25,V100,2707,409.0,200.0,25.0,27862.0,100.0
e8efa65aa22dff1e98ff15d7,2709,b3bfe9b79bb5,27868.0,28160.0,292.0,1,100.0,2.0,0.0,0.25,V100,2709,292.0,200.0,25.0,27868.0,100.0
e8efa65aa22dff1e98ff15d7,2711,b3bfe9b79bb5,27873.0,38646.0,10773.0,1,50.0,8.0,0.0,1.0,V100,2711,10773.0,400.0,50.0,27873.0,50.0
0381d6db958250b056960f1d,2713,47baba33cffe,27885.0,28339.0,454.0,1,10.0,6.0,0.0,0.25,T4,2713,454.0,60.0,2.5,27885.0,10.0
4338499d3c24cc35be17b44c,2715,5b1345f03aa1,27891.0,35472.0,7581.0,1,50.0,3.0,0.0,0.25,MISC,2715,7581.0,150.0,12.5,27891.0,50.0
4338499d3c24cc35be17b44c,2716,5b1345f03aa1,27903.0,28162.0,259.0,1,1.0,6.0,0.0,0.25,MISC,2716,259.0,6.0,0.25,27903.0,1.0
143b087a9cf31f7f5c1b09ba,2717,f5440bdf32a5,27952.0,28008.0,56.0,1,1.0,6.0,0.0,1.0,MISC,2717,56.0,6.0,1.0,27952.0,1.0
e8efa65aa22dff1e98ff15d7,2718,b3bfe9b79bb5,27964.0,67847.0,39883.0,1,40.0,6.0,0.0,1.0,MISC,2718,39883.0,240.0,40.0,27964.0,40.0
f17e954e97558148ded21349,2719,c4cbaac9966d,27968.0,28970.0,1002.0,1,1.0,10.0,0.0,0.5,T4,2719,1002.0,10.0,0.5,27968.0,1.0
1ccc18d7d13073b642b3a016,2723,d4d51aca8806,27974.0,38884.0,10910.0,1,40.0,2.0,0.0,0.2,T4,2723,10910.0,80.0,8.0,27974.0,40.0
e8efa65aa22dff1e98ff15d7,2724,b3bfe9b79bb5,27975.0,28571.0,596.0,1,100.0,4.0,0.0,0.2,V100,2724,596.0,400.0,20.0,27975.0,100.0
4338499d3c24cc35be17b44c,2725,5b1345f03aa1,27978.0,28028.0,50.0,1,1.0,6.0,0.0,1.0,MISC,2725,50.0,6.0,1.0,27978.0,1.0
e8efa65aa22dff1e98ff15d7,2726,b3bfe9b79bb5,27980.0,28780.0,800.0,1,100.0,4.0,0.0,0.2,V100,2726,800.0,400.0,20.0,27980.0,100.0
3995073148156da8994ec8bb,2727,5f4cb64dc693,27993.0,37200.0,9207.0,1,20.0,6.0,0.0,0.5,P100,2727,9207.0,120.0,10.0,27993.0,20.0
8ccb9c9fe88b53537e096dd9,2728,de69ddc1064e,27995.0,52441.0,24446.0,1,1.0,6.0,0.0,1.0,P100,2728,24446.0,6.0,1.0,27995.0,1.0
143b087a9cf31f7f5c1b09ba,2729,f5440bdf32a5,28003.0,28050.0,47.0,1,1.0,6.0,0.0,1.0,P100,2729,47.0,6.0,1.0,28003.0,1.0
e8efa65aa22dff1e98ff15d7,2730,b3bfe9b79bb5,28005.0,28067.0,62.0,1,1.0,6.0,0.0,1.0,P100,2730,62.0,6.0,1.0,28005.0,1.0
f17e954e97558148ded21349,2731,c4cbaac9966d,28012.0,28301.0,289.0,1,1.0,10.0,0.0,0.5,T4,2731,289.0,10.0,0.5,28012.0,1.0
40df54e413d319037102e297,2732,7b76597f4283,28015.0,50000.0,21985.0,1,1.0,18.0,0.0,1.0,P100,2732,21985.0,18.0,1.0,28015.0,1.0
40df54e413d319037102e297,2733,7b76597f4283,28016.0,40475.0,12459.0,1,1.0,18.0,0.0,1.0,P100,2733,12459.0,18.0,1.0,28016.0,1.0
40df54e413d319037102e297,2734,7b76597f4283,28020.0,40389.0,12369.0,1,1.0,18.0,0.0,1.0,P100,2734,12369.0,18.0,1.0,28020.0,1.0
40df54e413d319037102e297,2735,7b76597f4283,28032.0,42689.0,14657.0,1,1.0,18.0,0.0,1.0,V100,2735,14657.0,18.0,1.0,28032.0,1.0
f17e954e97558148ded21349,2736,c4cbaac9966d,28033.0,28311.0,278.0,1,1.0,10.0,0.0,0.5,T4,2736,278.0,10.0,0.5,28033.0,1.0
40df54e413d319037102e297,2737,7b76597f4283,28034.0,42815.0,14781.0,1,1.0,18.0,0.0,1.0,V100,2737,14781.0,18.0,1.0,28034.0,1.0
f17e954e97558148ded21349,2738,c4cbaac9966d,28034.0,28701.0,667.0,1,1.0,10.0,0.0,0.5,T4,2738,667.0,10.0,0.5,28034.0,1.0
40df54e413d319037102e297,2739,7b76597f4283,28035.0,42619.0,14584.0,1,1.0,18.0,0.0,1.0,V100,2739,14584.0,18.0,1.0,28035.0,1.0
40df54e413d319037102e297,2740,7b76597f4283,28035.0,42960.0,14925.0,1,1.0,18.0,0.0,1.0,V100,2740,14925.0,18.0,1.0,28035.0,1.0
1ccc18d7d13073b642b3a016,2742,d4d51aca8806,28072.0,34695.0,6623.0,1,4.0,6.0,0.0,0.25,T4,2742,6623.0,24.0,1.0,28072.0,4.0
40df54e413d319037102e297,2743,7b76597f4283,28097.0,55552.0,27455.0,1,1.0,18.0,0.0,1.0,MISC,2743,27455.0,18.0,1.0,28097.0,1.0
40df54e413d319037102e297,2744,7b76597f4283,28097.0,55326.0,27229.0,1,1.0,18.0,0.0,1.0,MISC,2744,27229.0,18.0,1.0,28097.0,1.0
40df54e413d319037102e297,2745,7b76597f4283,28097.0,55205.0,27108.0,1,1.0,18.0,0.0,1.0,MISC,2745,27108.0,18.0,1.0,28097.0,1.0
40df54e413d319037102e297,2746,7b76597f4283,28098.0,43966.0,15868.0,1,1.0,18.0,0.0,1.0,MISC,2746,15868.0,18.0,1.0,28098.0,1.0
40df54e413d319037102e297,2747,7b76597f4283,28106.0,41465.0,13359.0,1,1.0,18.0,0.0,1.0,P100,2747,13359.0,18.0,1.0,28106.0,1.0
40df54e413d319037102e297,2748,7b76597f4283,28110.0,53931.0,25821.0,1,1.0,18.0,0.0,1.0,P100,2748,25821.0,18.0,1.0,28110.0,1.0
40df54e413d319037102e297,2749,7b76597f4283,28112.0,53963.0,25851.0,1,1.0,18.0,0.0,1.0,P100,2749,25851.0,18.0,1.0,28112.0,1.0
ad72c2145b3106ed6361f21a,2750,c78883a46b86,28201.0,28412.0,211.0,1,1.0,10.0,0.0,1.0,T4,2750,211.0,10.0,1.0,28201.0,1.0
e14f55e56de8f9e707c8ff95,2751,42aa9724a88c,28205.0,28271.0,66.0,1,1.0,6.0,0.0,1.0,MISC,2751,66.0,6.0,1.0,28205.0,1.0
f17e954e97558148ded21349,2753,c4cbaac9966d,28217.0,28763.0,546.0,1,1.0,10.0,0.0,0.5,T4,2753,546.0,10.0,0.5,28217.0,1.0
8ccb9c9fe88b53537e096dd9,2754,de69ddc1064e,28242.0,28332.0,90.0,1,1.0,18.0,0.0,1.0,MISC,2754,90.0,18.0,1.0,28242.0,1.0
4338499d3c24cc35be17b44c,2756,5b1345f03aa1,28253.0,29970.0,1717.0,1,20.0,12.0,0.0,0.25,MISC,2756,1717.0,240.0,5.0,28253.0,20.0
3995073148156da8994ec8bb,2757,5f4cb64dc693,28256.0,28422.0,166.0,1,1.0,6.0,0.0,1.0,MISC,2757,166.0,6.0,1.0,28256.0,1.0
4338499d3c24cc35be17b44c,2759,5b1345f03aa1,28266.0,29196.0,930.0,1,20.0,12.0,0.0,0.25,V100,2759,930.0,240.0,5.0,28266.0,20.0
f17e954e97558148ded21349,2760,c4cbaac9966d,28280.0,28619.0,339.0,1,1.0,10.0,0.0,0.5,T4,2760,339.0,10.0,0.5,28280.0,1.0
27fe3bcbb296170406b340f5,2761,9ad16018440a,28282.0,28860.0,578.0,1,1.0,6.0,0.0,0.5,T4,2761,578.0,6.0,0.5,28282.0,1.0
4338499d3c24cc35be17b44c,2763,5b1345f03aa1,28286.0,28845.0,559.0,1,20.0,12.0,0.0,0.25,V100,2763,559.0,240.0,5.0,28286.0,20.0
4338499d3c24cc35be17b44c,2765,5b1345f03aa1,28297.0,28885.0,588.0,1,20.0,12.0,0.0,0.25,V100,2765,588.0,240.0,5.0,28297.0,20.0
6ce05c0db408367538a9bd9e,2767,0c3b5520dba6,28360.0,36303.0,7943.0,1,1.0,6.0,0.0,0.25,T4,2767,7943.0,6.0,0.25,28360.0,1.0
6ce05c0db408367538a9bd9e,2769,0c3b5520dba6,28367.0,31748.0,3381.0,1,1.0,6.0,0.0,0.25,T4,2769,3381.0,6.0,0.25,28367.0,1.0
e8efa65aa22dff1e98ff15d7,2772,b3bfe9b79bb5,28388.0,28430.0,42.0,1,1.0,6.0,0.0,1.0,MISC,2772,42.0,6.0,1.0,28388.0,1.0
e8efa65aa22dff1e98ff15d7,2773,b3bfe9b79bb5,28392.0,28421.0,29.0,1,1.0,6.0,0.0,1.0,MISC,2773,29.0,6.0,1.0,28392.0,1.0
f17e954e97558148ded21349,2774,c4cbaac9966d,28402.0,28812.0,410.0,1,1.0,10.0,0.0,0.5,T4,2774,410.0,10.0,0.5,28402.0,1.0
fdca1b26347a096dc8cd73ec,2777,edc10645cc3f,28459.0,30852.0,2393.0,1,5.0,6.0,0.0,0.25,MISC,2777,2393.0,30.0,1.25,28459.0,5.0
fdca1b26347a096dc8cd73ec,2778,edc10645cc3f,28461.0,30482.0,2021.0,1,5.0,6.0,0.0,0.25,MISC,2778,2021.0,30.0,1.25,28461.0,5.0
e8efa65aa22dff1e98ff15d7,2779,b3bfe9b79bb5,28474.0,28501.0,27.0,1,1.0,6.0,0.0,1.0,MISC,2779,27.0,6.0,1.0,28474.0,1.0
8ccb9c9fe88b53537e096dd9,2781,de69ddc1064e,28481.0,69563.0,41082.0,1,30.0,6.0,0.0,0.25,P100,2781,41082.0,180.0,7.5,28481.0,30.0
fdca1b26347a096dc8cd73ec,2783,edc10645cc3f,28535.0,29952.0,1417.0,1,10.0,6.0,0.0,0.2,P100,2783,1417.0,60.0,2.0,28535.0,10.0
0be3971157d6c504afbc3397,2784,354e3b81c515,28536.0,28572.0,36.0,1,1.0,6.0,0.0,1.0,MISC,2784,36.0,6.0,1.0,28536.0,1.0
fdca1b26347a096dc8cd73ec,2786,edc10645cc3f,28542.0,29792.0,1250.0,1,10.0,6.0,0.0,0.2,V100,2786,1250.0,60.0,2.0,28542.0,10.0
e8efa65aa22dff1e98ff15d7,2789,b3bfe9b79bb5,28556.0,28590.0,34.0,1,1.0,6.0,0.0,1.0,MISC,2789,34.0,6.0,1.0,28556.0,1.0
30185446faeb493c1d55cacd,2790,a8192d6b0ae9,28572.0,28622.0,50.0,1,1.0,6.0,0.0,1.0,MISC,2790,50.0,6.0,1.0,28572.0,1.0
e8efa65aa22dff1e98ff15d7,2792,b3bfe9b79bb5,28642.0,28672.0,30.0,1,1.0,6.0,0.0,1.0,MISC,2792,30.0,6.0,1.0,28642.0,1.0
3d0c139b04089a66f8327da1,2795,442acb263bf0,28664.0,28801.0,137.0,1,1.0,6.0,0.0,1.0,MISC,2795,137.0,6.0,1.0,28664.0,1.0
fdca1b26347a096dc8cd73ec,2796,edc10645cc3f,28670.0,28740.0,70.0,1,1.0,18.0,0.0,1.0,MISC,2796,70.0,18.0,1.0,28670.0,1.0
30185446faeb493c1d55cacd,2798,a8192d6b0ae9,28675.0,28703.0,28.0,1,1.0,6.0,0.0,1.0,MISC,2798,28.0,6.0,1.0,28675.0,1.0
8ccb9c9fe88b53537e096dd9,2799,de69ddc1064e,28677.0,85096.0,56419.0,1,4.0,6.0,0.0,0.5,MISC,2799,56419.0,24.0,2.0,28677.0,4.0
f17e954e97558148ded21349,2800,c4cbaac9966d,28683.0,29393.0,710.0,1,1.0,10.0,0.0,0.5,T4,2800,710.0,10.0,0.5,28683.0,1.0
e8efa65aa22dff1e98ff15d7,2801,b3bfe9b79bb5,28726.0,28761.0,35.0,1,1.0,6.0,0.0,1.0,P100,2801,35.0,6.0,1.0,28726.0,1.0
e8efa65aa22dff1e98ff15d7,2802,b3bfe9b79bb5,28729.0,28802.0,73.0,1,1.0,6.0,0.0,1.0,P100,2802,73.0,6.0,1.0,28729.0,1.0
f17e954e97558148ded21349,2803,c4cbaac9966d,28743.0,29167.0,424.0,1,1.0,10.0,0.0,0.5,T4,2803,424.0,10.0,0.5,28743.0,1.0
e8efa65aa22dff1e98ff15d7,2804,b3bfe9b79bb5,28749.0,29245.0,496.0,1,100.0,2.0,0.0,0.25,P100,2804,496.0,200.0,25.0,28749.0,100.0
6ce05c0db408367538a9bd9e,2805,0c3b5520dba6,28766.0,28841.0,75.0,1,1.0,6.0,0.0,1.0,T4,2805,75.0,6.0,1.0,28766.0,1.0
693694aff93ce4f9a8bbdfd6,2806,b13fd7656207,28778.0,29859.0,1081.0,1,1.0,8.0,0.0,1.0,T4,2806,1081.0,8.0,1.0,28778.0,1.0
6ce05c0db408367538a9bd9e,2808,0c3b5520dba6,28783.0,36184.0,7401.0,1,1.0,6.0,0.0,0.25,T4,2808,7401.0,6.0,0.25,28783.0,1.0
e8efa65aa22dff1e98ff15d7,2809,b3bfe9b79bb5,28828.0,28862.0,34.0,1,1.0,6.0,0.0,1.0,MISC,2809,34.0,6.0,1.0,28828.0,1.0
a6f4f091632f915821796807,2810,e71cb97ab858,28835.0,28888.0,53.0,1,10.0,6.0,0.0,1.0,T4,2810,53.0,60.0,10.0,28835.0,10.0
f17e954e97558148ded21349,2811,c4cbaac9966d,28835.0,29247.0,412.0,1,1.0,10.0,0.0,0.5,T4,2811,412.0,10.0,0.5,28835.0,1.0
6ce05c0db408367538a9bd9e,2812,0c3b5520dba6,28839.0,28915.0,76.0,1,1.0,6.0,0.0,1.0,T4,2812,76.0,6.0,1.0,28839.0,1.0
e14f55e56de8f9e707c8ff95,2814,42aa9724a88c,28843.0,28911.0,68.0,1,10.0,6.0,0.0,1.0,MISC,2814,68.0,60.0,10.0,28843.0,10.0
6ce05c0db408367538a9bd9e,2815,0c3b5520dba6,28845.0,37221.0,8376.0,1,1.0,6.0,0.0,0.25,T4,2815,8376.0,6.0,0.25,28845.0,1.0
6ce05c0db408367538a9bd9e,2817,0c3b5520dba6,28851.0,32000.0,3149.0,1,1.0,6.0,0.0,0.25,T4,2817,3149.0,6.0,0.25,28851.0,1.0
1ccc18d7d13073b642b3a016,2819,d4d51aca8806,28865.0,30103.0,1238.0,1,12.0,6.0,0.0,0.25,T4,2819,1238.0,72.0,3.0,28865.0,12.0
1ccc18d7d13073b642b3a016,2821,d4d51aca8806,28872.0,30169.0,1297.0,1,12.0,6.0,0.0,0.25,T4,2821,1297.0,72.0,3.0,28872.0,12.0
1ccc18d7d13073b642b3a016,2824,d4d51aca8806,28884.0,30202.0,1318.0,1,12.0,6.0,0.0,0.25,T4,2824,1318.0,72.0,3.0,28884.0,12.0
1ccc18d7d13073b642b3a016,2826,d4d51aca8806,28886.0,29872.0,986.0,1,11.0,6.0,0.0,0.25,T4,2826,986.0,66.0,2.75,28886.0,11.0
1ccc18d7d13073b642b3a016,2827,d4d51aca8806,28888.0,30286.0,1398.0,1,12.0,6.0,0.0,0.25,T4,2827,1398.0,72.0,3.0,28888.0,12.0
1ccc18d7d13073b642b3a016,2830,d4d51aca8806,28894.0,30389.0,1495.0,1,12.0,6.0,0.0,0.25,T4,2830,1495.0,72.0,3.0,28894.0,12.0
1ccc18d7d13073b642b3a016,2831,d4d51aca8806,28894.0,30397.0,1503.0,1,12.0,6.0,0.0,0.25,T4,2831,1503.0,72.0,3.0,28894.0,12.0
4338499d3c24cc35be17b44c,2833,5b1345f03aa1,28917.0,28952.0,35.0,1,1.0,6.0,0.0,1.0,MISC,2833,35.0,6.0,1.0,28917.0,1.0
e8efa65aa22dff1e98ff15d7,2834,b3bfe9b79bb5,28917.0,28953.0,36.0,1,1.0,6.0,0.0,1.0,MISC,2834,36.0,6.0,1.0,28917.0,1.0
27fe3bcbb296170406b340f5,2835,9ad16018440a,28927.0,30467.0,1540.0,1,1.0,6.0,0.0,0.5,T4,2835,1540.0,6.0,0.5,28927.0,1.0
f17e954e97558148ded21349,2836,c4cbaac9966d,28930.0,29667.0,737.0,1,1.0,10.0,0.0,0.5,T4,2836,737.0,10.0,0.5,28930.0,1.0
4338499d3c24cc35be17b44c,2837,5b1345f03aa1,28949.0,29226.0,277.0,1,1.0,6.0,0.0,1.0,MISC,2837,277.0,6.0,1.0,28949.0,1.0
f2c4b7ef9bca7bf8390f05cd,2838,1480b75a8c96,28982.0,29328.0,346.0,1,1.0,6.0,0.0,1.0,T4,2838,346.0,6.0,1.0,28982.0,1.0
e8efa65aa22dff1e98ff15d7,2839,b3bfe9b79bb5,29005.0,29033.0,28.0,1,1.0,6.0,0.0,1.0,MISC,2839,28.0,6.0,1.0,29005.0,1.0
f17e954e97558148ded21349,2840,c4cbaac9966d,29008.0,29250.0,242.0,1,1.0,10.0,0.0,0.5,T4,2840,242.0,10.0,0.5,29008.0,1.0
30185446faeb493c1d55cacd,2841,a8192d6b0ae9,29028.0,29075.0,47.0,1,1.0,6.0,0.0,1.0,MISC,2841,47.0,6.0,1.0,29028.0,1.0
b53f9ebd1eeeea726d1dac78,2843,2cbd33b08024,29045.0,31979.0,2934.0,1,10.0,5.0,0.0,0.5,MISC,2843,2934.0,50.0,5.0,29045.0,10.0
f17e954e97558148ded21349,2844,c4cbaac9966d,29055.0,29484.0,429.0,1,1.0,10.0,0.0,0.5,T4,2844,429.0,10.0,0.5,29055.0,1.0
e14f55e56de8f9e707c8ff95,2845,42aa9724a88c,29084.0,29135.0,51.0,1,1.0,6.0,0.0,1.0,MISC,2845,51.0,6.0,1.0,29084.0,1.0
e8efa65aa22dff1e98ff15d7,2846,b3bfe9b79bb5,29089.0,29124.0,35.0,1,1.0,6.0,0.0,1.0,MISC,2846,35.0,6.0,1.0,29089.0,1.0
845ebc87e40bad0db5b37e26,2847,f14128db0160,29115.0,29164.0,49.0,1,1.0,6.0,0.0,2.0,MISC,2847,49.0,6.0,2.0,29115.0,1.0
e8efa65aa22dff1e98ff15d7,2848,b3bfe9b79bb5,29150.0,63753.0,34603.0,1,100.0,6.0,0.0,0.25,MISC,2848,34603.0,600.0,25.0,29150.0,100.0
f17e954e97558148ded21349,2849,c4cbaac9966d,29189.0,29413.0,224.0,1,1.0,10.0,0.0,0.5,T4,2849,224.0,10.0,0.5,29189.0,1.0
e8efa65aa22dff1e98ff15d7,2850,b3bfe9b79bb5,29219.0,29254.0,35.0,1,1.0,6.0,0.0,1.0,MISC,2850,35.0,6.0,1.0,29219.0,1.0
3e5fb00bf43aa67ee5c2b6d5,2851,f134c9ec05e3,29238.0,29396.0,158.0,1,1.0,6.0,0.0,0.5,MISC,2851,158.0,6.0,0.5,29238.0,1.0
f17e954e97558148ded21349,2852,c4cbaac9966d,29241.0,30390.0,1149.0,1,1.0,10.0,0.0,0.5,T4,2852,1149.0,10.0,0.5,29241.0,1.0
d894fd1af131ed7a296716b5,2853,58540f191766,29266.0,30931.0,1665.0,1,1.0,6.0,0.0,1.0,MISC,2853,1665.0,6.0,1.0,29266.0,1.0
d894fd1af131ed7a296716b5,2854,58540f191766,29268.0,31063.0,1795.0,1,1.0,6.0,0.0,1.0,MISC,2854,1795.0,6.0,1.0,29268.0,1.0
8ccb9c9fe88b53537e096dd9,2855,de69ddc1064e,29296.0,43719.0,14423.0,1,1.0,18.0,0.0,1.0,MISC,2855,14423.0,18.0,1.0,29296.0,1.0
fdca1b26347a096dc8cd73ec,2857,edc10645cc3f,29330.0,30806.0,1476.0,1,10.0,6.0,0.0,0.25,MISC,2857,1476.0,60.0,2.5,29330.0,10.0
f2c4b7ef9bca7bf8390f05cd,2858,1480b75a8c96,29356.0,29380.0,24.0,1,1.0,6.0,0.0,1.0,T4,2858,24.0,6.0,1.0,29356.0,1.0
f17e954e97558148ded21349,2859,c4cbaac9966d,29363.0,30071.0,708.0,1,1.0,10.0,0.0,0.5,T4,2859,708.0,10.0,0.5,29363.0,1.0
330c4567830246d94ee386d4,2861,766c6c1054bf,29387.0,29614.0,227.0,1,1.0,6.0,0.0,0.25,MISC,2861,227.0,6.0,0.25,29387.0,1.0
30185446faeb493c1d55cacd,2863,a8192d6b0ae9,29389.0,29448.0,59.0,1,1.0,6.0,0.0,1.0,MISC,2863,59.0,6.0,1.0,29389.0,1.0
8ccb9c9fe88b53537e096dd9,2864,de69ddc1064e,29389.0,30219.0,830.0,1,8.0,6.0,0.0,0.25,MISC,2864,830.0,48.0,2.0,29389.0,8.0
21858ac282f1092bb15f8831,2866,45bd92802aa9,29403.0,29419.0,16.0,1,1.0,6.0,0.0,2.0,T4,2866,16.0,6.0,2.0,29403.0,1.0
fdca1b26347a096dc8cd73ec,2868,edc10645cc3f,29423.0,35365.0,5942.0,1,10.0,6.0,0.0,0.25,MISC,2868,5942.0,60.0,2.5,29423.0,10.0
a6f4f091632f915821796807,2870,e71cb97ab858,29468.0,34347.0,4879.0,1,150.0,6.0,0.0,0.25,T4,2870,4879.0,900.0,37.5,29468.0,150.0
a663b0c20a403b03dd80f4b4,2871,31aab24588ee,29470.0,32528.0,3058.0,1,3.0,16.0,0.0,0.5,T4,2871,3058.0,48.0,1.5,29470.0,3.0
f17e954e97558148ded21349,2873,c4cbaac9966d,29489.0,29911.0,422.0,1,1.0,10.0,0.0,0.5,T4,2873,422.0,10.0,0.5,29489.0,1.0
fdca1b26347a096dc8cd73ec,2874,edc10645cc3f,29490.0,29763.0,273.0,1,10.0,6.0,0.0,0.25,MISC,2874,273.0,60.0,2.5,29490.0,10.0
4338499d3c24cc35be17b44c,2875,5b1345f03aa1,29493.0,29558.0,65.0,1,1.0,6.0,0.0,1.0,MISC,2875,65.0,6.0,1.0,29493.0,1.0
2fe46f64538b8943a9882bab,2876,c677a0acf7c0,29508.0,32794.0,3286.0,1,5.0,2.0,0.0,1.0,MISC,2876,3286.0,10.0,5.0,29508.0,5.0
f17e954e97558148ded21349,2877,c4cbaac9966d,29518.0,30318.0,800.0,1,1.0,10.0,0.0,0.5,T4,2877,800.0,10.0,0.5,29518.0,1.0
4338499d3c24cc35be17b44c,2878,5b1345f03aa1,29519.0,30224.0,705.0,1,1.0,6.0,0.0,1.0,MISC,2878,705.0,6.0,1.0,29519.0,1.0
8ccb9c9fe88b53537e096dd9,2879,de69ddc1064e,29538.0,50481.0,20943.0,1,1.0,18.0,0.0,1.0,P100,2879,20943.0,18.0,1.0,29538.0,1.0
4338499d3c24cc35be17b44c,2880,5b1345f03aa1,29538.0,30559.0,1021.0,1,1.0,6.0,0.0,1.0,MISC,2880,1021.0,6.0,1.0,29538.0,1.0
2fe46f64538b8943a9882bab,2881,c677a0acf7c0,29540.0,29576.0,36.0,1,1.0,6.0,0.0,1.0,MISC,2881,36.0,6.0,1.0,29540.0,1.0
4338499d3c24cc35be17b44c,2882,5b1345f03aa1,29553.0,30430.0,877.0,1,1.0,6.0,0.0,1.0,MISC,2882,877.0,6.0,1.0,29553.0,1.0
4338499d3c24cc35be17b44c,2883,5b1345f03aa1,29569.0,30091.0,522.0,1,1.0,6.0,0.0,1.0,MISC,2883,522.0,6.0,1.0,29569.0,1.0
4338499d3c24cc35be17b44c,2884,5b1345f03aa1,29585.0,30232.0,647.0,1,1.0,6.0,0.0,1.0,MISC,2884,647.0,6.0,1.0,29585.0,1.0
4338499d3c24cc35be17b44c,2885,5b1345f03aa1,29590.0,29680.0,90.0,1,1.0,6.0,0.0,0.25,MISC,2885,90.0,6.0,0.25,29590.0,1.0
8ccb9c9fe88b53537e096dd9,2886,de69ddc1064e,29591.0,31677.0,2086.0,1,1.0,40.0,0.0,0.5,P100,2886,2086.0,40.0,0.5,29591.0,1.0
2fe46f64538b8943a9882bab,2887,c677a0acf7c0,29603.0,30190.0,587.0,1,1.0,6.0,0.0,0.25,MISC,2887,587.0,6.0,0.25,29603.0,1.0
d31da220e964fb2f1ace98f6,2888,eea150bdfdd6,29673.0,60370.0,30697.0,1,1.0,18.0,0.0,1.0,MISC,2888,30697.0,18.0,1.0,29673.0,1.0
4338499d3c24cc35be17b44c,2889,5b1345f03aa1,29696.0,30494.0,798.0,1,1.0,6.0,0.0,1.0,MISC,2889,798.0,6.0,1.0,29696.0,1.0
f17e954e97558148ded21349,2890,c4cbaac9966d,29704.0,30156.0,452.0,1,1.0,10.0,0.0,0.5,T4,2890,452.0,10.0,0.5,29704.0,1.0
4d8fee7f10bd7edbb75b96b3,2891,b2c52019b2c6,29719.0,29748.0,29.0,1,1.0,6.0,0.0,1.0,MISC,2891,29.0,6.0,1.0,29719.0,1.0
073cabdb7468a949c2d2c663,2892,c69b1489d7dc,29766.0,123347.0,93581.0,1,20.0,6.0,0.0,1.0,MISC,2892,93581.0,120.0,20.0,29766.0,20.0
4338499d3c24cc35be17b44c,2894,5b1345f03aa1,29784.0,29838.0,54.0,1,1.0,6.0,0.0,1.0,MISC,2894,54.0,6.0,1.0,29784.0,1.0
fdca1b26347a096dc8cd73ec,2896,edc10645cc3f,29856.0,29968.0,112.0,1,1.0,6.0,0.0,0.25,MISC,2896,112.0,6.0,0.25,29856.0,1.0
0272670bed9659e6a76e6998,2899,c2a3a3121170,29869.0,34104.0,4235.0,1,150.0,6.0,0.0,0.5,P100,2899,4235.0,900.0,75.0,29869.0,150.0
0272670bed9659e6a76e6998,2900,c2a3a3121170,29871.0,35046.0,5175.0,1,100.0,6.0,0.0,0.5,P100,2900,5175.0,600.0,50.0,29871.0,100.0
6c3063994722f1e538b28a1a,2902,d7052eeddab7,29894.0,29936.0,42.0,1,50.0,6.0,0.0,1.0,P100,2902,42.0,300.0,50.0,29894.0,50.0
693694aff93ce4f9a8bbdfd6,2903,b13fd7656207,29910.0,36272.0,6362.0,1,1.0,8.0,0.0,1.0,T4,2903,6362.0,8.0,1.0,29910.0,1.0
fc589d169975d9b13b1f2cbb,2904,9778091c213e,29931.0,30187.0,256.0,1,1.0,6.0,0.0,2.0,T4,2904,256.0,6.0,2.0,29931.0,1.0
e14f55e56de8f9e707c8ff95,2905,42aa9724a88c,29943.0,30010.0,67.0,1,1.0,6.0,0.0,1.0,MISC,2905,67.0,6.0,1.0,29943.0,1.0
4c63a741106edc46bc1729dd,2906,18febf35d3a1,29944.0,30139.0,195.0,1,1.0,6.0,0.0,1.0,MISC,2906,195.0,6.0,1.0,29944.0,1.0
845ebc87e40bad0db5b37e26,2907,f14128db0160,29977.0,30180.0,203.0,1,1.0,6.0,0.0,2.0,MISC,2907,203.0,6.0,2.0,29977.0,1.0
1ccc18d7d13073b642b3a016,2909,d4d51aca8806,29985.0,31669.0,1684.0,1,6.0,6.0,0.0,0.25,T4,2909,1684.0,36.0,1.5,29985.0,6.0
f17e954e97558148ded21349,2910,c4cbaac9966d,30013.0,30481.0,468.0,1,1.0,10.0,0.0,0.5,T4,2910,468.0,10.0,0.5,30013.0,1.0
4338499d3c24cc35be17b44c,2911,5b1345f03aa1,30033.0,30303.0,270.0,1,1.0,18.0,0.0,1.0,P100,2911,270.0,18.0,1.0,30033.0,1.0
07a7440f33d2bfb59804064b,2912,9cc55781f4a6,30039.0,51071.0,21032.0,1,1.0,6.0,0.0,2.0,T4,2912,21032.0,6.0,2.0,30039.0,1.0
4338499d3c24cc35be17b44c,2913,5b1345f03aa1,30079.0,31608.0,1529.0,1,40.0,2.0,0.0,0.5,MISC,2913,1529.0,80.0,20.0,30079.0,40.0
fdca1b26347a096dc8cd73ec,2915,edc10645cc3f,30118.0,33353.0,3235.0,1,10.0,6.0,0.0,0.25,MISC,2915,3235.0,60.0,2.5,30118.0,10.0
f17e954e97558148ded21349,2916,c4cbaac9966d,30139.0,30567.0,428.0,1,1.0,10.0,0.0,0.5,T4,2916,428.0,10.0,0.5,30139.0,1.0
6c3063994722f1e538b28a1a,2918,d7052eeddab7,30174.0,43332.0,13158.0,1,20.0,6.0,0.0,1.0,MISC,2918,13158.0,120.0,20.0,30174.0,20.0
fdca1b26347a096dc8cd73ec,2920,edc10645cc3f,30186.0,31876.0,1690.0,1,10.0,6.0,0.0,0.25,MISC,2920,1690.0,60.0,2.5,30186.0,10.0
4c63a741106edc46bc1729dd,2921,18febf35d3a1,30223.0,30476.0,253.0,1,1.0,6.0,0.0,1.0,MISC,2921,253.0,6.0,1.0,30223.0,1.0
fdca1b26347a096dc8cd73ec,2923,edc10645cc3f,30231.0,30283.0,52.0,1,5.0,6.0,0.0,0.25,MISC,2923,52.0,30.0,1.25,30231.0,5.0
4338499d3c24cc35be17b44c,2924,5b1345f03aa1,30233.0,30604.0,371.0,1,1.0,6.0,0.0,1.0,MISC,2924,371.0,6.0,1.0,30233.0,1.0
0272670bed9659e6a76e6998,2925,c2a3a3121170,30235.0,34106.0,3871.0,1,100.0,4.0,0.0,1.0,V100,2925,3871.0,400.0,100.0,30235.0,100.0
f17e954e97558148ded21349,2926,c4cbaac9966d,30270.0,30647.0,377.0,1,1.0,10.0,0.0,0.5,T4,2926,377.0,10.0,0.5,30270.0,1.0
f2c4b7ef9bca7bf8390f05cd,2927,1480b75a8c96,30278.0,31136.0,858.0,1,1.0,6.0,0.0,1.0,T4,2927,858.0,6.0,1.0,30278.0,1.0
f2c4b7ef9bca7bf8390f05cd,2928,1480b75a8c96,30285.0,31143.0,858.0,1,1.0,6.0,0.0,1.0,T4,2928,858.0,6.0,1.0,30285.0,1.0
e8efa65aa22dff1e98ff15d7,2929,b3bfe9b79bb5,30322.0,31798.0,1476.0,1,50.0,4.0,0.0,1.0,MISC,2929,1476.0,200.0,50.0,30322.0,50.0
fdca1b26347a096dc8cd73ec,2930,edc10645cc3f,30323.0,32344.0,2021.0,1,10.0,6.0,0.0,0.25,MISC,2930,2021.0,60.0,2.5,30323.0,10.0
1ccc18d7d13073b642b3a016,2932,d4d51aca8806,30331.0,35284.0,4953.0,1,15.0,6.0,0.0,0.15,T4,2932,4953.0,90.0,2.25,30331.0,15.0
fdca1b26347a096dc8cd73ec,2933,edc10645cc3f,30350.0,30372.0,22.0,1,1.0,6.0,0.0,1.0,MISC,2933,22.0,6.0,1.0,30350.0,1.0
fdca1b26347a096dc8cd73ec,2935,edc10645cc3f,30370.0,30648.0,278.0,1,10.0,6.0,0.0,0.25,MISC,2935,278.0,60.0,2.5,30370.0,10.0
4338499d3c24cc35be17b44c,2936,5b1345f03aa1,30379.0,30744.0,365.0,1,1.0,6.0,0.0,1.0,MISC,2936,365.0,6.0,1.0,30379.0,1.0
fc589d169975d9b13b1f2cbb,2937,9778091c213e,30385.0,30591.0,206.0,1,1.0,18.0,0.0,1.0,T4,2937,206.0,18.0,1.0,30385.0,1.0
f17e954e97558148ded21349,2938,c4cbaac9966d,30388.0,30797.0,409.0,1,1.0,10.0,0.0,0.5,T4,2938,409.0,10.0,0.5,30388.0,1.0
fdca1b26347a096dc8cd73ec,2939,edc10645cc3f,30403.0,30423.0,20.0,1,1.0,6.0,0.0,1.0,MISC,2939,20.0,6.0,1.0,30403.0,1.0
4338499d3c24cc35be17b44c,2940,5b1345f03aa1,30441.0,32332.0,1891.0,1,1.0,6.0,0.0,1.0,MISC,2940,1891.0,6.0,1.0,30441.0,1.0
8ccb9c9fe88b53537e096dd9,2942,de69ddc1064e,30458.0,30624.0,166.0,1,4.0,6.0,0.0,0.25,MISC,2942,166.0,24.0,1.0,30458.0,4.0
f17e954e97558148ded21349,2943,c4cbaac9966d,30462.0,30764.0,302.0,1,1.0,10.0,0.0,0.5,T4,2943,302.0,10.0,0.5,30462.0,1.0
4338499d3c24cc35be17b44c,2946,5b1345f03aa1,30473.0,49466.0,18993.0,1,50.0,4.0,0.0,0.25,MISC,2946,18993.0,200.0,12.5,30473.0,50.0
4338499d3c24cc35be17b44c,2947,5b1345f03aa1,30476.0,53858.0,23382.0,1,50.0,4.0,0.0,0.25,MISC,2947,23382.0,200.0,12.5,30476.0,50.0
f17e954e97558148ded21349,2948,c4cbaac9966d,30481.0,30870.0,389.0,1,1.0,10.0,0.0,0.5,T4,2948,389.0,10.0,0.5,30481.0,1.0
4338499d3c24cc35be17b44c,2950,5b1345f03aa1,30493.0,48173.0,17680.0,1,50.0,4.0,0.0,0.25,P100,2950,17680.0,200.0,12.5,30493.0,50.0
27fe3bcbb296170406b340f5,2951,9ad16018440a,30527.0,31135.0,608.0,1,1.0,6.0,0.0,0.5,T4,2951,608.0,6.0,0.5,30527.0,1.0
f17e954e97558148ded21349,2952,c4cbaac9966d,30542.0,30870.0,328.0,1,1.0,10.0,0.0,0.5,T4,2952,328.0,10.0,0.5,30542.0,1.0
fc589d169975d9b13b1f2cbb,2953,9778091c213e,30618.0,30990.0,372.0,1,1.0,18.0,0.0,1.0,T4,2953,372.0,18.0,1.0,30618.0,1.0
f17e954e97558148ded21349,2954,c4cbaac9966d,30668.0,31110.0,442.0,1,1.0,10.0,0.0,0.5,T4,2954,442.0,10.0,0.5,30668.0,1.0
4338499d3c24cc35be17b44c,2956,5b1345f03aa1,30677.0,33554.0,2877.0,1,1.0,6.0,0.0,0.25,MISC,2956,2877.0,6.0,0.25,30677.0,1.0
92297443355d710882e87359,2958,5e5a7a105292,30686.0,30866.0,180.0,1,4.0,1.0,0.0,0.25,MISC,2958,180.0,4.0,1.0,30686.0,4.0
4338499d3c24cc35be17b44c,2960,5b1345f03aa1,30697.0,30743.0,46.0,1,1.0,6.0,0.0,0.25,MISC,2960,46.0,6.0,0.25,30697.0,1.0
4338499d3c24cc35be17b44c,2962,5b1345f03aa1,30704.0,30742.0,38.0,1,1.0,6.0,0.0,1.0,MISC,2962,38.0,6.0,1.0,30704.0,1.0
f17e954e97558148ded21349,2963,c4cbaac9966d,30725.0,31056.0,331.0,1,1.0,10.0,0.0,0.5,T4,2963,331.0,10.0,0.5,30725.0,1.0
f2c4b7ef9bca7bf8390f05cd,2964,1480b75a8c96,30761.0,31087.0,326.0,1,1.0,6.0,0.0,1.0,T4,2964,326.0,6.0,1.0,30761.0,1.0
4338499d3c24cc35be17b44c,2965,5b1345f03aa1,30776.0,30895.0,119.0,1,1.0,6.0,0.0,0.25,MISC,2965,119.0,6.0,0.25,30776.0,1.0
e14f55e56de8f9e707c8ff95,2966,42aa9724a88c,30838.0,30884.0,46.0,1,1.0,6.0,0.0,1.0,MISC,2966,46.0,6.0,1.0,30838.0,1.0
fdca1b26347a096dc8cd73ec,2967,edc10645cc3f,30851.0,30884.0,33.0,1,1.0,6.0,0.0,1.0,MISC,2967,33.0,6.0,1.0,30851.0,1.0
21858ac282f1092bb15f8831,2968,45bd92802aa9,30857.0,31062.0,205.0,1,1.0,6.0,0.0,1.0,T4,2968,205.0,6.0,1.0,30857.0,1.0
f17e954e97558148ded21349,2969,c4cbaac9966d,30857.0,31143.0,286.0,1,1.0,10.0,0.0,0.5,T4,2969,286.0,10.0,0.5,30857.0,1.0
9c6554174b06015a7af561c6,2970,41f97a75a037,30859.0,30913.0,54.0,1,1.0,6.0,0.0,1.0,T4,2970,54.0,6.0,1.0,30859.0,1.0
e8efa65aa22dff1e98ff15d7,2974,b3bfe9b79bb5,30874.0,31813.0,939.0,1,50.0,6.0,0.0,0.5,P100,2974,939.0,300.0,25.0,30874.0,50.0
049570305e6b0ab6aa86bf60,2975,29380421d3fc,30884.0,30928.0,44.0,1,1.0,6.0,0.0,1.0,T4,2975,44.0,6.0,1.0,30884.0,1.0
4338499d3c24cc35be17b44c,2976,5b1345f03aa1,30887.0,30945.0,58.0,1,1.0,6.0,0.0,1.0,MISC,2976,58.0,6.0,1.0,30887.0,1.0
1ccc18d7d13073b642b3a016,2978,d4d51aca8806,30893.0,32181.0,1288.0,1,12.0,6.0,0.0,0.25,T4,2978,1288.0,72.0,3.0,30893.0,12.0
330c4567830246d94ee386d4,2979,766c6c1054bf,30894.0,42138.0,11244.0,1,1.0,6.0,0.0,0.25,MISC,2979,11244.0,6.0,0.25,30894.0,1.0
1ccc18d7d13073b642b3a016,2981,d4d51aca8806,30907.0,32304.0,1397.0,1,12.0,6.0,0.0,0.25,T4,2981,1397.0,72.0,3.0,30907.0,12.0
1ccc18d7d13073b642b3a016,2985,d4d51aca8806,30912.0,32410.0,1498.0,1,12.0,6.0,0.0,0.25,T4,2985,1498.0,72.0,3.0,30912.0,12.0
049570305e6b0ab6aa86bf60,2986,29380421d3fc,30912.0,30957.0,45.0,1,1.0,6.0,0.0,1.0,T4,2986,45.0,6.0,1.0,30912.0,1.0
1ccc18d7d13073b642b3a016,2987,d4d51aca8806,30914.0,32159.0,1245.0,1,12.0,6.0,0.0,0.25,T4,2987,1245.0,72.0,3.0,30914.0,12.0
1ccc18d7d13073b642b3a016,2988,d4d51aca8806,30915.0,32199.0,1284.0,1,12.0,6.0,0.0,0.25,T4,2988,1284.0,72.0,3.0,30915.0,12.0
1ccc18d7d13073b642b3a016,2990,d4d51aca8806,30925.0,32741.0,1816.0,1,28.0,6.0,0.0,0.25,T4,2990,1816.0,168.0,7.0,30925.0,28.0
1ccc18d7d13073b642b3a016,2993,d4d51aca8806,30928.0,32516.0,1588.0,1,12.0,6.0,0.0,0.25,T4,2993,1588.0,72.0,3.0,30928.0,12.0
4338499d3c24cc35be17b44c,2994,5b1345f03aa1,30928.0,31007.0,79.0,1,1.0,6.0,0.0,1.0,MISC,2994,79.0,6.0,1.0,30928.0,1.0
4338499d3c24cc35be17b44c,2996,5b1345f03aa1,30930.0,31005.0,75.0,1,1.0,6.0,0.0,1.0,MISC,2996,75.0,6.0,1.0,30930.0,1.0
4338499d3c24cc35be17b44c,2997,5b1345f03aa1,30931.0,31014.0,83.0,1,1.0,6.0,0.0,1.0,MISC,2997,83.0,6.0,1.0,30931.0,1.0
4338499d3c24cc35be17b44c,2998,5b1345f03aa1,30931.0,31015.0,84.0,1,1.0,6.0,0.0,1.0,MISC,2998,84.0,6.0,1.0,30931.0,1.0
1ccc18d7d13073b642b3a016,2999,d4d51aca8806,30931.0,32338.0,1407.0,1,12.0,6.0,0.0,0.25,T4,2999,1407.0,72.0,3.0,30931.0,12.0
4338499d3c24cc35be17b44c,3000,5b1345f03aa1,30932.0,31149.0,217.0,1,1.0,6.0,0.0,1.0,MISC,3000,217.0,6.0,1.0,30932.0,1.0
4338499d3c24cc35be17b44c,3001,5b1345f03aa1,30932.0,31056.0,124.0,1,1.0,6.0,0.0,1.0,MISC,3001,124.0,6.0,1.0,30932.0,1.0
1ccc18d7d13073b642b3a016,3002,d4d51aca8806,30932.0,32579.0,1647.0,1,12.0,6.0,0.0,0.25,T4,3002,1647.0,72.0,3.0,30932.0,12.0
4338499d3c24cc35be17b44c,3003,5b1345f03aa1,30934.0,31027.0,93.0,1,1.0,6.0,0.0,1.0,MISC,3003,93.0,6.0,1.0,30934.0,1.0
4338499d3c24cc35be17b44c,3004,5b1345f03aa1,30935.0,31099.0,164.0,1,1.0,6.0,0.0,1.0,MISC,3004,164.0,6.0,1.0,30935.0,1.0
4338499d3c24cc35be17b44c,3005,5b1345f03aa1,30936.0,31058.0,122.0,1,1.0,6.0,0.0,1.0,MISC,3005,122.0,6.0,1.0,30936.0,1.0
4338499d3c24cc35be17b44c,3006,5b1345f03aa1,30938.0,31107.0,169.0,1,1.0,6.0,0.0,1.0,MISC,3006,169.0,6.0,1.0,30938.0,1.0
4338499d3c24cc35be17b44c,3007,5b1345f03aa1,30938.0,31097.0,159.0,1,1.0,6.0,0.0,1.0,MISC,3007,159.0,6.0,1.0,30938.0,1.0
4338499d3c24cc35be17b44c,3008,5b1345f03aa1,30941.0,31118.0,177.0,1,1.0,6.0,0.0,1.0,MISC,3008,177.0,6.0,1.0,30941.0,1.0
4338499d3c24cc35be17b44c,3010,5b1345f03aa1,30942.0,31097.0,155.0,1,1.0,6.0,0.0,1.0,MISC,3010,155.0,6.0,1.0,30942.0,1.0
4338499d3c24cc35be17b44c,3012,5b1345f03aa1,30945.0,31016.0,71.0,1,1.0,6.0,0.0,1.0,MISC,3012,71.0,6.0,1.0,30945.0,1.0
4338499d3c24cc35be17b44c,3013,5b1345f03aa1,30945.0,31097.0,152.0,1,1.0,6.0,0.0,1.0,MISC,3013,152.0,6.0,1.0,30945.0,1.0
fdca1b26347a096dc8cd73ec,3014,edc10645cc3f,30946.0,31125.0,179.0,1,10.0,6.0,0.0,0.25,MISC,3014,179.0,60.0,2.5,30946.0,10.0
4338499d3c24cc35be17b44c,3015,5b1345f03aa1,30947.0,31015.0,68.0,1,1.0,6.0,0.0,1.0,MISC,3015,68.0,6.0,1.0,30947.0,1.0
4338499d3c24cc35be17b44c,3016,5b1345f03aa1,30947.0,31046.0,99.0,1,1.0,6.0,0.0,1.0,MISC,3016,99.0,6.0,1.0,30947.0,1.0
fdca1b26347a096dc8cd73ec,3017,edc10645cc3f,30947.0,31243.0,296.0,1,10.0,6.0,0.0,0.25,MISC,3017,296.0,60.0,2.5,30947.0,10.0
4338499d3c24cc35be17b44c,3018,5b1345f03aa1,30948.0,31076.0,128.0,1,1.0,6.0,0.0,1.0,MISC,3018,128.0,6.0,1.0,30948.0,1.0
4338499d3c24cc35be17b44c,3019,5b1345f03aa1,30951.0,31045.0,94.0,1,1.0,6.0,0.0,1.0,MISC,3019,94.0,6.0,1.0,30951.0,1.0
4338499d3c24cc35be17b44c,3021,5b1345f03aa1,30953.0,31109.0,156.0,1,1.0,6.0,0.0,1.0,MISC,3021,156.0,6.0,1.0,30953.0,1.0
fdca1b26347a096dc8cd73ec,3022,edc10645cc3f,30956.0,31207.0,251.0,1,10.0,6.0,0.0,0.25,MISC,3022,251.0,60.0,2.5,30956.0,10.0
1ccc18d7d13073b642b3a016,3024,d4d51aca8806,30966.0,36262.0,5296.0,1,8.0,6.0,0.0,0.25,T4,3024,5296.0,48.0,2.0,30966.0,8.0
f17e954e97558148ded21349,3025,c4cbaac9966d,30978.0,31520.0,542.0,1,1.0,10.0,0.0,0.5,T4,3025,542.0,10.0,0.5,30978.0,1.0
f17e954e97558148ded21349,3026,c4cbaac9966d,30979.0,31653.0,674.0,1,1.0,10.0,0.0,0.5,T4,3026,674.0,10.0,0.5,30979.0,1.0
4338499d3c24cc35be17b44c,3027,5b1345f03aa1,30984.0,32627.0,1643.0,1,1.0,6.0,0.0,1.0,MISC,3027,1643.0,6.0,1.0,30984.0,1.0
1ccc18d7d13073b642b3a016,3029,d4d51aca8806,30988.0,32430.0,1442.0,1,12.0,6.0,0.0,0.25,T4,3029,1442.0,72.0,3.0,30988.0,12.0
4338499d3c24cc35be17b44c,3030,5b1345f03aa1,30989.0,31107.0,118.0,1,1.0,6.0,0.0,0.25,MISC,3030,118.0,6.0,0.25,30989.0,1.0
693694aff93ce4f9a8bbdfd6,3031,b13fd7656207,30994.0,31763.0,769.0,1,1.0,8.0,0.0,1.0,T4,3031,769.0,8.0,1.0,30994.0,1.0
6ce05c0db408367538a9bd9e,3033,0c3b5520dba6,31014.0,36540.0,5526.0,1,1.0,6.0,0.0,0.25,T4,3033,5526.0,6.0,0.25,31014.0,1.0
6ce05c0db408367538a9bd9e,3034,0c3b5520dba6,31019.0,31326.0,307.0,1,1.0,6.0,0.0,1.0,T4,3034,307.0,6.0,1.0,31019.0,1.0
3995073148156da8994ec8bb,3036,5f4cb64dc693,31059.0,53289.0,22230.0,1,30.0,2.0,0.0,0.5,MISC,3036,22230.0,60.0,15.0,31059.0,30.0
0381d6db958250b056960f1d,3038,47baba33cffe,31091.0,39290.0,8199.0,1,5.0,6.0,0.0,0.5,T4,3038,8199.0,30.0,2.5,31091.0,5.0
693694aff93ce4f9a8bbdfd6,3039,b13fd7656207,31112.0,32627.0,1515.0,1,1.0,8.0,0.0,1.0,T4,3039,1515.0,8.0,1.0,31112.0,1.0
f2c4b7ef9bca7bf8390f05cd,3040,1480b75a8c96,31114.0,31138.0,24.0,1,1.0,6.0,0.0,1.0,T4,3040,24.0,6.0,1.0,31114.0,1.0
5241fd7d9a59d5917a2b54de,3041,262fbc8b0c98,31119.0,31243.0,124.0,1,4.0,4.0,0.0,2.0,MISC,3041,124.0,16.0,8.0,31119.0,4.0
4338499d3c24cc35be17b44c,3042,5b1345f03aa1,31152.0,31258.0,106.0,1,1.0,6.0,0.0,0.25,MISC,3042,106.0,6.0,0.25,31152.0,1.0
27fe3bcbb296170406b340f5,3043,9ad16018440a,31203.0,31781.0,578.0,1,1.0,6.0,0.0,0.5,T4,3043,578.0,6.0,0.5,31203.0,1.0
f17e954e97558148ded21349,3044,c4cbaac9966d,31226.0,31629.0,403.0,1,1.0,10.0,0.0,0.5,T4,3044,403.0,10.0,0.5,31226.0,1.0
f17e954e97558148ded21349,3045,c4cbaac9966d,31228.0,32061.0,833.0,1,1.0,10.0,0.0,0.5,T4,3045,833.0,10.0,0.5,31228.0,1.0
4338499d3c24cc35be17b44c,3046,5b1345f03aa1,31237.0,37457.0,6220.0,1,1.0,6.0,0.0,1.0,MISC,3046,6220.0,6.0,1.0,31237.0,1.0
fdca1b26347a096dc8cd73ec,3048,edc10645cc3f,31246.0,31882.0,636.0,1,10.0,6.0,0.0,0.25,MISC,3048,636.0,60.0,2.5,31246.0,10.0
4338499d3c24cc35be17b44c,3049,5b1345f03aa1,31252.0,40450.0,9198.0,1,1.0,6.0,0.0,1.0,MISC,3049,9198.0,6.0,1.0,31252.0,1.0
4338499d3c24cc35be17b44c,3050,5b1345f03aa1,31270.0,39769.0,8499.0,1,1.0,6.0,0.0,1.0,MISC,3050,8499.0,6.0,1.0,31270.0,1.0
4338499d3c24cc35be17b44c,3051,5b1345f03aa1,31283.0,31398.0,115.0,1,1.0,6.0,0.0,0.25,MISC,3051,115.0,6.0,0.25,31283.0,1.0
4338499d3c24cc35be17b44c,3052,5b1345f03aa1,31284.0,31399.0,115.0,1,1.0,6.0,0.0,0.25,MISC,3052,115.0,6.0,0.25,31284.0,1.0
4338499d3c24cc35be17b44c,3053,5b1345f03aa1,31284.0,37798.0,6514.0,1,1.0,6.0,0.0,1.0,MISC,3053,6514.0,6.0,1.0,31284.0,1.0
f17e954e97558148ded21349,3054,c4cbaac9966d,31295.0,32046.0,751.0,1,1.0,10.0,0.0,0.5,T4,3054,751.0,10.0,0.5,31295.0,1.0
4338499d3c24cc35be17b44c,3055,5b1345f03aa1,31301.0,37887.0,6586.0,1,1.0,6.0,0.0,1.0,MISC,3055,6586.0,6.0,1.0,31301.0,1.0
1ccc18d7d13073b642b3a016,3057,d4d51aca8806,31309.0,33061.0,1752.0,1,12.0,6.0,0.0,0.25,T4,3057,1752.0,72.0,3.0,31309.0,12.0
4338499d3c24cc35be17b44c,3058,5b1345f03aa1,31318.0,39916.0,8598.0,1,1.0,6.0,0.0,1.0,MISC,3058,8598.0,6.0,1.0,31318.0,1.0
4338499d3c24cc35be17b44c,3059,5b1345f03aa1,31322.0,31559.0,237.0,1,1.0,6.0,0.0,0.5,MISC,3059,237.0,6.0,0.5,31322.0,1.0
4338499d3c24cc35be17b44c,3060,5b1345f03aa1,31335.0,39067.0,7732.0,1,1.0,6.0,0.0,1.0,MISC,3060,7732.0,6.0,1.0,31335.0,1.0
4338499d3c24cc35be17b44c,3061,5b1345f03aa1,31351.0,37273.0,5922.0,1,1.0,6.0,0.0,1.0,MISC,3061,5922.0,6.0,1.0,31351.0,1.0
1ccc18d7d13073b642b3a016,3064,d4d51aca8806,31366.0,31445.0,79.0,1,10.0,6.0,0.0,0.5,T4,3064,79.0,60.0,5.0,31366.0,10.0
4338499d3c24cc35be17b44c,3065,5b1345f03aa1,31366.0,36942.0,5576.0,1,1.0,6.0,0.0,1.0,MISC,3065,5576.0,6.0,1.0,31366.0,1.0
95e3e86e9e73820232bf933a,3066,f961b1ebfe7e,31366.0,44644.0,13278.0,1,30.0,6.0,0.0,0.25,MISC,3066,13278.0,180.0,7.5,31366.0,30.0
1ccc18d7d13073b642b3a016,3067,d4d51aca8806,31367.0,34043.0,2676.0,1,28.0,6.0,0.0,0.25,T4,3067,2676.0,168.0,7.0,31367.0,28.0
1ccc18d7d13073b642b3a016,3069,d4d51aca8806,31376.0,33015.0,1639.0,1,12.0,6.0,0.0,0.25,T4,3069,1639.0,72.0,3.0,31376.0,12.0
4338499d3c24cc35be17b44c,3070,5b1345f03aa1,31384.0,37440.0,6056.0,1,1.0,6.0,0.0,1.0,MISC,3070,6056.0,6.0,1.0,31384.0,1.0
1ccc18d7d13073b642b3a016,3072,d4d51aca8806,31399.0,32978.0,1579.0,1,12.0,6.0,0.0,0.25,T4,3072,1579.0,72.0,3.0,31399.0,12.0
4338499d3c24cc35be17b44c,3073,5b1345f03aa1,31399.0,38085.0,6686.0,1,1.0,6.0,0.0,1.0,MISC,3073,6686.0,6.0,1.0,31399.0,1.0
4338499d3c24cc35be17b44c,3074,5b1345f03aa1,31416.0,37416.0,6000.0,1,1.0,6.0,0.0,1.0,MISC,3074,6000.0,6.0,1.0,31416.0,1.0
1ccc18d7d13073b642b3a016,3076,d4d51aca8806,31420.0,32798.0,1378.0,1,12.0,6.0,0.0,0.25,T4,3076,1378.0,72.0,3.0,31420.0,12.0
4338499d3c24cc35be17b44c,3077,5b1345f03aa1,31432.0,38223.0,6791.0,1,1.0,6.0,0.0,1.0,MISC,3077,6791.0,6.0,1.0,31432.0,1.0
1ccc18d7d13073b642b3a016,3079,d4d51aca8806,31444.0,32895.0,1451.0,1,12.0,6.0,0.0,0.25,T4,3079,1451.0,72.0,3.0,31444.0,12.0
4338499d3c24cc35be17b44c,3080,5b1345f03aa1,31447.0,40057.0,8610.0,1,1.0,6.0,0.0,1.0,MISC,3080,8610.0,6.0,1.0,31447.0,1.0
4338499d3c24cc35be17b44c,3081,5b1345f03aa1,31465.0,36973.0,5508.0,1,1.0,6.0,0.0,1.0,MISC,3081,5508.0,6.0,1.0,31465.0,1.0
4338499d3c24cc35be17b44c,3082,5b1345f03aa1,31467.0,31557.0,90.0,1,1.0,6.0,0.0,1.0,MISC,3082,90.0,6.0,1.0,31467.0,1.0
1ccc18d7d13073b642b3a016,3084,d4d51aca8806,31477.0,32687.0,1210.0,1,12.0,6.0,0.0,0.25,T4,3084,1210.0,72.0,3.0,31477.0,12.0
4338499d3c24cc35be17b44c,3085,5b1345f03aa1,31480.0,41312.0,9832.0,1,1.0,6.0,0.0,1.0,MISC,3085,9832.0,6.0,1.0,31480.0,1.0
1ccc18d7d13073b642b3a016,3087,d4d51aca8806,31484.0,32920.0,1436.0,1,12.0,6.0,0.0,0.25,T4,3087,1436.0,72.0,3.0,31484.0,12.0
1ccc18d7d13073b642b3a016,3090,d4d51aca8806,31488.0,32736.0,1248.0,1,12.0,6.0,0.0,0.25,T4,3090,1248.0,72.0,3.0,31488.0,12.0
1ccc18d7d13073b642b3a016,3091,d4d51aca8806,31488.0,46032.0,14544.0,1,29.0,6.0,0.0,0.25,T4,3091,14544.0,174.0,7.25,31488.0,29.0
4338499d3c24cc35be17b44c,3092,5b1345f03aa1,31496.0,39917.0,8421.0,1,1.0,6.0,0.0,1.0,MISC,3092,8421.0,6.0,1.0,31496.0,1.0
4338499d3c24cc35be17b44c,3093,5b1345f03aa1,31514.0,39931.0,8417.0,1,1.0,6.0,0.0,1.0,MISC,3093,8417.0,6.0,1.0,31514.0,1.0
4338499d3c24cc35be17b44c,3094,5b1345f03aa1,31530.0,40515.0,8985.0,1,1.0,6.0,0.0,1.0,MISC,3094,8985.0,6.0,1.0,31530.0,1.0
0272670bed9659e6a76e6998,3095,c2a3a3121170,31537.0,31816.0,279.0,1,32.0,6.0,0.0,1.0,P100,3095,279.0,192.0,32.0,31537.0,32.0
4338499d3c24cc35be17b44c,3096,5b1345f03aa1,31546.0,40678.0,9132.0,1,1.0,6.0,0.0,1.0,MISC,3096,9132.0,6.0,1.0,31546.0,1.0
4338499d3c24cc35be17b44c,3097,5b1345f03aa1,31563.0,37137.0,5574.0,1,1.0,6.0,0.0,1.0,MISC,3097,5574.0,6.0,1.0,31563.0,1.0
f17e954e97558148ded21349,3098,c4cbaac9966d,31564.0,31913.0,349.0,1,1.0,10.0,0.0,0.5,T4,3098,349.0,10.0,0.5,31564.0,1.0
4338499d3c24cc35be17b44c,3101,5b1345f03aa1,31579.0,39730.0,8151.0,1,1.0,6.0,0.0,1.0,MISC,3101,8151.0,6.0,1.0,31579.0,1.0
e8efa65aa22dff1e98ff15d7,3102,b3bfe9b79bb5,31580.0,31762.0,182.0,1,40.0,6.0,0.0,1.0,V100,3102,182.0,240.0,40.0,31580.0,40.0
4338499d3c24cc35be17b44c,3103,5b1345f03aa1,31581.0,31698.0,117.0,1,1.0,6.0,0.0,1.0,MISC,3103,117.0,6.0,1.0,31581.0,1.0
0be3971157d6c504afbc3397,3104,354e3b81c515,31582.0,31608.0,26.0,1,1.0,6.0,0.0,1.0,MISC,3104,26.0,6.0,1.0,31582.0,1.0
4338499d3c24cc35be17b44c,3105,5b1345f03aa1,31595.0,40119.0,8524.0,1,1.0,6.0,0.0,1.0,MISC,3105,8524.0,6.0,1.0,31595.0,1.0
4338499d3c24cc35be17b44c,3106,5b1345f03aa1,31611.0,38290.0,6679.0,1,1.0,6.0,0.0,1.0,MISC,3106,6679.0,6.0,1.0,31611.0,1.0
4338499d3c24cc35be17b44c,3107,5b1345f03aa1,31628.0,37863.0,6235.0,1,1.0,6.0,0.0,1.0,MISC,3107,6235.0,6.0,1.0,31628.0,1.0
4338499d3c24cc35be17b44c,3108,5b1345f03aa1,31645.0,37921.0,6276.0,1,1.0,6.0,0.0,1.0,MISC,3108,6276.0,6.0,1.0,31645.0,1.0
4338499d3c24cc35be17b44c,3109,5b1345f03aa1,31659.0,38086.0,6427.0,1,1.0,6.0,0.0,1.0,MISC,3109,6427.0,6.0,1.0,31659.0,1.0
4338499d3c24cc35be17b44c,3110,5b1345f03aa1,31677.0,38594.0,6917.0,1,1.0,6.0,0.0,1.0,MISC,3110,6917.0,6.0,1.0,31677.0,1.0
f17e954e97558148ded21349,3111,c4cbaac9966d,31689.0,32140.0,451.0,1,1.0,10.0,0.0,0.5,T4,3111,451.0,10.0,0.5,31689.0,1.0
d894fd1af131ed7a296716b5,3112,58540f191766,31690.0,34252.0,2562.0,1,1.0,6.0,0.0,1.0,MISC,3112,2562.0,6.0,1.0,31690.0,1.0
d894fd1af131ed7a296716b5,3113,58540f191766,31690.0,33847.0,2157.0,1,1.0,6.0,0.0,1.0,MISC,3113,2157.0,6.0,1.0,31690.0,1.0
4338499d3c24cc35be17b44c,3114,5b1345f03aa1,31692.0,38909.0,7217.0,1,1.0,6.0,0.0,1.0,MISC,3114,7217.0,6.0,1.0,31692.0,1.0
4338499d3c24cc35be17b44c,3115,5b1345f03aa1,31710.0,38806.0,7096.0,1,1.0,6.0,0.0,1.0,MISC,3115,7096.0,6.0,1.0,31710.0,1.0
1ccc18d7d13073b642b3a016,3117,d4d51aca8806,31736.0,33030.0,1294.0,1,12.0,6.0,0.0,0.25,T4,3117,1294.0,72.0,3.0,31736.0,12.0
21858ac282f1092bb15f8831,3118,45bd92802aa9,31740.0,31826.0,86.0,1,1.0,6.0,0.0,0.25,T4,3118,86.0,6.0,0.25,31740.0,1.0
1ccc18d7d13073b642b3a016,3120,d4d51aca8806,31747.0,32976.0,1229.0,1,12.0,6.0,0.0,0.25,T4,3120,1229.0,72.0,3.0,31747.0,12.0
f17e954e97558148ded21349,3121,c4cbaac9966d,31755.0,32258.0,503.0,1,1.0,10.0,0.0,0.5,T4,3121,503.0,10.0,0.5,31755.0,1.0
e14f55e56de8f9e707c8ff95,3122,42aa9724a88c,31756.0,31799.0,43.0,1,1.0,6.0,0.0,1.0,MISC,3122,43.0,6.0,1.0,31756.0,1.0
1ccc18d7d13073b642b3a016,3124,d4d51aca8806,31764.0,33034.0,1270.0,1,12.0,6.0,0.0,0.25,T4,3124,1270.0,72.0,3.0,31764.0,12.0
1ccc18d7d13073b642b3a016,3126,d4d51aca8806,31798.0,33009.0,1211.0,1,12.0,6.0,0.0,0.25,T4,3126,1211.0,72.0,3.0,31798.0,12.0
1ccc18d7d13073b642b3a016,3128,d4d51aca8806,31807.0,43617.0,11810.0,1,29.0,6.0,0.0,0.25,T4,3128,11810.0,174.0,7.25,31807.0,29.0
1ccc18d7d13073b642b3a016,3130,d4d51aca8806,31816.0,47180.0,15364.0,1,29.0,6.0,0.0,0.25,T4,3130,15364.0,174.0,7.25,31816.0,29.0
1ccc18d7d13073b642b3a016,3132,d4d51aca8806,31825.0,37735.0,5910.0,1,29.0,6.0,0.0,0.25,T4,3132,5910.0,174.0,7.25,31825.0,29.0
27fe3bcbb296170406b340f5,3133,9ad16018440a,31845.0,32513.0,668.0,1,1.0,6.0,0.0,0.5,T4,3133,668.0,6.0,0.5,31845.0,1.0
1ccc18d7d13073b642b3a016,3135,d4d51aca8806,31852.0,33208.0,1356.0,1,12.0,6.0,0.0,0.25,T4,3135,1356.0,72.0,3.0,31852.0,12.0
3995073148156da8994ec8bb,3136,5f4cb64dc693,31871.0,32053.0,182.0,1,1.0,6.0,0.0,1.0,MISC,3136,182.0,6.0,1.0,31871.0,1.0
1ccc18d7d13073b642b3a016,3138,d4d51aca8806,31900.0,39155.0,7255.0,1,29.0,6.0,0.0,0.25,T4,3138,7255.0,174.0,7.25,31900.0,29.0
1ccc18d7d13073b642b3a016,3140,d4d51aca8806,31916.0,37473.0,5557.0,1,29.0,6.0,0.0,0.25,T4,3140,5557.0,174.0,7.25,31916.0,29.0
1ccc18d7d13073b642b3a016,3142,d4d51aca8806,31944.0,43395.0,11451.0,1,29.0,6.0,0.0,0.25,T4,3142,11451.0,174.0,7.25,31944.0,29.0
21858ac282f1092bb15f8831,3143,45bd92802aa9,31965.0,31980.0,15.0,1,1.0,6.0,0.0,2.0,T4,3143,15.0,6.0,2.0,31965.0,1.0
f17e954e97558148ded21349,3144,c4cbaac9966d,31999.0,32548.0,549.0,1,1.0,10.0,0.0,0.5,T4,3144,549.0,10.0,0.5,31999.0,1.0
1ccc18d7d13073b642b3a016,3146,d4d51aca8806,32105.0,35179.0,3074.0,1,26.0,6.0,0.0,0.25,T4,3146,3074.0,156.0,6.5,32105.0,26.0
f17e954e97558148ded21349,3147,c4cbaac9966d,32123.0,32568.0,445.0,1,1.0,10.0,0.0,0.5,T4,3147,445.0,10.0,0.5,32123.0,1.0
f17e954e97558148ded21349,3148,c4cbaac9966d,32125.0,32577.0,452.0,1,1.0,10.0,0.0,0.5,T4,3148,452.0,10.0,0.5,32125.0,1.0
1ccc18d7d13073b642b3a016,3152,d4d51aca8806,32193.0,35008.0,2815.0,1,36.0,6.0,0.0,0.25,T4,3152,2815.0,216.0,9.0,32193.0,36.0
1ccc18d7d13073b642b3a016,3154,d4d51aca8806,32203.0,40333.0,8130.0,1,36.0,6.0,0.0,0.25,T4,3154,8130.0,216.0,9.0,32203.0,36.0
1ccc18d7d13073b642b3a016,3156,d4d51aca8806,32232.0,40042.0,7810.0,1,36.0,6.0,0.0,0.25,T4,3156,7810.0,216.0,9.0,32232.0,36.0
769220aca8155a44984e00d3,3157,aaea7d552f1f,32236.0,48313.0,16077.0,1,1.0,6.0,0.0,0.5,T4,3157,16077.0,6.0,0.5,32236.0,1.0
f17e954e97558148ded21349,3158,c4cbaac9966d,32249.0,32865.0,616.0,1,1.0,10.0,0.0,0.5,T4,3158,616.0,10.0,0.5,32249.0,1.0
b53f9ebd1eeeea726d1dac78,3160,2cbd33b08024,32312.0,33942.0,1630.0,1,10.0,5.0,0.0,0.5,MISC,3160,1630.0,50.0,5.0,32312.0,10.0
4338499d3c24cc35be17b44c,3161,5b1345f03aa1,32336.0,34265.0,1929.0,1,1.0,6.0,0.0,1.0,MISC,3161,1929.0,6.0,1.0,32336.0,1.0
f17e954e97558148ded21349,3162,c4cbaac9966d,32340.0,33039.0,699.0,1,1.0,10.0,0.0,0.5,T4,3162,699.0,10.0,0.5,32340.0,1.0
30185446faeb493c1d55cacd,3165,a8192d6b0ae9,32421.0,32485.0,64.0,1,1.0,6.0,0.0,1.0,MISC,3165,64.0,6.0,1.0,32421.0,1.0
4338499d3c24cc35be17b44c,3166,5b1345f03aa1,32426.0,34485.0,2059.0,1,1.0,6.0,0.0,1.0,MISC,3166,2059.0,6.0,1.0,32426.0,1.0
0413102e8615176e0cde3ff7,3168,7ecc75a1f53d,32473.0,34952.0,2479.0,1,20.0,2.0,0.0,0.25,MISC,3168,2479.0,40.0,5.0,32473.0,20.0
e8efa65aa22dff1e98ff15d7,3169,b3bfe9b79bb5,32505.0,32730.0,225.0,1,40.0,6.0,0.0,1.0,MISC,3169,225.0,240.0,40.0,32505.0,40.0
1ccc18d7d13073b642b3a016,3171,d4d51aca8806,32514.0,33788.0,1274.0,1,12.0,6.0,0.0,0.25,T4,3171,1274.0,72.0,3.0,32514.0,12.0
4338499d3c24cc35be17b44c,3173,5b1345f03aa1,32542.0,32593.0,51.0,1,1.0,6.0,0.0,1.0,MISC,3173,51.0,6.0,1.0,32542.0,1.0
1ccc18d7d13073b642b3a016,3175,d4d51aca8806,32555.0,45983.0,13428.0,1,37.0,6.0,0.0,0.25,T4,3175,13428.0,222.0,9.25,32555.0,37.0
21858ac282f1092bb15f8831,3176,45bd92802aa9,32559.0,34970.0,2411.0,1,1.0,6.0,0.0,1.0,T4,3176,2411.0,6.0,1.0,32559.0,1.0
1ccc18d7d13073b642b3a016,3178,d4d51aca8806,32571.0,37074.0,4503.0,1,26.0,6.0,0.0,0.25,T4,3178,4503.0,156.0,6.5,32571.0,26.0
1ccc18d7d13073b642b3a016,3180,d4d51aca8806,32577.0,39716.0,7139.0,1,36.0,6.0,0.0,0.25,T4,3180,7139.0,216.0,9.0,32577.0,36.0
21858ac282f1092bb15f8831,3181,45bd92802aa9,32579.0,40954.0,8375.0,1,1.0,6.0,0.0,0.25,T4,3181,8375.0,6.0,0.25,32579.0,1.0
21858ac282f1092bb15f8831,3182,45bd92802aa9,32581.0,40838.0,8257.0,1,1.0,6.0,0.0,0.25,T4,3182,8257.0,6.0,0.25,32581.0,1.0
27fe3bcbb296170406b340f5,3183,9ad16018440a,32583.0,33221.0,638.0,1,1.0,6.0,0.0,0.5,T4,3183,638.0,6.0,0.5,32583.0,1.0
21858ac282f1092bb15f8831,3184,45bd92802aa9,32584.0,43757.0,11173.0,1,1.0,6.0,0.0,0.25,T4,3184,11173.0,6.0,0.25,32584.0,1.0
21858ac282f1092bb15f8831,3185,45bd92802aa9,32585.0,42381.0,9796.0,1,1.0,6.0,0.0,0.25,T4,3185,9796.0,6.0,0.25,32585.0,1.0
21858ac282f1092bb15f8831,3186,45bd92802aa9,32586.0,42423.0,9837.0,1,1.0,6.0,0.0,0.25,T4,3186,9837.0,6.0,0.25,32586.0,1.0
21858ac282f1092bb15f8831,3187,45bd92802aa9,32586.0,42433.0,9847.0,1,1.0,6.0,0.0,0.25,T4,3187,9847.0,6.0,0.25,32586.0,1.0
21858ac282f1092bb15f8831,3188,45bd92802aa9,32594.0,41603.0,9009.0,1,1.0,6.0,0.0,0.25,T4,3188,9009.0,6.0,0.25,32594.0,1.0
21858ac282f1092bb15f8831,3189,45bd92802aa9,32595.0,41585.0,8990.0,1,1.0,6.0,0.0,0.25,T4,3189,8990.0,6.0,0.25,32595.0,1.0
f2c4b7ef9bca7bf8390f05cd,3190,1480b75a8c96,32601.0,32917.0,316.0,1,1.0,6.0,0.0,1.0,T4,3190,316.0,6.0,1.0,32601.0,1.0
30185446faeb493c1d55cacd,3191,a8192d6b0ae9,32603.0,32645.0,42.0,1,1.0,6.0,0.0,1.0,MISC,3191,42.0,6.0,1.0,32603.0,1.0
21858ac282f1092bb15f8831,3192,45bd92802aa9,32607.0,42541.0,9934.0,1,1.0,6.0,0.0,0.25,T4,3192,9934.0,6.0,0.25,32607.0,1.0
21858ac282f1092bb15f8831,3193,45bd92802aa9,32610.0,41669.0,9059.0,1,1.0,6.0,0.0,0.25,T4,3193,9059.0,6.0,0.25,32610.0,1.0
07a7440f33d2bfb59804064b,3194,9cc55781f4a6,32640.0,52470.0,19830.0,1,1.0,6.0,0.0,0.25,T4,3194,19830.0,6.0,0.25,32640.0,1.0
f17e954e97558148ded21349,3195,c4cbaac9966d,32647.0,33009.0,362.0,1,1.0,10.0,0.0,0.5,T4,3195,362.0,10.0,0.5,32647.0,1.0
f17e954e97558148ded21349,3196,c4cbaac9966d,32648.0,33004.0,356.0,1,1.0,10.0,0.0,0.5,T4,3196,356.0,10.0,0.5,32648.0,1.0
f17e954e97558148ded21349,3197,c4cbaac9966d,32649.0,33254.0,605.0,1,1.0,10.0,0.0,0.5,T4,3197,605.0,10.0,0.5,32649.0,1.0
1ccc18d7d13073b642b3a016,3199,d4d51aca8806,32667.0,39262.0,6595.0,1,20.0,6.0,0.0,0.1,T4,3199,6595.0,120.0,2.0,32667.0,20.0
07a7440f33d2bfb59804064b,3200,9cc55781f4a6,32677.0,39597.0,6920.0,1,1.0,6.0,0.0,0.25,T4,3200,6920.0,6.0,0.25,32677.0,1.0
1ccc18d7d13073b642b3a016,3202,d4d51aca8806,32734.0,34017.0,1283.0,1,12.0,6.0,0.0,0.25,T4,3202,1283.0,72.0,3.0,32734.0,12.0
6c3063994722f1e538b28a1a,3204,d7052eeddab7,32766.0,47030.0,14264.0,1,50.0,6.0,0.0,1.0,MISC,3204,14264.0,300.0,50.0,32766.0,50.0
1ccc18d7d13073b642b3a016,3206,d4d51aca8806,32842.0,34212.0,1370.0,1,12.0,6.0,0.0,0.25,T4,3206,1370.0,72.0,3.0,32842.0,12.0
3e5fb00bf43aa67ee5c2b6d5,3207,f134c9ec05e3,32846.0,33018.0,172.0,1,1.0,6.0,0.0,0.5,MISC,3207,172.0,6.0,0.5,32846.0,1.0
1ccc18d7d13073b642b3a016,3209,d4d51aca8806,32860.0,40885.0,8025.0,1,31.0,6.0,0.0,0.25,T4,3209,8025.0,186.0,7.75,32860.0,31.0
4338499d3c24cc35be17b44c,3210,5b1345f03aa1,32878.0,32950.0,72.0,1,1.0,6.0,0.0,1.0,MISC,3210,72.0,6.0,1.0,32878.0,1.0
1ccc18d7d13073b642b3a016,3212,d4d51aca8806,32907.0,41206.0,8299.0,1,36.0,6.0,0.0,0.25,T4,3212,8299.0,216.0,9.0,32907.0,36.0
4338499d3c24cc35be17b44c,3213,5b1345f03aa1,32912.0,41226.0,8314.0,1,1.0,6.0,0.0,1.0,MISC,3213,8314.0,6.0,1.0,32912.0,1.0
4338499d3c24cc35be17b44c,3214,5b1345f03aa1,32927.0,42881.0,9954.0,1,1.0,6.0,0.0,1.0,MISC,3214,9954.0,6.0,1.0,32927.0,1.0
845ebc87e40bad0db5b37e26,3215,f14128db0160,32927.0,32965.0,38.0,1,1.0,6.0,0.0,2.0,MISC,3215,38.0,6.0,2.0,32927.0,1.0
2fe46f64538b8943a9882bab,3216,c677a0acf7c0,32939.0,36438.0,3499.0,1,5.0,2.0,0.0,1.0,MISC,3216,3499.0,10.0,5.0,32939.0,5.0
4338499d3c24cc35be17b44c,3217,5b1345f03aa1,32943.0,41824.0,8881.0,1,1.0,6.0,0.0,1.0,MISC,3217,8881.0,6.0,1.0,32943.0,1.0
f2c4b7ef9bca7bf8390f05cd,3218,1480b75a8c96,32948.0,32972.0,24.0,1,1.0,6.0,0.0,1.0,T4,3218,24.0,6.0,1.0,32948.0,1.0
769220aca8155a44984e00d3,3219,aaea7d552f1f,32951.0,33630.0,679.0,1,1.0,6.0,0.0,0.25,T4,3219,679.0,6.0,0.25,32951.0,1.0
769220aca8155a44984e00d3,3222,aaea7d552f1f,32955.0,33594.0,639.0,1,1.0,6.0,0.0,0.25,T4,3222,639.0,6.0,0.25,32955.0,1.0
1ccc18d7d13073b642b3a016,3223,d4d51aca8806,32956.0,34254.0,1298.0,1,12.0,6.0,0.0,0.25,T4,3223,1298.0,72.0,3.0,32956.0,12.0
f17e954e97558148ded21349,3224,c4cbaac9966d,32958.0,33305.0,347.0,1,1.0,10.0,0.0,0.5,T4,3224,347.0,10.0,0.5,32958.0,1.0
4338499d3c24cc35be17b44c,3225,5b1345f03aa1,32959.0,42154.0,9195.0,1,1.0,6.0,0.0,1.0,MISC,3225,9195.0,6.0,1.0,32959.0,1.0
0696d9170230c726b1278089,3226,06ed49c96a51,32959.0,100069.0,67110.0,1,8.0,6.0,0.0,1.0,MISC,3226,67110.0,48.0,8.0,32959.0,8.0
4338499d3c24cc35be17b44c,3227,5b1345f03aa1,32975.0,39574.0,6599.0,1,1.0,6.0,0.0,1.0,MISC,3227,6599.0,6.0,1.0,32975.0,1.0
4338499d3c24cc35be17b44c,3228,5b1345f03aa1,32984.0,33078.0,94.0,1,1.0,6.0,0.0,0.25,MISC,3228,94.0,6.0,0.25,32984.0,1.0
4338499d3c24cc35be17b44c,3229,5b1345f03aa1,32993.0,38622.0,5629.0,1,1.0,6.0,0.0,1.0,MISC,3229,5629.0,6.0,1.0,32993.0,1.0
0381d6db958250b056960f1d,3233,47baba33cffe,33001.0,53404.0,20403.0,1,5.0,6.0,0.0,0.5,T4,3233,20403.0,30.0,2.5,33001.0,5.0
0381d6db958250b056960f1d,3234,47baba33cffe,33002.0,54437.0,21435.0,1,5.0,6.0,0.0,0.5,T4,3234,21435.0,30.0,2.5,33002.0,5.0
1ccc18d7d13073b642b3a016,3235,d4d51aca8806,33004.0,41753.0,8749.0,1,28.0,6.0,0.0,0.25,T4,3235,8749.0,168.0,7.0,33004.0,28.0
4338499d3c24cc35be17b44c,3236,5b1345f03aa1,33009.0,33570.0,561.0,1,1.0,6.0,0.0,1.0,MISC,3236,561.0,6.0,1.0,33009.0,1.0
4338499d3c24cc35be17b44c,3237,5b1345f03aa1,33009.0,39028.0,6019.0,1,1.0,6.0,0.0,1.0,MISC,3237,6019.0,6.0,1.0,33009.0,1.0
4338499d3c24cc35be17b44c,3238,5b1345f03aa1,33025.0,38730.0,5705.0,1,1.0,6.0,0.0,1.0,MISC,3238,5705.0,6.0,1.0,33025.0,1.0
4338499d3c24cc35be17b44c,3239,5b1345f03aa1,33025.0,33844.0,819.0,1,1.0,6.0,0.0,1.0,MISC,3239,819.0,6.0,1.0,33025.0,1.0
4338499d3c24cc35be17b44c,3240,5b1345f03aa1,33042.0,33793.0,751.0,1,1.0,6.0,0.0,1.0,MISC,3240,751.0,6.0,1.0,33042.0,1.0
4338499d3c24cc35be17b44c,3241,5b1345f03aa1,33043.0,40348.0,7305.0,1,1.0,6.0,0.0,1.0,MISC,3241,7305.0,6.0,1.0,33043.0,1.0
4338499d3c24cc35be17b44c,3242,5b1345f03aa1,33057.0,40155.0,7098.0,1,1.0,6.0,0.0,1.0,MISC,3242,7098.0,6.0,1.0,33057.0,1.0
4338499d3c24cc35be17b44c,3243,5b1345f03aa1,33058.0,33833.0,775.0,1,1.0,6.0,0.0,1.0,MISC,3243,775.0,6.0,1.0,33058.0,1.0
4338499d3c24cc35be17b44c,3245,5b1345f03aa1,33072.0,38766.0,5694.0,1,1.0,6.0,0.0,1.0,P100,3245,5694.0,6.0,1.0,33072.0,1.0
0272670bed9659e6a76e6998,3246,c2a3a3121170,33075.0,34934.0,1859.0,1,50.0,4.0,0.0,0.5,P100,3246,1859.0,200.0,25.0,33075.0,50.0
f17e954e97558148ded21349,3247,c4cbaac9966d,33083.0,33486.0,403.0,1,1.0,10.0,0.0,0.5,T4,3247,403.0,10.0,0.5,33083.0,1.0
4338499d3c24cc35be17b44c,3248,5b1345f03aa1,33087.0,38699.0,5612.0,1,1.0,6.0,0.0,1.0,P100,3248,5612.0,6.0,1.0,33087.0,1.0
f17e954e97558148ded21349,3249,c4cbaac9966d,33087.0,33443.0,356.0,1,1.0,10.0,0.0,0.5,T4,3249,356.0,10.0,0.5,33087.0,1.0
4338499d3c24cc35be17b44c,3250,5b1345f03aa1,33104.0,39717.0,6613.0,1,1.0,6.0,0.0,1.0,P100,3250,6613.0,6.0,1.0,33104.0,1.0
4338499d3c24cc35be17b44c,3251,5b1345f03aa1,33120.0,38994.0,5874.0,1,1.0,6.0,0.0,1.0,P100,3251,5874.0,6.0,1.0,33120.0,1.0
4338499d3c24cc35be17b44c,3252,5b1345f03aa1,33135.0,39465.0,6330.0,1,1.0,6.0,0.0,1.0,P100,3252,6330.0,6.0,1.0,33135.0,1.0
f17e954e97558148ded21349,3254,c4cbaac9966d,33146.0,33548.0,402.0,1,1.0,10.0,0.0,0.5,T4,3254,402.0,10.0,0.5,33146.0,1.0
4338499d3c24cc35be17b44c,3256,5b1345f03aa1,33149.0,38593.0,5444.0,1,1.0,6.0,0.0,1.0,MISC,3256,5444.0,6.0,1.0,33149.0,1.0
1ccc18d7d13073b642b3a016,3257,d4d51aca8806,33149.0,36237.0,3088.0,1,26.0,6.0,0.0,0.25,T4,3257,3088.0,156.0,6.5,33149.0,26.0
1484051e2875d76bc27495f6,3258,2d415d162cd1,33151.0,102279.0,69128.0,1,20.0,6.0,0.0,0.2,MISC,3258,69128.0,120.0,4.0,33151.0,20.0
4338499d3c24cc35be17b44c,3259,5b1345f03aa1,33166.0,39276.0,6110.0,1,1.0,6.0,0.0,1.0,P100,3259,6110.0,6.0,1.0,33166.0,1.0
a6f4f091632f915821796807,3260,e71cb97ab858,33171.0,33393.0,222.0,1,20.0,2.0,0.0,1.0,MISC,3260,222.0,40.0,20.0,33171.0,20.0
4338499d3c24cc35be17b44c,3261,5b1345f03aa1,33184.0,39224.0,6040.0,1,1.0,6.0,0.0,1.0,P100,3261,6040.0,6.0,1.0,33184.0,1.0
1ccc18d7d13073b642b3a016,3263,d4d51aca8806,33196.0,36881.0,3685.0,1,26.0,6.0,0.0,0.25,T4,3263,3685.0,156.0,6.5,33196.0,26.0
fdca1b26347a096dc8cd73ec,3265,edc10645cc3f,33201.0,44486.0,11285.0,1,16.0,6.0,0.0,0.25,MISC,3265,11285.0,96.0,4.0,33201.0,16.0
4338499d3c24cc35be17b44c,3266,5b1345f03aa1,33204.0,39446.0,6242.0,1,1.0,6.0,0.0,1.0,MISC,3266,6242.0,6.0,1.0,33204.0,1.0
4338499d3c24cc35be17b44c,3268,5b1345f03aa1,33220.0,43912.0,10692.0,1,1.0,6.0,0.0,1.0,MISC,3268,10692.0,6.0,1.0,33220.0,1.0
1ccc18d7d13073b642b3a016,3269,d4d51aca8806,33223.0,45832.0,12609.0,1,37.0,6.0,0.0,0.25,T4,3269,12609.0,222.0,9.25,33223.0,37.0
1ccc18d7d13073b642b3a016,3271,d4d51aca8806,33230.0,41444.0,8214.0,1,36.0,6.0,0.0,0.25,T4,3271,8214.0,216.0,9.0,33230.0,36.0
4338499d3c24cc35be17b44c,3273,5b1345f03aa1,33236.0,39315.0,6079.0,1,1.0,6.0,0.0,1.0,MISC,3273,6079.0,6.0,1.0,33236.0,1.0
1ccc18d7d13073b642b3a016,3274,d4d51aca8806,33236.0,36641.0,3405.0,1,26.0,6.0,0.0,0.25,T4,3274,3405.0,156.0,6.5,33236.0,26.0
4338499d3c24cc35be17b44c,3275,5b1345f03aa1,33253.0,45365.0,12112.0,1,1.0,6.0,0.0,1.0,MISC,3275,12112.0,6.0,1.0,33253.0,1.0
4338499d3c24cc35be17b44c,3276,5b1345f03aa1,33257.0,34236.0,979.0,1,1.0,6.0,0.0,1.0,MISC,3276,979.0,6.0,1.0,33257.0,1.0
4338499d3c24cc35be17b44c,3277,5b1345f03aa1,33270.0,44219.0,10949.0,1,1.0,6.0,0.0,1.0,MISC,3277,10949.0,6.0,1.0,33270.0,1.0
27fe3bcbb296170406b340f5,3278,9ad16018440a,33283.0,33880.0,597.0,1,1.0,6.0,0.0,0.5,T4,3278,597.0,6.0,0.5,33283.0,1.0
4338499d3c24cc35be17b44c,3279,5b1345f03aa1,33287.0,39259.0,5972.0,1,1.0,6.0,0.0,1.0,MISC,3279,5972.0,6.0,1.0,33287.0,1.0
e14f55e56de8f9e707c8ff95,3280,42aa9724a88c,33289.0,33338.0,49.0,1,1.0,6.0,0.0,1.0,MISC,3280,49.0,6.0,1.0,33289.0,1.0
4338499d3c24cc35be17b44c,3281,5b1345f03aa1,33290.0,33832.0,542.0,1,1.0,6.0,0.0,1.0,MISC,3281,542.0,6.0,1.0,33290.0,1.0
1ccc18d7d13073b642b3a016,3283,d4d51aca8806,33292.0,36704.0,3412.0,1,26.0,6.0,0.0,0.25,T4,3283,3412.0,156.0,6.5,33292.0,26.0
1ccc18d7d13073b642b3a016,3285,d4d51aca8806,33300.0,37023.0,3723.0,1,26.0,6.0,0.0,0.25,T4,3285,3723.0,156.0,6.5,33300.0,26.0
f17e954e97558148ded21349,3286,c4cbaac9966d,33301.0,33670.0,369.0,1,1.0,10.0,0.0,0.5,T4,3286,369.0,10.0,0.5,33301.0,1.0
4338499d3c24cc35be17b44c,3287,5b1345f03aa1,33303.0,41727.0,8424.0,1,1.0,6.0,0.0,1.0,MISC,3287,8424.0,6.0,1.0,33303.0,1.0
30185446faeb493c1d55cacd,3288,a8192d6b0ae9,33313.0,40345.0,7032.0,1,10.0,20.0,0.0,1.0,P100,3288,7032.0,200.0,10.0,33313.0,10.0
0be3971157d6c504afbc3397,3289,354e3b81c515,33314.0,33348.0,34.0,1,1.0,6.0,0.0,1.0,MISC,3289,34.0,6.0,1.0,33314.0,1.0
4338499d3c24cc35be17b44c,3290,5b1345f03aa1,33318.0,38450.0,5132.0,1,1.0,6.0,0.0,1.0,MISC,3290,5132.0,6.0,1.0,33318.0,1.0
4338499d3c24cc35be17b44c,3291,5b1345f03aa1,33336.0,40498.0,7162.0,1,1.0,6.0,0.0,1.0,MISC,3291,7162.0,6.0,1.0,33336.0,1.0
4338499d3c24cc35be17b44c,3292,5b1345f03aa1,33350.0,44955.0,11605.0,1,1.0,6.0,0.0,1.0,MISC,3292,11605.0,6.0,1.0,33350.0,1.0
4338499d3c24cc35be17b44c,3293,5b1345f03aa1,33368.0,41644.0,8276.0,1,1.0,6.0,0.0,1.0,MISC,3293,8276.0,6.0,1.0,33368.0,1.0
f17e954e97558148ded21349,3294,c4cbaac9966d,33368.0,33792.0,424.0,1,1.0,10.0,0.0,0.5,T4,3294,424.0,10.0,0.5,33368.0,1.0
0be3971157d6c504afbc3397,3295,354e3b81c515,33372.0,33397.0,25.0,1,1.0,6.0,0.0,1.0,MISC,3295,25.0,6.0,1.0,33372.0,1.0
4338499d3c24cc35be17b44c,3297,5b1345f03aa1,33383.0,42052.0,8669.0,1,1.0,6.0,0.0,1.0,MISC,3297,8669.0,6.0,1.0,33383.0,1.0
4338499d3c24cc35be17b44c,3298,5b1345f03aa1,33386.0,33438.0,52.0,1,1.0,6.0,0.0,1.0,MISC,3298,52.0,6.0,1.0,33386.0,1.0
f17e954e97558148ded21349,3300,c4cbaac9966d,33491.0,34051.0,560.0,1,1.0,10.0,0.0,0.5,T4,3300,560.0,10.0,0.5,33491.0,1.0
e8efa65aa22dff1e98ff15d7,3301,b3bfe9b79bb5,33492.0,33829.0,337.0,1,10.0,12.0,0.0,0.25,MISC,3301,337.0,120.0,2.5,33492.0,10.0
845ebc87e40bad0db5b37e26,3302,f14128db0160,33492.0,33680.0,188.0,1,1.0,6.0,0.0,2.0,MISC,3302,188.0,6.0,2.0,33492.0,1.0
0381d6db958250b056960f1d,3304,47baba33cffe,33500.0,34245.0,745.0,1,10.0,6.0,0.0,0.25,T4,3304,745.0,60.0,2.5,33500.0,10.0
4c63a741106edc46bc1729dd,3305,18febf35d3a1,33547.0,33800.0,253.0,1,1.0,6.0,0.0,1.0,MISC,3305,253.0,6.0,1.0,33547.0,1.0
e14f55e56de8f9e707c8ff95,3306,42aa9724a88c,33548.0,33599.0,51.0,1,1.0,6.0,0.0,1.0,MISC,3306,51.0,6.0,1.0,33548.0,1.0
f17e954e97558148ded21349,3307,c4cbaac9966d,33551.0,33966.0,415.0,1,1.0,10.0,0.0,0.5,T4,3307,415.0,10.0,0.5,33551.0,1.0
f17e954e97558148ded21349,3308,c4cbaac9966d,33613.0,34034.0,421.0,1,1.0,10.0,0.0,0.5,T4,3308,421.0,10.0,0.5,33613.0,1.0
1ccc18d7d13073b642b3a016,3310,d4d51aca8806,33625.0,38072.0,4447.0,1,26.0,6.0,0.0,0.25,T4,3310,4447.0,156.0,6.5,33625.0,26.0
e8efa65aa22dff1e98ff15d7,3312,b3bfe9b79bb5,33672.0,34072.0,400.0,1,50.0,2.0,0.0,0.2,MISC,3312,400.0,100.0,10.0,33672.0,50.0
1e724cfcd200e872c2a80a9c,3315,cdbe4a38ca7d,33722.0,34043.0,321.0,1,5.0,6.0,0.0,1.0,MISC,3315,321.0,30.0,5.0,33722.0,5.0
1ccc18d7d13073b642b3a016,3316,d4d51aca8806,33723.0,37744.0,4021.0,1,26.0,6.0,0.0,0.25,T4,3316,4021.0,156.0,6.5,33723.0,26.0
f17e954e97558148ded21349,3317,c4cbaac9966d,33734.0,34201.0,467.0,1,1.0,10.0,0.0,0.5,T4,3317,467.0,10.0,0.5,33734.0,1.0
3995073148156da8994ec8bb,3318,5f4cb64dc693,33743.0,34370.0,627.0,1,1.0,6.0,0.0,1.0,MISC,3318,627.0,6.0,1.0,33743.0,1.0
d894fd1af131ed7a296716b5,3319,58540f191766,33751.0,34102.0,351.0,1,1.0,6.0,0.0,0.5,MISC,3319,351.0,6.0,0.5,33751.0,1.0
d894fd1af131ed7a296716b5,3320,58540f191766,33751.0,34505.0,754.0,1,1.0,6.0,0.0,0.5,MISC,3320,754.0,6.0,0.5,33751.0,1.0
d894fd1af131ed7a296716b5,3321,58540f191766,33751.0,34685.0,934.0,1,1.0,6.0,0.0,0.5,MISC,3321,934.0,6.0,0.5,33751.0,1.0
d894fd1af131ed7a296716b5,3322,58540f191766,33751.0,35023.0,1272.0,1,1.0,6.0,0.0,0.5,MISC,3322,1272.0,6.0,0.5,33751.0,1.0
e8efa65aa22dff1e98ff15d7,3324,b3bfe9b79bb5,33772.0,49799.0,16027.0,1,150.0,4.0,0.0,0.5,P100,3324,16027.0,600.0,75.0,33772.0,150.0
1ccc18d7d13073b642b3a016,3326,d4d51aca8806,33778.0,37237.0,3459.0,1,35.0,6.0,0.0,0.25,T4,3326,3459.0,210.0,8.75,33778.0,35.0
1ccc18d7d13073b642b3a016,3328,d4d51aca8806,33783.0,37695.0,3912.0,1,26.0,6.0,0.0,0.25,T4,3328,3912.0,156.0,6.5,33783.0,26.0
8ccb9c9fe88b53537e096dd9,3330,de69ddc1064e,33818.0,42154.0,8336.0,1,30.0,6.0,0.0,0.25,MISC,3330,8336.0,180.0,7.5,33818.0,30.0
538e1360f5f54b5148083dc2,3331,8a62203af148,33848.0,58546.0,24698.0,1,1.0,6.0,0.0,4.0,MISC,3331,24698.0,6.0,4.0,33848.0,1.0
f17e954e97558148ded21349,3332,c4cbaac9966d,33861.0,34518.0,657.0,1,1.0,10.0,0.0,0.5,T4,3332,657.0,10.0,0.5,33861.0,1.0
e8efa65aa22dff1e98ff15d7,3333,b3bfe9b79bb5,33882.0,34340.0,458.0,1,1.0,20.0,0.0,1.0,MISC,3333,458.0,20.0,1.0,33882.0,1.0
4c63a741106edc46bc1729dd,3334,18febf35d3a1,33893.0,34118.0,225.0,1,1.0,6.0,0.0,1.0,MISC,3334,225.0,6.0,1.0,33893.0,1.0
538e1360f5f54b5148083dc2,3335,8a62203af148,33918.0,58950.0,25032.0,1,1.0,6.0,0.0,4.0,MISC,3335,25032.0,6.0,4.0,33918.0,1.0
5e71584c514d8e17662ffd10,3336,69d8872acc41,33931.0,41273.0,7342.0,1,1.0,18.0,0.0,2.0,V100,3336,7342.0,18.0,2.0,33931.0,1.0
27fe3bcbb296170406b340f5,3337,9ad16018440a,33946.0,34594.0,648.0,1,1.0,6.0,0.0,0.5,T4,3337,648.0,6.0,0.5,33946.0,1.0
6c3063994722f1e538b28a1a,3339,d7052eeddab7,33982.0,78707.0,44725.0,1,50.0,6.0,0.0,1.0,P100,3339,44725.0,300.0,50.0,33982.0,50.0
d894fd1af131ed7a296716b5,3340,58540f191766,34004.0,34021.0,17.0,1,1.0,0.2,0.0,0.1,MISC,3340,17.0,0.2,0.1,34004.0,1.0
d894fd1af131ed7a296716b5,3341,58540f191766,34006.0,34044.0,38.0,1,1.0,0.2,0.0,0.1,MISC,3341,38.0,0.2,0.1,34006.0,1.0
d894fd1af131ed7a296716b5,3342,58540f191766,34006.0,34031.0,25.0,1,1.0,0.2,0.0,0.1,MISC,3342,25.0,0.2,0.1,34006.0,1.0
d894fd1af131ed7a296716b5,3343,58540f191766,34008.0,34032.0,24.0,1,1.0,0.2,0.0,0.1,MISC,3343,24.0,0.2,0.1,34008.0,1.0
d894fd1af131ed7a296716b5,3344,58540f191766,34010.0,34032.0,22.0,1,1.0,0.2,0.0,0.1,MISC,3344,22.0,0.2,0.1,34010.0,1.0
d894fd1af131ed7a296716b5,3345,58540f191766,34010.0,34032.0,22.0,1,1.0,0.2,0.0,0.1,MISC,3345,22.0,0.2,0.1,34010.0,1.0
d894fd1af131ed7a296716b5,3346,58540f191766,34011.0,37839.0,3828.0,1,1.0,0.2,0.0,0.1,MISC,3346,3828.0,0.2,0.1,34011.0,1.0
d894fd1af131ed7a296716b5,3347,58540f191766,34011.0,34030.0,19.0,1,1.0,0.2,0.0,0.1,MISC,3347,19.0,0.2,0.1,34011.0,1.0
8ccb9c9fe88b53537e096dd9,3348,de69ddc1064e,34013.0,52603.0,18590.0,1,1.0,6.0,0.0,0.25,MISC,3348,18590.0,6.0,0.25,34013.0,1.0
d894fd1af131ed7a296716b5,3349,58540f191766,34013.0,44406.0,10393.0,1,1.0,0.2,0.0,0.1,MISC,3349,10393.0,0.2,0.1,34013.0,1.0
d894fd1af131ed7a296716b5,3350,58540f191766,34014.0,34032.0,18.0,1,1.0,0.2,0.0,0.1,MISC,3350,18.0,0.2,0.1,34014.0,1.0
d894fd1af131ed7a296716b5,3351,58540f191766,34015.0,34030.0,15.0,1,1.0,0.2,0.0,0.1,MISC,3351,15.0,0.2,0.1,34015.0,1.0
d894fd1af131ed7a296716b5,3352,58540f191766,34015.0,34031.0,16.0,1,1.0,0.2,0.0,0.1,MISC,3352,16.0,0.2,0.1,34015.0,1.0
d894fd1af131ed7a296716b5,3353,58540f191766,34016.0,34041.0,25.0,1,1.0,0.2,0.0,0.1,MISC,3353,25.0,0.2,0.1,34016.0,1.0
d894fd1af131ed7a296716b5,3354,58540f191766,34016.0,34040.0,24.0,1,1.0,0.2,0.0,0.1,MISC,3354,24.0,0.2,0.1,34016.0,1.0
d894fd1af131ed7a296716b5,3355,58540f191766,34016.0,34040.0,24.0,1,1.0,0.2,0.0,0.1,MISC,3355,24.0,0.2,0.1,34016.0,1.0
d894fd1af131ed7a296716b5,3356,58540f191766,34017.0,40654.0,6637.0,1,1.0,0.2,0.0,0.1,MISC,3356,6637.0,0.2,0.1,34017.0,1.0
d894fd1af131ed7a296716b5,3357,58540f191766,34017.0,41700.0,7683.0,1,1.0,0.2,0.0,0.1,MISC,3357,7683.0,0.2,0.1,34017.0,1.0
d894fd1af131ed7a296716b5,3358,58540f191766,34017.0,48318.0,14301.0,1,1.0,0.2,0.0,0.1,MISC,3358,14301.0,0.2,0.1,34017.0,1.0
d894fd1af131ed7a296716b5,3359,58540f191766,34017.0,34042.0,25.0,1,1.0,0.2,0.0,0.1,MISC,3359,25.0,0.2,0.1,34017.0,1.0
d894fd1af131ed7a296716b5,3360,58540f191766,34017.0,34040.0,23.0,1,1.0,0.2,0.0,0.1,MISC,3360,23.0,0.2,0.1,34017.0,1.0
d894fd1af131ed7a296716b5,3361,58540f191766,34017.0,34041.0,24.0,1,1.0,0.2,0.0,0.1,MISC,3361,24.0,0.2,0.1,34017.0,1.0
d894fd1af131ed7a296716b5,3362,58540f191766,34017.0,34042.0,25.0,1,1.0,0.2,0.0,0.1,MISC,3362,25.0,0.2,0.1,34017.0,1.0
d894fd1af131ed7a296716b5,3363,58540f191766,34018.0,34041.0,23.0,1,1.0,0.2,0.0,0.1,MISC,3363,23.0,0.2,0.1,34018.0,1.0
d894fd1af131ed7a296716b5,3364,58540f191766,34018.0,38863.0,4845.0,1,1.0,0.2,0.0,0.1,MISC,3364,4845.0,0.2,0.1,34018.0,1.0
d894fd1af131ed7a296716b5,3365,58540f191766,34019.0,40400.0,6381.0,1,1.0,0.2,0.0,0.1,MISC,3365,6381.0,0.2,0.1,34019.0,1.0
d894fd1af131ed7a296716b5,3366,58540f191766,34019.0,36786.0,2767.0,1,1.0,0.2,0.0,0.1,MISC,3366,2767.0,0.2,0.1,34019.0,1.0
d894fd1af131ed7a296716b5,3367,58540f191766,34019.0,41521.0,7502.0,1,1.0,0.2,0.0,0.1,MISC,3367,7502.0,0.2,0.1,34019.0,1.0
d894fd1af131ed7a296716b5,3368,58540f191766,34019.0,47926.0,13907.0,1,1.0,0.2,0.0,0.1,MISC,3368,13907.0,0.2,0.1,34019.0,1.0
d894fd1af131ed7a296716b5,3369,58540f191766,34019.0,34044.0,25.0,1,1.0,0.2,0.0,0.1,MISC,3369,25.0,0.2,0.1,34019.0,1.0
d894fd1af131ed7a296716b5,3370,58540f191766,34019.0,34043.0,24.0,1,1.0,0.2,0.0,0.1,MISC,3370,24.0,0.2,0.1,34019.0,1.0
d894fd1af131ed7a296716b5,3371,58540f191766,34019.0,34042.0,23.0,1,1.0,0.2,0.0,0.1,MISC,3371,23.0,0.2,0.1,34019.0,1.0
d894fd1af131ed7a296716b5,3372,58540f191766,34019.0,34040.0,21.0,1,1.0,0.2,0.0,0.1,MISC,3372,21.0,0.2,0.1,34019.0,1.0
d894fd1af131ed7a296716b5,3373,58540f191766,34019.0,42442.0,8423.0,1,1.0,0.2,0.0,0.1,MISC,3373,8423.0,0.2,0.1,34019.0,1.0
d894fd1af131ed7a296716b5,3374,58540f191766,34021.0,36506.0,2485.0,1,1.0,0.2,0.0,0.1,MISC,3374,2485.0,0.2,0.1,34021.0,1.0
d894fd1af131ed7a296716b5,3375,58540f191766,34021.0,34041.0,20.0,1,1.0,0.2,0.0,0.1,MISC,3375,20.0,0.2,0.1,34021.0,1.0
d894fd1af131ed7a296716b5,3376,58540f191766,34021.0,34040.0,19.0,1,1.0,0.2,0.0,0.1,MISC,3376,19.0,0.2,0.1,34021.0,1.0
d894fd1af131ed7a296716b5,3377,58540f191766,34021.0,34042.0,21.0,1,1.0,0.2,0.0,0.1,MISC,3377,21.0,0.2,0.1,34021.0,1.0
d894fd1af131ed7a296716b5,3378,58540f191766,34021.0,34043.0,22.0,1,1.0,0.2,0.0,0.1,MISC,3378,22.0,0.2,0.1,34021.0,1.0
d894fd1af131ed7a296716b5,3379,58540f191766,34023.0,42511.0,8488.0,1,1.0,0.2,0.0,0.1,MISC,3379,8488.0,0.2,0.1,34023.0,1.0
d894fd1af131ed7a296716b5,3380,58540f191766,34023.0,41080.0,7057.0,1,1.0,0.2,0.0,0.1,MISC,3380,7057.0,0.2,0.1,34023.0,1.0
d894fd1af131ed7a296716b5,3381,58540f191766,34023.0,34042.0,19.0,1,1.0,0.2,0.0,0.1,MISC,3381,19.0,0.2,0.1,34023.0,1.0
d894fd1af131ed7a296716b5,3382,58540f191766,34024.0,40843.0,6819.0,1,1.0,0.2,0.0,0.1,MISC,3382,6819.0,0.2,0.1,34024.0,1.0
d894fd1af131ed7a296716b5,3383,58540f191766,34025.0,46621.0,12596.0,1,1.0,0.2,0.0,0.1,MISC,3383,12596.0,0.2,0.1,34025.0,1.0
d894fd1af131ed7a296716b5,3384,58540f191766,34026.0,44287.0,10261.0,1,1.0,0.2,0.0,0.1,MISC,3384,10261.0,0.2,0.1,34026.0,1.0
d894fd1af131ed7a296716b5,3385,58540f191766,34026.0,34053.0,27.0,1,1.0,0.2,0.0,0.1,MISC,3385,27.0,0.2,0.1,34026.0,1.0
d894fd1af131ed7a296716b5,3386,58540f191766,34027.0,34065.0,38.0,1,1.0,0.2,0.0,0.1,MISC,3386,38.0,0.2,0.1,34027.0,1.0
d894fd1af131ed7a296716b5,3387,58540f191766,34027.0,44720.0,10693.0,1,1.0,0.2,0.0,0.1,MISC,3387,10693.0,0.2,0.1,34027.0,1.0
d894fd1af131ed7a296716b5,3388,58540f191766,34027.0,42376.0,8349.0,1,1.0,0.2,0.0,0.1,MISC,3388,8349.0,0.2,0.1,34027.0,1.0
d894fd1af131ed7a296716b5,3389,58540f191766,34027.0,34051.0,24.0,1,1.0,0.2,0.0,0.1,MISC,3389,24.0,0.2,0.1,34027.0,1.0
d894fd1af131ed7a296716b5,3390,58540f191766,34028.0,46342.0,12314.0,1,1.0,0.2,0.0,0.1,MISC,3390,12314.0,0.2,0.1,34028.0,1.0
d894fd1af131ed7a296716b5,3391,58540f191766,34028.0,44650.0,10622.0,1,1.0,0.2,0.0,0.1,MISC,3391,10622.0,0.2,0.1,34028.0,1.0
d894fd1af131ed7a296716b5,3392,58540f191766,34028.0,34052.0,24.0,1,1.0,0.2,0.0,0.1,MISC,3392,24.0,0.2,0.1,34028.0,1.0
d894fd1af131ed7a296716b5,3393,58540f191766,34028.0,34051.0,23.0,1,1.0,0.2,0.0,0.1,MISC,3393,23.0,0.2,0.1,34028.0,1.0
d894fd1af131ed7a296716b5,3394,58540f191766,34028.0,40907.0,6879.0,1,1.0,0.2,0.0,0.1,MISC,3394,6879.0,0.2,0.1,34028.0,1.0
d894fd1af131ed7a296716b5,3395,58540f191766,34028.0,46205.0,12177.0,1,1.0,0.2,0.0,0.1,MISC,3395,12177.0,0.2,0.1,34028.0,1.0
d894fd1af131ed7a296716b5,3396,58540f191766,34028.0,46010.0,11982.0,1,1.0,0.2,0.0,0.1,MISC,3396,11982.0,0.2,0.1,34028.0,1.0
d894fd1af131ed7a296716b5,3397,58540f191766,34029.0,34052.0,23.0,1,1.0,0.2,0.0,0.1,MISC,3397,23.0,0.2,0.1,34029.0,1.0
d894fd1af131ed7a296716b5,3398,58540f191766,34029.0,49866.0,15837.0,1,1.0,0.2,0.0,0.1,MISC,3398,15837.0,0.2,0.1,34029.0,1.0
d894fd1af131ed7a296716b5,3399,58540f191766,34029.0,53632.0,19603.0,1,1.0,0.2,0.0,0.1,MISC,3399,19603.0,0.2,0.1,34029.0,1.0
d894fd1af131ed7a296716b5,3400,58540f191766,34029.0,36725.0,2696.0,1,1.0,0.2,0.0,0.1,MISC,3400,2696.0,0.2,0.1,34029.0,1.0
d894fd1af131ed7a296716b5,3401,58540f191766,34030.0,53624.0,19594.0,1,1.0,0.2,0.0,0.1,MISC,3401,19594.0,0.2,0.1,34030.0,1.0
d894fd1af131ed7a296716b5,3402,58540f191766,34030.0,34052.0,22.0,1,1.0,0.2,0.0,0.1,MISC,3402,22.0,0.2,0.1,34030.0,1.0
d894fd1af131ed7a296716b5,3403,58540f191766,34030.0,34051.0,21.0,1,1.0,0.2,0.0,0.1,MISC,3403,21.0,0.2,0.1,34030.0,1.0
d894fd1af131ed7a296716b5,3404,58540f191766,34030.0,53351.0,19321.0,1,1.0,0.2,0.0,0.1,MISC,3404,19321.0,0.2,0.1,34030.0,1.0
d894fd1af131ed7a296716b5,3405,58540f191766,34030.0,41501.0,7471.0,1,1.0,0.2,0.0,0.1,MISC,3405,7471.0,0.2,0.1,34030.0,1.0
d894fd1af131ed7a296716b5,3406,58540f191766,34031.0,37266.0,3235.0,1,1.0,0.2,0.0,0.1,MISC,3406,3235.0,0.2,0.1,34031.0,1.0
d894fd1af131ed7a296716b5,3407,58540f191766,34031.0,34052.0,21.0,1,1.0,0.2,0.0,0.1,MISC,3407,21.0,0.2,0.1,34031.0,1.0
d894fd1af131ed7a296716b5,3408,58540f191766,34035.0,34051.0,16.0,1,1.0,0.2,0.0,0.1,MISC,3408,16.0,0.2,0.1,34035.0,1.0
d894fd1af131ed7a296716b5,3409,58540f191766,34035.0,34051.0,16.0,1,1.0,0.2,0.0,0.1,MISC,3409,16.0,0.2,0.1,34035.0,1.0
d894fd1af131ed7a296716b5,3410,58540f191766,34035.0,34051.0,16.0,1,1.0,0.2,0.0,0.1,MISC,3410,16.0,0.2,0.1,34035.0,1.0
d894fd1af131ed7a296716b5,3411,58540f191766,34035.0,34051.0,16.0,1,1.0,0.2,0.0,0.1,MISC,3411,16.0,0.2,0.1,34035.0,1.0
d894fd1af131ed7a296716b5,3412,58540f191766,34035.0,43214.0,9179.0,1,1.0,0.2,0.0,0.1,MISC,3412,9179.0,0.2,0.1,34035.0,1.0
d894fd1af131ed7a296716b5,3413,58540f191766,34036.0,34064.0,28.0,1,1.0,0.2,0.0,0.1,MISC,3413,28.0,0.2,0.1,34036.0,1.0
d894fd1af131ed7a296716b5,3414,58540f191766,34036.0,34062.0,26.0,1,1.0,0.2,0.0,0.1,MISC,3414,26.0,0.2,0.1,34036.0,1.0
d894fd1af131ed7a296716b5,3415,58540f191766,34037.0,34060.0,23.0,1,1.0,0.2,0.0,0.1,MISC,3415,23.0,0.2,0.1,34037.0,1.0
d894fd1af131ed7a296716b5,3416,58540f191766,34037.0,42575.0,8538.0,1,1.0,0.2,0.0,0.1,MISC,3416,8538.0,0.2,0.1,34037.0,1.0
d894fd1af131ed7a296716b5,3417,58540f191766,34037.0,34076.0,39.0,1,1.0,0.2,0.0,0.1,MISC,3417,39.0,0.2,0.1,34037.0,1.0
d894fd1af131ed7a296716b5,3418,58540f191766,34037.0,34061.0,24.0,1,1.0,0.2,0.0,0.1,MISC,3418,24.0,0.2,0.1,34037.0,1.0
d894fd1af131ed7a296716b5,3419,58540f191766,34037.0,46400.0,12363.0,1,1.0,0.2,0.0,0.1,MISC,3419,12363.0,0.2,0.1,34037.0,1.0
d894fd1af131ed7a296716b5,3420,58540f191766,34038.0,46691.0,12653.0,1,1.0,0.2,0.0,0.1,MISC,3420,12653.0,0.2,0.1,34038.0,1.0
e8efa65aa22dff1e98ff15d7,3421,b3bfe9b79bb5,34038.0,74001.0,39963.0,1,1.0,6.0,0.0,5.0,MISC,3421,39963.0,6.0,5.0,34038.0,1.0
d894fd1af131ed7a296716b5,3422,58540f191766,34039.0,34063.0,24.0,1,1.0,0.2,0.0,0.1,MISC,3422,24.0,0.2,0.1,34039.0,1.0
d894fd1af131ed7a296716b5,3423,58540f191766,34039.0,34061.0,22.0,1,1.0,0.2,0.0,0.1,MISC,3423,22.0,0.2,0.1,34039.0,1.0
f17e954e97558148ded21349,3424,c4cbaac9966d,34039.0,34210.0,171.0,1,1.0,10.0,0.0,0.5,T4,3424,171.0,10.0,0.5,34039.0,1.0
d894fd1af131ed7a296716b5,3425,58540f191766,34039.0,48302.0,14263.0,1,1.0,0.2,0.0,0.1,MISC,3425,14263.0,0.2,0.1,34039.0,1.0
d894fd1af131ed7a296716b5,3426,58540f191766,34039.0,34061.0,22.0,1,1.0,0.2,0.0,0.1,MISC,3426,22.0,0.2,0.1,34039.0,1.0
d894fd1af131ed7a296716b5,3427,58540f191766,34040.0,34062.0,22.0,1,1.0,0.2,0.0,0.1,MISC,3427,22.0,0.2,0.1,34040.0,1.0
d894fd1af131ed7a296716b5,3428,58540f191766,34040.0,34063.0,23.0,1,1.0,0.2,0.0,0.1,MISC,3428,23.0,0.2,0.1,34040.0,1.0
d894fd1af131ed7a296716b5,3429,58540f191766,34041.0,34064.0,23.0,1,1.0,0.2,0.0,0.1,MISC,3429,23.0,0.2,0.1,34041.0,1.0
d894fd1af131ed7a296716b5,3430,58540f191766,34041.0,41640.0,7599.0,1,1.0,0.2,0.0,0.1,MISC,3430,7599.0,0.2,0.1,34041.0,1.0
d894fd1af131ed7a296716b5,3431,58540f191766,34041.0,43621.0,9580.0,1,1.0,0.2,0.0,0.1,MISC,3431,9580.0,0.2,0.1,34041.0,1.0
d894fd1af131ed7a296716b5,3432,58540f191766,34041.0,41646.0,7605.0,1,1.0,0.2,0.0,0.1,MISC,3432,7605.0,0.2,0.1,34041.0,1.0
d894fd1af131ed7a296716b5,3433,58540f191766,34041.0,40950.0,6909.0,1,1.0,0.2,0.0,0.1,MISC,3433,6909.0,0.2,0.1,34041.0,1.0
d894fd1af131ed7a296716b5,3434,58540f191766,34042.0,37641.0,3599.0,1,1.0,0.2,0.0,0.1,MISC,3434,3599.0,0.2,0.1,34042.0,1.0
d894fd1af131ed7a296716b5,3435,58540f191766,34042.0,41858.0,7816.0,1,1.0,0.2,0.0,0.1,MISC,3435,7816.0,0.2,0.1,34042.0,1.0
d894fd1af131ed7a296716b5,3436,58540f191766,34043.0,62944.0,28901.0,1,1.0,0.2,0.0,0.1,MISC,3436,28901.0,0.2,0.1,34043.0,1.0
d894fd1af131ed7a296716b5,3437,58540f191766,34043.0,59170.0,25127.0,1,1.0,0.2,0.0,0.1,MISC,3437,25127.0,0.2,0.1,34043.0,1.0
d894fd1af131ed7a296716b5,3438,58540f191766,34043.0,62030.0,27987.0,1,1.0,0.2,0.0,0.1,MISC,3438,27987.0,0.2,0.1,34043.0,1.0
d894fd1af131ed7a296716b5,3439,58540f191766,34043.0,43118.0,9075.0,1,1.0,0.2,0.0,0.1,MISC,3439,9075.0,0.2,0.1,34043.0,1.0
d894fd1af131ed7a296716b5,3440,58540f191766,34043.0,64289.0,30246.0,1,1.0,0.2,0.0,0.1,MISC,3440,30246.0,0.2,0.1,34043.0,1.0
d894fd1af131ed7a296716b5,3441,58540f191766,34043.0,60552.0,26509.0,1,1.0,0.2,0.0,0.1,MISC,3441,26509.0,0.2,0.1,34043.0,1.0
d894fd1af131ed7a296716b5,3442,58540f191766,34044.0,41149.0,7105.0,1,1.0,0.2,0.0,0.1,MISC,3442,7105.0,0.2,0.1,34044.0,1.0
d894fd1af131ed7a296716b5,3443,58540f191766,34044.0,39951.0,5907.0,1,1.0,0.2,0.0,0.1,MISC,3443,5907.0,0.2,0.1,34044.0,1.0
d894fd1af131ed7a296716b5,3444,58540f191766,34044.0,44873.0,10829.0,1,1.0,0.2,0.0,0.1,MISC,3444,10829.0,0.2,0.1,34044.0,1.0
d894fd1af131ed7a296716b5,3445,58540f191766,34044.0,34061.0,17.0,1,1.0,0.2,0.0,0.1,MISC,3445,17.0,0.2,0.1,34044.0,1.0
d894fd1af131ed7a296716b5,3446,58540f191766,34045.0,39692.0,5647.0,1,1.0,0.2,0.0,0.1,MISC,3446,5647.0,0.2,0.1,34045.0,1.0
d894fd1af131ed7a296716b5,3447,58540f191766,34046.0,34072.0,26.0,1,1.0,0.2,0.0,0.1,MISC,3447,26.0,0.2,0.1,34046.0,1.0
d894fd1af131ed7a296716b5,3448,58540f191766,34046.0,34071.0,25.0,1,1.0,0.2,0.0,0.1,MISC,3448,25.0,0.2,0.1,34046.0,1.0
d894fd1af131ed7a296716b5,3449,58540f191766,34046.0,34074.0,28.0,1,1.0,0.2,0.0,0.1,MISC,3449,28.0,0.2,0.1,34046.0,1.0
d894fd1af131ed7a296716b5,3450,58540f191766,34046.0,38087.0,4041.0,1,1.0,0.2,0.0,0.1,MISC,3450,4041.0,0.2,0.1,34046.0,1.0
d894fd1af131ed7a296716b5,3451,58540f191766,34048.0,34074.0,26.0,1,1.0,0.2,0.0,0.1,MISC,3451,26.0,0.2,0.1,34048.0,1.0
d894fd1af131ed7a296716b5,3452,58540f191766,34048.0,34071.0,23.0,1,1.0,0.2,0.0,0.1,MISC,3452,23.0,0.2,0.1,34048.0,1.0
d894fd1af131ed7a296716b5,3453,58540f191766,34049.0,34071.0,22.0,1,1.0,0.2,0.0,0.1,MISC,3453,22.0,0.2,0.1,34049.0,1.0
d894fd1af131ed7a296716b5,3454,58540f191766,34050.0,34085.0,35.0,1,1.0,0.2,0.0,0.1,MISC,3454,35.0,0.2,0.1,34050.0,1.0
d894fd1af131ed7a296716b5,3455,58540f191766,34052.0,40387.0,6335.0,1,1.0,0.2,0.0,0.1,MISC,3455,6335.0,0.2,0.1,34052.0,1.0
d894fd1af131ed7a296716b5,3456,58540f191766,34052.0,34072.0,20.0,1,1.0,0.2,0.0,0.1,MISC,3456,20.0,0.2,0.1,34052.0,1.0
d894fd1af131ed7a296716b5,3457,58540f191766,34052.0,34072.0,20.0,1,1.0,0.2,0.0,0.1,MISC,3457,20.0,0.2,0.1,34052.0,1.0
d894fd1af131ed7a296716b5,3458,58540f191766,34052.0,34072.0,20.0,1,1.0,0.2,0.0,0.1,MISC,3458,20.0,0.2,0.1,34052.0,1.0
d894fd1af131ed7a296716b5,3459,58540f191766,34052.0,34073.0,21.0,1,1.0,0.2,0.0,0.1,MISC,3459,21.0,0.2,0.1,34052.0,1.0
f17e954e97558148ded21349,3460,c4cbaac9966d,34052.0,34618.0,566.0,1,1.0,10.0,0.0,0.5,T4,3460,566.0,10.0,0.5,34052.0,1.0
d894fd1af131ed7a296716b5,3461,58540f191766,34052.0,37708.0,3656.0,1,1.0,0.2,0.0,0.1,MISC,3461,3656.0,0.2,0.1,34052.0,1.0
d894fd1af131ed7a296716b5,3462,58540f191766,34052.0,34072.0,20.0,1,1.0,0.2,0.0,0.1,MISC,3462,20.0,0.2,0.1,34052.0,1.0
d894fd1af131ed7a296716b5,3463,58540f191766,34052.0,34072.0,20.0,1,1.0,0.2,0.0,0.1,MISC,3463,20.0,0.2,0.1,34052.0,1.0
d894fd1af131ed7a296716b5,3464,58540f191766,34052.0,34073.0,21.0,1,1.0,0.2,0.0,0.1,MISC,3464,21.0,0.2,0.1,34052.0,1.0
d894fd1af131ed7a296716b5,3465,58540f191766,34053.0,41051.0,6998.0,1,1.0,0.2,0.0,0.1,MISC,3465,6998.0,0.2,0.1,34053.0,1.0
d894fd1af131ed7a296716b5,3467,58540f191766,34053.0,34072.0,19.0,1,1.0,0.2,0.0,0.1,MISC,3467,19.0,0.2,0.1,34053.0,1.0
d894fd1af131ed7a296716b5,3468,58540f191766,34053.0,34072.0,19.0,1,1.0,0.2,0.0,0.1,MISC,3468,19.0,0.2,0.1,34053.0,1.0
d894fd1af131ed7a296716b5,3469,58540f191766,34053.0,44524.0,10471.0,1,1.0,0.2,0.0,0.1,MISC,3469,10471.0,0.2,0.1,34053.0,1.0
d894fd1af131ed7a296716b5,3470,58540f191766,34053.0,37559.0,3506.0,1,1.0,0.2,0.0,0.1,MISC,3470,3506.0,0.2,0.1,34053.0,1.0
d894fd1af131ed7a296716b5,3471,58540f191766,34054.0,34071.0,17.0,1,1.0,0.2,0.0,0.1,MISC,3471,17.0,0.2,0.1,34054.0,1.0
d894fd1af131ed7a296716b5,3472,58540f191766,34054.0,34071.0,17.0,1,1.0,0.2,0.0,0.1,MISC,3472,17.0,0.2,0.1,34054.0,1.0
d894fd1af131ed7a296716b5,3473,58540f191766,34055.0,34075.0,20.0,1,1.0,0.2,0.0,0.1,MISC,3473,20.0,0.2,0.1,34055.0,1.0
d894fd1af131ed7a296716b5,3474,58540f191766,34056.0,42076.0,8020.0,1,1.0,0.2,0.0,0.1,MISC,3474,8020.0,0.2,0.1,34056.0,1.0
d894fd1af131ed7a296716b5,3475,58540f191766,34056.0,34071.0,15.0,1,1.0,0.2,0.0,0.1,MISC,3475,15.0,0.2,0.1,34056.0,1.0
d894fd1af131ed7a296716b5,3476,58540f191766,34056.0,45887.0,11831.0,1,1.0,0.2,0.0,0.1,MISC,3476,11831.0,0.2,0.1,34056.0,1.0
d894fd1af131ed7a296716b5,3477,58540f191766,34056.0,34084.0,28.0,1,1.0,0.2,0.0,0.1,MISC,3477,28.0,0.2,0.1,34056.0,1.0
1ccc18d7d13073b642b3a016,3478,d4d51aca8806,34056.0,41692.0,7636.0,1,36.0,6.0,0.0,0.25,T4,3478,7636.0,216.0,9.0,34056.0,36.0
d894fd1af131ed7a296716b5,3479,58540f191766,34057.0,44055.0,9998.0,1,1.0,0.2,0.0,0.1,MISC,3479,9998.0,0.2,0.1,34057.0,1.0
d894fd1af131ed7a296716b5,3480,58540f191766,34057.0,46149.0,12092.0,1,1.0,0.2,0.0,0.1,MISC,3480,12092.0,0.2,0.1,34057.0,1.0
d894fd1af131ed7a296716b5,3481,58540f191766,34058.0,36220.0,2162.0,1,1.0,0.2,0.0,0.1,MISC,3481,2162.0,0.2,0.1,34058.0,1.0
d894fd1af131ed7a296716b5,3482,58540f191766,34059.0,54996.0,20937.0,1,1.0,0.2,0.0,0.1,MISC,3482,20937.0,0.2,0.1,34059.0,1.0
d894fd1af131ed7a296716b5,3483,58540f191766,34059.0,34082.0,23.0,1,1.0,0.2,0.0,0.1,MISC,3483,23.0,0.2,0.1,34059.0,1.0
d894fd1af131ed7a296716b5,3484,58540f191766,34059.0,34094.0,35.0,1,1.0,0.2,0.0,0.1,MISC,3484,35.0,0.2,0.1,34059.0,1.0
d894fd1af131ed7a296716b5,3485,58540f191766,34059.0,34084.0,25.0,1,1.0,0.2,0.0,0.1,MISC,3485,25.0,0.2,0.1,34059.0,1.0
d894fd1af131ed7a296716b5,3486,58540f191766,34059.0,34082.0,23.0,1,1.0,0.2,0.0,0.1,MISC,3486,23.0,0.2,0.1,34059.0,1.0
d894fd1af131ed7a296716b5,3487,58540f191766,34059.0,54670.0,20611.0,1,1.0,0.2,0.0,0.1,MISC,3487,20611.0,0.2,0.1,34059.0,1.0
d894fd1af131ed7a296716b5,3488,58540f191766,34059.0,38649.0,4590.0,1,1.0,0.2,0.0,0.1,MISC,3488,4590.0,0.2,0.1,34059.0,1.0
d894fd1af131ed7a296716b5,3489,58540f191766,34059.0,34084.0,25.0,1,1.0,0.2,0.0,0.1,MISC,3489,25.0,0.2,0.1,34059.0,1.0
d894fd1af131ed7a296716b5,3490,58540f191766,34060.0,43726.0,9666.0,1,1.0,0.2,0.0,0.1,MISC,3490,9666.0,0.2,0.1,34060.0,1.0
21858ac282f1092bb15f8831,3491,45bd92802aa9,34077.0,34272.0,195.0,1,1.0,6.0,0.0,1.0,T4,3491,195.0,6.0,1.0,34077.0,1.0
d894fd1af131ed7a296716b5,3492,58540f191766,34078.0,34108.0,30.0,1,1.0,0.2,0.0,0.1,MISC,3492,30.0,0.2,0.1,34078.0,1.0
bec71cf576621b79f4a06cb5,3494,4367c0ab76ac,34083.0,39729.0,5646.0,1,10.0,1.0,0.0,0.25,MISC,3494,5646.0,10.0,2.5,34083.0,10.0
f17e954e97558148ded21349,3495,c4cbaac9966d,34090.0,34265.0,175.0,1,1.0,10.0,0.0,0.5,T4,3495,175.0,10.0,0.5,34090.0,1.0
f17e954e97558148ded21349,3496,c4cbaac9966d,34110.0,34430.0,320.0,1,1.0,10.0,0.0,0.5,T4,3496,320.0,10.0,0.5,34110.0,1.0
1ccc18d7d13073b642b3a016,3498,d4d51aca8806,34114.0,37617.0,3503.0,1,26.0,6.0,0.0,0.25,T4,3498,3503.0,156.0,6.5,34114.0,26.0
f17e954e97558148ded21349,3501,c4cbaac9966d,34135.0,34608.0,473.0,1,1.0,10.0,0.0,0.5,T4,3501,473.0,10.0,0.5,34135.0,1.0
4338499d3c24cc35be17b44c,3502,5b1345f03aa1,34135.0,34362.0,227.0,1,100.0,6.0,0.0,0.25,P100,3502,227.0,600.0,25.0,34135.0,100.0
1ccc18d7d13073b642b3a016,3504,d4d51aca8806,34196.0,38026.0,3830.0,1,26.0,6.0,0.0,0.25,T4,3504,3830.0,156.0,6.5,34196.0,26.0
4338499d3c24cc35be17b44c,3506,5b1345f03aa1,34204.0,52127.0,17923.0,1,80.0,6.0,0.0,0.25,V100,3506,17923.0,480.0,20.0,34204.0,80.0
1ccc18d7d13073b642b3a016,3508,d4d51aca8806,34211.0,35566.0,1355.0,1,12.0,6.0,0.0,0.25,T4,3508,1355.0,72.0,3.0,34211.0,12.0
4fa2a95d7c794171b866dfa5,3512,7203aa95a9af,34226.0,41073.0,6847.0,1,10.0,6.0,0.0,1.0,MISC,3512,6847.0,60.0,10.0,34226.0,10.0
8ccb9c9fe88b53537e096dd9,3513,de69ddc1064e,34228.0,44541.0,10313.0,1,30.0,6.0,0.0,0.25,MISC,3513,10313.0,180.0,7.5,34228.0,30.0
4fa2a95d7c794171b866dfa5,3514,7203aa95a9af,34228.0,37904.0,3676.0,1,10.0,6.0,0.0,1.0,MISC,3514,3676.0,60.0,10.0,34228.0,10.0
f17e954e97558148ded21349,3515,c4cbaac9966d,34245.0,34469.0,224.0,1,1.0,10.0,0.0,0.5,T4,3515,224.0,10.0,0.5,34245.0,1.0
f17e954e97558148ded21349,3517,c4cbaac9966d,34263.0,34662.0,399.0,1,1.0,10.0,0.0,0.5,T4,3517,399.0,10.0,0.5,34263.0,1.0
4338499d3c24cc35be17b44c,3518,5b1345f03aa1,34265.0,34605.0,340.0,1,1.0,6.0,0.0,1.0,MISC,3518,340.0,6.0,1.0,34265.0,1.0
4fa2a95d7c794171b866dfa5,3519,7203aa95a9af,34273.0,41464.0,7191.0,1,10.0,6.0,0.0,1.0,V100,3519,7191.0,60.0,10.0,34273.0,10.0
0be3971157d6c504afbc3397,3521,354e3b81c515,34275.0,34292.0,17.0,1,1.0,6.0,0.0,1.0,MISC,3521,17.0,6.0,1.0,34275.0,1.0
1ccc18d7d13073b642b3a016,3522,d4d51aca8806,34277.0,38358.0,4081.0,1,26.0,6.0,0.0,0.25,T4,3522,4081.0,156.0,6.5,34277.0,26.0
f2c4b7ef9bca7bf8390f05cd,3524,1480b75a8c96,34330.0,34666.0,336.0,1,1.0,6.0,0.0,1.0,T4,3524,336.0,6.0,1.0,34330.0,1.0
1ccc18d7d13073b642b3a016,3526,d4d51aca8806,34366.0,38256.0,3890.0,1,26.0,6.0,0.0,0.25,T4,3526,3890.0,156.0,6.5,34366.0,26.0
1ccc18d7d13073b642b3a016,3528,d4d51aca8806,34373.0,36163.0,1790.0,1,12.0,6.0,0.0,0.25,T4,3528,1790.0,72.0,3.0,34373.0,12.0
f17e954e97558148ded21349,3529,c4cbaac9966d,34374.0,34519.0,145.0,1,1.0,10.0,0.0,0.5,T4,3529,145.0,10.0,0.5,34374.0,1.0
4338499d3c24cc35be17b44c,3530,5b1345f03aa1,34382.0,36299.0,1917.0,1,1.0,6.0,0.0,1.0,MISC,3530,1917.0,6.0,1.0,34382.0,1.0
e14f55e56de8f9e707c8ff95,3531,42aa9724a88c,34395.0,34480.0,85.0,1,1.0,6.0,0.0,1.0,MISC,3531,85.0,6.0,1.0,34395.0,1.0
1ccc18d7d13073b642b3a016,3533,d4d51aca8806,34410.0,38410.0,4000.0,1,26.0,6.0,0.0,0.25,T4,3533,4000.0,156.0,6.5,34410.0,26.0
1ccc18d7d13073b642b3a016,3535,d4d51aca8806,34414.0,38138.0,3724.0,1,26.0,6.0,0.0,0.25,T4,3535,3724.0,156.0,6.5,34414.0,26.0
4338499d3c24cc35be17b44c,3536,5b1345f03aa1,34418.0,34675.0,257.0,1,1.0,6.0,0.0,1.0,MISC,3536,257.0,6.0,1.0,34418.0,1.0
1ccc18d7d13073b642b3a016,3538,d4d51aca8806,34423.0,36062.0,1639.0,1,12.0,6.0,0.0,0.25,T4,3538,1639.0,72.0,3.0,34423.0,12.0
4338499d3c24cc35be17b44c,3539,5b1345f03aa1,34427.0,34577.0,150.0,1,1.0,6.0,0.0,0.25,MISC,3539,150.0,6.0,0.25,34427.0,1.0
4338499d3c24cc35be17b44c,3540,5b1345f03aa1,34428.0,34589.0,161.0,1,1.0,6.0,0.0,0.25,MISC,3540,161.0,6.0,0.25,34428.0,1.0
1ccc18d7d13073b642b3a016,3542,d4d51aca8806,34440.0,40398.0,5958.0,1,60.0,6.0,0.0,0.25,T4,3542,5958.0,360.0,15.0,34440.0,60.0
9c6554174b06015a7af561c6,3543,41f97a75a037,34455.0,34509.0,54.0,1,1.0,6.0,0.0,1.0,T4,3543,54.0,6.0,1.0,34455.0,1.0
fdca1b26347a096dc8cd73ec,3546,edc10645cc3f,34458.0,42220.0,7762.0,1,15.0,6.0,0.0,0.25,P100,3546,7762.0,90.0,3.75,34458.0,15.0
1ccc18d7d13073b642b3a016,3547,d4d51aca8806,34459.0,35886.0,1427.0,1,12.0,6.0,0.0,0.25,T4,3547,1427.0,72.0,3.0,34459.0,12.0
1ccc18d7d13073b642b3a016,3549,d4d51aca8806,34488.0,38600.0,4112.0,1,26.0,6.0,0.0,0.25,T4,3549,4112.0,156.0,6.5,34488.0,26.0
4338499d3c24cc35be17b44c,3550,5b1345f03aa1,34488.0,34710.0,222.0,1,1.0,6.0,0.0,0.5,MISC,3550,222.0,6.0,0.5,34488.0,1.0
1ccc18d7d13073b642b3a016,3552,d4d51aca8806,34494.0,36135.0,1641.0,1,12.0,6.0,0.0,0.25,T4,3552,1641.0,72.0,3.0,34494.0,12.0
f17e954e97558148ded21349,3553,c4cbaac9966d,34510.0,34907.0,397.0,1,1.0,10.0,0.0,0.5,T4,3553,397.0,10.0,0.5,34510.0,1.0
1ccc18d7d13073b642b3a016,3555,d4d51aca8806,34537.0,36173.0,1636.0,1,12.0,6.0,0.0,0.25,T4,3555,1636.0,72.0,3.0,34537.0,12.0
049570305e6b0ab6aa86bf60,3556,29380421d3fc,34540.0,34584.0,44.0,1,1.0,6.0,0.0,1.0,T4,3556,44.0,6.0,1.0,34540.0,1.0
049570305e6b0ab6aa86bf60,3557,29380421d3fc,34546.0,34590.0,44.0,1,1.0,6.0,0.0,1.0,T4,3557,44.0,6.0,1.0,34546.0,1.0
f17e954e97558148ded21349,3558,c4cbaac9966d,34572.0,35239.0,667.0,1,1.0,10.0,0.0,0.5,T4,3558,667.0,10.0,0.5,34572.0,1.0
7e965b7936f1410c1363a59e,3560,2891a173002a,34609.0,35033.0,424.0,1,8.0,6.0,0.0,0.25,MISC,3560,424.0,48.0,2.0,34609.0,8.0
1ccc18d7d13073b642b3a016,3562,d4d51aca8806,34614.0,36852.0,2238.0,1,12.0,6.0,0.0,0.25,T4,3562,2238.0,72.0,3.0,34614.0,12.0
4338499d3c24cc35be17b44c,3563,5b1345f03aa1,34621.0,35973.0,1352.0,1,1.0,6.0,0.0,0.25,MISC,3563,1352.0,6.0,0.25,34621.0,1.0
4338499d3c24cc35be17b44c,3564,5b1345f03aa1,34639.0,35483.0,844.0,1,1.0,6.0,0.0,0.25,MISC,3564,844.0,6.0,0.25,34639.0,1.0
4338499d3c24cc35be17b44c,3565,5b1345f03aa1,34651.0,37724.0,3073.0,1,1.0,6.0,0.0,0.25,MISC,3565,3073.0,6.0,0.25,34651.0,1.0
4338499d3c24cc35be17b44c,3566,5b1345f03aa1,34654.0,36027.0,1373.0,1,1.0,6.0,0.0,0.25,MISC,3566,1373.0,6.0,0.25,34654.0,1.0
27fe3bcbb296170406b340f5,3567,9ad16018440a,34658.0,35287.0,629.0,1,1.0,6.0,0.0,0.5,T4,3567,629.0,6.0,0.5,34658.0,1.0
4338499d3c24cc35be17b44c,3568,5b1345f03aa1,34659.0,35903.0,1244.0,1,1.0,6.0,0.0,0.25,MISC,3568,1244.0,6.0,0.25,34659.0,1.0
dfe782b4f5cf2f4e4d87ff1b,3570,77582818ceb1,34686.0,85438.0,50752.0,1,40.0,8.0,0.0,1.0,V100,3570,50752.0,320.0,40.0,34686.0,40.0
f2c4b7ef9bca7bf8390f05cd,3571,1480b75a8c96,34693.0,34718.0,25.0,1,1.0,6.0,0.0,1.0,T4,3571,25.0,6.0,1.0,34693.0,1.0
f17e954e97558148ded21349,3572,c4cbaac9966d,34696.0,35238.0,542.0,1,1.0,10.0,0.0,0.5,T4,3572,542.0,10.0,0.5,34696.0,1.0
f17e954e97558148ded21349,3573,c4cbaac9966d,34698.0,35025.0,327.0,1,1.0,10.0,0.0,0.5,T4,3573,327.0,10.0,0.5,34698.0,1.0
36dee9eabb9570587bc26052,3575,61d6b6dd5b15,34701.0,35202.0,501.0,1,5.0,6.0,0.0,1.0,MISC,3575,501.0,30.0,5.0,34701.0,5.0
4fa2a95d7c794171b866dfa5,3576,7203aa95a9af,34701.0,39736.0,5035.0,1,10.0,6.0,0.0,0.25,MISC,3576,5035.0,60.0,2.5,34701.0,10.0
4338499d3c24cc35be17b44c,3580,5b1345f03aa1,34724.0,34766.0,42.0,1,1.0,6.0,0.0,0.25,MISC,3580,42.0,6.0,0.25,34724.0,1.0
f39da0b0c01f6f7fb99d5af9,3581,86328749cbbf,34742.0,37282.0,2540.0,1,1.0,2.0,0.0,1.0,T4,3581,2540.0,2.0,1.0,34742.0,1.0
f17e954e97558148ded21349,3582,c4cbaac9966d,34755.0,35171.0,416.0,1,1.0,10.0,0.0,0.5,T4,3582,416.0,10.0,0.5,34755.0,1.0
1ccc18d7d13073b642b3a016,3584,d4d51aca8806,34774.0,36355.0,1581.0,1,12.0,6.0,0.0,0.25,T4,3584,1581.0,72.0,3.0,34774.0,12.0
1ccc18d7d13073b642b3a016,3586,d4d51aca8806,34779.0,34928.0,149.0,1,4.0,6.0,0.0,0.25,T4,3586,149.0,24.0,1.0,34779.0,4.0
a663b0c20a403b03dd80f4b4,3588,31aab24588ee,34805.0,49478.0,14673.0,1,5.0,16.0,0.0,0.5,T4,3588,14673.0,80.0,2.5,34805.0,5.0
1ccc18d7d13073b642b3a016,3589,d4d51aca8806,34805.0,36604.0,1799.0,1,19.0,6.0,0.0,0.25,T4,3589,1799.0,114.0,4.75,34805.0,19.0
3995073148156da8994ec8bb,3591,5f4cb64dc693,34820.0,36419.0,1599.0,1,1.0,6.0,0.0,0.25,MISC,3591,1599.0,6.0,0.25,34820.0,1.0
1ccc18d7d13073b642b3a016,3593,d4d51aca8806,34840.0,38857.0,4017.0,1,26.0,6.0,0.0,0.25,T4,3593,4017.0,156.0,6.5,34840.0,26.0
4338499d3c24cc35be17b44c,3595,5b1345f03aa1,34921.0,35718.0,797.0,1,20.0,6.0,0.0,0.25,MISC,3595,797.0,120.0,5.0,34921.0,20.0
1ccc18d7d13073b642b3a016,3596,d4d51aca8806,34936.0,39827.0,4891.0,1,26.0,6.0,0.0,0.25,T4,3596,4891.0,156.0,6.5,34936.0,26.0
6ce05c0db408367538a9bd9e,3597,0c3b5520dba6,34938.0,35014.0,76.0,1,1.0,6.0,0.0,1.0,T4,3597,76.0,6.0,1.0,34938.0,1.0
fdca1b26347a096dc8cd73ec,3598,edc10645cc3f,34955.0,37073.0,2118.0,1,1.0,6.0,0.0,0.25,MISC,3598,2118.0,6.0,0.25,34955.0,1.0
07a7440f33d2bfb59804064b,3599,9cc55781f4a6,34962.0,35629.0,667.0,1,1.0,6.0,0.0,1.0,T4,3599,667.0,6.0,1.0,34962.0,1.0
f17e954e97558148ded21349,3601,c4cbaac9966d,35007.0,35488.0,481.0,1,1.0,10.0,0.0,0.5,T4,3601,481.0,10.0,0.5,35007.0,1.0
1ccc18d7d13073b642b3a016,3605,d4d51aca8806,35015.0,40281.0,5266.0,1,26.0,6.0,0.0,0.25,T4,3605,5266.0,156.0,6.5,35015.0,26.0
fdca1b26347a096dc8cd73ec,3606,edc10645cc3f,35016.0,37634.0,2618.0,1,1.0,6.0,0.0,0.25,MISC,3606,2618.0,6.0,0.25,35016.0,1.0
1ccc18d7d13073b642b3a016,3607,d4d51aca8806,35016.0,36445.0,1429.0,1,12.0,6.0,0.0,0.25,T4,3607,1429.0,72.0,3.0,35016.0,12.0
4fa2a95d7c794171b866dfa5,3609,7203aa95a9af,35017.0,42385.0,7368.0,1,8.0,6.0,0.0,0.25,MISC,3609,7368.0,48.0,2.0,35017.0,8.0
4fa2a95d7c794171b866dfa5,3610,7203aa95a9af,35020.0,41068.0,6048.0,1,8.0,6.0,0.0,0.25,MISC,3610,6048.0,48.0,2.0,35020.0,8.0
4338499d3c24cc35be17b44c,3611,5b1345f03aa1,35028.0,36650.0,1622.0,1,1.0,6.0,0.0,1.0,MISC,3611,1622.0,6.0,1.0,35028.0,1.0
fdca1b26347a096dc8cd73ec,3612,edc10645cc3f,35037.0,37671.0,2634.0,1,1.0,6.0,0.0,0.25,MISC,3612,2634.0,6.0,0.25,35037.0,1.0
0be3971157d6c504afbc3397,3613,354e3b81c515,35040.0,35058.0,18.0,1,1.0,6.0,0.0,1.0,MISC,3613,18.0,6.0,1.0,35040.0,1.0
fdca1b26347a096dc8cd73ec,3614,edc10645cc3f,35046.0,39158.0,4112.0,1,1.0,6.0,0.0,0.25,MISC,3614,4112.0,6.0,0.25,35046.0,1.0
21858ac282f1092bb15f8831,3615,45bd92802aa9,35061.0,38211.0,3150.0,1,1.0,6.0,0.0,1.0,T4,3615,3150.0,6.0,1.0,35061.0,1.0
1ccc18d7d13073b642b3a016,3617,d4d51aca8806,35065.0,36556.0,1491.0,1,12.0,6.0,0.0,0.25,T4,3617,1491.0,72.0,3.0,35065.0,12.0
1ccc18d7d13073b642b3a016,3619,d4d51aca8806,35078.0,46618.0,11540.0,1,27.0,6.0,0.0,0.25,T4,3619,11540.0,162.0,6.75,35078.0,27.0
b53f9ebd1eeeea726d1dac78,3621,2cbd33b08024,35090.0,63165.0,28075.0,1,50.0,6.0,0.0,0.25,MISC,3621,28075.0,300.0,12.5,35090.0,50.0
f17e954e97558148ded21349,3622,c4cbaac9966d,35100.0,35580.0,480.0,1,1.0,10.0,0.0,0.5,T4,3622,480.0,10.0,0.5,35100.0,1.0
1ccc18d7d13073b642b3a016,3624,d4d51aca8806,35109.0,37392.0,2283.0,1,12.0,6.0,0.0,0.25,T4,3624,2283.0,72.0,3.0,35109.0,12.0
0272670bed9659e6a76e6998,3626,c2a3a3121170,35120.0,37130.0,2010.0,1,40.0,8.0,0.0,1.0,MISC,3626,2010.0,320.0,40.0,35120.0,40.0
4338499d3c24cc35be17b44c,3629,5b1345f03aa1,35171.0,35208.0,37.0,1,1.0,6.0,0.0,1.0,MISC,3629,37.0,6.0,1.0,35171.0,1.0
1ccc18d7d13073b642b3a016,3630,d4d51aca8806,35172.0,40508.0,5336.0,1,26.0,6.0,0.0,0.25,T4,3630,5336.0,156.0,6.5,35172.0,26.0
fdca1b26347a096dc8cd73ec,3632,edc10645cc3f,35177.0,36446.0,1269.0,1,1.0,6.0,0.0,0.25,MISC,3632,1269.0,6.0,0.25,35177.0,1.0
2fe46f64538b8943a9882bab,3633,c677a0acf7c0,35177.0,35219.0,42.0,1,1.0,6.0,0.0,1.0,MISC,3633,42.0,6.0,1.0,35177.0,1.0
1ccc18d7d13073b642b3a016,3634,d4d51aca8806,35179.0,40731.0,5552.0,1,26.0,6.0,0.0,0.25,T4,3634,5552.0,156.0,6.5,35179.0,26.0
0272670bed9659e6a76e6998,3636,c2a3a3121170,35212.0,36544.0,1332.0,1,40.0,8.0,0.0,1.0,P100,3636,1332.0,320.0,40.0,35212.0,40.0
4338499d3c24cc35be17b44c,3637,5b1345f03aa1,35213.0,35329.0,116.0,1,1.0,6.0,0.0,1.0,MISC,3637,116.0,6.0,1.0,35213.0,1.0
07a7440f33d2bfb59804064b,3638,9cc55781f4a6,35217.0,37141.0,1924.0,1,1.0,6.0,0.0,1.0,T4,3638,1924.0,6.0,1.0,35217.0,1.0
1ccc18d7d13073b642b3a016,3640,d4d51aca8806,35220.0,37777.0,2557.0,1,12.0,6.0,0.0,0.25,T4,3640,2557.0,72.0,3.0,35220.0,12.0
f17e954e97558148ded21349,3641,c4cbaac9966d,35225.0,35652.0,427.0,1,1.0,10.0,0.0,0.5,T4,3641,427.0,10.0,0.5,35225.0,1.0
2fe46f64538b8943a9882bab,3642,c677a0acf7c0,35252.0,35289.0,37.0,1,1.0,6.0,0.0,1.0,MISC,3642,37.0,6.0,1.0,35252.0,1.0
1ccc18d7d13073b642b3a016,3644,d4d51aca8806,35261.0,39398.0,4137.0,1,26.0,6.0,0.0,0.25,T4,3644,4137.0,156.0,6.5,35261.0,26.0
e14f55e56de8f9e707c8ff95,3645,42aa9724a88c,35268.0,35331.0,63.0,1,1.0,6.0,0.0,1.0,MISC,3645,63.0,6.0,1.0,35268.0,1.0
769220aca8155a44984e00d3,3646,aaea7d552f1f,35271.0,35337.0,66.0,1,1.0,6.0,0.0,0.25,T4,3646,66.0,6.0,0.25,35271.0,1.0
f17e954e97558148ded21349,3647,c4cbaac9966d,35285.0,35660.0,375.0,1,1.0,10.0,0.0,0.5,T4,3647,375.0,10.0,0.5,35285.0,1.0
f17e954e97558148ded21349,3648,c4cbaac9966d,35285.0,35957.0,672.0,1,1.0,10.0,0.0,0.5,T4,3648,672.0,10.0,0.5,35285.0,1.0
769220aca8155a44984e00d3,3649,aaea7d552f1f,35286.0,35311.0,25.0,1,1.0,6.0,0.0,0.25,T4,3649,25.0,6.0,0.25,35286.0,1.0
1ccc18d7d13073b642b3a016,3651,d4d51aca8806,35293.0,40192.0,4899.0,1,26.0,6.0,0.0,0.25,T4,3651,4899.0,156.0,6.5,35293.0,26.0
3995073148156da8994ec8bb,3653,5f4cb64dc693,35308.0,36609.0,1301.0,1,1.0,6.0,0.0,0.5,MISC,3653,1301.0,6.0,0.5,35308.0,1.0
3995073148156da8994ec8bb,3655,5f4cb64dc693,35314.0,36610.0,1296.0,1,1.0,6.0,0.0,0.25,MISC,3655,1296.0,6.0,0.25,35314.0,1.0
3995073148156da8994ec8bb,3656,5f4cb64dc693,35336.0,35490.0,154.0,1,1.0,6.0,0.0,1.0,MISC,3656,154.0,6.0,1.0,35336.0,1.0
27fe3bcbb296170406b340f5,3657,9ad16018440a,35360.0,35999.0,639.0,1,1.0,6.0,0.0,0.5,T4,3657,639.0,6.0,0.5,35360.0,1.0
26df2d33842c20f0d4a5a605,3659,b88fff433bdf,35368.0,43094.0,7726.0,1,20.0,6.0,0.0,0.5,T4,3659,7726.0,120.0,10.0,35368.0,20.0
1ccc18d7d13073b642b3a016,3661,d4d51aca8806,35384.0,40204.0,4820.0,1,28.0,6.0,0.0,0.25,T4,3661,4820.0,168.0,7.0,35384.0,28.0
1ccc18d7d13073b642b3a016,3664,d4d51aca8806,35453.0,40363.0,4910.0,1,26.0,6.0,0.0,0.25,T4,3664,4910.0,156.0,6.5,35453.0,26.0
1ccc18d7d13073b642b3a016,3665,d4d51aca8806,35454.0,43523.0,8069.0,1,36.0,6.0,0.0,0.25,T4,3665,8069.0,216.0,9.0,35454.0,36.0
4fa2a95d7c794171b866dfa5,3670,7203aa95a9af,35478.0,37358.0,1880.0,1,8.0,6.0,0.0,1.0,MISC,3670,1880.0,48.0,8.0,35478.0,8.0
4fa2a95d7c794171b866dfa5,3671,7203aa95a9af,35478.0,40424.0,4946.0,1,8.0,6.0,0.0,0.25,MISC,3671,4946.0,48.0,2.0,35478.0,8.0
4fa2a95d7c794171b866dfa5,3672,7203aa95a9af,35478.0,36385.0,907.0,1,8.0,6.0,0.0,0.25,MISC,3672,907.0,48.0,2.0,35478.0,8.0
4fa2a95d7c794171b866dfa5,3673,7203aa95a9af,35478.0,37402.0,1924.0,1,8.0,6.0,0.0,0.25,MISC,3673,1924.0,48.0,2.0,35478.0,8.0
2fe46f64538b8943a9882bab,3674,c677a0acf7c0,35499.0,35531.0,32.0,1,1.0,6.0,0.0,1.0,MISC,3674,32.0,6.0,1.0,35499.0,1.0
1ccc18d7d13073b642b3a016,3677,d4d51aca8806,35506.0,41166.0,5660.0,1,26.0,6.0,0.0,0.25,T4,3677,5660.0,156.0,6.5,35506.0,26.0
1ccc18d7d13073b642b3a016,3678,d4d51aca8806,35506.0,40213.0,4707.0,1,26.0,6.0,0.0,0.25,T4,3678,4707.0,156.0,6.5,35506.0,26.0
0be3971157d6c504afbc3397,3679,354e3b81c515,35514.0,35541.0,27.0,1,1.0,6.0,0.0,1.0,MISC,3679,27.0,6.0,1.0,35514.0,1.0
1ccc18d7d13073b642b3a016,3681,d4d51aca8806,35519.0,42411.0,6892.0,1,29.0,6.0,0.0,0.25,T4,3681,6892.0,174.0,7.25,35519.0,29.0
55cce3ac994960c8b9beba61,3682,e2fcb2ac20ae,35530.0,35620.0,90.0,1,1.0,6.0,0.0,1.0,MISC,3682,90.0,6.0,1.0,35530.0,1.0
2fe46f64538b8943a9882bab,3683,c677a0acf7c0,35558.0,35871.0,313.0,1,1.0,6.0,0.0,0.25,MISC,3683,313.0,6.0,0.25,35558.0,1.0
1ccc18d7d13073b642b3a016,3685,d4d51aca8806,35584.0,40313.0,4729.0,1,26.0,6.0,0.0,0.25,T4,3685,4729.0,156.0,6.5,35584.0,26.0
f17e954e97558148ded21349,3686,c4cbaac9966d,35595.0,36041.0,446.0,1,1.0,10.0,0.0,0.5,T4,3686,446.0,10.0,0.5,35595.0,1.0
1ccc18d7d13073b642b3a016,3688,d4d51aca8806,35629.0,38520.0,2891.0,1,12.0,6.0,0.0,0.25,T4,3688,2891.0,72.0,3.0,35629.0,12.0
07a7440f33d2bfb59804064b,3689,9cc55781f4a6,35638.0,38174.0,2536.0,1,1.0,6.0,0.0,0.25,T4,3689,2536.0,6.0,0.25,35638.0,1.0
6ce05c0db408367538a9bd9e,3690,0c3b5520dba6,35643.0,35738.0,95.0,1,1.0,6.0,0.0,1.0,T4,3690,95.0,6.0,1.0,35643.0,1.0
f17e954e97558148ded21349,3691,c4cbaac9966d,35656.0,36007.0,351.0,1,1.0,10.0,0.0,0.5,T4,3691,351.0,10.0,0.5,35656.0,1.0
96ea416ffcf4909c2702b413,3693,4dfac6472ec4,35666.0,38824.0,3158.0,1,4.0,6.0,0.0,0.5,T4,3693,3158.0,24.0,2.0,35666.0,4.0
1ccc18d7d13073b642b3a016,3695,d4d51aca8806,35712.0,41113.0,5401.0,1,26.0,6.0,0.0,0.25,T4,3695,5401.0,156.0,6.5,35712.0,26.0
f17e954e97558148ded21349,3696,c4cbaac9966d,35718.0,36212.0,494.0,1,1.0,10.0,0.0,0.5,T4,3696,494.0,10.0,0.5,35718.0,1.0
f17e954e97558148ded21349,3697,c4cbaac9966d,35720.0,36177.0,457.0,1,1.0,10.0,0.0,0.5,T4,3697,457.0,10.0,0.5,35720.0,1.0
1ccc18d7d13073b642b3a016,3699,d4d51aca8806,35733.0,40838.0,5105.0,1,26.0,6.0,0.0,0.25,T4,3699,5105.0,156.0,6.5,35733.0,26.0
bf4699bfa41151bf2f4b4f73,3702,5b09a062fa3f,35800.0,40691.0,4891.0,1,4.0,4.0,0.0,0.25,MISC,3702,4891.0,16.0,1.0,35800.0,4.0
1ccc18d7d13073b642b3a016,3703,d4d51aca8806,35801.0,41209.0,5408.0,1,26.0,6.0,0.0,0.25,T4,3703,5408.0,156.0,6.5,35801.0,26.0
1ccc18d7d13073b642b3a016,3705,d4d51aca8806,35832.0,41348.0,5516.0,1,26.0,6.0,0.0,0.25,T4,3705,5516.0,156.0,6.5,35832.0,26.0
991dc03465a7e773574e6325,3706,de55e3d3e032,35861.0,36316.0,455.0,1,1.0,6.0,0.0,0.25,MISC,3706,455.0,6.0,0.25,35861.0,1.0
991dc03465a7e773574e6325,3707,de55e3d3e032,35862.0,36376.0,514.0,1,1.0,6.0,0.0,0.25,MISC,3707,514.0,6.0,0.25,35862.0,1.0
e8efa65aa22dff1e98ff15d7,3709,b3bfe9b79bb5,35882.0,38501.0,2619.0,1,10.0,4.0,0.0,1.0,MISC,3709,2619.0,40.0,10.0,35882.0,10.0
1ccc18d7d13073b642b3a016,3711,d4d51aca8806,35885.0,48884.0,12999.0,1,26.0,6.0,0.0,0.25,T4,3711,12999.0,156.0,6.5,35885.0,26.0
2fe46f64538b8943a9882bab,3713,c677a0acf7c0,35912.0,50330.0,14418.0,1,1.0,6.0,0.0,0.25,MISC,3713,14418.0,6.0,0.25,35912.0,1.0
1ccc18d7d13073b642b3a016,3714,d4d51aca8806,35913.0,41228.0,5315.0,1,26.0,6.0,0.0,0.25,T4,3714,5315.0,156.0,6.5,35913.0,26.0
9ae9b2a926a0b1a6e4b0945c,3715,05b25af4dd8b,35931.0,36205.0,274.0,1,1.0,6.0,0.0,0.25,MISC,3715,274.0,6.0,0.25,35931.0,1.0
07a7440f33d2bfb59804064b,3716,9cc55781f4a6,35985.0,41799.0,5814.0,1,1.0,6.0,0.0,1.0,T4,3716,5814.0,6.0,1.0,35985.0,1.0
fdca1b26347a096dc8cd73ec,3718,edc10645cc3f,35993.0,50201.0,14208.0,1,6.0,6.0,0.0,0.25,MISC,3718,14208.0,36.0,1.5,35993.0,6.0
4338499d3c24cc35be17b44c,3719,5b1345f03aa1,35998.0,36046.0,48.0,1,1.0,6.0,0.0,1.0,MISC,3719,48.0,6.0,1.0,35998.0,1.0
30185446faeb493c1d55cacd,3720,a8192d6b0ae9,36024.0,36089.0,65.0,1,1.0,6.0,0.0,1.0,MISC,3720,65.0,6.0,1.0,36024.0,1.0
f17e954e97558148ded21349,3721,c4cbaac9966d,36033.0,36528.0,495.0,1,1.0,10.0,0.0,0.5,T4,3721,495.0,10.0,0.5,36033.0,1.0
e14f55e56de8f9e707c8ff95,3722,42aa9724a88c,36041.0,36165.0,124.0,1,10.0,6.0,0.0,1.0,MISC,3722,124.0,60.0,10.0,36041.0,10.0
1ccc18d7d13073b642b3a016,3725,d4d51aca8806,36065.0,43556.0,7491.0,1,29.0,6.0,0.0,0.25,T4,3725,7491.0,174.0,7.25,36065.0,29.0
4338499d3c24cc35be17b44c,3726,5b1345f03aa1,36078.0,36124.0,46.0,1,1.0,6.0,0.0,1.0,MISC,3726,46.0,6.0,1.0,36078.0,1.0
1e724cfcd200e872c2a80a9c,3729,cdbe4a38ca7d,36088.0,36258.0,170.0,1,5.0,6.0,0.0,1.0,MISC,3729,170.0,30.0,5.0,36088.0,5.0
1ccc18d7d13073b642b3a016,3730,d4d51aca8806,36088.0,48508.0,12420.0,1,29.0,6.0,0.0,0.25,T4,3730,12420.0,174.0,7.25,36088.0,29.0
27fe3bcbb296170406b340f5,3731,9ad16018440a,36092.0,37641.0,1549.0,1,1.0,6.0,0.0,0.5,T4,3731,1549.0,6.0,0.5,36092.0,1.0
f17e954e97558148ded21349,3732,c4cbaac9966d,36124.0,36928.0,804.0,1,1.0,10.0,0.0,0.5,T4,3732,804.0,10.0,0.5,36124.0,1.0
f17e954e97558148ded21349,3733,c4cbaac9966d,36127.0,36768.0,641.0,1,1.0,10.0,0.0,0.5,T4,3733,641.0,10.0,0.5,36127.0,1.0
4338499d3c24cc35be17b44c,3735,5b1345f03aa1,36132.0,36174.0,42.0,1,1.0,6.0,0.0,1.0,MISC,3735,42.0,6.0,1.0,36132.0,1.0
30185446faeb493c1d55cacd,3736,a8192d6b0ae9,36171.0,36217.0,46.0,1,1.0,6.0,0.0,1.0,MISC,3736,46.0,6.0,1.0,36171.0,1.0
1ccc18d7d13073b642b3a016,3738,d4d51aca8806,36182.0,42724.0,6542.0,1,26.0,6.0,0.0,0.25,T4,3738,6542.0,156.0,6.5,36182.0,26.0
1ccc18d7d13073b642b3a016,3740,d4d51aca8806,36200.0,42370.0,6170.0,1,26.0,6.0,0.0,0.25,T4,3740,6170.0,156.0,6.5,36200.0,26.0
e14f55e56de8f9e707c8ff95,3741,42aa9724a88c,36224.0,36276.0,52.0,1,1.0,6.0,0.0,1.0,MISC,3741,52.0,6.0,1.0,36224.0,1.0
d894fd1af131ed7a296716b5,3743,58540f191766,36236.0,36780.0,544.0,1,1.0,6.0,0.0,1.0,MISC,3743,544.0,6.0,1.0,36236.0,1.0
d894fd1af131ed7a296716b5,3744,58540f191766,36236.0,36693.0,457.0,1,1.0,6.0,0.0,1.0,MISC,3744,457.0,6.0,1.0,36236.0,1.0
d894fd1af131ed7a296716b5,3745,58540f191766,36236.0,36708.0,472.0,1,1.0,6.0,0.0,1.0,MISC,3745,472.0,6.0,1.0,36236.0,1.0
d894fd1af131ed7a296716b5,3746,58540f191766,36236.0,36677.0,441.0,1,1.0,6.0,0.0,1.0,MISC,3746,441.0,6.0,1.0,36236.0,1.0
d894fd1af131ed7a296716b5,3747,58540f191766,36236.0,36657.0,421.0,1,1.0,6.0,0.0,1.0,MISC,3747,421.0,6.0,1.0,36236.0,1.0
1ccc18d7d13073b642b3a016,3748,d4d51aca8806,36238.0,42035.0,5797.0,1,26.0,6.0,0.0,0.25,T4,3748,5797.0,156.0,6.5,36238.0,26.0
d894fd1af131ed7a296716b5,3749,58540f191766,36238.0,36709.0,471.0,1,1.0,6.0,0.0,1.0,MISC,3749,471.0,6.0,1.0,36238.0,1.0
d894fd1af131ed7a296716b5,3750,58540f191766,36238.0,36840.0,602.0,1,1.0,6.0,0.0,1.0,MISC,3750,602.0,6.0,1.0,36238.0,1.0
d894fd1af131ed7a296716b5,3751,58540f191766,36238.0,36778.0,540.0,1,1.0,6.0,0.0,1.0,MISC,3751,540.0,6.0,1.0,36238.0,1.0
d894fd1af131ed7a296716b5,3752,58540f191766,36238.0,36919.0,681.0,1,1.0,6.0,0.0,1.0,MISC,3752,681.0,6.0,1.0,36238.0,1.0
d894fd1af131ed7a296716b5,3753,58540f191766,36238.0,36799.0,561.0,1,1.0,6.0,0.0,1.0,MISC,3753,561.0,6.0,1.0,36238.0,1.0
d894fd1af131ed7a296716b5,3754,58540f191766,36239.0,36748.0,509.0,1,1.0,6.0,0.0,1.0,MISC,3754,509.0,6.0,1.0,36239.0,1.0
d894fd1af131ed7a296716b5,3755,58540f191766,36239.0,36858.0,619.0,1,1.0,6.0,0.0,1.0,MISC,3755,619.0,6.0,1.0,36239.0,1.0
d894fd1af131ed7a296716b5,3756,58540f191766,36239.0,36758.0,519.0,1,1.0,6.0,0.0,1.0,MISC,3756,519.0,6.0,1.0,36239.0,1.0
d894fd1af131ed7a296716b5,3757,58540f191766,36239.0,36616.0,377.0,1,1.0,6.0,0.0,1.0,MISC,3757,377.0,6.0,1.0,36239.0,1.0
d894fd1af131ed7a296716b5,3758,58540f191766,36239.0,36667.0,428.0,1,1.0,6.0,0.0,1.0,MISC,3758,428.0,6.0,1.0,36239.0,1.0
d894fd1af131ed7a296716b5,3759,58540f191766,36239.0,36667.0,428.0,1,1.0,6.0,0.0,1.0,MISC,3759,428.0,6.0,1.0,36239.0,1.0
d894fd1af131ed7a296716b5,3760,58540f191766,36239.0,36647.0,408.0,1,1.0,6.0,0.0,1.0,MISC,3760,408.0,6.0,1.0,36239.0,1.0
d894fd1af131ed7a296716b5,3761,58540f191766,36239.0,36657.0,418.0,1,1.0,6.0,0.0,1.0,MISC,3761,418.0,6.0,1.0,36239.0,1.0
d894fd1af131ed7a296716b5,3762,58540f191766,36240.0,36647.0,407.0,1,1.0,6.0,0.0,1.0,MISC,3762,407.0,6.0,1.0,36240.0,1.0
d894fd1af131ed7a296716b5,3763,58540f191766,36240.0,36733.0,493.0,1,1.0,6.0,0.0,1.0,MISC,3763,493.0,6.0,1.0,36240.0,1.0
d894fd1af131ed7a296716b5,3764,58540f191766,36240.0,36698.0,458.0,1,1.0,6.0,0.0,1.0,MISC,3764,458.0,6.0,1.0,36240.0,1.0
d894fd1af131ed7a296716b5,3765,58540f191766,36240.0,36698.0,458.0,1,1.0,6.0,0.0,1.0,MISC,3765,458.0,6.0,1.0,36240.0,1.0
d894fd1af131ed7a296716b5,3766,58540f191766,36240.0,36758.0,518.0,1,1.0,6.0,0.0,1.0,MISC,3766,518.0,6.0,1.0,36240.0,1.0
d894fd1af131ed7a296716b5,3767,58540f191766,36240.0,36698.0,458.0,1,1.0,6.0,0.0,1.0,MISC,3767,458.0,6.0,1.0,36240.0,1.0
d894fd1af131ed7a296716b5,3768,58540f191766,36240.0,36738.0,498.0,1,1.0,6.0,0.0,1.0,MISC,3768,498.0,6.0,1.0,36240.0,1.0
d894fd1af131ed7a296716b5,3769,58540f191766,36240.0,36728.0,488.0,1,1.0,6.0,0.0,1.0,MISC,3769,488.0,6.0,1.0,36240.0,1.0
d894fd1af131ed7a296716b5,3770,58540f191766,36240.0,36688.0,448.0,1,1.0,6.0,0.0,1.0,MISC,3770,448.0,6.0,1.0,36240.0,1.0
d894fd1af131ed7a296716b5,3771,58540f191766,36240.0,36770.0,530.0,1,1.0,6.0,0.0,1.0,MISC,3771,530.0,6.0,1.0,36240.0,1.0
d894fd1af131ed7a296716b5,3772,58540f191766,36241.0,36747.0,506.0,1,1.0,6.0,0.0,1.0,MISC,3772,506.0,6.0,1.0,36241.0,1.0
f17e954e97558148ded21349,3773,c4cbaac9966d,36244.0,36603.0,359.0,1,1.0,10.0,0.0,0.5,T4,3773,359.0,10.0,0.5,36244.0,1.0
f2c4b7ef9bca7bf8390f05cd,3774,1480b75a8c96,36245.0,36570.0,325.0,1,1.0,6.0,0.0,1.0,T4,3774,325.0,6.0,1.0,36245.0,1.0
8ccb9c9fe88b53537e096dd9,3776,de69ddc1064e,36261.0,42169.0,5908.0,1,4.0,12.0,0.0,0.25,MISC,3776,5908.0,48.0,1.0,36261.0,4.0
d894fd1af131ed7a296716b5,3777,58540f191766,36262.0,36761.0,499.0,1,1.0,6.0,0.0,1.0,MISC,3777,499.0,6.0,1.0,36262.0,1.0
f17e954e97558148ded21349,3778,c4cbaac9966d,36264.0,36408.0,144.0,1,1.0,10.0,0.0,0.5,T4,3778,144.0,10.0,0.5,36264.0,1.0
0be3971157d6c504afbc3397,3779,354e3b81c515,36298.0,36316.0,18.0,1,1.0,6.0,0.0,1.0,MISC,3779,18.0,6.0,1.0,36298.0,1.0
991dc03465a7e773574e6325,3780,de55e3d3e032,36304.0,36870.0,566.0,1,1.0,6.0,0.0,0.25,MISC,3780,566.0,6.0,0.25,36304.0,1.0
f17e954e97558148ded21349,3781,c4cbaac9966d,36306.0,36635.0,329.0,1,1.0,10.0,0.0,0.5,T4,3781,329.0,10.0,0.5,36306.0,1.0
845ebc87e40bad0db5b37e26,3782,f14128db0160,36308.0,36356.0,48.0,1,1.0,6.0,0.0,2.0,MISC,3782,48.0,6.0,2.0,36308.0,1.0
991dc03465a7e773574e6325,3783,de55e3d3e032,36315.0,36780.0,465.0,1,1.0,6.0,0.0,0.25,MISC,3783,465.0,6.0,0.25,36315.0,1.0
4338499d3c24cc35be17b44c,3785,5b1345f03aa1,36328.0,36570.0,242.0,1,1.0,6.0,0.0,0.25,MISC,3785,242.0,6.0,0.25,36328.0,1.0
e8efa65aa22dff1e98ff15d7,3786,b3bfe9b79bb5,36328.0,44338.0,8010.0,1,100.0,4.0,0.0,0.5,P100,3786,8010.0,400.0,50.0,36328.0,100.0
8ccb9c9fe88b53537e096dd9,3788,de69ddc1064e,36357.0,39584.0,3227.0,1,30.0,12.0,0.0,0.25,P100,3788,3227.0,360.0,7.5,36357.0,30.0
3e5fb00bf43aa67ee5c2b6d5,3789,f134c9ec05e3,36381.0,36547.0,166.0,1,1.0,6.0,0.0,0.5,MISC,3789,166.0,6.0,0.5,36381.0,1.0
1ccc18d7d13073b642b3a016,3791,d4d51aca8806,36422.0,49210.0,12788.0,1,60.0,6.0,0.0,0.25,T4,3791,12788.0,360.0,15.0,36422.0,60.0
b53f9ebd1eeeea726d1dac78,3795,2cbd33b08024,36441.0,80659.0,44218.0,1,20.0,5.0,0.0,0.5,MISC,3795,44218.0,100.0,10.0,36441.0,20.0
0e113fe8f6b4153745d87b60,3797,035b9488e79a,36448.0,84461.0,48013.0,1,8.0,6.0,0.0,0.5,MISC,3797,48013.0,48.0,4.0,36448.0,8.0
1ccc18d7d13073b642b3a016,3798,d4d51aca8806,36457.0,42388.0,5931.0,1,10.0,6.0,0.0,0.5,T4,3798,5931.0,60.0,5.0,36457.0,10.0
8ccb9c9fe88b53537e096dd9,3799,de69ddc1064e,36464.0,36760.0,296.0,1,1.0,6.0,0.0,1.0,MISC,3799,296.0,6.0,1.0,36464.0,1.0
dc1ae38019e1bb1127cd16bd,3801,2380e21bfefd,36469.0,61654.0,25185.0,1,1.0,2.0,0.0,1.0,MISC,3801,25185.0,2.0,1.0,36469.0,1.0
4fa2a95d7c794171b866dfa5,3802,7203aa95a9af,36470.0,36674.0,204.0,1,1.0,6.0,0.0,0.25,MISC,3802,204.0,6.0,0.25,36470.0,1.0
fdca1b26347a096dc8cd73ec,3803,edc10645cc3f,36496.0,36839.0,343.0,1,1.0,6.0,0.0,0.25,MISC,3803,343.0,6.0,0.25,36496.0,1.0
1ccc18d7d13073b642b3a016,3804,d4d51aca8806,36498.0,41151.0,4653.0,1,16.0,0.5,0.0,1.0,T4,3804,4653.0,8.0,16.0,36498.0,16.0
68d166762a816da58f9f94e8,3805,248e307b9f4a,36517.0,39220.0,2703.0,1,1.0,6.0,0.0,0.25,MISC,3805,2703.0,6.0,0.25,36517.0,1.0
68d166762a816da58f9f94e8,3806,248e307b9f4a,36518.0,38632.0,2114.0,1,1.0,6.0,0.0,0.25,MISC,3806,2114.0,6.0,0.25,36518.0,1.0
68d166762a816da58f9f94e8,3807,248e307b9f4a,36518.0,40775.0,4257.0,1,1.0,6.0,0.0,0.25,MISC,3807,4257.0,6.0,0.25,36518.0,1.0
68d166762a816da58f9f94e8,3808,248e307b9f4a,36519.0,47325.0,10806.0,1,1.0,6.0,0.0,0.25,MISC,3808,10806.0,6.0,0.25,36519.0,1.0
68d166762a816da58f9f94e8,3809,248e307b9f4a,36519.0,40088.0,3569.0,1,1.0,6.0,0.0,0.25,MISC,3809,3569.0,6.0,0.25,36519.0,1.0
68d166762a816da58f9f94e8,3810,248e307b9f4a,36519.0,46824.0,10305.0,1,1.0,6.0,0.0,0.25,MISC,3810,10305.0,6.0,0.25,36519.0,1.0
68d166762a816da58f9f94e8,3811,248e307b9f4a,36520.0,44950.0,8430.0,1,1.0,6.0,0.0,0.25,MISC,3811,8430.0,6.0,0.25,36520.0,1.0
68d166762a816da58f9f94e8,3812,248e307b9f4a,36520.0,51008.0,14488.0,1,1.0,6.0,0.0,0.25,MISC,3812,14488.0,6.0,0.25,36520.0,1.0
68d166762a816da58f9f94e8,3813,248e307b9f4a,36521.0,39188.0,2667.0,1,1.0,6.0,0.0,0.25,MISC,3813,2667.0,6.0,0.25,36521.0,1.0
68d166762a816da58f9f94e8,3814,248e307b9f4a,36521.0,41012.0,4491.0,1,1.0,6.0,0.0,0.25,MISC,3814,4491.0,6.0,0.25,36521.0,1.0
68d166762a816da58f9f94e8,3815,248e307b9f4a,36521.0,49956.0,13435.0,1,1.0,6.0,0.0,0.25,MISC,3815,13435.0,6.0,0.25,36521.0,1.0
68d166762a816da58f9f94e8,3816,248e307b9f4a,36521.0,52335.0,15814.0,1,1.0,6.0,0.0,0.25,MISC,3816,15814.0,6.0,0.25,36521.0,1.0
0be3971157d6c504afbc3397,3817,354e3b81c515,36527.0,36547.0,20.0,1,1.0,6.0,0.0,1.0,MISC,3817,20.0,6.0,1.0,36527.0,1.0
40df54e413d319037102e297,3818,7b76597f4283,36559.0,36889.0,330.0,1,1.0,6.0,0.0,0.25,MISC,3818,330.0,6.0,0.25,36559.0,1.0
9ae9b2a926a0b1a6e4b0945c,3820,05b25af4dd8b,36561.0,36587.0,26.0,1,1.0,6.0,0.0,1.0,MISC,3820,26.0,6.0,1.0,36561.0,1.0
4338499d3c24cc35be17b44c,3821,5b1345f03aa1,36562.0,39524.0,2962.0,1,1.0,6.0,0.0,0.25,MISC,3821,2962.0,6.0,0.25,36562.0,1.0
4338499d3c24cc35be17b44c,3824,5b1345f03aa1,36563.0,51009.0,14446.0,1,70.0,3.0,0.0,0.5,MISC,3824,14446.0,210.0,35.0,36563.0,70.0
8ccb9c9fe88b53537e096dd9,3825,de69ddc1064e,36565.0,37385.0,820.0,1,30.0,6.0,0.0,0.25,MISC,3825,820.0,180.0,7.5,36565.0,30.0
4338499d3c24cc35be17b44c,3826,5b1345f03aa1,36565.0,50246.0,13681.0,1,70.0,3.0,0.0,0.25,MISC,3826,13681.0,210.0,17.5,36565.0,70.0
f2c4b7ef9bca7bf8390f05cd,3827,1480b75a8c96,36597.0,36621.0,24.0,1,1.0,6.0,0.0,1.0,T4,3827,24.0,6.0,1.0,36597.0,1.0
f17e954e97558148ded21349,3830,c4cbaac9966d,36600.0,36837.0,237.0,1,1.0,10.0,0.0,0.5,T4,3830,237.0,10.0,0.5,36600.0,1.0
8ccb9c9fe88b53537e096dd9,3831,de69ddc1064e,36602.0,37155.0,553.0,1,1.0,6.0,0.0,1.0,MISC,3831,553.0,6.0,1.0,36602.0,1.0
8ccb9c9fe88b53537e096dd9,3832,de69ddc1064e,36613.0,37393.0,780.0,1,1.0,6.0,0.0,1.0,MISC,3832,780.0,6.0,1.0,36613.0,1.0
f17e954e97558148ded21349,3833,c4cbaac9966d,36617.0,37239.0,622.0,1,1.0,10.0,0.0,0.5,T4,3833,622.0,10.0,0.5,36617.0,1.0
d894fd1af131ed7a296716b5,3834,58540f191766,36617.0,37212.0,595.0,1,1.0,0.1,0.0,0.1,MISC,3834,595.0,0.1,0.1,36617.0,1.0
d894fd1af131ed7a296716b5,3835,58540f191766,36618.0,37528.0,910.0,1,1.0,0.1,0.0,0.1,MISC,3835,910.0,0.1,0.1,36618.0,1.0
d894fd1af131ed7a296716b5,3836,58540f191766,36618.0,40671.0,4053.0,1,1.0,0.1,0.0,0.1,MISC,3836,4053.0,0.1,0.1,36618.0,1.0
d894fd1af131ed7a296716b5,3837,58540f191766,36619.0,37254.0,635.0,1,1.0,0.1,0.0,0.1,MISC,3837,635.0,0.1,0.1,36619.0,1.0
d894fd1af131ed7a296716b5,3838,58540f191766,36620.0,37253.0,633.0,1,1.0,0.1,0.0,0.1,MISC,3838,633.0,0.1,0.1,36620.0,1.0
d894fd1af131ed7a296716b5,3839,58540f191766,36620.0,37903.0,1283.0,1,1.0,0.1,0.0,0.1,MISC,3839,1283.0,0.1,0.1,36620.0,1.0
d894fd1af131ed7a296716b5,3840,58540f191766,36620.0,37643.0,1023.0,1,1.0,0.1,0.0,0.1,MISC,3840,1023.0,0.1,0.1,36620.0,1.0
d894fd1af131ed7a296716b5,3841,58540f191766,36622.0,37192.0,570.0,1,1.0,0.1,0.0,0.1,MISC,3841,570.0,0.1,0.1,36622.0,1.0
d894fd1af131ed7a296716b5,3842,58540f191766,36623.0,37253.0,630.0,1,1.0,0.1,0.0,0.1,MISC,3842,630.0,0.1,0.1,36623.0,1.0
d894fd1af131ed7a296716b5,3843,58540f191766,36623.0,37256.0,633.0,1,1.0,0.1,0.0,0.1,MISC,3843,633.0,0.1,0.1,36623.0,1.0
d894fd1af131ed7a296716b5,3844,58540f191766,36623.0,37155.0,532.0,1,1.0,0.1,0.0,0.1,MISC,3844,532.0,0.1,0.1,36623.0,1.0
d894fd1af131ed7a296716b5,3845,58540f191766,36623.0,39893.0,3270.0,1,1.0,0.1,0.0,0.1,MISC,3845,3270.0,0.1,0.1,36623.0,1.0
d894fd1af131ed7a296716b5,3846,58540f191766,36623.0,37697.0,1074.0,1,1.0,0.1,0.0,0.1,MISC,3846,1074.0,0.1,0.1,36623.0,1.0
d894fd1af131ed7a296716b5,3847,58540f191766,36623.0,37651.0,1028.0,1,1.0,0.1,0.0,0.1,MISC,3847,1028.0,0.1,0.1,36623.0,1.0
d894fd1af131ed7a296716b5,3848,58540f191766,36623.0,37266.0,643.0,1,1.0,0.1,0.0,0.1,MISC,3848,643.0,0.1,0.1,36623.0,1.0
d894fd1af131ed7a296716b5,3849,58540f191766,36623.0,39750.0,3127.0,1,1.0,0.1,0.0,0.1,MISC,3849,3127.0,0.1,0.1,36623.0,1.0
d894fd1af131ed7a296716b5,3850,58540f191766,36625.0,37658.0,1033.0,1,1.0,0.1,0.0,0.1,MISC,3850,1033.0,0.1,0.1,36625.0,1.0
d894fd1af131ed7a296716b5,3851,58540f191766,36625.0,37181.0,556.0,1,1.0,0.1,0.0,0.1,MISC,3851,556.0,0.1,0.1,36625.0,1.0
d894fd1af131ed7a296716b5,3852,58540f191766,36625.0,37327.0,702.0,1,1.0,0.1,0.0,0.1,MISC,3852,702.0,0.1,0.1,36625.0,1.0
d894fd1af131ed7a296716b5,3853,58540f191766,36626.0,37552.0,926.0,1,1.0,0.1,0.0,0.1,MISC,3853,926.0,0.1,0.1,36626.0,1.0
d894fd1af131ed7a296716b5,3854,58540f191766,36626.0,37273.0,647.0,1,1.0,0.1,0.0,0.1,MISC,3854,647.0,0.1,0.1,36626.0,1.0
d894fd1af131ed7a296716b5,3855,58540f191766,36626.0,37547.0,921.0,1,1.0,0.1,0.0,0.1,MISC,3855,921.0,0.1,0.1,36626.0,1.0
d894fd1af131ed7a296716b5,3856,58540f191766,36628.0,37415.0,787.0,1,1.0,0.1,0.0,0.1,MISC,3856,787.0,0.1,0.1,36628.0,1.0
d894fd1af131ed7a296716b5,3857,58540f191766,36628.0,37449.0,821.0,1,1.0,0.1,0.0,0.1,MISC,3857,821.0,0.1,0.1,36628.0,1.0
d894fd1af131ed7a296716b5,3858,58540f191766,36628.0,37182.0,554.0,1,1.0,0.1,0.0,0.1,MISC,3858,554.0,0.1,0.1,36628.0,1.0
d894fd1af131ed7a296716b5,3859,58540f191766,36628.0,38088.0,1460.0,1,1.0,0.1,0.0,0.1,MISC,3859,1460.0,0.1,0.1,36628.0,1.0
d894fd1af131ed7a296716b5,3860,58540f191766,36629.0,37254.0,625.0,1,1.0,0.1,0.0,0.1,MISC,3860,625.0,0.1,0.1,36629.0,1.0
d894fd1af131ed7a296716b5,3861,58540f191766,36629.0,37314.0,685.0,1,1.0,0.1,0.0,0.1,MISC,3861,685.0,0.1,0.1,36629.0,1.0
d894fd1af131ed7a296716b5,3862,58540f191766,36631.0,37121.0,490.0,1,1.0,0.1,0.0,0.1,MISC,3862,490.0,0.1,0.1,36631.0,1.0
d894fd1af131ed7a296716b5,3863,58540f191766,36631.0,37295.0,664.0,1,1.0,0.1,0.0,0.1,MISC,3863,664.0,0.1,0.1,36631.0,1.0
d894fd1af131ed7a296716b5,3864,58540f191766,36631.0,37243.0,612.0,1,1.0,0.1,0.0,0.1,MISC,3864,612.0,0.1,0.1,36631.0,1.0
d894fd1af131ed7a296716b5,3865,58540f191766,36631.0,37350.0,719.0,1,1.0,0.1,0.0,0.1,MISC,3865,719.0,0.1,0.1,36631.0,1.0
d894fd1af131ed7a296716b5,3866,58540f191766,36631.0,37050.0,419.0,1,1.0,0.1,0.0,0.1,MISC,3866,419.0,0.1,0.1,36631.0,1.0
d894fd1af131ed7a296716b5,3867,58540f191766,36631.0,37233.0,602.0,1,1.0,0.1,0.0,0.1,MISC,3867,602.0,0.1,0.1,36631.0,1.0
d894fd1af131ed7a296716b5,3868,58540f191766,36631.0,37472.0,841.0,1,1.0,0.1,0.0,0.1,MISC,3868,841.0,0.1,0.1,36631.0,1.0
d894fd1af131ed7a296716b5,3869,58540f191766,36632.0,37211.0,579.0,1,1.0,0.1,0.0,0.1,MISC,3869,579.0,0.1,0.1,36632.0,1.0
d894fd1af131ed7a296716b5,3870,58540f191766,36632.0,37607.0,975.0,1,1.0,0.1,0.0,0.1,MISC,3870,975.0,0.1,0.1,36632.0,1.0
d894fd1af131ed7a296716b5,3871,58540f191766,36632.0,37654.0,1022.0,1,1.0,0.1,0.0,0.1,MISC,3871,1022.0,0.1,0.1,36632.0,1.0
d894fd1af131ed7a296716b5,3872,58540f191766,36634.0,37336.0,702.0,1,1.0,0.1,0.0,0.1,MISC,3872,702.0,0.1,0.1,36634.0,1.0
d894fd1af131ed7a296716b5,3873,58540f191766,36634.0,37629.0,995.0,1,1.0,0.1,0.0,0.1,MISC,3873,995.0,0.1,0.1,36634.0,1.0
d894fd1af131ed7a296716b5,3874,58540f191766,36635.0,37183.0,548.0,1,1.0,0.1,0.0,0.1,MISC,3874,548.0,0.1,0.1,36635.0,1.0
d894fd1af131ed7a296716b5,3875,58540f191766,36635.0,37223.0,588.0,1,1.0,0.1,0.0,0.1,MISC,3875,588.0,0.1,0.1,36635.0,1.0
d894fd1af131ed7a296716b5,3876,58540f191766,36636.0,38183.0,1547.0,1,1.0,0.1,0.0,0.1,MISC,3876,1547.0,0.1,0.1,36636.0,1.0
d894fd1af131ed7a296716b5,3877,58540f191766,36637.0,37253.0,616.0,1,1.0,0.1,0.0,0.1,MISC,3877,616.0,0.1,0.1,36637.0,1.0
d894fd1af131ed7a296716b5,3878,58540f191766,36637.0,37302.0,665.0,1,1.0,0.1,0.0,0.1,MISC,3878,665.0,0.1,0.1,36637.0,1.0
d894fd1af131ed7a296716b5,3879,58540f191766,36638.0,40025.0,3387.0,1,1.0,0.1,0.0,0.1,MISC,3879,3387.0,0.1,0.1,36638.0,1.0
d894fd1af131ed7a296716b5,3880,58540f191766,36638.0,37251.0,613.0,1,1.0,0.1,0.0,0.1,MISC,3880,613.0,0.1,0.1,36638.0,1.0
d894fd1af131ed7a296716b5,3881,58540f191766,36639.0,37405.0,766.0,1,1.0,0.1,0.0,0.1,MISC,3881,766.0,0.1,0.1,36639.0,1.0
d894fd1af131ed7a296716b5,3882,58540f191766,36639.0,37161.0,522.0,1,1.0,0.1,0.0,0.1,MISC,3882,522.0,0.1,0.1,36639.0,1.0
d894fd1af131ed7a296716b5,3883,58540f191766,36639.0,37323.0,684.0,1,1.0,0.1,0.0,0.1,MISC,3883,684.0,0.1,0.1,36639.0,1.0
d894fd1af131ed7a296716b5,3884,58540f191766,36639.0,37305.0,666.0,1,1.0,0.1,0.0,0.1,MISC,3884,666.0,0.1,0.1,36639.0,1.0
d894fd1af131ed7a296716b5,3885,58540f191766,36639.0,37154.0,515.0,1,1.0,0.1,0.0,0.1,MISC,3885,515.0,0.1,0.1,36639.0,1.0
d894fd1af131ed7a296716b5,3886,58540f191766,36639.0,37251.0,612.0,1,1.0,0.1,0.0,0.1,MISC,3886,612.0,0.1,0.1,36639.0,1.0
d894fd1af131ed7a296716b5,3887,58540f191766,36639.0,37931.0,1292.0,1,1.0,0.1,0.0,0.1,MISC,3887,1292.0,0.1,0.1,36639.0,1.0
d894fd1af131ed7a296716b5,3888,58540f191766,36640.0,37927.0,1287.0,1,1.0,0.1,0.0,0.1,MISC,3888,1287.0,0.1,0.1,36640.0,1.0
d894fd1af131ed7a296716b5,3889,58540f191766,36641.0,37191.0,550.0,1,1.0,0.1,0.0,0.1,MISC,3889,550.0,0.1,0.1,36641.0,1.0
d894fd1af131ed7a296716b5,3890,58540f191766,36641.0,37478.0,837.0,1,1.0,0.1,0.0,0.1,MISC,3890,837.0,0.1,0.1,36641.0,1.0
d894fd1af131ed7a296716b5,3891,58540f191766,36641.0,37191.0,550.0,1,1.0,0.1,0.0,0.1,MISC,3891,550.0,0.1,0.1,36641.0,1.0
d894fd1af131ed7a296716b5,3892,58540f191766,36641.0,37778.0,1137.0,1,1.0,0.1,0.0,0.1,MISC,3892,1137.0,0.1,0.1,36641.0,1.0
4338499d3c24cc35be17b44c,3893,5b1345f03aa1,36641.0,36699.0,58.0,1,1.0,6.0,0.0,1.0,MISC,3893,58.0,6.0,1.0,36641.0,1.0
d894fd1af131ed7a296716b5,3894,58540f191766,36641.0,37202.0,561.0,1,1.0,0.1,0.0,0.1,MISC,3894,561.0,0.1,0.1,36641.0,1.0
d894fd1af131ed7a296716b5,3895,58540f191766,36641.0,37486.0,845.0,1,1.0,0.1,0.0,0.1,MISC,3895,845.0,0.1,0.1,36641.0,1.0
d894fd1af131ed7a296716b5,3896,58540f191766,36644.0,37870.0,1226.0,1,1.0,0.1,0.0,0.1,MISC,3896,1226.0,0.1,0.1,36644.0,1.0
d894fd1af131ed7a296716b5,3897,58540f191766,36644.0,37242.0,598.0,1,1.0,0.1,0.0,0.1,MISC,3897,598.0,0.1,0.1,36644.0,1.0
d894fd1af131ed7a296716b5,3898,58540f191766,36647.0,37487.0,840.0,1,1.0,0.1,0.0,0.1,MISC,3898,840.0,0.1,0.1,36647.0,1.0
d894fd1af131ed7a296716b5,3899,58540f191766,36648.0,37535.0,887.0,1,1.0,0.1,0.0,0.1,MISC,3899,887.0,0.1,0.1,36648.0,1.0
d894fd1af131ed7a296716b5,3900,58540f191766,36648.0,37597.0,949.0,1,1.0,0.1,0.0,0.1,MISC,3900,949.0,0.1,0.1,36648.0,1.0
2fe46f64538b8943a9882bab,3901,c677a0acf7c0,36666.0,40314.0,3648.0,1,5.0,2.0,0.0,1.0,MISC,3901,3648.0,10.0,5.0,36666.0,5.0
07a7440f33d2bfb59804064b,3902,9cc55781f4a6,36667.0,42693.0,6026.0,1,1.0,6.0,0.0,1.0,V100,3902,6026.0,6.0,1.0,36667.0,1.0
1ccc18d7d13073b642b3a016,3904,d4d51aca8806,36680.0,48242.0,11562.0,1,60.0,6.0,0.0,0.25,T4,3904,11562.0,360.0,15.0,36680.0,60.0
f17e954e97558148ded21349,3905,c4cbaac9966d,36682.0,37155.0,473.0,1,1.0,10.0,0.0,0.5,T4,3905,473.0,10.0,0.5,36682.0,1.0
1ccc18d7d13073b642b3a016,3907,d4d51aca8806,36695.0,43036.0,6341.0,1,26.0,6.0,0.0,0.25,T4,3907,6341.0,156.0,6.5,36695.0,26.0
8ccb9c9fe88b53537e096dd9,3909,de69ddc1064e,36709.0,38630.0,1921.0,1,16.0,6.0,0.0,0.25,P100,3909,1921.0,96.0,4.0,36709.0,16.0
f17e954e97558148ded21349,3910,c4cbaac9966d,36724.0,36899.0,175.0,1,1.0,10.0,0.0,0.5,T4,3910,175.0,10.0,0.5,36724.0,1.0
4338499d3c24cc35be17b44c,3911,5b1345f03aa1,36729.0,36823.0,94.0,1,1.0,6.0,0.0,0.25,MISC,3911,94.0,6.0,0.25,36729.0,1.0
f17e954e97558148ded21349,3912,c4cbaac9966d,36749.0,37208.0,459.0,1,1.0,10.0,0.0,0.5,T4,3912,459.0,10.0,0.5,36749.0,1.0
4338499d3c24cc35be17b44c,3913,5b1345f03aa1,36753.0,38051.0,1298.0,1,1.0,6.0,0.0,1.0,MISC,3913,1298.0,6.0,1.0,36753.0,1.0
1ccc18d7d13073b642b3a016,3914,d4d51aca8806,36763.0,40324.0,3561.0,1,16.0,0.5,0.0,1.0,T4,3914,3561.0,8.0,16.0,36763.0,16.0
8ccb9c9fe88b53537e096dd9,3915,de69ddc1064e,36764.0,36831.0,67.0,1,1.0,6.0,0.0,1.0,MISC,3915,67.0,6.0,1.0,36764.0,1.0
4338499d3c24cc35be17b44c,3916,5b1345f03aa1,36765.0,37555.0,790.0,1,1.0,6.0,0.0,1.0,MISC,3916,790.0,6.0,1.0,36765.0,1.0
4338499d3c24cc35be17b44c,3918,5b1345f03aa1,36769.0,37716.0,947.0,1,1.0,6.0,0.0,1.0,MISC,3918,947.0,6.0,1.0,36769.0,1.0
1ccc18d7d13073b642b3a016,3919,d4d51aca8806,36770.0,51186.0,14416.0,1,36.0,6.0,0.0,0.25,T4,3919,14416.0,216.0,9.0,36770.0,36.0
4338499d3c24cc35be17b44c,3920,5b1345f03aa1,36785.0,37817.0,1032.0,1,1.0,6.0,0.0,1.0,MISC,3920,1032.0,6.0,1.0,36785.0,1.0
4338499d3c24cc35be17b44c,3922,5b1345f03aa1,36801.0,38595.0,1794.0,1,1.0,6.0,0.0,1.0,MISC,3922,1794.0,6.0,1.0,36801.0,1.0
4338499d3c24cc35be17b44c,3923,5b1345f03aa1,36816.0,38523.0,1707.0,1,1.0,6.0,0.0,1.0,MISC,3923,1707.0,6.0,1.0,36816.0,1.0
40df54e413d319037102e297,3924,7b76597f4283,36855.0,38068.0,1213.0,1,1.0,6.0,0.0,1.0,MISC,3924,1213.0,6.0,1.0,36855.0,1.0
f17e954e97558148ded21349,3925,c4cbaac9966d,36867.0,37422.0,555.0,1,1.0,10.0,0.0,0.5,T4,3925,555.0,10.0,0.5,36867.0,1.0
8ccb9c9fe88b53537e096dd9,3926,de69ddc1064e,36908.0,37350.0,442.0,1,1.0,6.0,0.0,2.0,MISC,3926,442.0,6.0,2.0,36908.0,1.0
1ccc18d7d13073b642b3a016,3929,d4d51aca8806,37002.0,46190.0,9188.0,1,61.0,6.0,0.0,0.25,T4,3929,9188.0,366.0,15.25,37002.0,61.0
f17e954e97558148ded21349,3930,c4cbaac9966d,37020.0,37422.0,402.0,1,1.0,10.0,0.0,0.5,T4,3930,402.0,10.0,0.5,37020.0,1.0
fdca1b26347a096dc8cd73ec,3931,edc10645cc3f,37104.0,37374.0,270.0,1,1.0,6.0,0.0,0.25,MISC,3931,270.0,6.0,0.25,37104.0,1.0
30185446faeb493c1d55cacd,3932,a8192d6b0ae9,37104.0,37392.0,288.0,1,5.0,6.0,0.0,1.0,MISC,3932,288.0,30.0,5.0,37104.0,5.0
1ccc18d7d13073b642b3a016,3933,d4d51aca8806,37129.0,41845.0,4716.0,1,16.0,0.5,0.0,1.0,T4,3933,4716.0,8.0,16.0,37129.0,16.0
4c63a741106edc46bc1729dd,3934,18febf35d3a1,37189.0,37422.0,233.0,1,1.0,6.0,0.0,1.0,MISC,3934,233.0,6.0,1.0,37189.0,1.0
845ebc87e40bad0db5b37e26,3935,f14128db0160,37196.0,37393.0,197.0,1,1.0,6.0,0.0,2.0,MISC,3935,197.0,6.0,2.0,37196.0,1.0
e14f55e56de8f9e707c8ff95,3936,42aa9724a88c,37203.0,37253.0,50.0,1,1.0,6.0,0.0,1.0,MISC,3936,50.0,6.0,1.0,37203.0,1.0
f17e954e97558148ded21349,3937,c4cbaac9966d,37206.0,37846.0,640.0,1,1.0,10.0,0.0,0.5,T4,3937,640.0,10.0,0.5,37206.0,1.0
0be3971157d6c504afbc3397,3938,354e3b81c515,37223.0,37241.0,18.0,1,1.0,6.0,0.0,1.0,MISC,3938,18.0,6.0,1.0,37223.0,1.0
f17e954e97558148ded21349,3939,c4cbaac9966d,37266.0,37531.0,265.0,1,1.0,10.0,0.0,0.5,T4,3939,265.0,10.0,0.5,37266.0,1.0
1484051e2875d76bc27495f6,3941,2d415d162cd1,37270.0,55823.0,18553.0,1,25.0,6.0,0.0,0.25,MISC,3941,18553.0,150.0,6.25,37270.0,25.0
f17e954e97558148ded21349,3944,c4cbaac9966d,37330.0,37823.0,493.0,1,1.0,10.0,0.0,0.5,T4,3944,493.0,10.0,0.5,37330.0,1.0
c800398b658b21b23754fdbb,3946,bfe2df9380f6,37414.0,46393.0,8979.0,1,1.0,6.0,0.0,0.25,T4,3946,8979.0,6.0,0.25,37414.0,1.0
0d4756d7b966a83ad05796f4,3947,b576e4193037,37427.0,39604.0,2177.0,1,1.0,6.0,0.0,0.25,MISC,3947,2177.0,6.0,0.25,37427.0,1.0
30185446faeb493c1d55cacd,3948,a8192d6b0ae9,37497.0,37804.0,307.0,1,8.0,6.0,0.0,0.25,MISC,3948,307.0,48.0,2.0,37497.0,8.0
f17e954e97558148ded21349,3949,c4cbaac9966d,37516.0,37863.0,347.0,1,1.0,10.0,0.0,0.5,T4,3949,347.0,10.0,0.5,37516.0,1.0
f17e954e97558148ded21349,3950,c4cbaac9966d,37518.0,38083.0,565.0,1,1.0,10.0,0.0,0.5,T4,3950,565.0,10.0,0.5,37518.0,1.0
4c63a741106edc46bc1729dd,3951,18febf35d3a1,37525.0,37779.0,254.0,1,1.0,6.0,0.0,1.0,MISC,3951,254.0,6.0,1.0,37525.0,1.0
d894fd1af131ed7a296716b5,3953,58540f191766,37578.0,40400.0,2822.0,1,1.0,6.0,0.0,0.5,MISC,3953,2822.0,6.0,0.5,37578.0,1.0
d894fd1af131ed7a296716b5,3954,58540f191766,37579.0,40612.0,3033.0,1,1.0,6.0,0.0,0.5,MISC,3954,3033.0,6.0,0.5,37579.0,1.0
d894fd1af131ed7a296716b5,3955,58540f191766,37581.0,41150.0,3569.0,1,1.0,6.0,0.0,0.5,MISC,3955,3569.0,6.0,0.5,37581.0,1.0
d894fd1af131ed7a296716b5,3956,58540f191766,37581.0,41129.0,3548.0,1,1.0,6.0,0.0,0.5,MISC,3956,3548.0,6.0,0.5,37581.0,1.0
d894fd1af131ed7a296716b5,3957,58540f191766,37582.0,40429.0,2847.0,1,1.0,6.0,0.0,0.5,MISC,3957,2847.0,6.0,0.5,37582.0,1.0
d894fd1af131ed7a296716b5,3958,58540f191766,37582.0,38270.0,688.0,1,1.0,6.0,0.0,0.5,MISC,3958,688.0,6.0,0.5,37582.0,1.0
d894fd1af131ed7a296716b5,3959,58540f191766,37582.0,40139.0,2557.0,1,1.0,6.0,0.0,0.5,MISC,3959,2557.0,6.0,0.5,37582.0,1.0
d894fd1af131ed7a296716b5,3960,58540f191766,37582.0,40769.0,3187.0,1,1.0,6.0,0.0,0.5,MISC,3960,3187.0,6.0,0.5,37582.0,1.0
d894fd1af131ed7a296716b5,3961,58540f191766,37583.0,40217.0,2634.0,1,1.0,6.0,0.0,0.5,MISC,3961,2634.0,6.0,0.5,37583.0,1.0
d894fd1af131ed7a296716b5,3962,58540f191766,37583.0,40280.0,2697.0,1,1.0,6.0,0.0,0.5,MISC,3962,2697.0,6.0,0.5,37583.0,1.0
d894fd1af131ed7a296716b5,3963,58540f191766,37583.0,39938.0,2355.0,1,1.0,6.0,0.0,0.5,MISC,3963,2355.0,6.0,0.5,37583.0,1.0
d894fd1af131ed7a296716b5,3964,58540f191766,37583.0,40106.0,2523.0,1,1.0,6.0,0.0,0.5,MISC,3964,2523.0,6.0,0.5,37583.0,1.0
d894fd1af131ed7a296716b5,3965,58540f191766,37583.0,37977.0,394.0,1,1.0,6.0,0.0,0.5,MISC,3965,394.0,6.0,0.5,37583.0,1.0
d894fd1af131ed7a296716b5,3966,58540f191766,37583.0,40086.0,2503.0,1,1.0,6.0,0.0,0.5,MISC,3966,2503.0,6.0,0.5,37583.0,1.0
d894fd1af131ed7a296716b5,3967,58540f191766,37583.0,39762.0,2179.0,1,1.0,6.0,0.0,0.5,MISC,3967,2179.0,6.0,0.5,37583.0,1.0
d894fd1af131ed7a296716b5,3968,58540f191766,37583.0,40126.0,2543.0,1,1.0,6.0,0.0,0.5,MISC,3968,2543.0,6.0,0.5,37583.0,1.0
d894fd1af131ed7a296716b5,3969,58540f191766,37583.0,40068.0,2485.0,1,1.0,6.0,0.0,0.5,MISC,3969,2485.0,6.0,0.5,37583.0,1.0
d894fd1af131ed7a296716b5,3970,58540f191766,37583.0,40224.0,2641.0,1,1.0,6.0,0.0,0.5,MISC,3970,2641.0,6.0,0.5,37583.0,1.0
d894fd1af131ed7a296716b5,3971,58540f191766,37583.0,37977.0,394.0,1,1.0,6.0,0.0,0.5,MISC,3971,394.0,6.0,0.5,37583.0,1.0
d894fd1af131ed7a296716b5,3972,58540f191766,37584.0,39948.0,2364.0,1,1.0,6.0,0.0,0.5,MISC,3972,2364.0,6.0,0.5,37584.0,1.0
d894fd1af131ed7a296716b5,3973,58540f191766,37584.0,42036.0,4452.0,1,1.0,6.0,0.0,0.5,MISC,3973,4452.0,6.0,0.5,37584.0,1.0
d894fd1af131ed7a296716b5,3974,58540f191766,37584.0,41924.0,4340.0,1,1.0,6.0,0.0,0.5,MISC,3974,4340.0,6.0,0.5,37584.0,1.0
d894fd1af131ed7a296716b5,3975,58540f191766,37584.0,40097.0,2513.0,1,1.0,6.0,0.0,0.5,MISC,3975,2513.0,6.0,0.5,37584.0,1.0
d894fd1af131ed7a296716b5,3976,58540f191766,37584.0,37935.0,351.0,1,1.0,6.0,0.0,0.5,MISC,3976,351.0,6.0,0.5,37584.0,1.0
d894fd1af131ed7a296716b5,3977,58540f191766,37584.0,38167.0,583.0,1,1.0,6.0,0.0,0.5,MISC,3977,583.0,6.0,0.5,37584.0,1.0
d894fd1af131ed7a296716b5,3978,58540f191766,37584.0,40361.0,2777.0,1,1.0,6.0,0.0,0.5,MISC,3978,2777.0,6.0,0.5,37584.0,1.0
d894fd1af131ed7a296716b5,3979,58540f191766,37585.0,41975.0,4390.0,1,1.0,6.0,0.0,0.5,MISC,3979,4390.0,6.0,0.5,37585.0,1.0
d894fd1af131ed7a296716b5,3980,58540f191766,37585.0,39268.0,1683.0,1,1.0,6.0,0.0,0.5,MISC,3980,1683.0,6.0,0.5,37585.0,1.0
d894fd1af131ed7a296716b5,3981,58540f191766,37586.0,42956.0,5370.0,1,1.0,6.0,0.0,0.5,MISC,3981,5370.0,6.0,0.5,37586.0,1.0
d894fd1af131ed7a296716b5,3982,58540f191766,37602.0,43060.0,5458.0,1,1.0,6.0,0.0,0.5,MISC,3982,5458.0,6.0,0.5,37602.0,1.0
d894fd1af131ed7a296716b5,3983,58540f191766,37602.0,39966.0,2364.0,1,1.0,6.0,0.0,0.5,MISC,3983,2364.0,6.0,0.5,37602.0,1.0
d894fd1af131ed7a296716b5,3984,58540f191766,37602.0,38017.0,415.0,1,1.0,6.0,0.0,0.5,MISC,3984,415.0,6.0,0.5,37602.0,1.0
d894fd1af131ed7a296716b5,3985,58540f191766,37609.0,42977.0,5368.0,1,1.0,6.0,0.0,0.5,MISC,3985,5368.0,6.0,0.5,37609.0,1.0
d894fd1af131ed7a296716b5,3986,58540f191766,37622.0,43442.0,5820.0,1,1.0,6.0,0.0,0.5,MISC,3986,5820.0,6.0,0.5,37622.0,1.0
d894fd1af131ed7a296716b5,3987,58540f191766,37635.0,43151.0,5516.0,1,1.0,6.0,0.0,0.5,MISC,3987,5516.0,6.0,0.5,37635.0,1.0
f17e954e97558148ded21349,3988,c4cbaac9966d,37640.0,39019.0,1379.0,1,1.0,10.0,0.0,0.5,T4,3988,1379.0,10.0,0.5,37640.0,1.0
d894fd1af131ed7a296716b5,3989,58540f191766,37649.0,43322.0,5673.0,1,1.0,6.0,0.0,0.5,MISC,3989,5673.0,6.0,0.5,37649.0,1.0
d894fd1af131ed7a296716b5,3990,58540f191766,37661.0,43130.0,5469.0,1,1.0,6.0,0.0,0.5,MISC,3990,5469.0,6.0,0.5,37661.0,1.0
fdca1b26347a096dc8cd73ec,3991,edc10645cc3f,37667.0,38111.0,444.0,1,1.0,6.0,0.0,0.25,MISC,3991,444.0,6.0,0.25,37667.0,1.0
0be3971157d6c504afbc3397,3992,354e3b81c515,37671.0,37694.0,23.0,1,1.0,6.0,0.0,1.0,MISC,3992,23.0,6.0,1.0,37671.0,1.0
d894fd1af131ed7a296716b5,3993,58540f191766,37672.0,43348.0,5676.0,1,1.0,6.0,0.0,0.5,MISC,3993,5676.0,6.0,0.5,37672.0,1.0
d894fd1af131ed7a296716b5,3994,58540f191766,37681.0,43006.0,5325.0,1,1.0,6.0,0.0,0.5,MISC,3994,5325.0,6.0,0.5,37681.0,1.0
d894fd1af131ed7a296716b5,3995,58540f191766,37698.0,43205.0,5507.0,1,1.0,6.0,0.0,0.5,MISC,3995,5507.0,6.0,0.5,37698.0,1.0
27fe3bcbb296170406b340f5,3996,9ad16018440a,37705.0,38516.0,811.0,1,1.0,6.0,0.0,0.5,T4,3996,811.0,6.0,0.5,37705.0,1.0
fdca1b26347a096dc8cd73ec,3997,edc10645cc3f,37706.0,39601.0,1895.0,1,1.0,6.0,0.0,0.25,MISC,3997,1895.0,6.0,0.25,37706.0,1.0
d894fd1af131ed7a296716b5,3998,58540f191766,37707.0,43045.0,5338.0,1,1.0,6.0,0.0,0.5,MISC,3998,5338.0,6.0,0.5,37707.0,1.0
d894fd1af131ed7a296716b5,3999,58540f191766,37721.0,43530.0,5809.0,1,1.0,6.0,0.0,0.5,MISC,3999,5809.0,6.0,0.5,37721.0,1.0
d894fd1af131ed7a296716b5,4000,58540f191766,37732.0,43173.0,5441.0,1,1.0,6.0,0.0,0.5,MISC,4000,5441.0,6.0,0.5,37732.0,1.0
d894fd1af131ed7a296716b5,4001,58540f191766,37742.0,43983.0,6241.0,1,1.0,6.0,0.0,0.5,MISC,4001,6241.0,6.0,0.5,37742.0,1.0
f17e954e97558148ded21349,4002,c4cbaac9966d,37746.0,37966.0,220.0,1,1.0,10.0,0.0,0.5,T4,4002,220.0,10.0,0.5,37746.0,1.0
d894fd1af131ed7a296716b5,4003,58540f191766,37757.0,43422.0,5665.0,1,1.0,6.0,0.0,0.5,MISC,4003,5665.0,6.0,0.5,37757.0,1.0
d894fd1af131ed7a296716b5,4004,58540f191766,37768.0,43197.0,5429.0,1,1.0,6.0,0.0,0.5,MISC,4004,5429.0,6.0,0.5,37768.0,1.0
d894fd1af131ed7a296716b5,4005,58540f191766,37781.0,43812.0,6031.0,1,1.0,6.0,0.0,0.5,MISC,4005,6031.0,6.0,0.5,37781.0,1.0
d894fd1af131ed7a296716b5,4008,58540f191766,37792.0,43206.0,5414.0,1,1.0,6.0,0.0,0.5,MISC,4008,5414.0,6.0,0.5,37792.0,1.0
4d8fee7f10bd7edbb75b96b3,4009,b2c52019b2c6,37796.0,45915.0,8119.0,1,50.0,8.0,0.0,0.25,P100,4009,8119.0,400.0,12.5,37796.0,50.0
d894fd1af131ed7a296716b5,4010,58540f191766,37806.0,43308.0,5502.0,1,1.0,6.0,0.0,0.5,MISC,4010,5502.0,6.0,0.5,37806.0,1.0
d894fd1af131ed7a296716b5,4011,58540f191766,37815.0,44032.0,6217.0,1,1.0,6.0,0.0,0.5,MISC,4011,6217.0,6.0,0.5,37815.0,1.0
7406fb7653a17ee61e51469d,4012,8b9c03ad79b8,37822.0,38025.0,203.0,1,1.0,6.0,0.0,1.0,MISC,4012,203.0,6.0,1.0,37822.0,1.0
d894fd1af131ed7a296716b5,4013,58540f191766,37828.0,44756.0,6928.0,1,1.0,6.0,0.0,0.5,MISC,4013,6928.0,6.0,0.5,37828.0,1.0
d894fd1af131ed7a296716b5,4014,58540f191766,37839.0,43407.0,5568.0,1,1.0,6.0,0.0,0.5,MISC,4014,5568.0,6.0,0.5,37839.0,1.0
8ccb9c9fe88b53537e096dd9,4015,de69ddc1064e,37846.0,38432.0,586.0,1,1.0,6.0,0.0,2.0,MISC,4015,586.0,6.0,2.0,37846.0,1.0
d894fd1af131ed7a296716b5,4016,58540f191766,37850.0,43682.0,5832.0,1,1.0,6.0,0.0,0.5,MISC,4016,5832.0,6.0,0.5,37850.0,1.0
d894fd1af131ed7a296716b5,4017,58540f191766,37873.0,43347.0,5474.0,1,1.0,6.0,0.0,0.5,MISC,4017,5474.0,6.0,0.5,37873.0,1.0
d894fd1af131ed7a296716b5,4018,58540f191766,37903.0,43555.0,5652.0,1,1.0,6.0,0.0,0.5,MISC,4018,5652.0,6.0,0.5,37903.0,1.0
21858ac282f1092bb15f8831,4019,45bd92802aa9,37914.0,38119.0,205.0,1,1.0,6.0,0.0,1.0,T4,4019,205.0,6.0,1.0,37914.0,1.0
4338499d3c24cc35be17b44c,4020,5b1345f03aa1,37927.0,37965.0,38.0,1,1.0,6.0,0.0,1.0,MISC,4020,38.0,6.0,1.0,37927.0,1.0
f17e954e97558148ded21349,4021,c4cbaac9966d,37948.0,38202.0,254.0,1,1.0,10.0,0.0,0.5,T4,4021,254.0,10.0,0.5,37948.0,1.0
f17e954e97558148ded21349,4022,c4cbaac9966d,37950.0,38219.0,269.0,1,1.0,10.0,0.0,0.5,T4,4022,269.0,10.0,0.5,37950.0,1.0
f17e954e97558148ded21349,4023,c4cbaac9966d,37951.0,38879.0,928.0,1,1.0,10.0,0.0,0.5,T4,4023,928.0,10.0,0.5,37951.0,1.0
d894fd1af131ed7a296716b5,4024,58540f191766,37959.0,44144.0,6185.0,1,1.0,6.0,0.0,0.5,MISC,4024,6185.0,6.0,0.5,37959.0,1.0
d894fd1af131ed7a296716b5,4025,58540f191766,37971.0,43340.0,5369.0,1,1.0,6.0,0.0,0.5,MISC,4025,5369.0,6.0,0.5,37971.0,1.0
f2c4b7ef9bca7bf8390f05cd,4026,1480b75a8c96,37979.0,38305.0,326.0,1,1.0,6.0,0.0,1.0,T4,4026,326.0,6.0,1.0,37979.0,1.0
d894fd1af131ed7a296716b5,4027,58540f191766,37980.0,43311.0,5331.0,1,1.0,6.0,0.0,0.5,MISC,4027,5331.0,6.0,0.5,37980.0,1.0
d894fd1af131ed7a296716b5,4028,58540f191766,38003.0,43631.0,5628.0,1,1.0,6.0,0.0,0.5,MISC,4028,5628.0,6.0,0.5,38003.0,1.0
d894fd1af131ed7a296716b5,4029,58540f191766,38020.0,43595.0,5575.0,1,1.0,6.0,0.0,0.5,MISC,4029,5575.0,6.0,0.5,38020.0,1.0
d894fd1af131ed7a296716b5,4030,58540f191766,38034.0,43380.0,5346.0,1,1.0,6.0,0.0,0.5,MISC,4030,5346.0,6.0,0.5,38034.0,1.0
9c6554174b06015a7af561c6,4031,41f97a75a037,38051.0,38105.0,54.0,1,1.0,6.0,0.0,1.0,T4,4031,54.0,6.0,1.0,38051.0,1.0
d894fd1af131ed7a296716b5,4032,58540f191766,38060.0,43501.0,5441.0,1,1.0,6.0,0.0,0.5,MISC,4032,5441.0,6.0,0.5,38060.0,1.0
e14f55e56de8f9e707c8ff95,4033,42aa9724a88c,38066.0,38117.0,51.0,1,1.0,6.0,0.0,1.0,MISC,4033,51.0,6.0,1.0,38066.0,1.0
d894fd1af131ed7a296716b5,4034,58540f191766,38074.0,43519.0,5445.0,1,1.0,6.0,0.0,0.5,MISC,4034,5445.0,6.0,0.5,38074.0,1.0
d894fd1af131ed7a296716b5,4035,58540f191766,38086.0,43406.0,5320.0,1,1.0,6.0,0.0,0.5,MISC,4035,5320.0,6.0,0.5,38086.0,1.0
d894fd1af131ed7a296716b5,4036,58540f191766,38095.0,43433.0,5338.0,1,1.0,6.0,0.0,0.5,MISC,4036,5338.0,6.0,0.5,38095.0,1.0
d894fd1af131ed7a296716b5,4037,58540f191766,38106.0,43607.0,5501.0,1,1.0,6.0,0.0,0.5,MISC,4037,5501.0,6.0,0.5,38106.0,1.0
049570305e6b0ab6aa86bf60,4038,29380421d3fc,38118.0,38162.0,44.0,1,1.0,6.0,0.0,1.0,T4,4038,44.0,6.0,1.0,38118.0,1.0
d894fd1af131ed7a296716b5,4039,58540f191766,38118.0,43443.0,5325.0,1,1.0,6.0,0.0,0.5,MISC,4039,5325.0,6.0,0.5,38118.0,1.0
d894fd1af131ed7a296716b5,4040,58540f191766,38130.0,43476.0,5346.0,1,1.0,6.0,0.0,0.5,MISC,4040,5346.0,6.0,0.5,38130.0,1.0
d894fd1af131ed7a296716b5,4041,58540f191766,38140.0,44374.0,6234.0,1,1.0,6.0,0.0,0.5,MISC,4041,6234.0,6.0,0.5,38140.0,1.0
d894fd1af131ed7a296716b5,4042,58540f191766,38147.0,43658.0,5511.0,1,1.0,6.0,0.0,0.5,MISC,4042,5511.0,6.0,0.5,38147.0,1.0
f17e954e97558148ded21349,4043,c4cbaac9966d,38152.0,38382.0,230.0,1,1.0,10.0,0.0,0.5,T4,4043,230.0,10.0,0.5,38152.0,1.0
049570305e6b0ab6aa86bf60,4044,29380421d3fc,38163.0,38207.0,44.0,1,1.0,6.0,0.0,1.0,T4,4044,44.0,6.0,1.0,38163.0,1.0
f17e954e97558148ded21349,4045,c4cbaac9966d,38165.0,38812.0,647.0,1,1.0,10.0,0.0,0.5,T4,4045,647.0,10.0,0.5,38165.0,1.0
d894fd1af131ed7a296716b5,4046,58540f191766,38167.0,43539.0,5372.0,1,1.0,6.0,0.0,0.5,MISC,4046,5372.0,6.0,0.5,38167.0,1.0
d894fd1af131ed7a296716b5,4047,58540f191766,38177.0,43688.0,5511.0,1,1.0,6.0,0.0,0.5,MISC,4047,5511.0,6.0,0.5,38177.0,1.0
b53f9ebd1eeeea726d1dac78,4048,2cbd33b08024,38178.0,41563.0,3385.0,1,1.0,6.0,0.0,1.0,MISC,4048,3385.0,6.0,1.0,38178.0,1.0
b53f9ebd1eeeea726d1dac78,4049,2cbd33b08024,38178.0,41742.0,3564.0,1,1.0,6.0,0.0,1.0,MISC,4049,3564.0,6.0,1.0,38178.0,1.0
d894fd1af131ed7a296716b5,4050,58540f191766,38186.0,43586.0,5400.0,1,1.0,6.0,0.0,0.5,MISC,4050,5400.0,6.0,0.5,38186.0,1.0
b53f9ebd1eeeea726d1dac78,4052,2cbd33b08024,38195.0,42995.0,4800.0,1,1.0,6.0,0.0,1.0,MISC,4052,4800.0,6.0,1.0,38195.0,1.0
4338499d3c24cc35be17b44c,4053,5b1345f03aa1,38196.0,38248.0,52.0,1,1.0,6.0,0.0,1.0,MISC,4053,52.0,6.0,1.0,38196.0,1.0
d894fd1af131ed7a296716b5,4054,58540f191766,38200.0,43633.0,5433.0,1,1.0,6.0,0.0,0.5,MISC,4054,5433.0,6.0,0.5,38200.0,1.0
d894fd1af131ed7a296716b5,4055,58540f191766,38211.0,44109.0,5898.0,1,1.0,6.0,0.0,0.5,MISC,4055,5898.0,6.0,0.5,38211.0,1.0
1ccc18d7d13073b642b3a016,4057,d4d51aca8806,38223.0,96422.0,58199.0,1,12.0,6.0,0.0,0.25,T4,4057,58199.0,72.0,3.0,38223.0,12.0
4338499d3c24cc35be17b44c,4058,5b1345f03aa1,38240.0,44380.0,6140.0,1,1.0,6.0,0.0,2.0,MISC,4058,6140.0,6.0,2.0,38240.0,1.0
7406fb7653a17ee61e51469d,4059,8b9c03ad79b8,38242.0,38448.0,206.0,1,1.0,6.0,0.0,1.0,MISC,4059,206.0,6.0,1.0,38242.0,1.0
07a7440f33d2bfb59804064b,4060,9cc55781f4a6,38243.0,41626.0,3383.0,1,1.0,6.0,0.0,0.25,T4,4060,3383.0,6.0,0.25,38243.0,1.0
d894fd1af131ed7a296716b5,4061,58540f191766,38247.0,43580.0,5333.0,1,1.0,6.0,0.0,0.5,MISC,4061,5333.0,6.0,0.5,38247.0,1.0
d894fd1af131ed7a296716b5,4062,58540f191766,38253.0,39013.0,760.0,1,1.0,6.0,0.0,0.25,MISC,4062,760.0,6.0,0.25,38253.0,1.0
d894fd1af131ed7a296716b5,4063,58540f191766,38259.0,43760.0,5501.0,1,1.0,6.0,0.0,0.5,MISC,4063,5501.0,6.0,0.5,38259.0,1.0
30185446faeb493c1d55cacd,4065,a8192d6b0ae9,38284.0,41830.0,3546.0,1,50.0,1.0,0.0,0.25,MISC,4065,3546.0,50.0,12.5,38284.0,50.0
f17e954e97558148ded21349,4066,c4cbaac9966d,38289.0,38629.0,340.0,1,1.0,10.0,0.0,0.5,T4,4066,340.0,10.0,0.5,38289.0,1.0
f17e954e97558148ded21349,4067,c4cbaac9966d,38290.0,38732.0,442.0,1,1.0,10.0,0.0,0.5,T4,4067,442.0,10.0,0.5,38290.0,1.0
f17e954e97558148ded21349,4070,c4cbaac9966d,38310.0,38490.0,180.0,1,1.0,10.0,0.0,0.5,T4,4070,180.0,10.0,0.5,38310.0,1.0
8106728908feb773a53799c5,4071,698d948206d0,38312.0,39001.0,689.0,1,1.0,6.0,0.0,0.25,MISC,4071,689.0,6.0,0.25,38312.0,1.0
f2c4b7ef9bca7bf8390f05cd,4072,1480b75a8c96,38333.0,38488.0,155.0,1,1.0,6.0,0.0,1.0,T4,4072,155.0,6.0,1.0,38333.0,1.0
f17e954e97558148ded21349,4073,c4cbaac9966d,38340.0,38498.0,158.0,1,1.0,10.0,0.0,0.5,T4,4073,158.0,10.0,0.5,38340.0,1.0
e8efa65aa22dff1e98ff15d7,4075,b3bfe9b79bb5,38411.0,46571.0,8160.0,1,200.0,4.0,0.0,0.5,V100,4075,8160.0,800.0,100.0,38411.0,200.0
1ccc18d7d13073b642b3a016,4076,d4d51aca8806,38495.0,41901.0,3406.0,1,16.0,0.5,0.0,1.0,T4,4076,3406.0,8.0,16.0,38495.0,16.0
8ccb9c9fe88b53537e096dd9,4077,de69ddc1064e,38542.0,38993.0,451.0,1,1.0,6.0,0.0,2.0,MISC,4077,451.0,6.0,2.0,38542.0,1.0
d894fd1af131ed7a296716b5,4078,58540f191766,38570.0,43887.0,5317.0,1,1.0,6.0,0.0,0.5,MISC,4078,5317.0,6.0,0.5,38570.0,1.0
d894fd1af131ed7a296716b5,4079,58540f191766,38570.0,44728.0,6158.0,1,1.0,6.0,0.0,0.5,MISC,4079,6158.0,6.0,0.5,38570.0,1.0
d894fd1af131ed7a296716b5,4080,58540f191766,38570.0,43887.0,5317.0,1,1.0,6.0,0.0,0.5,MISC,4080,5317.0,6.0,0.5,38570.0,1.0
bf4699bfa41151bf2f4b4f73,4081,5b09a062fa3f,38573.0,47769.0,9196.0,1,1.0,6.0,0.0,0.5,MISC,4081,9196.0,6.0,0.5,38573.0,1.0
27fe3bcbb296170406b340f5,4082,9ad16018440a,38577.0,39175.0,598.0,1,1.0,6.0,0.0,0.5,T4,4082,598.0,6.0,0.5,38577.0,1.0
ce1acbfcbf28f229417c6f7d,4085,818eff02f2c4,38617.0,38660.0,43.0,1,1.0,6.0,0.0,0.25,MISC,4085,43.0,6.0,0.25,38617.0,1.0
ce1acbfcbf28f229417c6f7d,4086,818eff02f2c4,38622.0,38650.0,28.0,1,1.0,6.0,0.0,0.5,MISC,4086,28.0,6.0,0.5,38622.0,1.0
0be3971157d6c504afbc3397,4087,354e3b81c515,38639.0,38671.0,32.0,1,1.0,6.0,0.0,1.0,MISC,4087,32.0,6.0,1.0,38639.0,1.0
ce1acbfcbf28f229417c6f7d,4088,818eff02f2c4,38672.0,38712.0,40.0,1,1.0,6.0,0.0,0.25,MISC,4088,40.0,6.0,0.25,38672.0,1.0
ce1acbfcbf28f229417c6f7d,4089,818eff02f2c4,38684.0,38722.0,38.0,1,1.0,6.0,0.0,0.25,MISC,4089,38.0,6.0,0.25,38684.0,1.0
1ccc18d7d13073b642b3a016,4091,d4d51aca8806,38711.0,50471.0,11760.0,1,36.0,6.0,0.0,0.25,T4,4091,11760.0,216.0,9.0,38711.0,36.0
f17e954e97558148ded21349,4092,c4cbaac9966d,38721.0,39484.0,763.0,1,1.0,10.0,0.0,0.5,T4,4092,763.0,10.0,0.5,38721.0,1.0
07a7440f33d2bfb59804064b,4093,9cc55781f4a6,38746.0,41078.0,2332.0,1,1.0,6.0,0.0,1.0,T4,4093,2332.0,6.0,1.0,38746.0,1.0
07a7440f33d2bfb59804064b,4094,9cc55781f4a6,38750.0,41033.0,2283.0,1,1.0,6.0,0.0,1.0,T4,4094,2283.0,6.0,1.0,38750.0,1.0
07a7440f33d2bfb59804064b,4095,9cc55781f4a6,38751.0,41506.0,2755.0,1,1.0,6.0,0.0,1.0,T4,4095,2755.0,6.0,1.0,38751.0,1.0
07a7440f33d2bfb59804064b,4096,9cc55781f4a6,38751.0,41074.0,2323.0,1,1.0,6.0,0.0,1.0,T4,4096,2323.0,6.0,1.0,38751.0,1.0
4338499d3c24cc35be17b44c,4098,5b1345f03aa1,38774.0,38822.0,48.0,1,1.0,6.0,0.0,1.0,MISC,4098,48.0,6.0,1.0,38774.0,1.0
4338499d3c24cc35be17b44c,4099,5b1345f03aa1,38780.0,48807.0,10027.0,1,1.0,6.0,0.0,0.25,MISC,4099,10027.0,6.0,0.25,38780.0,1.0
e8efa65aa22dff1e98ff15d7,4102,b3bfe9b79bb5,38802.0,45978.0,7176.0,1,50.0,6.0,0.0,1.0,P100,4102,7176.0,300.0,50.0,38802.0,50.0
21122ed0f376d0d873078fcf,4103,14cc201d9a7c,38804.0,42964.0,4160.0,1,20.0,6.0,0.0,0.5,T4,4103,4160.0,120.0,10.0,38804.0,20.0
bd00af16ffa52ae121abe363,4104,13ecc7ff9754,38829.0,39190.0,361.0,1,1.0,6.0,0.0,1.0,T4,4104,361.0,6.0,1.0,38829.0,1.0
f17e954e97558148ded21349,4105,c4cbaac9966d,38849.0,39551.0,702.0,1,1.0,10.0,0.0,0.5,T4,4105,702.0,10.0,0.5,38849.0,1.0
f17e954e97558148ded21349,4108,c4cbaac9966d,38908.0,39320.0,412.0,1,1.0,10.0,0.0,0.5,T4,4108,412.0,10.0,0.5,38908.0,1.0
96ea416ffcf4909c2702b413,4109,4dfac6472ec4,38908.0,39264.0,356.0,1,4.0,6.0,0.0,0.5,T4,4109,356.0,24.0,2.0,38908.0,4.0
f17e954e97558148ded21349,4110,c4cbaac9966d,38941.0,39623.0,682.0,1,1.0,10.0,0.0,0.5,T4,4110,682.0,10.0,0.5,38941.0,1.0
1ccc18d7d13073b642b3a016,4112,d4d51aca8806,38949.0,51646.0,12697.0,1,12.0,6.0,0.0,0.25,T4,4112,12697.0,72.0,3.0,38949.0,12.0
96ea416ffcf4909c2702b413,4114,4dfac6472ec4,38960.0,39681.0,721.0,1,4.0,6.0,0.0,0.5,T4,4114,721.0,24.0,2.0,38960.0,4.0
e14f55e56de8f9e707c8ff95,4115,42aa9724a88c,38970.0,39021.0,51.0,1,1.0,6.0,0.0,1.0,MISC,4115,51.0,6.0,1.0,38970.0,1.0
4338499d3c24cc35be17b44c,4116,5b1345f03aa1,39058.0,39195.0,137.0,1,1.0,6.0,0.0,0.25,MISC,4116,137.0,6.0,0.25,39058.0,1.0
4338499d3c24cc35be17b44c,4117,5b1345f03aa1,39060.0,39205.0,145.0,1,1.0,6.0,0.0,0.25,MISC,4117,145.0,6.0,0.25,39060.0,1.0
f17e954e97558148ded21349,4118,c4cbaac9966d,39065.0,39447.0,382.0,1,1.0,10.0,0.0,0.5,T4,4118,382.0,10.0,0.5,39065.0,1.0
4338499d3c24cc35be17b44c,4119,5b1345f03aa1,39108.0,39396.0,288.0,1,1.0,6.0,0.0,0.5,MISC,4119,288.0,6.0,0.5,39108.0,1.0
4338499d3c24cc35be17b44c,4121,5b1345f03aa1,39120.0,40128.0,1008.0,1,20.0,6.0,0.0,0.25,MISC,4121,1008.0,120.0,5.0,39120.0,20.0
1ccc18d7d13073b642b3a016,4123,d4d51aca8806,39135.0,52140.0,13005.0,1,12.0,6.0,0.0,0.25,T4,4123,13005.0,72.0,3.0,39135.0,12.0
8ccb9c9fe88b53537e096dd9,4124,de69ddc1064e,39155.0,39928.0,773.0,1,1.0,6.0,0.0,2.0,MISC,4124,773.0,6.0,2.0,39155.0,1.0
3e5fb00bf43aa67ee5c2b6d5,4127,f134c9ec05e3,39160.0,57936.0,18776.0,1,10.0,8.0,0.0,0.25,MISC,4127,18776.0,80.0,2.5,39160.0,10.0
3e5fb00bf43aa67ee5c2b6d5,4129,f134c9ec05e3,39174.0,54905.0,15731.0,1,10.0,8.0,0.0,0.25,MISC,4129,15731.0,80.0,2.5,39174.0,10.0
fdca1b26347a096dc8cd73ec,4130,edc10645cc3f,39192.0,39748.0,556.0,1,1.0,6.0,0.0,0.25,MISC,4130,556.0,6.0,0.25,39192.0,1.0
fdca1b26347a096dc8cd73ec,4132,edc10645cc3f,39220.0,39697.0,477.0,1,5.0,6.0,0.0,1.0,MISC,4132,477.0,30.0,5.0,39220.0,5.0
27fe3bcbb296170406b340f5,4133,9ad16018440a,39239.0,39706.0,467.0,1,1.0,6.0,0.0,0.5,T4,4133,467.0,6.0,0.5,39239.0,1.0
1ccc18d7d13073b642b3a016,4135,d4d51aca8806,39301.0,46435.0,7134.0,1,36.0,6.0,0.0,0.25,T4,4135,7134.0,216.0,9.0,39301.0,36.0
96ea416ffcf4909c2702b413,4138,4dfac6472ec4,39348.0,39716.0,368.0,1,4.0,6.0,0.0,0.5,T4,4138,368.0,24.0,2.0,39348.0,4.0
1ccc18d7d13073b642b3a016,4140,d4d51aca8806,39355.0,50856.0,11501.0,1,36.0,6.0,0.0,0.25,T4,4140,11501.0,216.0,9.0,39355.0,36.0
f17e954e97558148ded21349,4141,c4cbaac9966d,39374.0,39824.0,450.0,1,1.0,10.0,0.0,0.5,T4,4141,450.0,10.0,0.5,39374.0,1.0
6ce05c0db408367538a9bd9e,4142,0c3b5520dba6,39376.0,39442.0,66.0,1,1.0,6.0,0.0,1.0,T4,4142,66.0,6.0,1.0,39376.0,1.0
6ce05c0db408367538a9bd9e,4144,0c3b5520dba6,39382.0,56353.0,16971.0,1,1.0,6.0,0.0,0.25,T4,4144,16971.0,6.0,0.25,39382.0,1.0
0be3971157d6c504afbc3397,4145,354e3b81c515,39475.0,39506.0,31.0,1,1.0,6.0,0.0,1.0,MISC,4145,31.0,6.0,1.0,39475.0,1.0
40df54e413d319037102e297,4146,7b76597f4283,39480.0,41695.0,2215.0,1,10.0,18.0,0.0,1.0,MISC,4146,2215.0,180.0,10.0,39480.0,10.0
4338499d3c24cc35be17b44c,4147,5b1345f03aa1,39562.0,39597.0,35.0,1,1.0,6.0,0.0,0.25,MISC,4147,35.0,6.0,0.25,39562.0,1.0
f17e954e97558148ded21349,4148,c4cbaac9966d,39562.0,39952.0,390.0,1,1.0,10.0,0.0,0.5,T4,4148,390.0,10.0,0.5,39562.0,1.0
f17e954e97558148ded21349,4149,c4cbaac9966d,39562.0,39921.0,359.0,1,1.0,10.0,0.0,0.5,T4,4149,359.0,10.0,0.5,39562.0,1.0
30185446faeb493c1d55cacd,4150,a8192d6b0ae9,39627.0,39727.0,100.0,1,1.0,6.0,0.0,1.0,MISC,4150,100.0,6.0,1.0,39627.0,1.0
f17e954e97558148ded21349,4151,c4cbaac9966d,39628.0,39948.0,320.0,1,1.0,10.0,0.0,0.5,T4,4151,320.0,10.0,0.5,39628.0,1.0
28dbedeb830a7a6ebc9dcdb7,4152,c9e676ebc7ef,39631.0,39799.0,168.0,1,8.0,6.0,0.0,0.05,T4,4152,168.0,48.0,0.4,39631.0,8.0
07a7440f33d2bfb59804064b,4153,9cc55781f4a6,39636.0,39672.0,36.0,1,1.0,6.0,0.0,0.25,T4,4153,36.0,6.0,0.25,39636.0,1.0
28dbedeb830a7a6ebc9dcdb7,4154,c9e676ebc7ef,39663.0,40301.0,638.0,1,8.0,6.0,0.0,0.05,T4,4154,638.0,48.0,0.4,39663.0,8.0
28dbedeb830a7a6ebc9dcdb7,4155,c9e676ebc7ef,39700.0,39838.0,138.0,1,8.0,6.0,0.0,0.25,T4,4155,138.0,48.0,2.0,39700.0,8.0
07a7440f33d2bfb59804064b,4156,9cc55781f4a6,39705.0,39720.0,15.0,1,1.0,6.0,0.0,1.0,T4,4156,15.0,6.0,1.0,39705.0,1.0
8ccb9c9fe88b53537e096dd9,4157,de69ddc1064e,39708.0,41760.0,2052.0,1,1.0,6.0,0.0,0.25,MISC,4157,2052.0,6.0,0.25,39708.0,1.0
28dbedeb830a7a6ebc9dcdb7,4158,c9e676ebc7ef,39710.0,43494.0,3784.0,1,8.0,6.0,0.0,0.05,T4,4158,3784.0,48.0,0.4,39710.0,8.0
4338499d3c24cc35be17b44c,4160,5b1345f03aa1,39714.0,39756.0,42.0,1,1.0,6.0,0.0,1.0,MISC,4160,42.0,6.0,1.0,39714.0,1.0
55cce3ac994960c8b9beba61,4161,e2fcb2ac20ae,39717.0,39825.0,108.0,1,1.0,6.0,0.0,1.0,MISC,4161,108.0,6.0,1.0,39717.0,1.0
30185446faeb493c1d55cacd,4162,a8192d6b0ae9,39718.0,39757.0,39.0,1,1.0,6.0,0.0,1.0,MISC,4162,39.0,6.0,1.0,39718.0,1.0
28dbedeb830a7a6ebc9dcdb7,4163,c9e676ebc7ef,39742.0,39864.0,122.0,1,8.0,6.0,0.0,0.25,T4,4163,122.0,48.0,2.0,39742.0,8.0
f17e954e97558148ded21349,4164,c4cbaac9966d,39747.0,40411.0,664.0,1,1.0,10.0,0.0,0.5,T4,4164,664.0,10.0,0.5,39747.0,1.0
28dbedeb830a7a6ebc9dcdb7,4165,c9e676ebc7ef,39752.0,54046.0,14294.0,1,8.0,6.0,0.0,0.05,T4,4165,14294.0,48.0,0.4,39752.0,8.0
96ea416ffcf4909c2702b413,4167,4dfac6472ec4,39761.0,40460.0,699.0,1,4.0,6.0,0.0,0.5,T4,4167,699.0,24.0,2.0,39761.0,4.0
27fe3bcbb296170406b340f5,4168,9ad16018440a,39769.0,39814.0,45.0,1,1.0,6.0,0.0,0.5,T4,4168,45.0,6.0,0.5,39769.0,1.0
4fa2a95d7c794171b866dfa5,4171,7203aa95a9af,39781.0,41566.0,1785.0,1,8.0,6.0,0.0,0.25,MISC,4171,1785.0,48.0,2.0,39781.0,8.0
4fa2a95d7c794171b866dfa5,4172,7203aa95a9af,39782.0,47090.0,7308.0,1,8.0,6.0,0.0,0.25,MISC,4172,7308.0,48.0,2.0,39782.0,8.0
4fa2a95d7c794171b866dfa5,4174,7203aa95a9af,39786.0,51686.0,11900.0,1,8.0,6.0,0.0,0.25,MISC,4174,11900.0,48.0,2.0,39786.0,8.0
fdca1b26347a096dc8cd73ec,4177,edc10645cc3f,39790.0,39987.0,197.0,1,3.0,6.0,0.0,1.0,MISC,4177,197.0,18.0,3.0,39790.0,3.0
8ccb9c9fe88b53537e096dd9,4178,de69ddc1064e,39791.0,41931.0,2140.0,1,1.0,6.0,0.0,0.25,MISC,4178,2140.0,6.0,0.25,39791.0,1.0
4fa2a95d7c794171b866dfa5,4179,7203aa95a9af,39793.0,41751.0,1958.0,1,8.0,6.0,0.0,0.25,MISC,4179,1958.0,48.0,2.0,39793.0,8.0
96ea416ffcf4909c2702b413,4181,4dfac6472ec4,39798.0,40326.0,528.0,1,4.0,6.0,0.0,0.5,T4,4181,528.0,24.0,2.0,39798.0,4.0
f2c4b7ef9bca7bf8390f05cd,4182,1480b75a8c96,39811.0,40127.0,316.0,1,1.0,6.0,0.0,1.0,T4,4182,316.0,6.0,1.0,39811.0,1.0
bec71cf576621b79f4a06cb5,4183,4367c0ab76ac,39839.0,68204.0,28365.0,1,20.0,1.0,0.0,0.25,MISC,4183,28365.0,20.0,5.0,39839.0,20.0
4338499d3c24cc35be17b44c,4184,5b1345f03aa1,39847.0,39929.0,82.0,1,1.0,6.0,0.0,1.0,MISC,4184,82.0,6.0,1.0,39847.0,1.0
55cce3ac994960c8b9beba61,4185,e2fcb2ac20ae,39872.0,39965.0,93.0,1,1.0,6.0,0.0,1.0,MISC,4185,93.0,6.0,1.0,39872.0,1.0
27fe3bcbb296170406b340f5,4186,9ad16018440a,39882.0,39928.0,46.0,1,1.0,6.0,0.0,0.5,T4,4186,46.0,6.0,0.5,39882.0,1.0
b53f9ebd1eeeea726d1dac78,4187,2cbd33b08024,39887.0,75940.0,36053.0,1,1.0,6.0,0.0,0.25,MISC,4187,36053.0,6.0,0.25,39887.0,1.0
845ebc87e40bad0db5b37e26,4188,f14128db0160,39892.0,39947.0,55.0,1,1.0,6.0,0.0,2.0,MISC,4188,55.0,6.0,2.0,39892.0,1.0
3e5fb00bf43aa67ee5c2b6d5,4189,f134c9ec05e3,39901.0,40059.0,158.0,1,1.0,6.0,0.0,0.5,MISC,4189,158.0,6.0,0.5,39901.0,1.0
f17e954e97558148ded21349,4190,c4cbaac9966d,39901.0,40390.0,489.0,1,1.0,10.0,0.0,0.5,T4,4190,489.0,10.0,0.5,39901.0,1.0
e8efa65aa22dff1e98ff15d7,4192,b3bfe9b79bb5,39925.0,62925.0,23000.0,1,100.0,4.0,0.0,0.5,MISC,4192,23000.0,400.0,50.0,39925.0,100.0
e14f55e56de8f9e707c8ff95,4193,42aa9724a88c,39935.0,40021.0,86.0,1,1.0,6.0,0.0,1.0,MISC,4193,86.0,6.0,1.0,39935.0,1.0
0be3971157d6c504afbc3397,4194,354e3b81c515,39935.0,39957.0,22.0,1,1.0,6.0,0.0,1.0,MISC,4194,22.0,6.0,1.0,39935.0,1.0
28dbedeb830a7a6ebc9dcdb7,4195,c9e676ebc7ef,39955.0,41316.0,1361.0,1,1.0,6.0,0.0,1.0,T4,4195,1361.0,6.0,1.0,39955.0,1.0
4338499d3c24cc35be17b44c,4196,5b1345f03aa1,39960.0,40048.0,88.0,1,1.0,6.0,0.0,0.25,MISC,4196,88.0,6.0,0.25,39960.0,1.0
f17e954e97558148ded21349,4197,c4cbaac9966d,39965.0,40625.0,660.0,1,1.0,10.0,0.0,0.5,T4,4197,660.0,10.0,0.5,39965.0,1.0
27fe3bcbb296170406b340f5,4198,9ad16018440a,40000.0,40046.0,46.0,1,1.0,6.0,0.0,0.5,T4,4198,46.0,6.0,0.5,40000.0,1.0
f17e954e97558148ded21349,4199,c4cbaac9966d,40028.0,40466.0,438.0,1,1.0,10.0,0.0,0.5,T4,4199,438.0,10.0,0.5,40028.0,1.0
f17e954e97558148ded21349,4200,c4cbaac9966d,40029.0,40726.0,697.0,1,1.0,10.0,0.0,0.5,T4,4200,697.0,10.0,0.5,40029.0,1.0
6ce05c0db408367538a9bd9e,4202,0c3b5520dba6,40038.0,47128.0,7090.0,1,1.0,6.0,0.0,0.25,T4,4202,7090.0,6.0,0.25,40038.0,1.0
6ce05c0db408367538a9bd9e,4203,0c3b5520dba6,40039.0,40095.0,56.0,1,1.0,6.0,0.0,1.0,T4,4203,56.0,6.0,1.0,40039.0,1.0
8ccb9c9fe88b53537e096dd9,4204,de69ddc1064e,40048.0,40434.0,386.0,1,1.0,6.0,0.0,2.0,MISC,4204,386.0,6.0,2.0,40048.0,1.0
28dbedeb830a7a6ebc9dcdb7,4205,c9e676ebc7ef,40087.0,40244.0,157.0,1,4.0,6.0,0.0,0.5,T4,4205,157.0,24.0,2.0,40087.0,4.0
6ce05c0db408367538a9bd9e,4206,0c3b5520dba6,40089.0,40155.0,66.0,1,1.0,6.0,0.0,1.0,T4,4206,66.0,6.0,1.0,40089.0,1.0
30185446faeb493c1d55cacd,4207,a8192d6b0ae9,40090.0,52359.0,12269.0,1,5.0,1.0,0.0,0.25,MISC,4207,12269.0,5.0,1.25,40090.0,5.0
e14f55e56de8f9e707c8ff95,4208,42aa9724a88c,40091.0,45283.0,5192.0,1,1.0,6.0,0.0,1.0,MISC,4208,5192.0,6.0,1.0,40091.0,1.0
28dbedeb830a7a6ebc9dcdb7,4209,c9e676ebc7ef,40097.0,40670.0,573.0,1,4.0,6.0,0.0,0.5,T4,4209,573.0,24.0,2.0,40097.0,4.0
28dbedeb830a7a6ebc9dcdb7,4210,c9e676ebc7ef,40129.0,40329.0,200.0,1,8.0,6.0,0.0,0.25,T4,4210,200.0,48.0,2.0,40129.0,8.0
4338499d3c24cc35be17b44c,4211,5b1345f03aa1,40141.0,41568.0,1427.0,1,1.0,6.0,0.0,1.0,MISC,4211,1427.0,6.0,1.0,40141.0,1.0
27fe3bcbb296170406b340f5,4213,9ad16018440a,40151.0,40197.0,46.0,1,1.0,6.0,0.0,0.5,T4,4213,46.0,6.0,0.5,40151.0,1.0
0381d6db958250b056960f1d,4214,47baba33cffe,40153.0,40205.0,52.0,1,10.0,6.0,0.0,0.25,T4,4214,52.0,60.0,2.5,40153.0,10.0
4338499d3c24cc35be17b44c,4215,5b1345f03aa1,40156.0,41448.0,1292.0,1,1.0,6.0,0.0,1.0,MISC,4215,1292.0,6.0,1.0,40156.0,1.0
f2c4b7ef9bca7bf8390f05cd,4216,1480b75a8c96,40159.0,40304.0,145.0,1,1.0,6.0,0.0,1.0,T4,4216,145.0,6.0,1.0,40159.0,1.0
fdca1b26347a096dc8cd73ec,4218,edc10645cc3f,40162.0,40301.0,139.0,1,3.0,6.0,0.0,1.0,MISC,4218,139.0,18.0,3.0,40162.0,3.0
bd00af16ffa52ae121abe363,4219,13ecc7ff9754,40165.0,40512.0,347.0,1,1.0,6.0,0.0,0.25,T4,4219,347.0,6.0,0.25,40165.0,1.0
944edeceea5c25f4a5f79f89,4220,8d8cb36a6118,40184.0,46935.0,6751.0,1,1.0,16.0,0.0,1.0,T4,4220,6751.0,16.0,1.0,40184.0,1.0
4338499d3c24cc35be17b44c,4221,5b1345f03aa1,40188.0,41762.0,1574.0,1,1.0,6.0,0.0,1.0,MISC,4221,1574.0,6.0,1.0,40188.0,1.0
4338499d3c24cc35be17b44c,4222,5b1345f03aa1,40195.0,41641.0,1446.0,1,1.0,6.0,0.0,1.0,MISC,4222,1446.0,6.0,1.0,40195.0,1.0
e14f55e56de8f9e707c8ff95,4223,42aa9724a88c,40198.0,40270.0,72.0,1,1.0,6.0,0.0,0.25,MISC,4223,72.0,6.0,0.25,40198.0,1.0
9ae9b2a926a0b1a6e4b0945c,4224,05b25af4dd8b,40200.0,40442.0,242.0,1,1.0,6.0,0.0,0.25,MISC,4224,242.0,6.0,0.25,40200.0,1.0
bf93958162c6935138d0600a,4226,e92c26530fa7,40203.0,47504.0,7301.0,1,10.0,6.0,0.0,0.25,MISC,4226,7301.0,60.0,2.5,40203.0,10.0
4338499d3c24cc35be17b44c,4227,5b1345f03aa1,40205.0,41376.0,1171.0,1,1.0,6.0,0.0,1.0,MISC,4227,1171.0,6.0,1.0,40205.0,1.0
538e1360f5f54b5148083dc2,4228,8a62203af148,40230.0,69397.0,29167.0,1,1.0,6.0,0.0,1.0,MISC,4228,29167.0,6.0,1.0,40230.0,1.0
0be3971157d6c504afbc3397,4229,354e3b81c515,40233.0,40260.0,27.0,1,1.0,6.0,0.0,1.0,MISC,4229,27.0,6.0,1.0,40233.0,1.0
27fe3bcbb296170406b340f5,4230,9ad16018440a,40270.0,40315.0,45.0,1,1.0,6.0,0.0,0.5,T4,4230,45.0,6.0,0.5,40270.0,1.0
4338499d3c24cc35be17b44c,4231,5b1345f03aa1,40332.0,41075.0,743.0,1,1.0,6.0,0.0,1.0,MISC,4231,743.0,6.0,1.0,40332.0,1.0
96ea416ffcf4909c2702b413,4233,4dfac6472ec4,40406.0,135839.0,95433.0,1,4.0,6.0,0.0,0.5,T4,4233,95433.0,24.0,2.0,40406.0,4.0
f17e954e97558148ded21349,4235,c4cbaac9966d,40418.0,40555.0,137.0,1,1.0,10.0,0.0,0.5,T4,4235,137.0,10.0,0.5,40418.0,1.0
1ccc18d7d13073b642b3a016,4237,d4d51aca8806,40421.0,42668.0,2247.0,1,11.0,6.0,0.0,0.25,T4,4237,2247.0,66.0,2.75,40421.0,11.0
7e965b7936f1410c1363a59e,4238,2891a173002a,40421.0,46334.0,5913.0,1,8.0,6.0,0.0,0.25,MISC,4238,5913.0,48.0,2.0,40421.0,8.0
a757f125d866d5722ec3bfc2,4240,3960a1141089,40436.0,41974.0,1538.0,1,30.0,6.0,0.0,0.25,P100,4240,1538.0,180.0,7.5,40436.0,30.0
0be3971157d6c504afbc3397,4242,354e3b81c515,40441.0,40461.0,20.0,1,1.0,6.0,0.0,1.0,MISC,4242,20.0,6.0,1.0,40441.0,1.0
a757f125d866d5722ec3bfc2,4243,3960a1141089,40443.0,41834.0,1391.0,1,30.0,6.0,0.0,0.25,P100,4243,1391.0,180.0,7.5,40443.0,30.0
a757f125d866d5722ec3bfc2,4245,3960a1141089,40447.0,42024.0,1577.0,1,30.0,6.0,0.0,0.25,P100,4245,1577.0,180.0,7.5,40447.0,30.0
f17e954e97558148ded21349,4246,c4cbaac9966d,40460.0,41133.0,673.0,1,1.0,10.0,0.0,0.5,T4,4246,673.0,10.0,0.5,40460.0,1.0
2fe46f64538b8943a9882bab,4247,c677a0acf7c0,40517.0,43747.0,3230.0,1,5.0,2.0,0.0,1.0,MISC,4247,3230.0,10.0,5.0,40517.0,5.0
8ccb9c9fe88b53537e096dd9,4248,de69ddc1064e,40524.0,40883.0,359.0,1,1.0,6.0,0.0,2.0,MISC,4248,359.0,6.0,2.0,40524.0,1.0
96ea416ffcf4909c2702b413,4250,4dfac6472ec4,40540.0,136129.0,95589.0,1,4.0,6.0,0.0,0.5,T4,4250,95589.0,24.0,2.0,40540.0,4.0
4338499d3c24cc35be17b44c,4252,5b1345f03aa1,40572.0,40610.0,38.0,1,1.0,6.0,0.0,1.0,MISC,4252,38.0,6.0,1.0,40572.0,1.0
f17e954e97558148ded21349,4253,c4cbaac9966d,40584.0,41089.0,505.0,1,1.0,10.0,0.0,0.5,T4,4253,505.0,10.0,0.5,40584.0,1.0
3e5fb00bf43aa67ee5c2b6d5,4254,f134c9ec05e3,40585.0,41739.0,1154.0,1,1.0,6.0,0.0,1.0,MISC,4254,1154.0,6.0,1.0,40585.0,1.0
7406fb7653a17ee61e51469d,4255,8b9c03ad79b8,40585.0,40813.0,228.0,1,1.0,6.0,0.0,1.0,MISC,4255,228.0,6.0,1.0,40585.0,1.0
28dbedeb830a7a6ebc9dcdb7,4256,c9e676ebc7ef,40629.0,41111.0,482.0,1,4.0,6.0,0.0,0.5,T4,4256,482.0,24.0,2.0,40629.0,4.0
e8efa65aa22dff1e98ff15d7,4257,b3bfe9b79bb5,40630.0,41505.0,875.0,1,20.0,6.0,0.0,2.0,V100,4257,875.0,120.0,40.0,40630.0,20.0
28dbedeb830a7a6ebc9dcdb7,4258,c9e676ebc7ef,40640.0,40870.0,230.0,1,8.0,6.0,0.0,0.25,T4,4258,230.0,48.0,2.0,40640.0,8.0
f17e954e97558148ded21349,4259,c4cbaac9966d,40647.0,41089.0,442.0,1,1.0,10.0,0.0,0.5,T4,4259,442.0,10.0,0.5,40647.0,1.0
e14f55e56de8f9e707c8ff95,4260,42aa9724a88c,40704.0,40752.0,48.0,1,1.0,6.0,0.0,1.0,MISC,4260,48.0,6.0,1.0,40704.0,1.0
f17e954e97558148ded21349,4261,c4cbaac9966d,40711.0,41019.0,308.0,1,1.0,10.0,0.0,0.5,T4,4261,308.0,10.0,0.5,40711.0,1.0
28dbedeb830a7a6ebc9dcdb7,4262,c9e676ebc7ef,40712.0,41010.0,298.0,1,8.0,6.0,0.0,0.25,T4,4262,298.0,48.0,2.0,40712.0,8.0
28dbedeb830a7a6ebc9dcdb7,4263,c9e676ebc7ef,40744.0,41175.0,431.0,1,8.0,6.0,0.0,0.25,T4,4263,431.0,48.0,2.0,40744.0,8.0
28dbedeb830a7a6ebc9dcdb7,4264,c9e676ebc7ef,40751.0,42160.0,1409.0,1,4.0,6.0,0.0,0.5,T4,4264,1409.0,24.0,2.0,40751.0,4.0
9ae9b2a926a0b1a6e4b0945c,4265,05b25af4dd8b,40771.0,40812.0,41.0,1,1.0,6.0,0.0,1.0,MISC,4265,41.0,6.0,1.0,40771.0,1.0
f17e954e97558148ded21349,4267,c4cbaac9966d,40801.0,41566.0,765.0,1,1.0,10.0,0.0,0.5,T4,4267,765.0,10.0,0.5,40801.0,1.0
6ce05c0db408367538a9bd9e,4268,0c3b5520dba6,40822.0,40888.0,66.0,1,1.0,6.0,0.0,1.0,T4,4268,66.0,6.0,1.0,40822.0,1.0
6ce05c0db408367538a9bd9e,4270,0c3b5520dba6,40830.0,48432.0,7602.0,1,1.0,6.0,0.0,0.25,T4,4270,7602.0,6.0,0.25,40830.0,1.0
1c0527854f24fb5a96f4d259,4271,6880cdad4770,40836.0,40902.0,66.0,1,1.0,6.0,0.0,1.0,MISC,4271,66.0,6.0,1.0,40836.0,1.0
845ebc87e40bad0db5b37e26,4272,f14128db0160,40864.0,41043.0,179.0,1,1.0,6.0,0.0,2.0,MISC,4272,179.0,6.0,2.0,40864.0,1.0
0be3971157d6c504afbc3397,4273,354e3b81c515,40874.0,40904.0,30.0,1,1.0,6.0,0.0,1.0,MISC,4273,30.0,6.0,1.0,40874.0,1.0
0381d6db958250b056960f1d,4275,47baba33cffe,40890.0,40922.0,32.0,1,10.0,6.0,0.0,0.5,T4,4275,32.0,60.0,5.0,40890.0,10.0
1c0527854f24fb5a96f4d259,4276,6880cdad4770,40944.0,41004.0,60.0,1,1.0,6.0,0.0,1.0,MISC,4276,60.0,6.0,1.0,40944.0,1.0
8ccb9c9fe88b53537e096dd9,4279,de69ddc1064e,40995.0,41598.0,603.0,1,1.0,6.0,0.0,2.0,MISC,4279,603.0,6.0,2.0,40995.0,1.0
30185446faeb493c1d55cacd,4281,a8192d6b0ae9,41033.0,41168.0,135.0,1,25.0,6.0,0.0,1.0,MISC,4281,135.0,150.0,25.0,41033.0,25.0
7406fb7653a17ee61e51469d,4282,8b9c03ad79b8,41036.0,41236.0,200.0,1,1.0,6.0,0.0,1.0,MISC,4282,200.0,6.0,1.0,41036.0,1.0
1c0527854f24fb5a96f4d259,4283,6880cdad4770,41058.0,41115.0,57.0,1,1.0,6.0,0.0,1.0,MISC,4283,57.0,6.0,1.0,41058.0,1.0
07a7440f33d2bfb59804064b,4286,9cc55781f4a6,41080.0,43433.0,2353.0,1,1.0,6.0,0.0,0.25,T4,4286,2353.0,6.0,0.25,41080.0,1.0
f17e954e97558148ded21349,4287,c4cbaac9966d,41110.0,41506.0,396.0,1,1.0,10.0,0.0,0.5,T4,4287,396.0,10.0,0.5,41110.0,1.0
07a7440f33d2bfb59804064b,4288,9cc55781f4a6,41123.0,43567.0,2444.0,1,1.0,6.0,0.0,0.25,T4,4288,2444.0,6.0,0.25,41123.0,1.0
07a7440f33d2bfb59804064b,4289,9cc55781f4a6,41131.0,43485.0,2354.0,1,1.0,6.0,0.0,0.25,T4,4289,2354.0,6.0,0.25,41131.0,1.0
8ccb9c9fe88b53537e096dd9,4291,de69ddc1064e,41166.0,48280.0,7114.0,1,30.0,6.0,0.0,0.25,MISC,4291,7114.0,180.0,7.5,41166.0,30.0
f17e954e97558148ded21349,4292,c4cbaac9966d,41171.0,41578.0,407.0,1,1.0,10.0,0.0,0.5,T4,4292,407.0,10.0,0.5,41171.0,1.0
f17e954e97558148ded21349,4293,c4cbaac9966d,41175.0,41632.0,457.0,1,1.0,10.0,0.0,0.5,T4,4293,457.0,10.0,0.5,41175.0,1.0
f17e954e97558148ded21349,4294,c4cbaac9966d,41233.0,41611.0,378.0,1,1.0,10.0,0.0,0.5,T4,4294,378.0,10.0,0.5,41233.0,1.0
1ccc18d7d13073b642b3a016,4296,d4d51aca8806,41388.0,53875.0,12487.0,1,12.0,6.0,0.0,0.25,T4,4296,12487.0,72.0,3.0,41388.0,12.0
8ccb9c9fe88b53537e096dd9,4297,de69ddc1064e,41408.0,42704.0,1296.0,1,1.0,6.0,0.0,1.0,MISC,4297,1296.0,6.0,1.0,41408.0,1.0
f17e954e97558148ded21349,4299,c4cbaac9966d,41439.0,41664.0,225.0,1,1.0,10.0,0.0,0.5,T4,4299,225.0,10.0,0.5,41439.0,1.0
7406fb7653a17ee61e51469d,4300,8b9c03ad79b8,41459.0,41658.0,199.0,1,1.0,6.0,0.0,1.0,MISC,4300,199.0,6.0,1.0,41459.0,1.0
bcefc24202843f241d4a17ec,4301,3f5d4699c3a6,41465.0,41578.0,113.0,1,1.0,6.0,0.0,1.0,MISC,4301,113.0,6.0,1.0,41465.0,1.0
bcefc24202843f241d4a17ec,4302,3f5d4699c3a6,41465.0,41497.0,32.0,1,1.0,6.0,0.0,1.0,MISC,4302,32.0,6.0,1.0,41465.0,1.0
bcefc24202843f241d4a17ec,4303,3f5d4699c3a6,41466.0,41698.0,232.0,1,1.0,6.0,0.0,1.0,MISC,4303,232.0,6.0,1.0,41466.0,1.0
f17e954e97558148ded21349,4304,c4cbaac9966d,41469.0,41642.0,173.0,1,1.0,10.0,0.0,0.5,T4,4304,173.0,10.0,0.5,41469.0,1.0
4338499d3c24cc35be17b44c,4306,5b1345f03aa1,41477.0,41526.0,49.0,1,1.0,6.0,0.0,1.0,MISC,4306,49.0,6.0,1.0,41477.0,1.0
1ccc18d7d13073b642b3a016,4308,d4d51aca8806,41482.0,57338.0,15856.0,1,12.0,6.0,0.0,0.25,T4,4308,15856.0,72.0,3.0,41482.0,12.0
0be3971157d6c504afbc3397,4309,354e3b81c515,41536.0,41556.0,20.0,1,1.0,6.0,0.0,1.0,MISC,4309,20.0,6.0,1.0,41536.0,1.0
4fa2a95d7c794171b866dfa5,4311,7203aa95a9af,41553.0,43839.0,2286.0,1,10.0,6.0,0.0,0.25,P100,4311,2286.0,60.0,2.5,41553.0,10.0
07a7440f33d2bfb59804064b,4313,9cc55781f4a6,41556.0,44292.0,2736.0,1,1.0,6.0,0.0,0.25,T4,4313,2736.0,6.0,0.25,41556.0,1.0
4fa2a95d7c794171b866dfa5,4315,7203aa95a9af,41558.0,43978.0,2420.0,1,10.0,6.0,0.0,0.25,P100,4315,2420.0,60.0,2.5,41558.0,10.0
4fa2a95d7c794171b866dfa5,4316,7203aa95a9af,41559.0,43547.0,1988.0,1,10.0,6.0,0.0,0.25,P100,4316,1988.0,60.0,2.5,41559.0,10.0
f2c4b7ef9bca7bf8390f05cd,4317,1480b75a8c96,41577.0,42854.0,1277.0,1,1.0,6.0,0.0,1.0,T4,4317,1277.0,6.0,1.0,41577.0,1.0
4fa2a95d7c794171b866dfa5,4319,7203aa95a9af,41588.0,57021.0,15433.0,1,10.0,6.0,0.0,0.25,P100,4319,15433.0,60.0,2.5,41588.0,10.0
f17e954e97558148ded21349,4320,c4cbaac9966d,41606.0,42179.0,573.0,1,1.0,10.0,0.0,0.5,T4,4320,573.0,10.0,0.5,41606.0,1.0
e14f55e56de8f9e707c8ff95,4321,42aa9724a88c,41615.0,41660.0,45.0,1,1.0,6.0,0.0,1.0,MISC,4321,45.0,6.0,1.0,41615.0,1.0
9c6554174b06015a7af561c6,4322,41f97a75a037,41637.0,41691.0,54.0,1,1.0,6.0,0.0,1.0,T4,4322,54.0,6.0,1.0,41637.0,1.0
4fa2a95d7c794171b866dfa5,4324,7203aa95a9af,41662.0,41864.0,202.0,1,1.0,6.0,0.0,0.25,MISC,4324,202.0,6.0,0.25,41662.0,1.0
f17e954e97558148ded21349,4325,c4cbaac9966d,41665.0,42689.0,1024.0,1,1.0,10.0,0.0,0.5,T4,4325,1024.0,10.0,0.5,41665.0,1.0
f17e954e97558148ded21349,4326,c4cbaac9966d,41669.0,42001.0,332.0,1,1.0,10.0,0.0,0.5,T4,4326,332.0,10.0,0.5,41669.0,1.0
d894fd1af131ed7a296716b5,4329,58540f191766,41697.0,41759.0,62.0,1,1.0,6.0,0.0,0.25,MISC,4329,62.0,6.0,0.25,41697.0,1.0
f17e954e97558148ded21349,4330,c4cbaac9966d,41701.0,42078.0,377.0,1,1.0,10.0,0.0,0.5,T4,4330,377.0,10.0,0.5,41701.0,1.0
f17e954e97558148ded21349,4331,c4cbaac9966d,41702.0,42124.0,422.0,1,1.0,10.0,0.0,0.5,T4,4331,422.0,10.0,0.5,41702.0,1.0
049570305e6b0ab6aa86bf60,4332,29380421d3fc,41705.0,41749.0,44.0,1,1.0,6.0,0.0,1.0,T4,4332,44.0,6.0,1.0,41705.0,1.0
0d4756d7b966a83ad05796f4,4333,b576e4193037,41708.0,42442.0,734.0,1,1.0,6.0,0.0,0.25,MISC,4333,734.0,6.0,0.25,41708.0,1.0
8ccb9c9fe88b53537e096dd9,4334,de69ddc1064e,41713.0,42110.0,397.0,1,1.0,6.0,0.0,2.0,MISC,4334,397.0,6.0,2.0,41713.0,1.0
049570305e6b0ab6aa86bf60,4335,29380421d3fc,41724.0,41768.0,44.0,1,1.0,6.0,0.0,1.0,T4,4335,44.0,6.0,1.0,41724.0,1.0
21858ac282f1092bb15f8831,4336,45bd92802aa9,41748.0,41943.0,195.0,1,1.0,6.0,0.0,1.0,T4,4336,195.0,6.0,1.0,41748.0,1.0
1ccc18d7d13073b642b3a016,4338,d4d51aca8806,41832.0,62655.0,20823.0,1,12.0,6.0,0.0,0.25,T4,4338,20823.0,72.0,3.0,41832.0,12.0
4fa2a95d7c794171b866dfa5,4340,7203aa95a9af,41845.0,42037.0,192.0,1,1.0,6.0,0.0,0.25,MISC,4340,192.0,6.0,0.25,41845.0,1.0
b53f9ebd1eeeea726d1dac78,4342,2cbd33b08024,41911.0,49370.0,7459.0,1,30.0,5.0,0.0,0.5,MISC,4342,7459.0,150.0,15.0,41911.0,30.0
a757f125d866d5722ec3bfc2,4344,3960a1141089,41934.0,45321.0,3387.0,1,30.0,6.0,0.0,0.25,MISC,4344,3387.0,180.0,7.5,41934.0,30.0
7406fb7653a17ee61e51469d,4345,8b9c03ad79b8,42008.0,42197.0,189.0,1,1.0,6.0,0.0,1.0,MISC,4345,189.0,6.0,1.0,42008.0,1.0
0381d6db958250b056960f1d,4347,47baba33cffe,42017.0,52612.0,10595.0,1,10.0,6.0,0.0,0.25,T4,4347,10595.0,60.0,2.5,42017.0,10.0
b64961d3006b29014b6f967c,4349,a40f1f5436fe,42041.0,83825.0,41784.0,1,14.0,6.0,0.0,1.0,P100,4349,41784.0,84.0,14.0,42041.0,14.0
4338499d3c24cc35be17b44c,4350,5b1345f03aa1,42056.0,42241.0,185.0,1,10.0,6.0,0.0,0.25,MISC,4350,185.0,60.0,2.5,42056.0,10.0
f17e954e97558148ded21349,4351,c4cbaac9966d,42073.0,42413.0,340.0,1,1.0,10.0,0.0,0.5,T4,4351,340.0,10.0,0.5,42073.0,1.0
a757f125d866d5722ec3bfc2,4353,3960a1141089,42076.0,45417.0,3341.0,1,30.0,6.0,0.0,0.25,P100,4353,3341.0,180.0,7.5,42076.0,30.0
9ae9b2a926a0b1a6e4b0945c,4354,05b25af4dd8b,42091.0,42122.0,31.0,1,2.0,18.0,0.0,1.0,P100,4354,31.0,36.0,2.0,42091.0,2.0
f17e954e97558148ded21349,4355,c4cbaac9966d,42092.0,42383.0,291.0,1,1.0,10.0,0.0,0.5,T4,4355,291.0,10.0,0.5,42092.0,1.0
9ae9b2a926a0b1a6e4b0945c,4356,05b25af4dd8b,42093.0,42162.0,69.0,1,2.0,18.0,0.0,1.0,P100,4356,69.0,36.0,2.0,42093.0,2.0
28dbedeb830a7a6ebc9dcdb7,4358,c9e676ebc7ef,42142.0,42417.0,275.0,1,8.0,6.0,0.0,0.25,T4,4358,275.0,48.0,2.0,42142.0,8.0
2fe46f64538b8943a9882bab,4359,c677a0acf7c0,42145.0,70361.0,28216.0,1,40.0,2.0,0.0,0.25,MISC,4359,28216.0,80.0,10.0,42145.0,40.0
f17e954e97558148ded21349,4360,c4cbaac9966d,42155.0,42499.0,344.0,1,1.0,10.0,0.0,0.5,T4,4360,344.0,10.0,0.5,42155.0,1.0
d894fd1af131ed7a296716b5,4361,58540f191766,42161.0,44383.0,2222.0,1,1.0,6.0,0.0,1.0,MISC,4361,2222.0,6.0,1.0,42161.0,1.0
d894fd1af131ed7a296716b5,4362,58540f191766,42161.0,44653.0,2492.0,1,1.0,6.0,0.0,1.0,MISC,4362,2492.0,6.0,1.0,42161.0,1.0
d894fd1af131ed7a296716b5,4363,58540f191766,42162.0,44828.0,2666.0,1,1.0,6.0,0.0,1.0,MISC,4363,2666.0,6.0,1.0,42162.0,1.0
d894fd1af131ed7a296716b5,4364,58540f191766,42162.0,44662.0,2500.0,1,1.0,6.0,0.0,1.0,MISC,4364,2500.0,6.0,1.0,42162.0,1.0
d894fd1af131ed7a296716b5,4365,58540f191766,42162.0,44468.0,2306.0,1,1.0,6.0,0.0,1.0,MISC,4365,2306.0,6.0,1.0,42162.0,1.0
d894fd1af131ed7a296716b5,4366,58540f191766,42163.0,44333.0,2170.0,1,1.0,6.0,0.0,1.0,MISC,4366,2170.0,6.0,1.0,42163.0,1.0
d894fd1af131ed7a296716b5,4367,58540f191766,42164.0,42561.0,397.0,1,1.0,6.0,0.0,1.0,P100,4367,397.0,6.0,1.0,42164.0,1.0
d894fd1af131ed7a296716b5,4368,58540f191766,42166.0,44859.0,2693.0,1,1.0,6.0,0.0,1.0,P100,4368,2693.0,6.0,1.0,42166.0,1.0
d894fd1af131ed7a296716b5,4369,58540f191766,42166.0,44408.0,2242.0,1,1.0,6.0,0.0,1.0,P100,4369,2242.0,6.0,1.0,42166.0,1.0
d894fd1af131ed7a296716b5,4370,58540f191766,42166.0,44901.0,2735.0,1,1.0,6.0,0.0,1.0,P100,4370,2735.0,6.0,1.0,42166.0,1.0
d894fd1af131ed7a296716b5,4371,58540f191766,42167.0,44749.0,2582.0,1,1.0,6.0,0.0,1.0,P100,4371,2582.0,6.0,1.0,42167.0,1.0
d894fd1af131ed7a296716b5,4372,58540f191766,42167.0,43825.0,1658.0,1,1.0,6.0,0.0,1.0,P100,4372,1658.0,6.0,1.0,42167.0,1.0
d894fd1af131ed7a296716b5,4373,58540f191766,42167.0,44798.0,2631.0,1,1.0,6.0,0.0,1.0,P100,4373,2631.0,6.0,1.0,42167.0,1.0
d894fd1af131ed7a296716b5,4374,58540f191766,42167.0,44407.0,2240.0,1,1.0,6.0,0.0,1.0,P100,4374,2240.0,6.0,1.0,42167.0,1.0
d894fd1af131ed7a296716b5,4375,58540f191766,42167.0,44789.0,2622.0,1,1.0,6.0,0.0,1.0,P100,4375,2622.0,6.0,1.0,42167.0,1.0
d894fd1af131ed7a296716b5,4376,58540f191766,42167.0,43868.0,1701.0,1,1.0,6.0,0.0,1.0,P100,4376,1701.0,6.0,1.0,42167.0,1.0
d894fd1af131ed7a296716b5,4377,58540f191766,42167.0,43835.0,1668.0,1,1.0,6.0,0.0,1.0,P100,4377,1668.0,6.0,1.0,42167.0,1.0
d894fd1af131ed7a296716b5,4378,58540f191766,42167.0,44459.0,2292.0,1,1.0,6.0,0.0,1.0,P100,4378,2292.0,6.0,1.0,42167.0,1.0
d894fd1af131ed7a296716b5,4379,58540f191766,42168.0,44357.0,2189.0,1,1.0,6.0,0.0,1.0,P100,4379,2189.0,6.0,1.0,42168.0,1.0
d894fd1af131ed7a296716b5,4380,58540f191766,42168.0,42561.0,393.0,1,1.0,6.0,0.0,1.0,P100,4380,393.0,6.0,1.0,42168.0,1.0
d894fd1af131ed7a296716b5,4381,58540f191766,42168.0,43809.0,1641.0,1,1.0,6.0,0.0,1.0,P100,4381,1641.0,6.0,1.0,42168.0,1.0
d894fd1af131ed7a296716b5,4382,58540f191766,42168.0,42561.0,393.0,1,1.0,6.0,0.0,1.0,P100,4382,393.0,6.0,1.0,42168.0,1.0
d894fd1af131ed7a296716b5,4383,58540f191766,42168.0,44788.0,2620.0,1,1.0,6.0,0.0,1.0,P100,4383,2620.0,6.0,1.0,42168.0,1.0
d894fd1af131ed7a296716b5,4384,58540f191766,42168.0,44347.0,2179.0,1,1.0,6.0,0.0,1.0,P100,4384,2179.0,6.0,1.0,42168.0,1.0
d894fd1af131ed7a296716b5,4385,58540f191766,42168.0,44921.0,2753.0,1,1.0,6.0,0.0,1.0,P100,4385,2753.0,6.0,1.0,42168.0,1.0
d894fd1af131ed7a296716b5,4386,58540f191766,42169.0,42550.0,381.0,1,1.0,6.0,0.0,1.0,P100,4386,381.0,6.0,1.0,42169.0,1.0
d894fd1af131ed7a296716b5,4387,58540f191766,42171.0,44698.0,2527.0,1,1.0,6.0,0.0,1.0,P100,4387,2527.0,6.0,1.0,42171.0,1.0
d894fd1af131ed7a296716b5,4388,58540f191766,42190.0,43913.0,1723.0,1,1.0,6.0,0.0,1.0,MISC,4388,1723.0,6.0,1.0,42190.0,1.0
8ccb9c9fe88b53537e096dd9,4389,de69ddc1064e,42195.0,42665.0,470.0,1,1.0,6.0,0.0,2.0,MISC,4389,470.0,6.0,2.0,42195.0,1.0
f17e954e97558148ded21349,4390,c4cbaac9966d,42197.0,42671.0,474.0,1,1.0,10.0,0.0,0.5,T4,4390,474.0,10.0,0.5,42197.0,1.0
f17e954e97558148ded21349,4391,c4cbaac9966d,42198.0,42528.0,330.0,1,1.0,10.0,0.0,0.5,T4,4391,330.0,10.0,0.5,42198.0,1.0
4338499d3c24cc35be17b44c,4392,5b1345f03aa1,42248.0,42373.0,125.0,1,1.0,6.0,0.0,0.25,MISC,4392,125.0,6.0,0.25,42248.0,1.0
0381d6db958250b056960f1d,4393,47baba33cffe,42254.0,42620.0,366.0,1,1.0,0.5,0.0,5.0,V100,4393,366.0,0.5,5.0,42254.0,1.0
ed9f09d1fba6b6293dce0af3,4394,c7152ce0fec1,42256.0,42316.0,60.0,1,10.0,1.0,0.0,1.0,T4,4394,60.0,10.0,10.0,42256.0,10.0
4338499d3c24cc35be17b44c,4395,5b1345f03aa1,42258.0,42373.0,115.0,1,1.0,6.0,0.0,0.25,MISC,4395,115.0,6.0,0.25,42258.0,1.0
f17e954e97558148ded21349,4397,c4cbaac9966d,42259.0,42793.0,534.0,1,1.0,10.0,0.0,0.5,T4,4397,534.0,10.0,0.5,42259.0,1.0
0381d6db958250b056960f1d,4398,47baba33cffe,42261.0,44747.0,2486.0,1,10.0,6.0,0.0,0.25,T4,4398,2486.0,60.0,2.5,42261.0,10.0
1ccc18d7d13073b642b3a016,4400,d4d51aca8806,42278.0,67270.0,24992.0,1,12.0,6.0,0.0,0.25,T4,4400,24992.0,72.0,3.0,42278.0,12.0
4338499d3c24cc35be17b44c,4401,5b1345f03aa1,42333.0,42584.0,251.0,1,1.0,6.0,0.0,0.5,MISC,4401,251.0,6.0,0.5,42333.0,1.0
0be3971157d6c504afbc3397,4402,354e3b81c515,42337.0,42361.0,24.0,1,1.0,6.0,0.0,1.0,MISC,4402,24.0,6.0,1.0,42337.0,1.0
bcefc24202843f241d4a17ec,4403,3f5d4699c3a6,42339.0,42463.0,124.0,1,1.0,6.0,0.0,1.0,MISC,4403,124.0,6.0,1.0,42339.0,1.0
3e5fb00bf43aa67ee5c2b6d5,4404,f134c9ec05e3,42342.0,43559.0,1217.0,1,1.0,6.0,0.0,1.0,MISC,4404,1217.0,6.0,1.0,42342.0,1.0
8ccb9c9fe88b53537e096dd9,4405,de69ddc1064e,42343.0,46280.0,3937.0,1,1.0,6.0,0.0,0.25,MISC,4405,3937.0,6.0,0.25,42343.0,1.0
4338499d3c24cc35be17b44c,4407,5b1345f03aa1,42368.0,42606.0,238.0,1,10.0,6.0,0.0,0.25,MISC,4407,238.0,60.0,2.5,42368.0,10.0
5241fd7d9a59d5917a2b54de,4408,262fbc8b0c98,42369.0,50104.0,7735.0,1,4.0,18.0,0.0,1.0,P100,4408,7735.0,72.0,4.0,42369.0,4.0
11bb21defa21318cae0d80d7,4409,7ba2dc8417d5,42372.0,42728.0,356.0,1,1.0,6.0,0.0,1.0,MISC,4409,356.0,6.0,1.0,42372.0,1.0
9ae9b2a926a0b1a6e4b0945c,4410,05b25af4dd8b,42390.0,43233.0,843.0,1,2.0,18.0,0.0,1.0,MISC,4410,843.0,36.0,2.0,42390.0,2.0
28dbedeb830a7a6ebc9dcdb7,4412,c9e676ebc7ef,42415.0,42700.0,285.0,1,8.0,6.0,0.0,0.25,T4,4412,285.0,48.0,2.0,42415.0,8.0
4338499d3c24cc35be17b44c,4413,5b1345f03aa1,42416.0,42450.0,34.0,1,1.0,6.0,0.0,1.0,MISC,4413,34.0,6.0,1.0,42416.0,1.0
bcefc24202843f241d4a17ec,4415,3f5d4699c3a6,42456.0,42472.0,16.0,1,1.0,6.0,0.0,1.0,MISC,4415,16.0,6.0,1.0,42456.0,1.0
fdca1b26347a096dc8cd73ec,4417,edc10645cc3f,42463.0,86449.0,43986.0,1,10.0,6.0,0.0,0.5,MISC,4417,43986.0,60.0,5.0,42463.0,10.0
bcefc24202843f241d4a17ec,4418,3f5d4699c3a6,42464.0,42483.0,19.0,1,1.0,6.0,0.0,1.0,MISC,4418,19.0,6.0,1.0,42464.0,1.0
7406fb7653a17ee61e51469d,4419,8b9c03ad79b8,42465.0,42646.0,181.0,1,1.0,6.0,0.0,1.0,MISC,4419,181.0,6.0,1.0,42465.0,1.0
fdca1b26347a096dc8cd73ec,4421,edc10645cc3f,42476.0,58569.0,16093.0,1,10.0,6.0,0.0,0.5,MISC,4421,16093.0,60.0,5.0,42476.0,10.0
ed9f09d1fba6b6293dce0af3,4422,c7152ce0fec1,42478.0,42735.0,257.0,1,20.0,1.0,0.0,1.0,T4,4422,257.0,20.0,20.0,42478.0,20.0
e14f55e56de8f9e707c8ff95,4423,42aa9724a88c,42497.0,42542.0,45.0,1,1.0,6.0,0.0,1.0,MISC,4423,45.0,6.0,1.0,42497.0,1.0
f17e954e97558148ded21349,4424,c4cbaac9966d,42509.0,42861.0,352.0,1,1.0,10.0,0.0,0.5,T4,4424,352.0,10.0,0.5,42509.0,1.0
30185446faeb493c1d55cacd,4425,a8192d6b0ae9,42514.0,42585.0,71.0,1,1.0,6.0,0.0,1.0,MISC,4425,71.0,6.0,1.0,42514.0,1.0
fdca1b26347a096dc8cd73ec,4427,edc10645cc3f,42546.0,58870.0,16324.0,1,10.0,6.0,0.0,0.5,MISC,4427,16324.0,60.0,5.0,42546.0,10.0
fdca1b26347a096dc8cd73ec,4429,edc10645cc3f,42552.0,48851.0,6299.0,1,10.0,6.0,0.0,0.5,MISC,4429,6299.0,60.0,5.0,42552.0,10.0
fdca1b26347a096dc8cd73ec,4433,edc10645cc3f,42609.0,75593.0,32984.0,1,10.0,6.0,0.0,0.5,MISC,4433,32984.0,60.0,5.0,42609.0,10.0
f17e954e97558148ded21349,4434,c4cbaac9966d,42634.0,43128.0,494.0,1,1.0,10.0,0.0,0.5,T4,4434,494.0,10.0,0.5,42634.0,1.0
fdca1b26347a096dc8cd73ec,4436,edc10645cc3f,42642.0,56938.0,14296.0,1,10.0,6.0,0.0,0.5,P100,4436,14296.0,60.0,5.0,42642.0,10.0
9ae9b2a926a0b1a6e4b0945c,4437,05b25af4dd8b,42712.0,50118.0,7406.0,1,2.0,18.0,0.0,1.0,P100,4437,7406.0,36.0,2.0,42712.0,2.0
9ae9b2a926a0b1a6e4b0945c,4438,05b25af4dd8b,42714.0,50782.0,8068.0,1,2.0,18.0,0.0,1.0,P100,4438,8068.0,36.0,2.0,42714.0,2.0
9ae9b2a926a0b1a6e4b0945c,4439,05b25af4dd8b,42717.0,51028.0,8311.0,1,2.0,18.0,0.0,1.0,P100,4439,8311.0,36.0,2.0,42717.0,2.0
f17e954e97558148ded21349,4440,c4cbaac9966d,42722.0,43331.0,609.0,1,1.0,10.0,0.0,0.5,T4,4440,609.0,10.0,0.5,42722.0,1.0
9ae9b2a926a0b1a6e4b0945c,4441,05b25af4dd8b,42723.0,50461.0,7738.0,1,2.0,18.0,0.0,1.0,P100,4441,7738.0,36.0,2.0,42723.0,2.0
07a7440f33d2bfb59804064b,4442,9cc55781f4a6,42730.0,42795.0,65.0,1,1.0,6.0,0.0,1.0,T4,4442,65.0,6.0,1.0,42730.0,1.0
1ccc18d7d13073b642b3a016,4444,d4d51aca8806,42757.0,56746.0,13989.0,1,12.0,6.0,0.0,0.25,T4,4444,13989.0,72.0,3.0,42757.0,12.0
8ccb9c9fe88b53537e096dd9,4445,de69ddc1064e,42761.0,43150.0,389.0,1,1.0,6.0,0.0,2.0,MISC,4445,389.0,6.0,2.0,42761.0,1.0
f17e954e97558148ded21349,4446,c4cbaac9966d,42784.0,43663.0,879.0,1,1.0,10.0,0.0,0.5,T4,4446,879.0,10.0,0.5,42784.0,1.0
07a7440f33d2bfb59804064b,4447,9cc55781f4a6,42831.0,42846.0,15.0,1,1.0,6.0,0.0,1.0,T4,4447,15.0,6.0,1.0,42831.0,1.0
f17e954e97558148ded21349,4448,c4cbaac9966d,42844.0,43352.0,508.0,1,1.0,10.0,0.0,0.5,T4,4448,508.0,10.0,0.5,42844.0,1.0
9ae9b2a926a0b1a6e4b0945c,4449,05b25af4dd8b,42863.0,43666.0,803.0,1,2.0,18.0,0.0,1.0,MISC,4449,803.0,36.0,2.0,42863.0,2.0
370d0ff708ff362d154f4ddd,4451,0d272edd1705,42868.0,42985.0,117.0,1,1.0,6.0,0.0,1.0,MISC,4451,117.0,6.0,1.0,42868.0,1.0
f2c4b7ef9bca7bf8390f05cd,4452,1480b75a8c96,42883.0,43049.0,166.0,1,1.0,6.0,0.0,1.0,T4,4452,166.0,6.0,1.0,42883.0,1.0
4d8fee7f10bd7edbb75b96b3,4453,b2c52019b2c6,42902.0,43028.0,126.0,1,1.0,6.0,0.0,1.0,MISC,4453,126.0,6.0,1.0,42902.0,1.0
f17e954e97558148ded21349,4454,c4cbaac9966d,42909.0,43352.0,443.0,1,1.0,10.0,0.0,0.5,T4,4454,443.0,10.0,0.5,42909.0,1.0
8106728908feb773a53799c5,4455,698d948206d0,42945.0,43197.0,252.0,1,1.0,6.0,0.0,0.25,MISC,4455,252.0,6.0,0.25,42945.0,1.0
bcefc24202843f241d4a17ec,4456,3f5d4699c3a6,42950.0,43086.0,136.0,1,1.0,6.0,0.0,1.0,MISC,4456,136.0,6.0,1.0,42950.0,1.0
6ce05c0db408367538a9bd9e,4457,0c3b5520dba6,42954.0,43030.0,76.0,1,1.0,6.0,0.0,1.0,T4,4457,76.0,6.0,1.0,42954.0,1.0
7e8877e52571546053f489e4,4458,b13026a51961,43059.0,43498.0,439.0,1,1.0,6.0,0.0,1.0,MISC,4458,439.0,6.0,1.0,43059.0,1.0
7e8877e52571546053f489e4,4459,b13026a51961,43059.0,43227.0,168.0,1,1.0,6.0,0.0,1.0,MISC,4459,168.0,6.0,1.0,43059.0,1.0
7e8877e52571546053f489e4,4460,b13026a51961,43060.0,43267.0,207.0,1,1.0,6.0,0.0,1.0,MISC,4460,207.0,6.0,1.0,43060.0,1.0
7406fb7653a17ee61e51469d,4461,8b9c03ad79b8,43061.0,43259.0,198.0,1,1.0,6.0,0.0,1.0,MISC,4461,198.0,6.0,1.0,43061.0,1.0
d894fd1af131ed7a296716b5,4462,58540f191766,43076.0,44153.0,1077.0,1,1.0,1.0,0.0,0.25,MISC,4462,1077.0,1.0,0.25,43076.0,1.0
d894fd1af131ed7a296716b5,4463,58540f191766,43076.0,43890.0,814.0,1,1.0,1.0,0.0,0.25,MISC,4463,814.0,1.0,0.25,43076.0,1.0
d894fd1af131ed7a296716b5,4464,58540f191766,43079.0,43953.0,874.0,1,1.0,1.0,0.0,0.25,MISC,4464,874.0,1.0,0.25,43079.0,1.0
d894fd1af131ed7a296716b5,4465,58540f191766,43079.0,44142.0,1063.0,1,1.0,1.0,0.0,0.25,MISC,4465,1063.0,1.0,0.25,43079.0,1.0
d894fd1af131ed7a296716b5,4466,58540f191766,43079.0,44878.0,1799.0,1,1.0,1.0,0.0,0.25,MISC,4466,1799.0,1.0,0.25,43079.0,1.0
d894fd1af131ed7a296716b5,4467,58540f191766,43079.0,43910.0,831.0,1,1.0,1.0,0.0,0.25,MISC,4467,831.0,1.0,0.25,43079.0,1.0
d894fd1af131ed7a296716b5,4468,58540f191766,43080.0,43953.0,873.0,1,1.0,1.0,0.0,0.25,MISC,4468,873.0,1.0,0.25,43080.0,1.0
d894fd1af131ed7a296716b5,4469,58540f191766,43081.0,44306.0,1225.0,1,1.0,1.0,0.0,0.25,MISC,4469,1225.0,1.0,0.25,43081.0,1.0
d894fd1af131ed7a296716b5,4470,58540f191766,43082.0,43781.0,699.0,1,1.0,1.0,0.0,0.25,MISC,4470,699.0,1.0,0.25,43082.0,1.0
d894fd1af131ed7a296716b5,4471,58540f191766,43082.0,43782.0,700.0,1,1.0,1.0,0.0,0.25,MISC,4471,700.0,1.0,0.25,43082.0,1.0
d894fd1af131ed7a296716b5,4472,58540f191766,43083.0,44437.0,1354.0,1,1.0,1.0,0.0,0.25,MISC,4472,1354.0,1.0,0.25,43083.0,1.0
d894fd1af131ed7a296716b5,4473,58540f191766,43083.0,43780.0,697.0,1,1.0,1.0,0.0,0.25,MISC,4473,697.0,1.0,0.25,43083.0,1.0
d894fd1af131ed7a296716b5,4474,58540f191766,43083.0,44145.0,1062.0,1,1.0,1.0,0.0,0.25,MISC,4474,1062.0,1.0,0.25,43083.0,1.0
d894fd1af131ed7a296716b5,4475,58540f191766,43083.0,43805.0,722.0,1,1.0,1.0,0.0,0.25,MISC,4475,722.0,1.0,0.25,43083.0,1.0
d894fd1af131ed7a296716b5,4476,58540f191766,43083.0,44245.0,1162.0,1,1.0,1.0,0.0,0.25,MISC,4476,1162.0,1.0,0.25,43083.0,1.0
d894fd1af131ed7a296716b5,4477,58540f191766,43083.0,44270.0,1187.0,1,1.0,1.0,0.0,0.25,MISC,4477,1187.0,1.0,0.25,43083.0,1.0
d894fd1af131ed7a296716b5,4478,58540f191766,43083.0,43892.0,809.0,1,1.0,1.0,0.0,0.25,MISC,4478,809.0,1.0,0.25,43083.0,1.0
d894fd1af131ed7a296716b5,4479,58540f191766,43083.0,44204.0,1121.0,1,1.0,1.0,0.0,0.25,MISC,4479,1121.0,1.0,0.25,43083.0,1.0
d894fd1af131ed7a296716b5,4480,58540f191766,43084.0,45292.0,2208.0,1,1.0,1.0,0.0,0.25,MISC,4480,2208.0,1.0,0.25,43084.0,1.0
d894fd1af131ed7a296716b5,4481,58540f191766,43084.0,43795.0,711.0,1,1.0,1.0,0.0,0.25,MISC,4481,711.0,1.0,0.25,43084.0,1.0
d894fd1af131ed7a296716b5,4482,58540f191766,43084.0,44255.0,1171.0,1,1.0,1.0,0.0,0.25,MISC,4482,1171.0,1.0,0.25,43084.0,1.0
d894fd1af131ed7a296716b5,4483,58540f191766,43085.0,45098.0,2013.0,1,1.0,1.0,0.0,0.25,MISC,4483,2013.0,1.0,0.25,43085.0,1.0
d894fd1af131ed7a296716b5,4484,58540f191766,43085.0,44896.0,1811.0,1,1.0,1.0,0.0,0.25,MISC,4484,1811.0,1.0,0.25,43085.0,1.0
d894fd1af131ed7a296716b5,4485,58540f191766,43086.0,43865.0,779.0,1,1.0,1.0,0.0,0.25,MISC,4485,779.0,1.0,0.25,43086.0,1.0
d894fd1af131ed7a296716b5,4486,58540f191766,43086.0,44145.0,1059.0,1,1.0,1.0,0.0,0.25,MISC,4486,1059.0,1.0,0.25,43086.0,1.0
d894fd1af131ed7a296716b5,4487,58540f191766,43086.0,44183.0,1097.0,1,1.0,1.0,0.0,0.25,MISC,4487,1097.0,1.0,0.25,43086.0,1.0
d894fd1af131ed7a296716b5,4488,58540f191766,43086.0,43759.0,673.0,1,1.0,1.0,0.0,0.25,MISC,4488,673.0,1.0,0.25,43086.0,1.0
d894fd1af131ed7a296716b5,4489,58540f191766,43086.0,43749.0,663.0,1,1.0,1.0,0.0,0.25,MISC,4489,663.0,1.0,0.25,43086.0,1.0
d894fd1af131ed7a296716b5,4490,58540f191766,43086.0,44204.0,1118.0,1,1.0,1.0,0.0,0.25,MISC,4490,1118.0,1.0,0.25,43086.0,1.0
d894fd1af131ed7a296716b5,4491,58540f191766,43087.0,44253.0,1166.0,1,1.0,1.0,0.0,0.25,MISC,4491,1166.0,1.0,0.25,43087.0,1.0
d894fd1af131ed7a296716b5,4492,58540f191766,43087.0,43761.0,674.0,1,1.0,1.0,0.0,0.25,MISC,4492,674.0,1.0,0.25,43087.0,1.0
d894fd1af131ed7a296716b5,4493,58540f191766,43089.0,43832.0,743.0,1,1.0,1.0,0.0,0.25,MISC,4493,743.0,1.0,0.25,43089.0,1.0
d894fd1af131ed7a296716b5,4494,58540f191766,43089.0,43781.0,692.0,1,1.0,1.0,0.0,0.25,MISC,4494,692.0,1.0,0.25,43089.0,1.0
d894fd1af131ed7a296716b5,4495,58540f191766,43089.0,43812.0,723.0,1,1.0,1.0,0.0,0.25,MISC,4495,723.0,1.0,0.25,43089.0,1.0
d894fd1af131ed7a296716b5,4496,58540f191766,43089.0,43780.0,691.0,1,1.0,1.0,0.0,0.25,MISC,4496,691.0,1.0,0.25,43089.0,1.0
d894fd1af131ed7a296716b5,4497,58540f191766,43089.0,43750.0,661.0,1,1.0,1.0,0.0,0.25,MISC,4497,661.0,1.0,0.25,43089.0,1.0
d894fd1af131ed7a296716b5,4498,58540f191766,43089.0,44263.0,1174.0,1,1.0,1.0,0.0,0.25,MISC,4498,1174.0,1.0,0.25,43089.0,1.0
d894fd1af131ed7a296716b5,4499,58540f191766,43089.0,43871.0,782.0,1,1.0,1.0,0.0,0.25,MISC,4499,782.0,1.0,0.25,43089.0,1.0
d894fd1af131ed7a296716b5,4500,58540f191766,43089.0,43772.0,683.0,1,1.0,1.0,0.0,0.25,MISC,4500,683.0,1.0,0.25,43089.0,1.0
d894fd1af131ed7a296716b5,4501,58540f191766,43091.0,44236.0,1145.0,1,1.0,1.0,0.0,0.25,MISC,4501,1145.0,1.0,0.25,43091.0,1.0
d894fd1af131ed7a296716b5,4502,58540f191766,43091.0,44737.0,1646.0,1,1.0,1.0,0.0,0.25,MISC,4502,1646.0,1.0,0.25,43091.0,1.0
d894fd1af131ed7a296716b5,4503,58540f191766,43091.0,43824.0,733.0,1,1.0,1.0,0.0,0.25,MISC,4503,733.0,1.0,0.25,43091.0,1.0
d894fd1af131ed7a296716b5,4504,58540f191766,43091.0,43791.0,700.0,1,1.0,1.0,0.0,0.25,MISC,4504,700.0,1.0,0.25,43091.0,1.0
d894fd1af131ed7a296716b5,4505,58540f191766,43091.0,44386.0,1295.0,1,1.0,1.0,0.0,0.25,MISC,4505,1295.0,1.0,0.25,43091.0,1.0
d894fd1af131ed7a296716b5,4506,58540f191766,43091.0,43833.0,742.0,1,1.0,1.0,0.0,0.25,MISC,4506,742.0,1.0,0.25,43091.0,1.0
d894fd1af131ed7a296716b5,4508,58540f191766,43092.0,43912.0,820.0,1,1.0,1.0,0.0,0.25,MISC,4508,820.0,1.0,0.25,43092.0,1.0
d894fd1af131ed7a296716b5,4509,58540f191766,43092.0,44486.0,1394.0,1,1.0,1.0,0.0,0.25,MISC,4509,1394.0,1.0,0.25,43092.0,1.0
d894fd1af131ed7a296716b5,4510,58540f191766,43092.0,44139.0,1047.0,1,1.0,1.0,0.0,0.25,MISC,4510,1047.0,1.0,0.25,43092.0,1.0
d894fd1af131ed7a296716b5,4511,58540f191766,43093.0,43894.0,801.0,1,1.0,1.0,0.0,0.25,MISC,4511,801.0,1.0,0.25,43093.0,1.0
d894fd1af131ed7a296716b5,4512,58540f191766,43093.0,43892.0,799.0,1,1.0,1.0,0.0,0.25,MISC,4512,799.0,1.0,0.25,43093.0,1.0
fdca1b26347a096dc8cd73ec,4513,edc10645cc3f,43094.0,57169.0,14075.0,1,12.0,6.0,0.0,0.25,MISC,4513,14075.0,72.0,3.0,43094.0,12.0
d894fd1af131ed7a296716b5,4514,58540f191766,43095.0,44628.0,1533.0,1,1.0,1.0,0.0,0.25,MISC,4514,1533.0,1.0,0.25,43095.0,1.0
d894fd1af131ed7a296716b5,4515,58540f191766,43095.0,45202.0,2107.0,1,1.0,1.0,0.0,0.25,MISC,4515,2107.0,1.0,0.25,43095.0,1.0
d894fd1af131ed7a296716b5,4516,58540f191766,43095.0,44407.0,1312.0,1,1.0,1.0,0.0,0.25,MISC,4516,1312.0,1.0,0.25,43095.0,1.0
d894fd1af131ed7a296716b5,4517,58540f191766,43095.0,43842.0,747.0,1,1.0,1.0,0.0,0.25,MISC,4517,747.0,1.0,0.25,43095.0,1.0
d894fd1af131ed7a296716b5,4518,58540f191766,43096.0,43822.0,726.0,1,1.0,1.0,0.0,0.25,MISC,4518,726.0,1.0,0.25,43096.0,1.0
d894fd1af131ed7a296716b5,4519,58540f191766,43096.0,44608.0,1512.0,1,1.0,1.0,0.0,0.25,MISC,4519,1512.0,1.0,0.25,43096.0,1.0
d894fd1af131ed7a296716b5,4520,58540f191766,43096.0,43995.0,899.0,1,1.0,1.0,0.0,0.25,MISC,4520,899.0,1.0,0.25,43096.0,1.0
d894fd1af131ed7a296716b5,4521,58540f191766,43096.0,44196.0,1100.0,1,1.0,1.0,0.0,0.25,MISC,4521,1100.0,1.0,0.25,43096.0,1.0
d894fd1af131ed7a296716b5,4522,58540f191766,43097.0,43902.0,805.0,1,1.0,1.0,0.0,0.25,MISC,4522,805.0,1.0,0.25,43097.0,1.0
d894fd1af131ed7a296716b5,4523,58540f191766,43097.0,43883.0,786.0,1,1.0,1.0,0.0,0.25,MISC,4523,786.0,1.0,0.25,43097.0,1.0
d894fd1af131ed7a296716b5,4524,58540f191766,43098.0,43871.0,773.0,1,1.0,1.0,0.0,0.25,MISC,4524,773.0,1.0,0.25,43098.0,1.0
d894fd1af131ed7a296716b5,4525,58540f191766,43098.0,43884.0,786.0,1,1.0,1.0,0.0,0.25,MISC,4525,786.0,1.0,0.25,43098.0,1.0
d894fd1af131ed7a296716b5,4526,58540f191766,43098.0,45061.0,1963.0,1,1.0,1.0,0.0,0.25,MISC,4526,1963.0,1.0,0.25,43098.0,1.0
d894fd1af131ed7a296716b5,4527,58540f191766,43098.0,44254.0,1156.0,1,1.0,1.0,0.0,0.25,MISC,4527,1156.0,1.0,0.25,43098.0,1.0
0381d6db958250b056960f1d,4529,47baba33cffe,43213.0,43516.0,303.0,1,10.0,6.0,0.0,0.25,T4,4529,303.0,60.0,2.5,43213.0,10.0
30185446faeb493c1d55cacd,4530,a8192d6b0ae9,43226.0,43289.0,63.0,1,1.0,6.0,0.0,1.0,MISC,4530,63.0,6.0,1.0,43226.0,1.0
a6f4f091632f915821796807,4531,e71cb97ab858,43229.0,43293.0,64.0,1,10.0,6.0,0.0,1.0,T4,4531,64.0,60.0,10.0,43229.0,10.0
4338499d3c24cc35be17b44c,4532,5b1345f03aa1,43230.0,45512.0,2282.0,1,1.0,6.0,0.0,1.0,MISC,4532,2282.0,6.0,1.0,43230.0,1.0
f17e954e97558148ded21349,4533,c4cbaac9966d,43232.0,43690.0,458.0,1,1.0,10.0,0.0,0.5,T4,4533,458.0,10.0,0.5,43232.0,1.0
e14f55e56de8f9e707c8ff95,4534,42aa9724a88c,43244.0,43433.0,189.0,1,10.0,6.0,0.0,1.0,MISC,4534,189.0,60.0,10.0,43244.0,10.0
8ccb9c9fe88b53537e096dd9,4535,de69ddc1064e,43256.0,43649.0,393.0,1,1.0,6.0,0.0,2.0,MISC,4535,393.0,6.0,2.0,43256.0,1.0
4338499d3c24cc35be17b44c,4537,5b1345f03aa1,43298.0,49158.0,5860.0,1,20.0,10.0,0.0,0.15,MISC,4537,5860.0,200.0,3.0,43298.0,20.0
30185446faeb493c1d55cacd,4538,a8192d6b0ae9,43321.0,43358.0,37.0,1,1.0,6.0,0.0,1.0,MISC,4538,37.0,6.0,1.0,43321.0,1.0
4338499d3c24cc35be17b44c,4540,5b1345f03aa1,43326.0,43368.0,42.0,1,1.0,6.0,0.0,1.0,MISC,4540,42.0,6.0,1.0,43326.0,1.0
da83de84f03f9ac157a419bb,4542,0bce9af21534,43335.0,45466.0,2131.0,1,80.0,1.0,0.0,0.1,MISC,4542,2131.0,80.0,8.0,43335.0,80.0
fdca1b26347a096dc8cd73ec,4543,edc10645cc3f,43365.0,49214.0,5849.0,1,10.0,6.0,0.0,0.25,MISC,4543,5849.0,60.0,2.5,43365.0,10.0
1ccc18d7d13073b642b3a016,4545,d4d51aca8806,43380.0,43475.0,95.0,1,2.0,6.0,0.0,1.0,T4,4545,95.0,12.0,2.0,43380.0,2.0
f2c4b7ef9bca7bf8390f05cd,4546,1480b75a8c96,43399.0,43735.0,336.0,1,1.0,6.0,0.0,1.0,T4,4546,336.0,6.0,1.0,43399.0,1.0
f17e954e97558148ded21349,4547,c4cbaac9966d,43403.0,43742.0,339.0,1,1.0,10.0,0.0,0.5,T4,4547,339.0,10.0,0.5,43403.0,1.0
f17e954e97558148ded21349,4548,c4cbaac9966d,43467.0,43940.0,473.0,1,1.0,10.0,0.0,0.5,T4,4548,473.0,10.0,0.5,43467.0,1.0
8106728908feb773a53799c5,4549,698d948206d0,43468.0,43670.0,202.0,1,1.0,6.0,0.0,0.25,MISC,4549,202.0,6.0,0.25,43468.0,1.0
f17e954e97558148ded21349,4550,c4cbaac9966d,43469.0,43864.0,395.0,1,1.0,10.0,0.0,0.5,T4,4550,395.0,10.0,0.5,43469.0,1.0
845ebc87e40bad0db5b37e26,4551,f14128db0160,43476.0,43518.0,42.0,1,1.0,6.0,0.0,2.0,MISC,4551,42.0,6.0,2.0,43476.0,1.0
07a7440f33d2bfb59804064b,4552,9cc55781f4a6,43487.0,46011.0,2524.0,1,1.0,6.0,0.0,0.25,T4,4552,2524.0,6.0,0.25,43487.0,1.0
e14f55e56de8f9e707c8ff95,4553,42aa9724a88c,43502.0,43549.0,47.0,1,1.0,6.0,0.0,1.0,MISC,4553,47.0,6.0,1.0,43502.0,1.0
07a7440f33d2bfb59804064b,4554,9cc55781f4a6,43538.0,45912.0,2374.0,1,1.0,6.0,0.0,0.25,T4,4554,2374.0,6.0,0.25,43538.0,1.0
3e5fb00bf43aa67ee5c2b6d5,4555,f134c9ec05e3,43540.0,43711.0,171.0,1,1.0,6.0,0.0,0.5,MISC,4555,171.0,6.0,0.5,43540.0,1.0
4338499d3c24cc35be17b44c,4556,5b1345f03aa1,43555.0,43690.0,135.0,1,1.0,6.0,0.0,1.0,MISC,4556,135.0,6.0,1.0,43555.0,1.0
0be3971157d6c504afbc3397,4557,354e3b81c515,43586.0,43609.0,23.0,1,1.0,6.0,0.0,1.0,MISC,4557,23.0,6.0,1.0,43586.0,1.0
07a7440f33d2bfb59804064b,4558,9cc55781f4a6,43621.0,46236.0,2615.0,1,1.0,6.0,0.0,0.25,T4,4558,2615.0,6.0,0.25,43621.0,1.0
4fa2a95d7c794171b866dfa5,4559,7203aa95a9af,43640.0,43845.0,205.0,1,1.0,6.0,0.0,0.25,MISC,4559,205.0,6.0,0.25,43640.0,1.0
4338499d3c24cc35be17b44c,4563,5b1345f03aa1,43664.0,44214.0,550.0,1,1.0,6.0,0.0,0.25,MISC,4563,550.0,6.0,0.25,43664.0,1.0
4338499d3c24cc35be17b44c,4564,5b1345f03aa1,43664.0,44377.0,713.0,1,1.0,6.0,0.0,0.25,MISC,4564,713.0,6.0,0.25,43664.0,1.0
4338499d3c24cc35be17b44c,4565,5b1345f03aa1,43665.0,44295.0,630.0,1,1.0,6.0,0.0,0.25,MISC,4565,630.0,6.0,0.25,43665.0,1.0
4338499d3c24cc35be17b44c,4566,5b1345f03aa1,43701.0,44937.0,1236.0,1,1.0,6.0,0.0,1.0,MISC,4566,1236.0,6.0,1.0,43701.0,1.0
3e5fb00bf43aa67ee5c2b6d5,4567,f134c9ec05e3,43710.0,44960.0,1250.0,1,1.0,6.0,0.0,1.0,MISC,4567,1250.0,6.0,1.0,43710.0,1.0
4338499d3c24cc35be17b44c,4568,5b1345f03aa1,43715.0,44806.0,1091.0,1,1.0,6.0,0.0,1.0,MISC,4568,1091.0,6.0,1.0,43715.0,1.0
4338499d3c24cc35be17b44c,4569,5b1345f03aa1,43725.0,43834.0,109.0,1,1.0,6.0,0.0,0.25,MISC,4569,109.0,6.0,0.25,43725.0,1.0
d894fd1af131ed7a296716b5,4570,58540f191766,43730.0,44534.0,804.0,1,1.0,1.0,0.0,0.25,MISC,4570,804.0,1.0,0.25,43730.0,1.0
4338499d3c24cc35be17b44c,4571,5b1345f03aa1,43731.0,45038.0,1307.0,1,1.0,6.0,0.0,1.0,MISC,4571,1307.0,6.0,1.0,43731.0,1.0
f17e954e97558148ded21349,4572,c4cbaac9966d,43744.0,44230.0,486.0,1,1.0,10.0,0.0,0.5,T4,4572,486.0,10.0,0.5,43744.0,1.0
4338499d3c24cc35be17b44c,4573,5b1345f03aa1,43745.0,45150.0,1405.0,1,1.0,6.0,0.0,1.0,MISC,4573,1405.0,6.0,1.0,43745.0,1.0
f17e954e97558148ded21349,4574,c4cbaac9966d,43745.0,44170.0,425.0,1,1.0,10.0,0.0,0.5,T4,4574,425.0,10.0,0.5,43745.0,1.0
8ccb9c9fe88b53537e096dd9,4576,de69ddc1064e,43750.0,44134.0,384.0,1,1.0,6.0,0.0,2.0,MISC,4576,384.0,6.0,2.0,43750.0,1.0
0be3971157d6c504afbc3397,4577,354e3b81c515,43752.0,43789.0,37.0,1,1.0,6.0,0.0,1.0,MISC,4577,37.0,6.0,1.0,43752.0,1.0
9ae9b2a926a0b1a6e4b0945c,4579,05b25af4dd8b,43760.0,44519.0,759.0,1,2.0,18.0,0.0,1.0,MISC,4579,759.0,36.0,2.0,43760.0,2.0
4338499d3c24cc35be17b44c,4580,5b1345f03aa1,43761.0,45425.0,1664.0,1,1.0,6.0,0.0,1.0,MISC,4580,1664.0,6.0,1.0,43761.0,1.0
f2c4b7ef9bca7bf8390f05cd,4581,1480b75a8c96,43764.0,43789.0,25.0,1,1.0,6.0,0.0,1.0,T4,4581,25.0,6.0,1.0,43764.0,1.0
b53f9ebd1eeeea726d1dac78,4582,2cbd33b08024,43775.0,45941.0,2166.0,1,20.0,6.0,0.0,1.0,MISC,4582,2166.0,120.0,20.0,43775.0,20.0
f17e954e97558148ded21349,4583,c4cbaac9966d,43808.0,44116.0,308.0,1,1.0,10.0,0.0,0.5,T4,4583,308.0,10.0,0.5,43808.0,1.0
0be3971157d6c504afbc3397,4584,354e3b81c515,43816.0,43842.0,26.0,1,1.0,6.0,0.0,1.0,MISC,4584,26.0,6.0,1.0,43816.0,1.0
fdca1b26347a096dc8cd73ec,4585,edc10645cc3f,43899.0,56279.0,12380.0,1,1.0,6.0,0.0,0.5,MISC,4585,12380.0,6.0,0.5,43899.0,1.0
2fe46f64538b8943a9882bab,4586,c677a0acf7c0,43908.0,47597.0,3689.0,1,5.0,2.0,0.0,1.0,MISC,4586,3689.0,10.0,5.0,43908.0,5.0
28dbedeb830a7a6ebc9dcdb7,4587,c9e676ebc7ef,43922.0,53341.0,9419.0,1,4.0,6.0,0.0,0.5,T4,4587,9419.0,24.0,2.0,43922.0,4.0
4fa2a95d7c794171b866dfa5,4589,7203aa95a9af,43931.0,44117.0,186.0,1,1.0,6.0,0.0,0.25,MISC,4589,186.0,6.0,0.25,43931.0,1.0
0381d6db958250b056960f1d,4590,47baba33cffe,43932.0,61443.0,17511.0,1,10.0,6.0,0.0,0.25,T4,4590,17511.0,60.0,2.5,43932.0,10.0
f17e954e97558148ded21349,4591,c4cbaac9966d,43952.0,44512.0,560.0,1,1.0,10.0,0.0,0.5,T4,4591,560.0,10.0,0.5,43952.0,1.0
28dbedeb830a7a6ebc9dcdb7,4592,c9e676ebc7ef,43956.0,44749.0,793.0,1,8.0,6.0,0.0,0.25,T4,4592,793.0,48.0,2.0,43956.0,8.0
4338499d3c24cc35be17b44c,4593,5b1345f03aa1,43971.0,44738.0,767.0,1,1.0,6.0,0.0,1.0,MISC,4593,767.0,6.0,1.0,43971.0,1.0
28dbedeb830a7a6ebc9dcdb7,4594,c9e676ebc7ef,43979.0,45731.0,1752.0,1,8.0,6.0,0.0,0.25,T4,4594,1752.0,48.0,2.0,43979.0,8.0
f17e954e97558148ded21349,4595,c4cbaac9966d,43994.0,44407.0,413.0,1,1.0,10.0,0.0,0.5,T4,4595,413.0,10.0,0.5,43994.0,1.0
28dbedeb830a7a6ebc9dcdb7,4596,c9e676ebc7ef,44029.0,45585.0,1556.0,1,8.0,6.0,0.0,0.25,T4,4596,1556.0,48.0,2.0,44029.0,8.0
4fa2a95d7c794171b866dfa5,4597,7203aa95a9af,44068.0,44264.0,196.0,1,1.0,6.0,0.0,0.25,MISC,4597,196.0,6.0,0.25,44068.0,1.0
9ae9b2a926a0b1a6e4b0945c,4598,05b25af4dd8b,44070.0,44789.0,719.0,1,2.0,18.0,0.0,1.0,MISC,4598,719.0,36.0,2.0,44070.0,2.0
7406fb7653a17ee61e51469d,4599,8b9c03ad79b8,44082.0,44265.0,183.0,1,1.0,6.0,0.0,1.0,MISC,4599,183.0,6.0,1.0,44082.0,1.0
a757f125d866d5722ec3bfc2,4601,3960a1141089,44136.0,48058.0,3922.0,1,30.0,6.0,0.0,0.25,MISC,4601,3922.0,180.0,7.5,44136.0,30.0
845ebc87e40bad0db5b37e26,4602,f14128db0160,44149.0,44333.0,184.0,1,1.0,6.0,0.0,2.0,MISC,4602,184.0,6.0,2.0,44149.0,1.0
f17e954e97558148ded21349,4605,c4cbaac9966d,44181.0,44653.0,472.0,1,1.0,10.0,0.0,0.5,T4,4605,472.0,10.0,0.5,44181.0,1.0
4338499d3c24cc35be17b44c,4606,5b1345f03aa1,44183.0,44222.0,39.0,1,1.0,6.0,0.0,1.0,MISC,4606,39.0,6.0,1.0,44183.0,1.0
28dbedeb830a7a6ebc9dcdb7,4607,c9e676ebc7ef,44186.0,46133.0,1947.0,1,8.0,6.0,0.0,0.25,T4,4607,1947.0,48.0,2.0,44186.0,8.0
3995073148156da8994ec8bb,4608,5f4cb64dc693,44187.0,44355.0,168.0,1,1.0,6.0,0.0,1.0,MISC,4608,168.0,6.0,1.0,44187.0,1.0
1ccc18d7d13073b642b3a016,4611,d4d51aca8806,44231.0,71392.0,27161.0,1,12.0,6.0,0.0,0.25,T4,4611,27161.0,72.0,3.0,44231.0,12.0
0be3971157d6c504afbc3397,4612,354e3b81c515,44232.0,44265.0,33.0,1,1.0,6.0,0.0,1.0,MISC,4612,33.0,6.0,1.0,44232.0,1.0
8ccb9c9fe88b53537e096dd9,4613,de69ddc1064e,44233.0,44617.0,384.0,1,1.0,6.0,0.0,2.0,MISC,4613,384.0,6.0,2.0,44233.0,1.0
f17e954e97558148ded21349,4614,c4cbaac9966d,44248.0,44684.0,436.0,1,1.0,10.0,0.0,0.5,T4,4614,436.0,10.0,0.5,44248.0,1.0
f39da0b0c01f6f7fb99d5af9,4615,86328749cbbf,44264.0,45153.0,889.0,1,1.0,2.0,0.0,1.0,T4,4615,889.0,2.0,1.0,44264.0,1.0
f17e954e97558148ded21349,4616,c4cbaac9966d,44310.0,44698.0,388.0,1,1.0,10.0,0.0,0.5,T4,4616,388.0,10.0,0.5,44310.0,1.0
1484051e2875d76bc27495f6,4617,2d415d162cd1,44339.0,44425.0,86.0,1,1.0,6.0,0.0,0.25,MISC,4617,86.0,6.0,0.25,44339.0,1.0
1484051e2875d76bc27495f6,4618,2d415d162cd1,44342.0,44424.0,82.0,1,1.0,6.0,0.0,0.25,MISC,4618,82.0,6.0,0.25,44342.0,1.0
4c63a741106edc46bc1729dd,4619,18febf35d3a1,44345.0,44524.0,179.0,1,1.0,6.0,0.0,1.0,MISC,4619,179.0,6.0,1.0,44345.0,1.0
e14f55e56de8f9e707c8ff95,4621,42aa9724a88c,44421.0,44465.0,44.0,1,1.0,6.0,0.0,1.0,MISC,4621,44.0,6.0,1.0,44421.0,1.0
370d0ff708ff362d154f4ddd,4623,0d272edd1705,44480.0,44568.0,88.0,1,1.0,6.0,0.0,1.0,MISC,4623,88.0,6.0,1.0,44480.0,1.0
f17e954e97558148ded21349,4624,c4cbaac9966d,44493.0,44887.0,394.0,1,1.0,10.0,0.0,0.5,T4,4624,394.0,10.0,0.5,44493.0,1.0
fdca1b26347a096dc8cd73ec,4626,edc10645cc3f,44584.0,47744.0,3160.0,1,10.0,6.0,0.0,0.25,MISC,4626,3160.0,60.0,2.5,44584.0,10.0
f17e954e97558148ded21349,4627,c4cbaac9966d,44584.0,44936.0,352.0,1,1.0,10.0,0.0,0.5,T4,4627,352.0,10.0,0.5,44584.0,1.0
28dbedeb830a7a6ebc9dcdb7,4628,c9e676ebc7ef,44588.0,46863.0,2275.0,1,2.0,6.0,0.0,0.5,T4,4628,2275.0,12.0,1.0,44588.0,2.0
fdca1b26347a096dc8cd73ec,4630,edc10645cc3f,44594.0,67559.0,22965.0,1,16.0,6.0,0.0,0.25,MISC,4630,22965.0,96.0,4.0,44594.0,16.0
81ed5c9faf3943d58867e805,4631,c88b4a44554a,44613.0,44878.0,265.0,1,1.0,6.0,0.0,0.25,MISC,4631,265.0,6.0,0.25,44613.0,1.0
4c63a741106edc46bc1729dd,4632,18febf35d3a1,44630.0,44842.0,212.0,1,1.0,6.0,0.0,1.0,MISC,4632,212.0,6.0,1.0,44630.0,1.0
7406fb7653a17ee61e51469d,4633,8b9c03ad79b8,44644.0,44838.0,194.0,1,1.0,6.0,0.0,1.0,MISC,4633,194.0,6.0,1.0,44644.0,1.0
bf4699bfa41151bf2f4b4f73,4635,5b09a062fa3f,44666.0,138117.0,93451.0,1,20.0,2.0,0.0,1.0,MISC,4635,93451.0,40.0,20.0,44666.0,20.0
fdca1b26347a096dc8cd73ec,4636,edc10645cc3f,44682.0,45911.0,1229.0,1,6.0,6.0,0.0,0.25,MISC,4636,1229.0,36.0,1.5,44682.0,6.0
8ccb9c9fe88b53537e096dd9,4637,de69ddc1064e,44715.0,45100.0,385.0,1,1.0,6.0,0.0,2.0,MISC,4637,385.0,6.0,2.0,44715.0,1.0
f17e954e97558148ded21349,4639,c4cbaac9966d,44766.0,45337.0,571.0,1,1.0,10.0,0.0,0.5,T4,4639,571.0,10.0,0.5,44766.0,1.0
f17e954e97558148ded21349,4640,c4cbaac9966d,44770.0,45225.0,455.0,1,1.0,10.0,0.0,0.5,T4,4640,455.0,10.0,0.5,44770.0,1.0
f17e954e97558148ded21349,4641,c4cbaac9966d,44770.0,45205.0,435.0,1,1.0,10.0,0.0,0.5,T4,4641,435.0,10.0,0.5,44770.0,1.0
fdca1b26347a096dc8cd73ec,4643,edc10645cc3f,44844.0,47847.0,3003.0,1,10.0,6.0,0.0,0.25,MISC,4643,3003.0,60.0,2.5,44844.0,10.0
0be3971157d6c504afbc3397,4644,354e3b81c515,44888.0,44908.0,20.0,1,1.0,6.0,0.0,1.0,MISC,4644,20.0,6.0,1.0,44888.0,1.0
81ed5c9faf3943d58867e805,4645,c88b4a44554a,44934.0,45209.0,275.0,1,1.0,6.0,0.0,0.25,MISC,4645,275.0,6.0,0.25,44934.0,1.0
f17e954e97558148ded21349,4646,c4cbaac9966d,44954.0,45255.0,301.0,1,1.0,10.0,0.0,0.5,T4,4646,301.0,10.0,0.5,44954.0,1.0
e8efa65aa22dff1e98ff15d7,4648,b3bfe9b79bb5,45010.0,46206.0,1196.0,1,50.0,4.0,0.0,0.5,MISC,4648,1196.0,200.0,25.0,45010.0,50.0
f17e954e97558148ded21349,4649,c4cbaac9966d,45016.0,45343.0,327.0,1,1.0,10.0,0.0,0.5,T4,4649,327.0,10.0,0.5,45016.0,1.0
6c3063994722f1e538b28a1a,4651,d7052eeddab7,45022.0,62673.0,17651.0,1,20.0,6.0,0.0,1.0,MISC,4651,17651.0,120.0,20.0,45022.0,20.0
0be3971157d6c504afbc3397,4652,354e3b81c515,45025.0,45048.0,23.0,1,1.0,6.0,0.0,1.0,MISC,4652,23.0,6.0,1.0,45025.0,1.0
e8efa65aa22dff1e98ff15d7,4654,b3bfe9b79bb5,45030.0,60641.0,15611.0,1,100.0,4.0,0.0,0.5,MISC,4654,15611.0,400.0,50.0,45030.0,100.0
b53f9ebd1eeeea726d1dac78,4655,2cbd33b08024,45035.0,59137.0,14102.0,1,1.0,6.0,0.0,1.0,MISC,4655,14102.0,6.0,1.0,45035.0,1.0
b53f9ebd1eeeea726d1dac78,4657,2cbd33b08024,45080.0,92650.0,47570.0,1,1.0,6.0,0.0,1.0,MISC,4657,47570.0,6.0,1.0,45080.0,1.0
4338499d3c24cc35be17b44c,4658,5b1345f03aa1,45082.0,45188.0,106.0,1,1.0,6.0,0.0,1.0,MISC,4658,106.0,6.0,1.0,45082.0,1.0
f2c4b7ef9bca7bf8390f05cd,4659,1480b75a8c96,45145.0,45460.0,315.0,1,1.0,6.0,0.0,1.0,T4,4659,315.0,6.0,1.0,45145.0,1.0
c53b71de236c6e6d453e72af,4661,d9c6154c0e7c,45151.0,50273.0,5122.0,1,1.0,4.0,0.0,1.0,MISC,4661,5122.0,4.0,1.0,45151.0,1.0
9ae9b2a926a0b1a6e4b0945c,4662,05b25af4dd8b,45157.0,45927.0,770.0,1,2.0,18.0,0.0,1.0,MISC,4662,770.0,36.0,2.0,45157.0,2.0
21858ac282f1092bb15f8831,4663,45bd92802aa9,45192.0,45398.0,206.0,1,1.0,6.0,0.0,1.0,T4,4663,206.0,6.0,1.0,45192.0,1.0
8ccb9c9fe88b53537e096dd9,4664,de69ddc1064e,45206.0,45688.0,482.0,1,1.0,6.0,0.0,2.0,MISC,4664,482.0,6.0,2.0,45206.0,1.0
9c6554174b06015a7af561c6,4666,41f97a75a037,45264.0,46250.0,986.0,1,1.0,6.0,0.0,1.0,T4,4666,986.0,6.0,1.0,45264.0,1.0
e8efa65aa22dff1e98ff15d7,4667,b3bfe9b79bb5,45266.0,47928.0,2662.0,1,10.0,2.0,0.0,0.5,MISC,4667,2662.0,20.0,5.0,45266.0,10.0
e14f55e56de8f9e707c8ff95,4668,42aa9724a88c,45266.0,45309.0,43.0,1,1.0,6.0,0.0,1.0,MISC,4668,43.0,6.0,1.0,45266.0,1.0
f17e954e97558148ded21349,4669,c4cbaac9966d,45325.0,45745.0,420.0,1,1.0,10.0,0.0,0.5,T4,4669,420.0,10.0,0.5,45325.0,1.0
f17e954e97558148ded21349,4670,c4cbaac9966d,45325.0,45628.0,303.0,1,1.0,10.0,0.0,0.5,T4,4670,303.0,10.0,0.5,45325.0,1.0
f17e954e97558148ded21349,4671,c4cbaac9966d,45326.0,45619.0,293.0,1,1.0,10.0,0.0,0.5,T4,4671,293.0,10.0,0.5,45326.0,1.0
049570305e6b0ab6aa86bf60,4672,29380421d3fc,45348.0,45392.0,44.0,1,1.0,6.0,0.0,1.0,T4,4672,44.0,6.0,1.0,45348.0,1.0
f17e954e97558148ded21349,4673,c4cbaac9966d,45417.0,46063.0,646.0,1,1.0,10.0,0.0,0.5,T4,4673,646.0,10.0,0.5,45417.0,1.0
f17e954e97558148ded21349,4674,c4cbaac9966d,45419.0,45825.0,406.0,1,1.0,10.0,0.0,0.5,T4,4674,406.0,10.0,0.5,45419.0,1.0
a757f125d866d5722ec3bfc2,4675,3960a1141089,45422.0,46127.0,705.0,1,1.0,6.0,0.0,1.0,MISC,4675,705.0,6.0,1.0,45422.0,1.0
049570305e6b0ab6aa86bf60,4676,29380421d3fc,45453.0,45497.0,44.0,1,1.0,6.0,0.0,1.0,T4,4676,44.0,6.0,1.0,45453.0,1.0
e8efa65aa22dff1e98ff15d7,4678,b3bfe9b79bb5,45484.0,46110.0,626.0,1,25.0,2.0,0.0,0.2,MISC,4678,626.0,50.0,5.0,45484.0,25.0
f2c4b7ef9bca7bf8390f05cd,4679,1480b75a8c96,45486.0,45511.0,25.0,1,1.0,6.0,0.0,1.0,T4,4679,25.0,6.0,1.0,45486.0,1.0
d894fd1af131ed7a296716b5,4680,58540f191766,45512.0,52943.0,7431.0,1,1.0,6.0,0.0,1.0,MISC,4680,7431.0,6.0,1.0,45512.0,1.0
a757f125d866d5722ec3bfc2,4681,3960a1141089,45513.0,46534.0,1021.0,1,1.0,6.0,0.0,0.25,MISC,4681,1021.0,6.0,0.25,45513.0,1.0
d894fd1af131ed7a296716b5,4682,58540f191766,45517.0,49831.0,4314.0,1,1.0,6.0,0.0,1.0,MISC,4682,4314.0,6.0,1.0,45517.0,1.0
d894fd1af131ed7a296716b5,4683,58540f191766,45520.0,49789.0,4269.0,1,1.0,6.0,0.0,1.0,MISC,4683,4269.0,6.0,1.0,45520.0,1.0
d894fd1af131ed7a296716b5,4684,58540f191766,45520.0,49775.0,4255.0,1,1.0,6.0,0.0,1.0,MISC,4684,4255.0,6.0,1.0,45520.0,1.0
d894fd1af131ed7a296716b5,4685,58540f191766,45522.0,49750.0,4228.0,1,1.0,6.0,0.0,1.0,MISC,4685,4228.0,6.0,1.0,45522.0,1.0
d894fd1af131ed7a296716b5,4686,58540f191766,45522.0,49785.0,4263.0,1,1.0,6.0,0.0,1.0,MISC,4686,4263.0,6.0,1.0,45522.0,1.0
d894fd1af131ed7a296716b5,4687,58540f191766,45524.0,49950.0,4426.0,1,1.0,6.0,0.0,1.0,MISC,4687,4426.0,6.0,1.0,45524.0,1.0
d894fd1af131ed7a296716b5,4688,58540f191766,45524.0,49950.0,4426.0,1,1.0,6.0,0.0,1.0,MISC,4688,4426.0,6.0,1.0,45524.0,1.0
d894fd1af131ed7a296716b5,4689,58540f191766,45524.0,51507.0,5983.0,1,1.0,6.0,0.0,1.0,MISC,4689,5983.0,6.0,1.0,45524.0,1.0
d894fd1af131ed7a296716b5,4690,58540f191766,45526.0,49907.0,4381.0,1,1.0,6.0,0.0,1.0,MISC,4690,4381.0,6.0,1.0,45526.0,1.0
d894fd1af131ed7a296716b5,4691,58540f191766,45526.0,49898.0,4372.0,1,1.0,6.0,0.0,1.0,MISC,4691,4372.0,6.0,1.0,45526.0,1.0
d894fd1af131ed7a296716b5,4692,58540f191766,45526.0,50152.0,4626.0,1,1.0,6.0,0.0,1.0,MISC,4692,4626.0,6.0,1.0,45526.0,1.0
d894fd1af131ed7a296716b5,4693,58540f191766,45528.0,49835.0,4307.0,1,1.0,6.0,0.0,1.0,MISC,4693,4307.0,6.0,1.0,45528.0,1.0
d894fd1af131ed7a296716b5,4694,58540f191766,45528.0,49734.0,4206.0,1,1.0,6.0,0.0,1.0,MISC,4694,4206.0,6.0,1.0,45528.0,1.0
d894fd1af131ed7a296716b5,4695,58540f191766,45531.0,49786.0,4255.0,1,1.0,6.0,0.0,1.0,MISC,4695,4255.0,6.0,1.0,45531.0,1.0
d894fd1af131ed7a296716b5,4696,58540f191766,45531.0,49843.0,4312.0,1,1.0,6.0,0.0,1.0,MISC,4696,4312.0,6.0,1.0,45531.0,1.0
d894fd1af131ed7a296716b5,4697,58540f191766,45531.0,49807.0,4276.0,1,1.0,6.0,0.0,1.0,MISC,4697,4276.0,6.0,1.0,45531.0,1.0
d894fd1af131ed7a296716b5,4698,58540f191766,45532.0,49914.0,4382.0,1,1.0,6.0,0.0,1.0,MISC,4698,4382.0,6.0,1.0,45532.0,1.0
d894fd1af131ed7a296716b5,4699,58540f191766,45532.0,49803.0,4271.0,1,1.0,6.0,0.0,1.0,MISC,4699,4271.0,6.0,1.0,45532.0,1.0
d894fd1af131ed7a296716b5,4700,58540f191766,45532.0,49712.0,4180.0,1,1.0,6.0,0.0,1.0,MISC,4700,4180.0,6.0,1.0,45532.0,1.0
d894fd1af131ed7a296716b5,4701,58540f191766,45534.0,50190.0,4656.0,1,1.0,6.0,0.0,1.0,MISC,4701,4656.0,6.0,1.0,45534.0,1.0
d894fd1af131ed7a296716b5,4702,58540f191766,45534.0,49700.0,4166.0,1,1.0,6.0,0.0,1.0,MISC,4702,4166.0,6.0,1.0,45534.0,1.0
d894fd1af131ed7a296716b5,4703,58540f191766,45534.0,49689.0,4155.0,1,1.0,6.0,0.0,1.0,MISC,4703,4155.0,6.0,1.0,45534.0,1.0
d894fd1af131ed7a296716b5,4704,58540f191766,45534.0,50199.0,4665.0,1,1.0,6.0,0.0,1.0,MISC,4704,4665.0,6.0,1.0,45534.0,1.0
d894fd1af131ed7a296716b5,4705,58540f191766,45537.0,49723.0,4186.0,1,1.0,6.0,0.0,1.0,MISC,4705,4186.0,6.0,1.0,45537.0,1.0
d894fd1af131ed7a296716b5,4706,58540f191766,45537.0,49734.0,4197.0,1,1.0,6.0,0.0,1.0,MISC,4706,4197.0,6.0,1.0,45537.0,1.0
d894fd1af131ed7a296716b5,4707,58540f191766,45537.0,49677.0,4140.0,1,1.0,6.0,0.0,1.0,MISC,4707,4140.0,6.0,1.0,45537.0,1.0
e8efa65aa22dff1e98ff15d7,4708,b3bfe9b79bb5,45550.0,67390.0,21840.0,1,60.0,6.0,0.0,0.25,MISC,4708,21840.0,360.0,15.0,45550.0,60.0
8ccb9c9fe88b53537e096dd9,4709,de69ddc1064e,45643.0,45823.0,180.0,1,1.0,6.0,0.0,1.0,MISC,4709,180.0,6.0,1.0,45643.0,1.0
f17e954e97558148ded21349,4711,c4cbaac9966d,45665.0,46074.0,409.0,1,1.0,10.0,0.0,0.5,T4,4711,409.0,10.0,0.5,45665.0,1.0
30185446faeb493c1d55cacd,4712,a8192d6b0ae9,45667.0,45813.0,146.0,1,20.0,8.0,0.0,0.5,MISC,4712,146.0,160.0,10.0,45667.0,20.0
7406fb7653a17ee61e51469d,4713,8b9c03ad79b8,45669.0,45859.0,190.0,1,1.0,6.0,0.0,1.0,MISC,4713,190.0,6.0,1.0,45669.0,1.0
370d0ff708ff362d154f4ddd,4714,0d272edd1705,45689.0,45834.0,145.0,1,1.0,6.0,0.0,1.0,MISC,4714,145.0,6.0,1.0,45689.0,1.0
f17e954e97558148ded21349,4715,c4cbaac9966d,45728.0,46356.0,628.0,1,1.0,10.0,0.0,0.5,T4,4715,628.0,10.0,0.5,45728.0,1.0
8ccb9c9fe88b53537e096dd9,4716,de69ddc1064e,45787.0,46237.0,450.0,1,1.0,6.0,0.0,2.0,MISC,4716,450.0,6.0,2.0,45787.0,1.0
f17e954e97558148ded21349,4717,c4cbaac9966d,45791.0,46246.0,455.0,1,1.0,10.0,0.0,0.5,T4,4717,455.0,10.0,0.5,45791.0,1.0
4338499d3c24cc35be17b44c,4718,5b1345f03aa1,45837.0,45956.0,119.0,1,1.0,6.0,0.0,0.25,MISC,4718,119.0,6.0,0.25,45837.0,1.0
4338499d3c24cc35be17b44c,4719,5b1345f03aa1,45841.0,45998.0,157.0,1,1.0,6.0,0.0,0.25,MISC,4719,157.0,6.0,0.25,45841.0,1.0
30185446faeb493c1d55cacd,4722,a8192d6b0ae9,45899.0,45977.0,78.0,1,30.0,6.0,0.0,1.0,P100,4722,78.0,180.0,30.0,45899.0,30.0
fdca1b26347a096dc8cd73ec,4723,edc10645cc3f,45901.0,48006.0,2105.0,1,15.0,6.0,0.0,0.2,MISC,4723,2105.0,90.0,3.0,45901.0,15.0
d894fd1af131ed7a296716b5,4724,58540f191766,45915.0,64243.0,18328.0,1,1.0,0.2,0.0,0.05,MISC,4724,18328.0,0.2,0.05,45915.0,1.0
d894fd1af131ed7a296716b5,4725,58540f191766,45918.0,64191.0,18273.0,1,1.0,0.2,0.0,0.05,MISC,4725,18273.0,0.2,0.05,45918.0,1.0
d894fd1af131ed7a296716b5,4726,58540f191766,45920.0,64241.0,18321.0,1,1.0,0.2,0.0,0.05,MISC,4726,18321.0,0.2,0.05,45920.0,1.0
d894fd1af131ed7a296716b5,4727,58540f191766,45920.0,62676.0,16756.0,1,1.0,0.2,0.0,0.05,MISC,4727,16756.0,0.2,0.05,45920.0,1.0
d894fd1af131ed7a296716b5,4728,58540f191766,45927.0,74584.0,28657.0,1,1.0,0.2,0.0,0.05,MISC,4728,28657.0,0.2,0.05,45927.0,1.0
d894fd1af131ed7a296716b5,4729,58540f191766,45927.0,75139.0,29212.0,1,1.0,0.2,0.0,0.05,MISC,4729,29212.0,0.2,0.05,45927.0,1.0
d894fd1af131ed7a296716b5,4730,58540f191766,45927.0,75181.0,29254.0,1,1.0,0.2,0.0,0.05,MISC,4730,29254.0,0.2,0.05,45927.0,1.0
f17e954e97558148ded21349,4731,c4cbaac9966d,45929.0,46386.0,457.0,1,1.0,10.0,0.0,0.5,T4,4731,457.0,10.0,0.5,45929.0,1.0
d894fd1af131ed7a296716b5,4732,58540f191766,45929.0,69504.0,23575.0,1,1.0,0.2,0.0,0.05,MISC,4732,23575.0,0.2,0.05,45929.0,1.0
d894fd1af131ed7a296716b5,4733,58540f191766,45929.0,69957.0,24028.0,1,1.0,0.2,0.0,0.05,MISC,4733,24028.0,0.2,0.05,45929.0,1.0
d894fd1af131ed7a296716b5,4734,58540f191766,45929.0,74532.0,28603.0,1,1.0,0.2,0.0,0.05,MISC,4734,28603.0,0.2,0.05,45929.0,1.0
d894fd1af131ed7a296716b5,4735,58540f191766,45929.0,69435.0,23506.0,1,1.0,0.2,0.0,0.05,MISC,4735,23506.0,0.2,0.05,45929.0,1.0
d894fd1af131ed7a296716b5,4736,58540f191766,45929.0,69490.0,23561.0,1,1.0,0.2,0.0,0.05,MISC,4736,23561.0,0.2,0.05,45929.0,1.0
d894fd1af131ed7a296716b5,4737,58540f191766,45931.0,69882.0,23951.0,1,1.0,0.2,0.0,0.05,MISC,4737,23951.0,0.2,0.05,45931.0,1.0
d894fd1af131ed7a296716b5,4738,58540f191766,45931.0,70737.0,24806.0,1,1.0,0.2,0.0,0.05,MISC,4738,24806.0,0.2,0.05,45931.0,1.0
d894fd1af131ed7a296716b5,4739,58540f191766,45931.0,64075.0,18144.0,1,1.0,0.2,0.0,0.05,MISC,4739,18144.0,0.2,0.05,45931.0,1.0
d894fd1af131ed7a296716b5,4740,58540f191766,45932.0,63987.0,18055.0,1,1.0,0.2,0.0,0.05,MISC,4740,18055.0,0.2,0.05,45932.0,1.0
d894fd1af131ed7a296716b5,4741,58540f191766,45934.0,64151.0,18217.0,1,1.0,0.2,0.0,0.05,MISC,4741,18217.0,0.2,0.05,45934.0,1.0
d894fd1af131ed7a296716b5,4742,58540f191766,45936.0,62007.0,16071.0,1,1.0,0.2,0.0,0.05,MISC,4742,16071.0,0.2,0.05,45936.0,1.0
d894fd1af131ed7a296716b5,4743,58540f191766,45937.0,63632.0,17695.0,1,1.0,0.2,0.0,0.05,MISC,4743,17695.0,0.2,0.05,45937.0,1.0
d894fd1af131ed7a296716b5,4744,58540f191766,45941.0,64240.0,18299.0,1,1.0,0.2,0.0,0.05,MISC,4744,18299.0,0.2,0.05,45941.0,1.0
d894fd1af131ed7a296716b5,4745,58540f191766,45941.0,74517.0,28576.0,1,1.0,0.2,0.0,0.05,MISC,4745,28576.0,0.2,0.05,45941.0,1.0
d894fd1af131ed7a296716b5,4746,58540f191766,45941.0,70761.0,24820.0,1,1.0,0.2,0.0,0.05,MISC,4746,24820.0,0.2,0.05,45941.0,1.0
d894fd1af131ed7a296716b5,4747,58540f191766,45942.0,66787.0,20845.0,1,1.0,0.2,0.0,0.05,MISC,4747,20845.0,0.2,0.05,45942.0,1.0
d894fd1af131ed7a296716b5,4748,58540f191766,45942.0,73724.0,27782.0,1,1.0,0.2,0.0,0.05,MISC,4748,27782.0,0.2,0.05,45942.0,1.0
d894fd1af131ed7a296716b5,4749,58540f191766,45942.0,74690.0,28748.0,1,1.0,0.2,0.0,0.05,MISC,4749,28748.0,0.2,0.05,45942.0,1.0
d894fd1af131ed7a296716b5,4750,58540f191766,45943.0,69081.0,23138.0,1,1.0,0.2,0.0,0.05,MISC,4750,23138.0,0.2,0.05,45943.0,1.0
d894fd1af131ed7a296716b5,4751,58540f191766,45943.0,68568.0,22625.0,1,1.0,0.2,0.0,0.05,MISC,4751,22625.0,0.2,0.05,45943.0,1.0
d894fd1af131ed7a296716b5,4752,58540f191766,45943.0,68428.0,22485.0,1,1.0,0.2,0.0,0.05,MISC,4752,22485.0,0.2,0.05,45943.0,1.0
d894fd1af131ed7a296716b5,4753,58540f191766,45943.0,63729.0,17786.0,1,1.0,0.2,0.0,0.05,MISC,4753,17786.0,0.2,0.05,45943.0,1.0
d894fd1af131ed7a296716b5,4754,58540f191766,45944.0,67936.0,21992.0,1,1.0,0.2,0.0,0.05,MISC,4754,21992.0,0.2,0.05,45944.0,1.0
d894fd1af131ed7a296716b5,4755,58540f191766,45946.0,62362.0,16416.0,1,1.0,0.2,0.0,0.05,MISC,4755,16416.0,0.2,0.05,45946.0,1.0
d894fd1af131ed7a296716b5,4756,58540f191766,45948.0,71455.0,25507.0,1,1.0,0.2,0.0,0.05,MISC,4756,25507.0,0.2,0.05,45948.0,1.0
d894fd1af131ed7a296716b5,4757,58540f191766,45950.0,71628.0,25678.0,1,1.0,0.2,0.0,0.05,MISC,4757,25678.0,0.2,0.05,45950.0,1.0
30185446faeb493c1d55cacd,4758,a8192d6b0ae9,45950.0,51042.0,5092.0,1,10.0,18.0,0.0,1.0,MISC,4758,5092.0,180.0,10.0,45950.0,10.0
d894fd1af131ed7a296716b5,4759,58540f191766,45950.0,64024.0,18074.0,1,1.0,0.2,0.0,0.05,MISC,4759,18074.0,0.2,0.05,45950.0,1.0
d894fd1af131ed7a296716b5,4760,58540f191766,45951.0,70388.0,24437.0,1,1.0,0.2,0.0,0.05,MISC,4760,24437.0,0.2,0.05,45951.0,1.0
d894fd1af131ed7a296716b5,4761,58540f191766,45951.0,71115.0,25164.0,1,1.0,0.2,0.0,0.05,MISC,4761,25164.0,0.2,0.05,45951.0,1.0
d894fd1af131ed7a296716b5,4762,58540f191766,45951.0,67341.0,21390.0,1,1.0,0.2,0.0,0.05,MISC,4762,21390.0,0.2,0.05,45951.0,1.0
d894fd1af131ed7a296716b5,4763,58540f191766,45951.0,69761.0,23810.0,1,1.0,0.2,0.0,0.05,MISC,4763,23810.0,0.2,0.05,45951.0,1.0
d894fd1af131ed7a296716b5,4764,58540f191766,45951.0,71076.0,25125.0,1,1.0,0.2,0.0,0.05,MISC,4764,25125.0,0.2,0.05,45951.0,1.0
d894fd1af131ed7a296716b5,4765,58540f191766,45951.0,67361.0,21410.0,1,1.0,0.2,0.0,0.05,MISC,4765,21410.0,0.2,0.05,45951.0,1.0
d894fd1af131ed7a296716b5,4766,58540f191766,45951.0,66307.0,20356.0,1,1.0,0.2,0.0,0.05,MISC,4766,20356.0,0.2,0.05,45951.0,1.0
d894fd1af131ed7a296716b5,4767,58540f191766,45951.0,67355.0,21404.0,1,1.0,0.2,0.0,0.05,MISC,4767,21404.0,0.2,0.05,45951.0,1.0
d894fd1af131ed7a296716b5,4768,58540f191766,45951.0,70783.0,24832.0,1,1.0,0.2,0.0,0.05,MISC,4768,24832.0,0.2,0.05,45951.0,1.0
d894fd1af131ed7a296716b5,4769,58540f191766,45951.0,71384.0,25433.0,1,1.0,0.2,0.0,0.05,MISC,4769,25433.0,0.2,0.05,45951.0,1.0
d894fd1af131ed7a296716b5,4770,58540f191766,45951.0,71515.0,25564.0,1,1.0,0.2,0.0,0.05,MISC,4770,25564.0,0.2,0.05,45951.0,1.0
d894fd1af131ed7a296716b5,4771,58540f191766,45952.0,74973.0,29021.0,1,1.0,0.2,0.0,0.05,MISC,4771,29021.0,0.2,0.05,45952.0,1.0
d894fd1af131ed7a296716b5,4772,58540f191766,45952.0,60534.0,14582.0,1,1.0,0.2,0.0,0.05,MISC,4772,14582.0,0.2,0.05,45952.0,1.0
d894fd1af131ed7a296716b5,4773,58540f191766,45952.0,74726.0,28774.0,1,1.0,0.2,0.0,0.05,MISC,4773,28774.0,0.2,0.05,45952.0,1.0
d894fd1af131ed7a296716b5,4774,58540f191766,45955.0,74889.0,28934.0,1,1.0,0.2,0.0,0.05,MISC,4774,28934.0,0.2,0.05,45955.0,1.0
4338499d3c24cc35be17b44c,4775,5b1345f03aa1,45958.0,46197.0,239.0,1,1.0,6.0,0.0,0.5,MISC,4775,239.0,6.0,0.5,45958.0,1.0
d894fd1af131ed7a296716b5,4776,58540f191766,45965.0,74876.0,28911.0,1,1.0,0.2,0.0,0.05,MISC,4776,28911.0,0.2,0.05,45965.0,1.0
4338499d3c24cc35be17b44c,4778,5b1345f03aa1,45985.0,46035.0,50.0,1,1.0,6.0,0.0,1.0,MISC,4778,50.0,6.0,1.0,45985.0,1.0
fdca1b26347a096dc8cd73ec,4779,edc10645cc3f,46022.0,46378.0,356.0,1,1.0,6.0,0.0,1.0,MISC,4779,356.0,6.0,1.0,46022.0,1.0
7406fb7653a17ee61e51469d,4780,8b9c03ad79b8,46082.0,46276.0,194.0,1,1.0,6.0,0.0,1.0,MISC,4780,194.0,6.0,1.0,46082.0,1.0
dc23e939a661d66cb6f7359e,4782,e016cedec318,46104.0,50194.0,4090.0,1,20.0,2.0,0.0,0.25,MISC,4782,4090.0,40.0,5.0,46104.0,20.0
0381d6db958250b056960f1d,4783,47baba33cffe,46116.0,80841.0,34725.0,1,1.0,6.0,0.0,2.0,T4,4783,34725.0,6.0,2.0,46116.0,1.0
e14f55e56de8f9e707c8ff95,4786,42aa9724a88c,46159.0,46197.0,38.0,1,1.0,6.0,0.0,1.0,MISC,4786,38.0,6.0,1.0,46159.0,1.0
fdca1b26347a096dc8cd73ec,4787,edc10645cc3f,46160.0,48120.0,1960.0,1,15.0,6.0,0.0,0.2,MISC,4787,1960.0,90.0,3.0,46160.0,15.0
f17e954e97558148ded21349,4788,c4cbaac9966d,46162.0,47254.0,1092.0,1,1.0,10.0,0.0,0.5,T4,4788,1092.0,10.0,0.5,46162.0,1.0
f17e954e97558148ded21349,4789,c4cbaac9966d,46164.0,46606.0,442.0,1,1.0,10.0,0.0,0.5,T4,4789,442.0,10.0,0.5,46164.0,1.0
fdca1b26347a096dc8cd73ec,4790,edc10645cc3f,46233.0,49511.0,3278.0,1,10.0,6.0,0.0,0.25,MISC,4790,3278.0,60.0,2.5,46233.0,10.0
d894fd1af131ed7a296716b5,4791,58540f191766,46236.0,58710.0,12474.0,1,1.0,6.0,0.0,0.5,MISC,4791,12474.0,6.0,0.5,46236.0,1.0
e8efa65aa22dff1e98ff15d7,4793,b3bfe9b79bb5,46242.0,47268.0,1026.0,1,30.0,6.0,0.0,0.25,MISC,4793,1026.0,180.0,7.5,46242.0,30.0
d894fd1af131ed7a296716b5,4794,58540f191766,46247.0,57982.0,11735.0,1,1.0,6.0,0.0,0.5,MISC,4794,11735.0,6.0,0.5,46247.0,1.0
d894fd1af131ed7a296716b5,4797,58540f191766,46260.0,58262.0,12002.0,1,1.0,6.0,0.0,0.5,MISC,4797,12002.0,6.0,0.5,46260.0,1.0
d894fd1af131ed7a296716b5,4798,58540f191766,46269.0,59783.0,13514.0,1,1.0,6.0,0.0,0.5,MISC,4798,13514.0,6.0,0.5,46269.0,1.0
d894fd1af131ed7a296716b5,4799,58540f191766,46283.0,59389.0,13106.0,1,1.0,6.0,0.0,0.5,MISC,4799,13106.0,6.0,0.5,46283.0,1.0
4338499d3c24cc35be17b44c,4801,5b1345f03aa1,46295.0,47024.0,729.0,1,50.0,6.0,0.0,0.25,MISC,4801,729.0,300.0,12.5,46295.0,50.0
d894fd1af131ed7a296716b5,4802,58540f191766,46295.0,57857.0,11562.0,1,1.0,6.0,0.0,0.5,MISC,4802,11562.0,6.0,0.5,46295.0,1.0
d894fd1af131ed7a296716b5,4803,58540f191766,46305.0,57962.0,11657.0,1,1.0,6.0,0.0,0.5,MISC,4803,11657.0,6.0,0.5,46305.0,1.0
d894fd1af131ed7a296716b5,4804,58540f191766,46316.0,58653.0,12337.0,1,1.0,6.0,0.0,0.5,MISC,4804,12337.0,6.0,0.5,46316.0,1.0
4fa2a95d7c794171b866dfa5,4807,7203aa95a9af,46325.0,49521.0,3196.0,1,10.0,6.0,0.0,0.25,MISC,4807,3196.0,60.0,2.5,46325.0,10.0
d894fd1af131ed7a296716b5,4808,58540f191766,46326.0,58631.0,12305.0,1,1.0,6.0,0.0,0.5,MISC,4808,12305.0,6.0,0.5,46326.0,1.0
4fa2a95d7c794171b866dfa5,4809,7203aa95a9af,46326.0,85108.0,38782.0,1,10.0,6.0,0.0,0.25,MISC,4809,38782.0,60.0,2.5,46326.0,10.0
d894fd1af131ed7a296716b5,4810,58540f191766,46338.0,58100.0,11762.0,1,1.0,6.0,0.0,0.5,MISC,4810,11762.0,6.0,0.5,46338.0,1.0
8ccb9c9fe88b53537e096dd9,4811,de69ddc1064e,46344.0,46809.0,465.0,1,1.0,6.0,0.0,2.0,MISC,4811,465.0,6.0,2.0,46344.0,1.0
d894fd1af131ed7a296716b5,4812,58540f191766,46348.0,57915.0,11567.0,1,1.0,6.0,0.0,0.5,MISC,4812,11567.0,6.0,0.5,46348.0,1.0
f17e954e97558148ded21349,4813,c4cbaac9966d,46349.0,46657.0,308.0,1,1.0,10.0,0.0,0.5,T4,4813,308.0,10.0,0.5,46349.0,1.0
d894fd1af131ed7a296716b5,4815,58540f191766,46359.0,58239.0,11880.0,1,1.0,6.0,0.0,0.5,MISC,4815,11880.0,6.0,0.5,46359.0,1.0
3995073148156da8994ec8bb,4816,5f4cb64dc693,46360.0,46646.0,286.0,1,1.0,6.0,0.0,1.0,MISC,4816,286.0,6.0,1.0,46360.0,1.0
4fa2a95d7c794171b866dfa5,4817,7203aa95a9af,46360.0,59689.0,13329.0,1,10.0,6.0,0.0,0.25,MISC,4817,13329.0,60.0,2.5,46360.0,10.0
d894fd1af131ed7a296716b5,4818,58540f191766,46368.0,58312.0,11944.0,1,1.0,6.0,0.0,0.5,MISC,4818,11944.0,6.0,0.5,46368.0,1.0
d894fd1af131ed7a296716b5,4819,58540f191766,46380.0,61314.0,14934.0,1,1.0,6.0,0.0,0.5,MISC,4819,14934.0,6.0,0.5,46380.0,1.0
d894fd1af131ed7a296716b5,4820,58540f191766,46389.0,58217.0,11828.0,1,1.0,6.0,0.0,0.5,MISC,4820,11828.0,6.0,0.5,46389.0,1.0
d894fd1af131ed7a296716b5,4821,58540f191766,46400.0,58904.0,12504.0,1,1.0,6.0,0.0,0.5,MISC,4821,12504.0,6.0,0.5,46400.0,1.0
0be3971157d6c504afbc3397,4822,354e3b81c515,46411.0,46437.0,26.0,1,1.0,6.0,0.0,1.0,MISC,4822,26.0,6.0,1.0,46411.0,1.0
d894fd1af131ed7a296716b5,4823,58540f191766,46411.0,58974.0,12563.0,1,1.0,6.0,0.0,0.5,MISC,4823,12563.0,6.0,0.5,46411.0,1.0
d894fd1af131ed7a296716b5,4824,58540f191766,46425.0,58222.0,11797.0,1,1.0,6.0,0.0,0.5,MISC,4824,11797.0,6.0,0.5,46425.0,1.0
d894fd1af131ed7a296716b5,4825,58540f191766,46435.0,59046.0,12611.0,1,1.0,6.0,0.0,0.5,MISC,4825,12611.0,6.0,0.5,46435.0,1.0
f17e954e97558148ded21349,4826,c4cbaac9966d,46444.0,47979.0,1535.0,1,1.0,10.0,0.0,0.5,T4,4826,1535.0,10.0,0.5,46444.0,1.0
d894fd1af131ed7a296716b5,4827,58540f191766,46444.0,58855.0,12411.0,1,1.0,6.0,0.0,0.5,MISC,4827,12411.0,6.0,0.5,46444.0,1.0
d894fd1af131ed7a296716b5,4828,58540f191766,46454.0,58309.0,11855.0,1,1.0,6.0,0.0,0.5,MISC,4828,11855.0,6.0,0.5,46454.0,1.0
d894fd1af131ed7a296716b5,4829,58540f191766,46464.0,58229.0,11765.0,1,1.0,6.0,0.0,0.5,MISC,4829,11765.0,6.0,0.5,46464.0,1.0
d894fd1af131ed7a296716b5,4830,58540f191766,46477.0,58348.0,11871.0,1,1.0,6.0,0.0,0.5,MISC,4830,11871.0,6.0,0.5,46477.0,1.0
d894fd1af131ed7a296716b5,4831,58540f191766,46484.0,58149.0,11665.0,1,1.0,6.0,0.0,0.5,MISC,4831,11665.0,6.0,0.5,46484.0,1.0
d894fd1af131ed7a296716b5,4832,58540f191766,46497.0,58371.0,11874.0,1,1.0,6.0,0.0,0.5,MISC,4832,11874.0,6.0,0.5,46497.0,1.0
30185446faeb493c1d55cacd,4834,a8192d6b0ae9,46505.0,46635.0,130.0,1,30.0,8.0,0.0,1.0,P100,4834,130.0,240.0,30.0,46505.0,30.0
8106728908feb773a53799c5,4835,698d948206d0,46507.0,46790.0,283.0,1,1.0,6.0,0.0,0.25,MISC,4835,283.0,6.0,0.25,46507.0,1.0
f17e954e97558148ded21349,4836,c4cbaac9966d,46509.0,46858.0,349.0,1,1.0,10.0,0.0,0.5,T4,4836,349.0,10.0,0.5,46509.0,1.0
d894fd1af131ed7a296716b5,4837,58540f191766,46510.0,58251.0,11741.0,1,1.0,6.0,0.0,0.5,MISC,4837,11741.0,6.0,0.5,46510.0,1.0
30185446faeb493c1d55cacd,4838,a8192d6b0ae9,46520.0,48635.0,2115.0,1,1.0,6.0,0.0,1.0,MISC,4838,2115.0,6.0,1.0,46520.0,1.0
d894fd1af131ed7a296716b5,4839,58540f191766,46521.0,58408.0,11887.0,1,1.0,6.0,0.0,0.5,MISC,4839,11887.0,6.0,0.5,46521.0,1.0
d894fd1af131ed7a296716b5,4840,58540f191766,46531.0,58276.0,11745.0,1,1.0,6.0,0.0,0.5,MISC,4840,11745.0,6.0,0.5,46531.0,1.0
9ae9b2a926a0b1a6e4b0945c,4841,05b25af4dd8b,46537.0,47309.0,772.0,1,2.0,18.0,0.0,1.0,MISC,4841,772.0,36.0,2.0,46537.0,2.0
7406fb7653a17ee61e51469d,4843,8b9c03ad79b8,46540.0,46728.0,188.0,1,1.0,6.0,0.0,1.0,MISC,4843,188.0,6.0,1.0,46540.0,1.0
30185446faeb493c1d55cacd,4844,a8192d6b0ae9,46541.0,46610.0,69.0,1,20.0,6.0,0.0,1.0,P100,4844,69.0,120.0,20.0,46541.0,20.0
d894fd1af131ed7a296716b5,4845,58540f191766,46542.0,61341.0,14799.0,1,1.0,6.0,0.0,0.5,MISC,4845,14799.0,6.0,0.5,46542.0,1.0
d894fd1af131ed7a296716b5,4846,58540f191766,46556.0,58282.0,11726.0,1,1.0,6.0,0.0,0.5,MISC,4846,11726.0,6.0,0.5,46556.0,1.0
d894fd1af131ed7a296716b5,4847,58540f191766,46570.0,59716.0,13146.0,1,1.0,6.0,0.0,0.5,MISC,4847,13146.0,6.0,0.5,46570.0,1.0
d894fd1af131ed7a296716b5,4848,58540f191766,46579.0,58360.0,11781.0,1,1.0,6.0,0.0,0.5,MISC,4848,11781.0,6.0,0.5,46579.0,1.0
d894fd1af131ed7a296716b5,4849,58540f191766,46590.0,61267.0,14677.0,1,1.0,6.0,0.0,0.5,MISC,4849,14677.0,6.0,0.5,46590.0,1.0
30185446faeb493c1d55cacd,4851,a8192d6b0ae9,46595.0,46920.0,325.0,1,20.0,6.0,0.0,1.0,MISC,4851,325.0,120.0,20.0,46595.0,20.0
d894fd1af131ed7a296716b5,4852,58540f191766,46603.0,58362.0,11759.0,1,1.0,6.0,0.0,0.5,MISC,4852,11759.0,6.0,0.5,46603.0,1.0
d894fd1af131ed7a296716b5,4853,58540f191766,46615.0,58590.0,11975.0,1,1.0,6.0,0.0,0.5,MISC,4853,11975.0,6.0,0.5,46615.0,1.0
d894fd1af131ed7a296716b5,4854,58540f191766,46625.0,58360.0,11735.0,1,1.0,6.0,0.0,0.5,MISC,4854,11735.0,6.0,0.5,46625.0,1.0
d894fd1af131ed7a296716b5,4855,58540f191766,46639.0,58303.0,11664.0,1,1.0,6.0,0.0,0.5,MISC,4855,11664.0,6.0,0.5,46639.0,1.0
d894fd1af131ed7a296716b5,4857,58540f191766,46650.0,58496.0,11846.0,1,1.0,6.0,0.0,0.5,MISC,4857,11846.0,6.0,0.5,46650.0,1.0
fdca1b26347a096dc8cd73ec,4858,edc10645cc3f,46651.0,49195.0,2544.0,1,10.0,6.0,0.0,0.25,MISC,4858,2544.0,60.0,2.5,46651.0,10.0
d894fd1af131ed7a296716b5,4859,58540f191766,46669.0,58095.0,11426.0,1,1.0,6.0,0.0,0.5,MISC,4859,11426.0,6.0,0.5,46669.0,1.0
d894fd1af131ed7a296716b5,4860,58540f191766,46680.0,58215.0,11535.0,1,1.0,6.0,0.0,0.5,MISC,4860,11535.0,6.0,0.5,46680.0,1.0
f17e954e97558148ded21349,4861,c4cbaac9966d,46689.0,47129.0,440.0,1,1.0,10.0,0.0,0.5,T4,4861,440.0,10.0,0.5,46689.0,1.0
d894fd1af131ed7a296716b5,4862,58540f191766,46691.0,58938.0,12247.0,1,1.0,6.0,0.0,0.5,MISC,4862,12247.0,6.0,0.5,46691.0,1.0
d894fd1af131ed7a296716b5,4864,58540f191766,46702.0,58638.0,11936.0,1,1.0,6.0,0.0,0.5,MISC,4864,11936.0,6.0,0.5,46702.0,1.0
d894fd1af131ed7a296716b5,4865,58540f191766,46714.0,61309.0,14595.0,1,1.0,6.0,0.0,0.5,MISC,4865,14595.0,6.0,0.5,46714.0,1.0
1484051e2875d76bc27495f6,4866,2d415d162cd1,46714.0,81699.0,34985.0,1,20.0,6.0,0.0,0.25,MISC,4866,34985.0,120.0,5.0,46714.0,20.0
d894fd1af131ed7a296716b5,4867,58540f191766,46723.0,58239.0,11516.0,1,1.0,6.0,0.0,0.5,MISC,4867,11516.0,6.0,0.5,46723.0,1.0
fdca1b26347a096dc8cd73ec,4868,edc10645cc3f,46723.0,49114.0,2391.0,1,10.0,6.0,0.0,0.25,MISC,4868,2391.0,60.0,2.5,46723.0,10.0
d894fd1af131ed7a296716b5,4869,58540f191766,46736.0,58503.0,11767.0,1,1.0,6.0,0.0,0.5,MISC,4869,11767.0,6.0,0.5,46736.0,1.0
d894fd1af131ed7a296716b5,4870,58540f191766,46746.0,58405.0,11659.0,1,1.0,6.0,0.0,0.5,MISC,4870,11659.0,6.0,0.5,46746.0,1.0
f17e954e97558148ded21349,4871,c4cbaac9966d,46751.0,47103.0,352.0,1,1.0,10.0,0.0,0.5,T4,4871,352.0,10.0,0.5,46751.0,1.0
d894fd1af131ed7a296716b5,4872,58540f191766,46756.0,58938.0,12182.0,1,1.0,6.0,0.0,0.5,MISC,4872,12182.0,6.0,0.5,46756.0,1.0
d894fd1af131ed7a296716b5,4873,58540f191766,46766.0,59870.0,13104.0,1,1.0,6.0,0.0,0.5,MISC,4873,13104.0,6.0,0.5,46766.0,1.0
d894fd1af131ed7a296716b5,4874,58540f191766,46779.0,60377.0,13598.0,1,1.0,6.0,0.0,0.5,MISC,4874,13598.0,6.0,0.5,46779.0,1.0
30185446faeb493c1d55cacd,4875,a8192d6b0ae9,46829.0,47002.0,173.0,1,1.0,6.0,0.0,1.0,MISC,4875,173.0,6.0,1.0,46829.0,1.0
0381d6db958250b056960f1d,4877,47baba33cffe,46833.0,46866.0,33.0,1,20.0,6.0,0.0,0.5,T4,4877,33.0,120.0,10.0,46833.0,20.0
be3edda1d9c0ed26898d63a6,4878,e2ceaece17db,46854.0,47232.0,378.0,1,1.0,6.0,0.0,1.0,MISC,4878,378.0,6.0,1.0,46854.0,1.0
4338499d3c24cc35be17b44c,4880,5b1345f03aa1,46893.0,46931.0,38.0,1,1.0,6.0,0.0,1.0,MISC,4880,38.0,6.0,1.0,46893.0,1.0
30185446faeb493c1d55cacd,4881,a8192d6b0ae9,46913.0,46952.0,39.0,1,1.0,6.0,0.0,1.0,MISC,4881,39.0,6.0,1.0,46913.0,1.0
f17e954e97558148ded21349,4882,c4cbaac9966d,46937.0,47938.0,1001.0,1,1.0,10.0,0.0,0.5,T4,4882,1001.0,10.0,0.5,46937.0,1.0
8ccb9c9fe88b53537e096dd9,4884,de69ddc1064e,46943.0,47361.0,418.0,1,1.0,6.0,0.0,2.0,MISC,4884,418.0,6.0,2.0,46943.0,1.0
e8efa65aa22dff1e98ff15d7,4885,b3bfe9b79bb5,46945.0,48236.0,1291.0,1,50.0,4.0,0.0,0.25,MISC,4885,1291.0,200.0,12.5,46945.0,50.0
f2c4b7ef9bca7bf8390f05cd,4886,1480b75a8c96,46967.0,47292.0,325.0,1,1.0,6.0,0.0,1.0,T4,4886,325.0,6.0,1.0,46967.0,1.0
4338499d3c24cc35be17b44c,4887,5b1345f03aa1,47019.0,47173.0,154.0,1,1.0,6.0,0.0,1.0,MISC,4887,154.0,6.0,1.0,47019.0,1.0
0381d6db958250b056960f1d,4888,47baba33cffe,47061.0,47208.0,147.0,1,1.0,6.0,0.0,2.0,T4,4888,147.0,6.0,2.0,47061.0,1.0
7406fb7653a17ee61e51469d,4889,8b9c03ad79b8,47063.0,47265.0,202.0,1,1.0,6.0,0.0,1.0,MISC,4889,202.0,6.0,1.0,47063.0,1.0
4338499d3c24cc35be17b44c,4890,5b1345f03aa1,47073.0,48170.0,1097.0,1,1.0,6.0,0.0,1.0,MISC,4890,1097.0,6.0,1.0,47073.0,1.0
0381d6db958250b056960f1d,4891,47baba33cffe,47079.0,47336.0,257.0,1,1.0,6.0,0.0,2.0,T4,4891,257.0,6.0,2.0,47079.0,1.0
0381d6db958250b056960f1d,4892,47baba33cffe,47081.0,47347.0,266.0,1,1.0,6.0,0.0,2.0,T4,4892,266.0,6.0,2.0,47081.0,1.0
4338499d3c24cc35be17b44c,4893,5b1345f03aa1,47088.0,47907.0,819.0,1,1.0,6.0,0.0,1.0,MISC,4893,819.0,6.0,1.0,47088.0,1.0
845ebc87e40bad0db5b37e26,4894,f14128db0160,47095.0,47161.0,66.0,1,1.0,6.0,0.0,2.0,MISC,4894,66.0,6.0,2.0,47095.0,1.0
4338499d3c24cc35be17b44c,4895,5b1345f03aa1,47103.0,48119.0,1016.0,1,1.0,6.0,0.0,1.0,MISC,4895,1016.0,6.0,1.0,47103.0,1.0
4338499d3c24cc35be17b44c,4896,5b1345f03aa1,47119.0,48070.0,951.0,1,1.0,6.0,0.0,1.0,MISC,4896,951.0,6.0,1.0,47119.0,1.0
4338499d3c24cc35be17b44c,4897,5b1345f03aa1,47134.0,48049.0,915.0,1,1.0,6.0,0.0,1.0,MISC,4897,915.0,6.0,1.0,47134.0,1.0
e8efa65aa22dff1e98ff15d7,4899,b3bfe9b79bb5,47148.0,52265.0,5117.0,1,50.0,8.0,0.0,0.5,P100,4899,5117.0,400.0,25.0,47148.0,50.0
0be3971157d6c504afbc3397,4900,354e3b81c515,47151.0,47173.0,22.0,1,1.0,6.0,0.0,1.0,MISC,4900,22.0,6.0,1.0,47151.0,1.0
0381d6db958250b056960f1d,4901,47baba33cffe,47163.0,52455.0,5292.0,1,1.0,6.0,0.0,2.0,T4,4901,5292.0,6.0,2.0,47163.0,1.0
4fa2a95d7c794171b866dfa5,4903,7203aa95a9af,47180.0,47385.0,205.0,1,1.0,6.0,0.0,0.25,MISC,4903,205.0,6.0,0.25,47180.0,1.0
f17e954e97558148ded21349,4904,c4cbaac9966d,47185.0,47480.0,295.0,1,1.0,10.0,0.0,0.5,T4,4904,295.0,10.0,0.5,47185.0,1.0
4338499d3c24cc35be17b44c,4905,5b1345f03aa1,47208.0,47327.0,119.0,1,1.0,6.0,0.0,0.25,MISC,4905,119.0,6.0,0.25,47208.0,1.0
e14f55e56de8f9e707c8ff95,4906,42aa9724a88c,47232.0,47293.0,61.0,1,1.0,6.0,0.0,1.0,MISC,4906,61.0,6.0,1.0,47232.0,1.0
f17e954e97558148ded21349,4907,c4cbaac9966d,47255.0,47638.0,383.0,1,1.0,10.0,0.0,0.5,T4,4907,383.0,10.0,0.5,47255.0,1.0
d894fd1af131ed7a296716b5,4908,58540f191766,47271.0,59276.0,12005.0,1,1.0,6.0,0.0,0.5,MISC,4908,12005.0,6.0,0.5,47271.0,1.0
f2c4b7ef9bca7bf8390f05cd,4909,1480b75a8c96,47321.0,47345.0,24.0,1,1.0,6.0,0.0,1.0,T4,4909,24.0,6.0,1.0,47321.0,1.0
f17e954e97558148ded21349,4910,c4cbaac9966d,47349.0,47755.0,406.0,1,1.0,10.0,0.0,0.5,T4,4910,406.0,10.0,0.5,47349.0,1.0
6c3063994722f1e538b28a1a,4912,d7052eeddab7,47351.0,48525.0,1174.0,1,5.0,6.0,0.0,1.0,MISC,4912,1174.0,30.0,5.0,47351.0,5.0
3e5fb00bf43aa67ee5c2b6d5,4913,f134c9ec05e3,47388.0,47578.0,190.0,1,1.0,6.0,0.0,0.5,MISC,4913,190.0,6.0,0.5,47388.0,1.0
8ccb9c9fe88b53537e096dd9,4914,de69ddc1064e,47457.0,47866.0,409.0,1,1.0,6.0,0.0,2.0,MISC,4914,409.0,6.0,2.0,47457.0,1.0
30185446faeb493c1d55cacd,4915,a8192d6b0ae9,47524.0,50674.0,3150.0,1,1.0,6.0,0.0,1.0,MISC,4915,3150.0,6.0,1.0,47524.0,1.0
e8efa65aa22dff1e98ff15d7,4917,b3bfe9b79bb5,47534.0,48978.0,1444.0,1,30.0,6.0,0.0,0.25,MISC,4917,1444.0,180.0,7.5,47534.0,30.0
7406fb7653a17ee61e51469d,4918,8b9c03ad79b8,47562.0,47747.0,185.0,1,1.0,6.0,0.0,1.0,MISC,4918,185.0,6.0,1.0,47562.0,1.0
f17e954e97558148ded21349,4919,c4cbaac9966d,47573.0,48000.0,427.0,1,1.0,10.0,0.0,0.5,T4,4919,427.0,10.0,0.5,47573.0,1.0
bf93958162c6935138d0600a,4921,e92c26530fa7,47609.0,47686.0,77.0,1,1.0,6.0,0.0,0.25,MISC,4921,77.0,6.0,0.25,47609.0,1.0
4338499d3c24cc35be17b44c,4922,5b1345f03aa1,47639.0,48722.0,1083.0,1,1.0,6.0,0.0,1.0,MISC,4922,1083.0,6.0,1.0,47639.0,1.0
07a7440f33d2bfb59804064b,4923,9cc55781f4a6,47661.0,83209.0,35548.0,1,1.0,6.0,0.0,0.5,T4,4923,35548.0,6.0,0.5,47661.0,1.0
0381d6db958250b056960f1d,4924,47baba33cffe,47667.0,81494.0,33827.0,1,1.0,6.0,0.0,0.25,T4,4924,33827.0,6.0,0.25,47667.0,1.0
845ebc87e40bad0db5b37e26,4925,f14128db0160,47695.0,47836.0,141.0,1,1.0,6.0,0.0,2.0,MISC,4925,141.0,6.0,2.0,47695.0,1.0
f17e954e97558148ded21349,4926,c4cbaac9966d,47725.0,48140.0,415.0,1,1.0,10.0,0.0,0.5,T4,4926,415.0,10.0,0.5,47725.0,1.0
8ccb9c9fe88b53537e096dd9,4928,de69ddc1064e,47731.0,51209.0,3478.0,1,4.0,6.0,0.0,0.25,MISC,4928,3478.0,24.0,1.0,47731.0,4.0
1484051e2875d76bc27495f6,4930,2d415d162cd1,47734.0,48160.0,426.0,1,1.0,6.0,0.0,1.0,MISC,4930,426.0,6.0,1.0,47734.0,1.0
64b90ff6fc4ed453909d6918,4931,9e3ba63c4d34,47736.0,47769.0,33.0,1,40.0,6.0,0.0,0.25,T4,4931,33.0,240.0,10.0,47736.0,40.0
2fe46f64538b8943a9882bab,4932,c677a0acf7c0,47744.0,51402.0,3658.0,1,5.0,2.0,0.0,1.0,MISC,4932,3658.0,10.0,5.0,47744.0,5.0
4338499d3c24cc35be17b44c,4934,5b1345f03aa1,47772.0,47815.0,43.0,1,1.0,6.0,0.0,1.0,MISC,4934,43.0,6.0,1.0,47772.0,1.0
bf93958162c6935138d0600a,4937,e92c26530fa7,47805.0,47918.0,113.0,1,1.0,6.0,0.0,0.25,MISC,4937,113.0,6.0,0.25,47805.0,1.0
f17e954e97558148ded21349,4938,c4cbaac9966d,47823.0,48194.0,371.0,1,1.0,10.0,0.0,0.5,T4,4938,371.0,10.0,0.5,47823.0,1.0
0be3971157d6c504afbc3397,4939,354e3b81c515,47886.0,47906.0,20.0,1,1.0,6.0,0.0,1.0,MISC,4939,20.0,6.0,1.0,47886.0,1.0
2fe46f64538b8943a9882bab,4941,c677a0acf7c0,47894.0,67209.0,19315.0,1,40.0,3.0,0.0,0.25,MISC,4941,19315.0,120.0,10.0,47894.0,40.0
9ae9b2a926a0b1a6e4b0945c,4942,05b25af4dd8b,47903.0,48688.0,785.0,1,2.0,18.0,0.0,1.0,MISC,4942,785.0,36.0,2.0,47903.0,2.0
e14f55e56de8f9e707c8ff95,4943,42aa9724a88c,47930.0,47987.0,57.0,1,1.0,6.0,0.0,1.0,MISC,4943,57.0,6.0,1.0,47930.0,1.0
8ccb9c9fe88b53537e096dd9,4944,de69ddc1064e,47960.0,48321.0,361.0,1,1.0,6.0,0.0,2.0,MISC,4944,361.0,6.0,2.0,47960.0,1.0
64b90ff6fc4ed453909d6918,4946,9e3ba63c4d34,47970.0,48015.0,45.0,1,40.0,6.0,0.0,0.25,T4,4946,45.0,240.0,10.0,47970.0,40.0
0be3971157d6c504afbc3397,4947,354e3b81c515,47972.0,48012.0,40.0,1,1.0,6.0,0.0,1.0,MISC,4947,40.0,6.0,1.0,47972.0,1.0
7406fb7653a17ee61e51469d,4948,8b9c03ad79b8,47973.0,48169.0,196.0,1,1.0,6.0,0.0,1.0,MISC,4948,196.0,6.0,1.0,47973.0,1.0
f17e954e97558148ded21349,4949,c4cbaac9966d,48003.0,48354.0,351.0,1,1.0,10.0,0.0,0.5,T4,4949,351.0,10.0,0.5,48003.0,1.0
8ccb9c9fe88b53537e096dd9,4951,de69ddc1064e,48024.0,57081.0,9057.0,1,4.0,6.0,0.0,0.25,MISC,4951,9057.0,24.0,1.0,48024.0,4.0
4c63a741106edc46bc1729dd,4952,18febf35d3a1,48030.0,48299.0,269.0,1,1.0,6.0,0.0,1.0,MISC,4952,269.0,6.0,1.0,48030.0,1.0
30185446faeb493c1d55cacd,4953,a8192d6b0ae9,48033.0,68472.0,20439.0,1,1.0,6.0,0.0,0.25,MISC,4953,20439.0,6.0,0.25,48033.0,1.0
f17e954e97558148ded21349,4954,c4cbaac9966d,48066.0,48599.0,533.0,1,1.0,10.0,0.0,0.5,T4,4954,533.0,10.0,0.5,48066.0,1.0
bf93958162c6935138d0600a,4955,e92c26530fa7,48067.0,48108.0,41.0,1,1.0,6.0,0.0,1.0,MISC,4955,41.0,6.0,1.0,48067.0,1.0
f17e954e97558148ded21349,4956,c4cbaac9966d,48068.0,49545.0,1477.0,1,1.0,10.0,0.0,0.5,T4,4956,1477.0,10.0,0.5,48068.0,1.0
1ccc18d7d13073b642b3a016,4958,d4d51aca8806,48091.0,51223.0,3132.0,1,25.0,6.0,0.0,0.25,T4,4958,3132.0,150.0,6.25,48091.0,25.0
4d8fee7f10bd7edbb75b96b3,4959,b2c52019b2c6,48099.0,48118.0,19.0,1,1.0,6.0,0.0,1.0,MISC,4959,19.0,6.0,1.0,48099.0,1.0
8ccb9c9fe88b53537e096dd9,4961,de69ddc1064e,48115.0,55991.0,7876.0,1,8.0,6.0,0.0,0.25,MISC,4961,7876.0,48.0,2.0,48115.0,8.0
4d8fee7f10bd7edbb75b96b3,4962,b2c52019b2c6,48147.0,48501.0,354.0,1,1.0,6.0,0.0,1.0,MISC,4962,354.0,6.0,1.0,48147.0,1.0
a757f125d866d5722ec3bfc2,4963,3960a1141089,48153.0,48843.0,690.0,1,1.0,6.0,0.0,1.0,MISC,4963,690.0,6.0,1.0,48153.0,1.0
f17e954e97558148ded21349,4964,c4cbaac9966d,48189.0,48528.0,339.0,1,1.0,10.0,0.0,0.5,T4,4964,339.0,10.0,0.5,48189.0,1.0
1484051e2875d76bc27495f6,4965,2d415d162cd1,48198.0,51574.0,3376.0,1,1.0,6.0,0.0,1.0,MISC,4965,3376.0,6.0,1.0,48198.0,1.0
f17e954e97558148ded21349,4966,c4cbaac9966d,48199.0,48350.0,151.0,1,1.0,10.0,0.0,0.5,T4,4966,151.0,10.0,0.5,48199.0,1.0
3995073148156da8994ec8bb,4967,5f4cb64dc693,48211.0,48390.0,179.0,1,1.0,6.0,0.0,1.0,MISC,4967,179.0,6.0,1.0,48211.0,1.0
f17e954e97558148ded21349,4968,c4cbaac9966d,48255.0,48592.0,337.0,1,1.0,10.0,0.0,0.5,T4,4968,337.0,10.0,0.5,48255.0,1.0
4338499d3c24cc35be17b44c,4969,5b1345f03aa1,48283.0,49095.0,812.0,1,50.0,10.0,0.0,0.25,MISC,4969,812.0,500.0,12.5,48283.0,50.0
64b90ff6fc4ed453909d6918,4972,9e3ba63c4d34,48303.0,48338.0,35.0,1,40.0,6.0,0.0,0.25,T4,4972,35.0,240.0,10.0,48303.0,40.0
1ccc18d7d13073b642b3a016,4974,d4d51aca8806,48340.0,52290.0,3950.0,1,25.0,6.0,0.0,0.25,T4,4974,3950.0,150.0,6.25,48340.0,25.0
9ae9b2a926a0b1a6e4b0945c,4975,05b25af4dd8b,48352.0,48593.0,241.0,1,1.0,6.0,0.0,0.25,MISC,4975,241.0,6.0,0.25,48352.0,1.0
f17e954e97558148ded21349,4976,c4cbaac9966d,48353.0,48485.0,132.0,1,1.0,10.0,0.0,0.5,T4,4976,132.0,10.0,0.5,48353.0,1.0
1ccc18d7d13073b642b3a016,4978,d4d51aca8806,48373.0,52068.0,3695.0,1,25.0,6.0,0.0,0.25,T4,4978,3695.0,150.0,6.25,48373.0,25.0
4c63a741106edc46bc1729dd,4979,18febf35d3a1,48400.0,48884.0,484.0,1,1.0,6.0,0.0,1.0,MISC,4979,484.0,6.0,1.0,48400.0,1.0
8ccb9c9fe88b53537e096dd9,4980,de69ddc1064e,48414.0,48824.0,410.0,1,1.0,6.0,0.0,2.0,MISC,4980,410.0,6.0,2.0,48414.0,1.0
7406fb7653a17ee61e51469d,4981,8b9c03ad79b8,48436.0,48617.0,181.0,1,1.0,6.0,0.0,1.0,MISC,4981,181.0,6.0,1.0,48436.0,1.0
f17e954e97558148ded21349,4982,c4cbaac9966d,48439.0,48856.0,417.0,1,1.0,10.0,0.0,0.5,T4,4982,417.0,10.0,0.5,48439.0,1.0
1ccc18d7d13073b642b3a016,4984,d4d51aca8806,48444.0,53095.0,4651.0,1,25.0,6.0,0.0,0.25,T4,4984,4651.0,150.0,6.25,48444.0,25.0
07a7440f33d2bfb59804064b,4985,9cc55781f4a6,48499.0,50693.0,2194.0,1,1.0,6.0,0.0,0.25,T4,4985,2194.0,6.0,0.25,48499.0,1.0
21858ac282f1092bb15f8831,4986,45bd92802aa9,48501.0,48535.0,34.0,1,1.0,6.0,0.0,1.0,T4,4986,34.0,6.0,1.0,48501.0,1.0
8ccb9c9fe88b53537e096dd9,4989,de69ddc1064e,48509.0,71160.0,22651.0,1,4.0,6.0,0.0,0.25,MISC,4989,22651.0,24.0,1.0,48509.0,4.0
1ccc18d7d13073b642b3a016,4990,d4d51aca8806,48512.0,52514.0,4002.0,1,25.0,6.0,0.0,0.25,T4,4990,4002.0,150.0,6.25,48512.0,25.0
1ccc18d7d13073b642b3a016,4992,d4d51aca8806,48533.0,51772.0,3239.0,1,25.0,6.0,0.0,0.25,T4,4992,3239.0,150.0,6.25,48533.0,25.0
4d8fee7f10bd7edbb75b96b3,4994,b2c52019b2c6,48547.0,50770.0,2223.0,1,10.0,4.0,0.0,0.25,MISC,4994,2223.0,40.0,2.5,48547.0,10.0
4338499d3c24cc35be17b44c,4995,5b1345f03aa1,48601.0,48743.0,142.0,1,1.0,6.0,0.0,0.25,MISC,4995,142.0,6.0,0.25,48601.0,1.0
4338499d3c24cc35be17b44c,4996,5b1345f03aa1,48611.0,48810.0,199.0,1,1.0,6.0,0.0,0.25,MISC,4996,199.0,6.0,0.25,48611.0,1.0
f17e954e97558148ded21349,4997,c4cbaac9966d,48626.0,48949.0,323.0,1,1.0,10.0,0.0,0.5,T4,4997,323.0,10.0,0.5,48626.0,1.0
4338499d3c24cc35be17b44c,4998,5b1345f03aa1,48650.0,48914.0,264.0,1,1.0,6.0,0.0,0.5,MISC,4998,264.0,6.0,0.5,48650.0,1.0
1ccc18d7d13073b642b3a016,5000,d4d51aca8806,48655.0,52239.0,3584.0,1,25.0,6.0,0.0,0.25,T4,5000,3584.0,150.0,6.25,48655.0,25.0
28dbedeb830a7a6ebc9dcdb7,5001,c9e676ebc7ef,48659.0,49468.0,809.0,1,2.0,6.0,0.0,0.25,T4,5001,809.0,12.0,0.5,48659.0,2.0
f17e954e97558148ded21349,5002,c4cbaac9966d,48688.0,49189.0,501.0,1,1.0,10.0,0.0,0.5,T4,5002,501.0,10.0,0.5,48688.0,1.0
f17e954e97558148ded21349,5003,c4cbaac9966d,48688.0,49112.0,424.0,1,1.0,10.0,0.0,0.5,T4,5003,424.0,10.0,0.5,48688.0,1.0
1ccc18d7d13073b642b3a016,5005,d4d51aca8806,48699.0,55808.0,7109.0,1,25.0,6.0,0.0,0.25,T4,5005,7109.0,150.0,6.25,48699.0,25.0
21858ac282f1092bb15f8831,5008,45bd92802aa9,48710.0,48906.0,196.0,1,1.0,6.0,0.0,1.0,T4,5008,196.0,6.0,1.0,48710.0,1.0
4338499d3c24cc35be17b44c,5009,5b1345f03aa1,48710.0,48763.0,53.0,1,1.0,6.0,0.0,1.0,MISC,5009,53.0,6.0,1.0,48710.0,1.0
1ccc18d7d13073b642b3a016,5010,d4d51aca8806,48711.0,59250.0,10539.0,1,12.0,6.0,0.0,0.25,T4,5010,10539.0,72.0,3.0,48711.0,12.0
1ccc18d7d13073b642b3a016,5012,d4d51aca8806,48746.0,52656.0,3910.0,1,25.0,6.0,0.0,0.25,T4,5012,3910.0,150.0,6.25,48746.0,25.0
f2c4b7ef9bca7bf8390f05cd,5013,1480b75a8c96,48747.0,49073.0,326.0,1,1.0,6.0,0.0,1.0,T4,5013,326.0,6.0,1.0,48747.0,1.0
1ccc18d7d13073b642b3a016,5015,d4d51aca8806,48752.0,52908.0,4156.0,1,25.0,6.0,0.0,0.25,T4,5015,4156.0,150.0,6.25,48752.0,25.0
0be3971157d6c504afbc3397,5016,354e3b81c515,48760.0,48793.0,33.0,1,1.0,6.0,0.0,1.0,MISC,5016,33.0,6.0,1.0,48760.0,1.0
9ae9b2a926a0b1a6e4b0945c,5018,05b25af4dd8b,48807.0,48853.0,46.0,1,1.0,6.0,0.0,1.0,MISC,5018,46.0,6.0,1.0,48807.0,1.0
1ccc18d7d13073b642b3a016,5019,d4d51aca8806,48807.0,52886.0,4079.0,1,25.0,6.0,0.0,0.25,T4,5019,4079.0,150.0,6.25,48807.0,25.0
5f08422e14b305e0630fa12c,5020,57857b193e49,48836.0,48931.0,95.0,1,1.0,6.0,0.0,1.0,T4,5020,95.0,6.0,1.0,48836.0,1.0
4338499d3c24cc35be17b44c,5021,5b1345f03aa1,48840.0,48874.0,34.0,1,1.0,6.0,0.0,0.25,MISC,5021,34.0,6.0,0.25,48840.0,1.0
9c6554174b06015a7af561c6,5022,41f97a75a037,48864.0,48919.0,55.0,1,1.0,6.0,0.0,1.0,T4,5022,55.0,6.0,1.0,48864.0,1.0
e14f55e56de8f9e707c8ff95,5023,42aa9724a88c,48884.0,48944.0,60.0,1,1.0,6.0,0.0,1.0,MISC,5023,60.0,6.0,1.0,48884.0,1.0
9c45edf7ebd516b3981e373e,5024,f069fcd1e145,48910.0,49362.0,452.0,1,10.0,6.0,0.0,1.0,MISC,5024,452.0,60.0,10.0,48910.0,10.0
049570305e6b0ab6aa86bf60,5025,29380421d3fc,48923.0,48968.0,45.0,1,1.0,6.0,0.0,1.0,T4,5025,45.0,6.0,1.0,48923.0,1.0
8ccb9c9fe88b53537e096dd9,5026,de69ddc1064e,48925.0,49287.0,362.0,1,1.0,6.0,0.0,2.0,MISC,5026,362.0,6.0,2.0,48925.0,1.0
7406fb7653a17ee61e51469d,5027,8b9c03ad79b8,48937.0,49129.0,192.0,1,1.0,6.0,0.0,1.0,MISC,5027,192.0,6.0,1.0,48937.0,1.0
1ccc18d7d13073b642b3a016,5029,d4d51aca8806,48941.0,53551.0,4610.0,1,25.0,6.0,0.0,0.25,T4,5029,4610.0,150.0,6.25,48941.0,25.0
1ccc18d7d13073b642b3a016,5031,d4d51aca8806,48959.0,52969.0,4010.0,1,25.0,6.0,0.0,0.25,T4,5031,4010.0,150.0,6.25,48959.0,25.0
68bc0012041a2bb6693892ea,5033,3e9c6f593cb6,48968.0,49044.0,76.0,1,1.0,6.0,0.0,1.0,MISC,5033,76.0,6.0,1.0,48968.0,1.0
f17e954e97558148ded21349,5034,c4cbaac9966d,48969.0,49238.0,269.0,1,1.0,10.0,0.0,0.5,T4,5034,269.0,10.0,0.5,48969.0,1.0
1ccc18d7d13073b642b3a016,5038,d4d51aca8806,49004.0,53326.0,4322.0,1,25.0,6.0,0.0,0.25,T4,5038,4322.0,150.0,6.25,49004.0,25.0
049570305e6b0ab6aa86bf60,5039,29380421d3fc,49010.0,49055.0,45.0,1,1.0,6.0,0.0,1.0,T4,5039,45.0,6.0,1.0,49010.0,1.0
1ccc18d7d13073b642b3a016,5041,d4d51aca8806,49028.0,56321.0,7293.0,1,25.0,6.0,0.0,0.25,T4,5041,7293.0,150.0,6.25,49028.0,25.0
f17e954e97558148ded21349,5042,c4cbaac9966d,49029.0,49404.0,375.0,1,1.0,10.0,0.0,0.5,T4,5042,375.0,10.0,0.5,49029.0,1.0
1ccc18d7d13073b642b3a016,5044,d4d51aca8806,49045.0,53193.0,4148.0,1,25.0,6.0,0.0,0.25,T4,5044,4148.0,150.0,6.25,49045.0,25.0
4d8fee7f10bd7edbb75b96b3,5046,b2c52019b2c6,49073.0,50213.0,1140.0,1,20.0,3.0,0.0,0.25,MISC,5046,1140.0,60.0,5.0,49073.0,20.0
f2c4b7ef9bca7bf8390f05cd,5047,1480b75a8c96,49102.0,50056.0,954.0,1,1.0,6.0,0.0,1.0,T4,5047,954.0,6.0,1.0,49102.0,1.0
1ccc18d7d13073b642b3a016,5049,d4d51aca8806,49109.0,53498.0,4389.0,1,25.0,6.0,0.0,0.25,T4,5049,4389.0,150.0,6.25,49109.0,25.0
64b90ff6fc4ed453909d6918,5051,9e3ba63c4d34,49129.0,49678.0,549.0,1,10.0,6.0,0.0,0.25,T4,5051,549.0,60.0,2.5,49129.0,10.0
4338499d3c24cc35be17b44c,5052,5b1345f03aa1,49133.0,49295.0,162.0,1,1.0,6.0,0.0,1.0,MISC,5052,162.0,6.0,1.0,49133.0,1.0
1ccc18d7d13073b642b3a016,5054,d4d51aca8806,49161.0,53986.0,4825.0,1,25.0,6.0,0.0,0.25,T4,5054,4825.0,150.0,6.25,49161.0,25.0
fdca1b26347a096dc8cd73ec,5056,edc10645cc3f,49198.0,75349.0,26151.0,1,10.0,6.0,0.0,0.25,MISC,5056,26151.0,60.0,2.5,49198.0,10.0
4d8fee7f10bd7edbb75b96b3,5058,b2c52019b2c6,49216.0,60214.0,10998.0,1,10.0,6.0,0.0,0.25,MISC,5058,10998.0,60.0,2.5,49216.0,10.0
f17e954e97558148ded21349,5059,c4cbaac9966d,49216.0,49976.0,760.0,1,1.0,10.0,0.0,0.5,T4,5059,760.0,10.0,0.5,49216.0,1.0
f17e954e97558148ded21349,5060,c4cbaac9966d,49278.0,49559.0,281.0,1,1.0,10.0,0.0,0.5,T4,5060,281.0,10.0,0.5,49278.0,1.0
143b087a9cf31f7f5c1b09ba,5061,f5440bdf32a5,49327.0,49616.0,289.0,1,1.0,6.0,0.0,1.0,MISC,5061,289.0,6.0,1.0,49327.0,1.0
f17e954e97558148ded21349,5062,c4cbaac9966d,49339.0,49727.0,388.0,1,1.0,10.0,0.0,0.5,T4,5062,388.0,10.0,0.5,49339.0,1.0
fdca1b26347a096dc8cd73ec,5064,edc10645cc3f,49348.0,49546.0,198.0,1,1.0,6.0,0.0,0.25,MISC,5064,198.0,6.0,0.25,49348.0,1.0
8ccb9c9fe88b53537e096dd9,5065,de69ddc1064e,49369.0,49776.0,407.0,1,1.0,6.0,0.0,2.0,P100,5065,407.0,6.0,2.0,49369.0,1.0
7406fb7653a17ee61e51469d,5066,8b9c03ad79b8,49389.0,49575.0,186.0,1,1.0,6.0,0.0,1.0,MISC,5066,186.0,6.0,1.0,49389.0,1.0
143b087a9cf31f7f5c1b09ba,5067,f5440bdf32a5,49451.0,49818.0,367.0,1,1.0,6.0,0.0,1.0,MISC,5067,367.0,6.0,1.0,49451.0,1.0
e8efa65aa22dff1e98ff15d7,5068,b3bfe9b79bb5,49455.0,49495.0,40.0,1,1.0,6.0,0.0,1.0,MISC,5068,40.0,6.0,1.0,49455.0,1.0
e8efa65aa22dff1e98ff15d7,5069,b3bfe9b79bb5,49457.0,49506.0,49.0,1,1.0,6.0,0.0,1.0,MISC,5069,49.0,6.0,1.0,49457.0,1.0
e8efa65aa22dff1e98ff15d7,5070,b3bfe9b79bb5,49460.0,49516.0,56.0,1,1.0,6.0,0.0,1.0,MISC,5070,56.0,6.0,1.0,49460.0,1.0
f17e954e97558148ded21349,5071,c4cbaac9966d,49461.0,49839.0,378.0,1,1.0,10.0,0.0,0.5,T4,5071,378.0,10.0,0.5,49461.0,1.0
e8efa65aa22dff1e98ff15d7,5072,b3bfe9b79bb5,49462.0,49505.0,43.0,1,1.0,6.0,0.0,1.0,MISC,5072,43.0,6.0,1.0,49462.0,1.0
143b087a9cf31f7f5c1b09ba,5073,f5440bdf32a5,49476.0,49798.0,322.0,1,1.0,6.0,0.0,1.0,MISC,5073,322.0,6.0,1.0,49476.0,1.0
e8efa65aa22dff1e98ff15d7,5074,b3bfe9b79bb5,49487.0,54055.0,4568.0,1,200.0,6.0,0.0,0.25,P100,5074,4568.0,1200.0,50.0,49487.0,200.0
e8efa65aa22dff1e98ff15d7,5075,b3bfe9b79bb5,49504.0,49556.0,52.0,1,1.0,6.0,0.0,1.0,MISC,5075,52.0,6.0,1.0,49504.0,1.0
b53f9ebd1eeeea726d1dac78,5077,2cbd33b08024,49516.0,71442.0,21926.0,1,30.0,5.0,0.0,0.5,MISC,5077,21926.0,150.0,15.0,49516.0,30.0
1ccc18d7d13073b642b3a016,5079,d4d51aca8806,49532.0,78971.0,29439.0,1,12.0,6.0,0.0,0.25,T4,5079,29439.0,72.0,3.0,49532.0,12.0
0be3971157d6c504afbc3397,5081,354e3b81c515,49567.0,49599.0,32.0,1,1.0,6.0,0.0,1.0,MISC,5081,32.0,6.0,1.0,49567.0,1.0
4338499d3c24cc35be17b44c,5082,5b1345f03aa1,49570.0,49765.0,195.0,1,50.0,10.0,0.0,0.25,MISC,5082,195.0,500.0,12.5,49570.0,50.0
8ccb9c9fe88b53537e096dd9,5083,de69ddc1064e,49570.0,58968.0,9398.0,1,4.0,6.0,0.0,0.25,MISC,5083,9398.0,24.0,1.0,49570.0,4.0
4338499d3c24cc35be17b44c,5086,5b1345f03aa1,49579.0,49615.0,36.0,1,1.0,6.0,0.0,1.0,MISC,5086,36.0,6.0,1.0,49579.0,1.0
8ccb9c9fe88b53537e096dd9,5087,de69ddc1064e,49581.0,60450.0,10869.0,1,5.0,6.0,0.0,0.25,MISC,5087,10869.0,30.0,1.25,49581.0,5.0
1ccc18d7d13073b642b3a016,5089,d4d51aca8806,49587.0,58187.0,8600.0,1,25.0,6.0,0.0,0.25,T4,5089,8600.0,150.0,6.25,49587.0,25.0
8ccb9c9fe88b53537e096dd9,5090,de69ddc1064e,49590.0,49716.0,126.0,1,1.0,6.0,0.0,1.0,MISC,5090,126.0,6.0,1.0,49590.0,1.0
4fa2a95d7c794171b866dfa5,5091,7203aa95a9af,49602.0,49780.0,178.0,1,1.0,6.0,0.0,0.25,MISC,5091,178.0,6.0,0.25,49602.0,1.0
f17e954e97558148ded21349,5093,c4cbaac9966d,49647.0,50027.0,380.0,1,1.0,10.0,0.0,0.5,T4,5093,380.0,10.0,0.5,49647.0,1.0
f17e954e97558148ded21349,5094,c4cbaac9966d,49648.0,50421.0,773.0,1,1.0,10.0,0.0,0.5,T4,5094,773.0,10.0,0.5,49648.0,1.0
1ccc18d7d13073b642b3a016,5095,d4d51aca8806,49648.0,53764.0,4116.0,1,25.0,6.0,0.0,0.25,T4,5095,4116.0,150.0,6.25,49648.0,25.0
1ccc18d7d13073b642b3a016,5097,d4d51aca8806,49667.0,53776.0,4109.0,1,25.0,6.0,0.0,0.25,T4,5097,4109.0,150.0,6.25,49667.0,25.0
e14f55e56de8f9e707c8ff95,5099,42aa9724a88c,49766.0,49827.0,61.0,1,1.0,6.0,0.0,1.0,MISC,5099,61.0,6.0,1.0,49766.0,1.0
1ccc18d7d13073b642b3a016,5101,d4d51aca8806,49794.0,74098.0,24304.0,1,12.0,6.0,0.0,0.25,T4,5101,24304.0,72.0,3.0,49794.0,12.0
f17e954e97558148ded21349,5102,c4cbaac9966d,49805.0,50127.0,322.0,1,1.0,10.0,0.0,0.5,T4,5102,322.0,10.0,0.5,49805.0,1.0
4338499d3c24cc35be17b44c,5103,5b1345f03aa1,49817.0,50019.0,202.0,1,1.0,6.0,0.0,1.0,MISC,5103,202.0,6.0,1.0,49817.0,1.0
7406fb7653a17ee61e51469d,5104,8b9c03ad79b8,49826.0,50028.0,202.0,1,1.0,6.0,0.0,1.0,MISC,5104,202.0,6.0,1.0,49826.0,1.0
1ccc18d7d13073b642b3a016,5106,d4d51aca8806,49839.0,72964.0,23125.0,1,12.0,6.0,0.0,0.25,T4,5106,23125.0,72.0,3.0,49839.0,12.0
7723928d5cc944dd00749ff0,5107,b5bf56100cf9,49871.0,140999.0,91128.0,1,1.0,26.0,0.0,1.0,MISC,5107,91128.0,26.0,1.0,49871.0,1.0
8ccb9c9fe88b53537e096dd9,5108,de69ddc1064e,49878.0,50364.0,486.0,1,1.0,6.0,0.0,2.0,MISC,5108,486.0,6.0,2.0,49878.0,1.0
1ccc18d7d13073b642b3a016,5110,d4d51aca8806,49901.0,54387.0,4486.0,1,25.0,6.0,0.0,0.25,T4,5110,4486.0,150.0,6.25,49901.0,25.0
fdca1b26347a096dc8cd73ec,5111,edc10645cc3f,49904.0,50352.0,448.0,1,1.0,6.0,0.0,0.25,MISC,5111,448.0,6.0,0.25,49904.0,1.0
e8efa65aa22dff1e98ff15d7,5113,b3bfe9b79bb5,49936.0,53872.0,3936.0,1,50.0,4.0,0.0,0.5,MISC,5113,3936.0,200.0,25.0,49936.0,50.0
f17e954e97558148ded21349,5114,c4cbaac9966d,49939.0,50372.0,433.0,1,1.0,10.0,0.0,0.5,T4,5114,433.0,10.0,0.5,49939.0,1.0
5f08422e14b305e0630fa12c,5115,57857b193e49,49944.0,53536.0,3592.0,1,1.0,6.0,0.0,1.0,T4,5115,3592.0,6.0,1.0,49944.0,1.0
728e930447a36b674600ba23,5116,4c4bdadfcaf0,49958.0,50032.0,74.0,1,1.0,6.0,0.0,1.0,T4,5116,74.0,6.0,1.0,49958.0,1.0
fdca1b26347a096dc8cd73ec,5118,edc10645cc3f,49975.0,50451.0,476.0,1,1.0,6.0,0.0,0.25,MISC,5118,476.0,6.0,0.25,49975.0,1.0
d929cfe7876f635ee1a02b89,5120,035d3e805fb6,50019.0,50355.0,336.0,1,7.0,6.0,0.0,0.25,T4,5120,336.0,42.0,1.75,50019.0,7.0
f17e954e97558148ded21349,5121,c4cbaac9966d,50052.0,50349.0,297.0,1,1.0,10.0,0.0,0.5,T4,5121,297.0,10.0,0.5,50052.0,1.0
3995073148156da8994ec8bb,5123,5f4cb64dc693,50085.0,50313.0,228.0,1,1.0,6.0,0.0,1.0,MISC,5123,228.0,6.0,1.0,50085.0,1.0
f17e954e97558148ded21349,5124,c4cbaac9966d,50115.0,50549.0,434.0,1,1.0,10.0,0.0,0.5,T4,5124,434.0,10.0,0.5,50115.0,1.0
1ccc18d7d13073b642b3a016,5126,d4d51aca8806,50119.0,54371.0,4252.0,1,25.0,6.0,0.0,0.25,T4,5126,4252.0,150.0,6.25,50119.0,25.0
1484051e2875d76bc27495f6,5127,2d415d162cd1,50126.0,56574.0,6448.0,1,20.0,6.0,0.0,0.2,MISC,5127,6448.0,120.0,4.0,50126.0,20.0
1ccc18d7d13073b642b3a016,5129,d4d51aca8806,50141.0,54244.0,4103.0,1,25.0,6.0,0.0,0.25,T4,5129,4103.0,150.0,6.25,50141.0,25.0
30185446faeb493c1d55cacd,5131,a8192d6b0ae9,50189.0,50499.0,310.0,1,20.0,8.0,0.0,0.5,MISC,5131,310.0,160.0,10.0,50189.0,20.0
e8efa65aa22dff1e98ff15d7,5132,b3bfe9b79bb5,50201.0,50230.0,29.0,1,1.0,6.0,0.0,0.5,MISC,5132,29.0,6.0,0.5,50201.0,1.0
1ccc18d7d13073b642b3a016,5134,d4d51aca8806,50215.0,57321.0,7106.0,1,25.0,6.0,0.0,0.25,T4,5134,7106.0,150.0,6.25,50215.0,25.0
0ebe4c9c62b510c178e66637,5136,fd686fcc9dc1,50216.0,50371.0,155.0,1,1.0,8.0,0.0,1.0,T4,5136,155.0,8.0,1.0,50216.0,1.0
1ccc18d7d13073b642b3a016,5137,d4d51aca8806,50218.0,54189.0,3971.0,1,25.0,6.0,0.0,0.25,T4,5137,3971.0,150.0,6.25,50218.0,25.0
f17e954e97558148ded21349,5138,c4cbaac9966d,50237.0,50662.0,425.0,1,1.0,10.0,0.0,0.5,T4,5138,425.0,10.0,0.5,50237.0,1.0
7406fb7653a17ee61e51469d,5139,8b9c03ad79b8,50275.0,50468.0,193.0,1,1.0,6.0,0.0,1.0,MISC,5139,193.0,6.0,1.0,50275.0,1.0
1ccc18d7d13073b642b3a016,5141,d4d51aca8806,50299.0,56740.0,6441.0,1,25.0,6.0,0.0,0.25,T4,5141,6441.0,150.0,6.25,50299.0,25.0
e8efa65aa22dff1e98ff15d7,5142,b3bfe9b79bb5,50312.0,52979.0,2667.0,1,20.0,6.0,0.0,0.25,MISC,5142,2667.0,120.0,5.0,50312.0,20.0
1ccc18d7d13073b642b3a016,5144,d4d51aca8806,50321.0,56773.0,6452.0,1,25.0,6.0,0.0,0.25,T4,5144,6452.0,150.0,6.25,50321.0,25.0
4d8fee7f10bd7edbb75b96b3,5146,b2c52019b2c6,50331.0,53481.0,3150.0,1,10.0,3.0,0.0,0.25,MISC,5146,3150.0,30.0,2.5,50331.0,10.0
4338499d3c24cc35be17b44c,5148,5b1345f03aa1,50346.0,50730.0,384.0,1,50.0,3.0,0.0,0.25,MISC,5148,384.0,150.0,12.5,50346.0,50.0
6c3063994722f1e538b28a1a,5149,d7052eeddab7,50348.0,61642.0,11294.0,1,10.0,6.0,0.0,1.0,MISC,5149,11294.0,60.0,10.0,50348.0,10.0
4338499d3c24cc35be17b44c,5150,5b1345f03aa1,50351.0,50662.0,311.0,1,30.0,3.0,0.0,0.5,MISC,5150,311.0,90.0,15.0,50351.0,30.0
845ebc87e40bad0db5b37e26,5151,f14128db0160,50380.0,114166.0,63786.0,1,1.0,6.0,0.0,1.0,MISC,5151,63786.0,6.0,1.0,50380.0,1.0
30185446faeb493c1d55cacd,5152,a8192d6b0ae9,50407.0,50534.0,127.0,1,1.0,6.0,0.0,1.0,MISC,5152,127.0,6.0,1.0,50407.0,1.0
e14f55e56de8f9e707c8ff95,5153,42aa9724a88c,50429.0,50559.0,130.0,1,10.0,6.0,0.0,1.0,MISC,5153,130.0,60.0,10.0,50429.0,10.0
1ccc18d7d13073b642b3a016,5155,d4d51aca8806,50442.0,56931.0,6489.0,1,25.0,6.0,0.0,0.25,T4,5155,6489.0,150.0,6.25,50442.0,25.0
8ccb9c9fe88b53537e096dd9,5156,de69ddc1064e,50443.0,70184.0,19741.0,1,1.0,6.0,0.0,1.0,MISC,5156,19741.0,6.0,1.0,50443.0,1.0
e8efa65aa22dff1e98ff15d7,5158,b3bfe9b79bb5,50446.0,56325.0,5879.0,1,50.0,4.0,0.0,0.25,MISC,5158,5879.0,200.0,12.5,50446.0,50.0
30185446faeb493c1d55cacd,5160,a8192d6b0ae9,50451.0,50711.0,260.0,1,20.0,6.0,0.0,1.0,MISC,5160,260.0,120.0,20.0,50451.0,20.0
30185446faeb493c1d55cacd,5161,a8192d6b0ae9,50476.0,50562.0,86.0,1,1.0,6.0,0.0,1.0,MISC,5161,86.0,6.0,1.0,50476.0,1.0
e8efa65aa22dff1e98ff15d7,5163,b3bfe9b79bb5,50486.0,61206.0,10720.0,1,100.0,2.0,0.0,0.25,MISC,5163,10720.0,200.0,25.0,50486.0,100.0
f17e954e97558148ded21349,5164,c4cbaac9966d,50487.0,50891.0,404.0,1,1.0,10.0,0.0,0.5,T4,5164,404.0,10.0,0.5,50487.0,1.0
e8efa65aa22dff1e98ff15d7,5167,b3bfe9b79bb5,50508.0,51679.0,1171.0,1,20.0,8.0,0.0,0.5,MISC,5167,1171.0,160.0,10.0,50508.0,20.0
8ccb9c9fe88b53537e096dd9,5168,de69ddc1064e,50510.0,50893.0,383.0,1,1.0,6.0,0.0,2.0,MISC,5168,383.0,6.0,2.0,50510.0,1.0
4338499d3c24cc35be17b44c,5171,5b1345f03aa1,50524.0,50570.0,46.0,1,1.0,6.0,0.0,1.0,MISC,5171,46.0,6.0,1.0,50524.0,1.0
1ccc18d7d13073b642b3a016,5172,d4d51aca8806,50525.0,55009.0,4484.0,1,25.0,6.0,0.0,0.25,T4,5172,4484.0,150.0,6.25,50525.0,25.0
f17e954e97558148ded21349,5173,c4cbaac9966d,50547.0,50901.0,354.0,1,1.0,10.0,0.0,0.5,T4,5173,354.0,10.0,0.5,50547.0,1.0
f17e954e97558148ded21349,5174,c4cbaac9966d,50549.0,51092.0,543.0,1,1.0,10.0,0.0,0.5,T4,5174,543.0,10.0,0.5,50549.0,1.0
e8efa65aa22dff1e98ff15d7,5176,b3bfe9b79bb5,50555.0,65578.0,15023.0,1,100.0,4.0,0.0,1.0,P100,5176,15023.0,400.0,100.0,50555.0,100.0
e8efa65aa22dff1e98ff15d7,5178,b3bfe9b79bb5,50575.0,57904.0,7329.0,1,30.0,4.0,0.0,0.25,MISC,5178,7329.0,120.0,7.5,50575.0,30.0
0e113fe8f6b4153745d87b60,5180,035b9488e79a,50589.0,60197.0,9608.0,1,20.0,1.0,0.0,0.2,MISC,5180,9608.0,20.0,4.0,50589.0,20.0
8ccb9c9fe88b53537e096dd9,5182,de69ddc1064e,50614.0,52133.0,1519.0,1,15.0,6.0,0.0,0.25,MISC,5182,1519.0,90.0,3.75,50614.0,15.0
f2c4b7ef9bca7bf8390f05cd,5183,1480b75a8c96,50617.0,50943.0,326.0,1,1.0,6.0,0.0,1.0,T4,5183,326.0,6.0,1.0,50617.0,1.0
3e5fb00bf43aa67ee5c2b6d5,5184,f134c9ec05e3,50634.0,50955.0,321.0,1,1.0,6.0,0.0,0.5,MISC,5184,321.0,6.0,0.5,50634.0,1.0
e8efa65aa22dff1e98ff15d7,5185,b3bfe9b79bb5,50635.0,50671.0,36.0,1,1.0,6.0,0.0,1.0,MISC,5185,36.0,6.0,1.0,50635.0,1.0
e8efa65aa22dff1e98ff15d7,5186,b3bfe9b79bb5,50638.0,50683.0,45.0,1,1.0,6.0,0.0,1.0,MISC,5186,45.0,6.0,1.0,50638.0,1.0
f17e954e97558148ded21349,5187,c4cbaac9966d,50641.0,50970.0,329.0,1,1.0,10.0,0.0,0.5,T4,5187,329.0,10.0,0.5,50641.0,1.0
f17e954e97558148ded21349,5188,c4cbaac9966d,50645.0,50853.0,208.0,1,1.0,10.0,0.0,0.5,T4,5188,208.0,10.0,0.5,50645.0,1.0
0381d6db958250b056960f1d,5189,47baba33cffe,50650.0,79186.0,28536.0,1,1.0,18.0,0.0,4.0,V100,5189,28536.0,18.0,4.0,50650.0,1.0
c53b71de236c6e6d453e72af,5191,d9c6154c0e7c,50660.0,51642.0,982.0,1,1.0,4.0,0.0,1.0,MISC,5191,982.0,4.0,1.0,50660.0,1.0
4338499d3c24cc35be17b44c,5192,5b1345f03aa1,50666.0,50817.0,151.0,1,1.0,6.0,0.0,1.0,MISC,5192,151.0,6.0,1.0,50666.0,1.0
4338499d3c24cc35be17b44c,5193,5b1345f03aa1,50692.0,51548.0,856.0,1,1.0,6.0,0.0,1.0,MISC,5193,856.0,6.0,1.0,50692.0,1.0
0be3971157d6c504afbc3397,5194,354e3b81c515,50698.0,50742.0,44.0,1,1.0,6.0,0.0,1.0,MISC,5194,44.0,6.0,1.0,50698.0,1.0
4338499d3c24cc35be17b44c,5195,5b1345f03aa1,50708.0,51688.0,980.0,1,1.0,6.0,0.0,1.0,MISC,5195,980.0,6.0,1.0,50708.0,1.0
fdca1b26347a096dc8cd73ec,5197,edc10645cc3f,50715.0,50914.0,199.0,1,1.0,6.0,0.0,0.5,MISC,5197,199.0,6.0,0.5,50715.0,1.0
845ebc87e40bad0db5b37e26,5198,f14128db0160,50720.0,50772.0,52.0,1,1.0,6.0,0.0,2.0,MISC,5198,52.0,6.0,2.0,50720.0,1.0
4338499d3c24cc35be17b44c,5199,5b1345f03aa1,50726.0,51944.0,1218.0,1,1.0,6.0,0.0,1.0,MISC,5199,1218.0,6.0,1.0,50726.0,1.0
4338499d3c24cc35be17b44c,5200,5b1345f03aa1,50743.0,51550.0,807.0,1,1.0,6.0,0.0,1.0,MISC,5200,807.0,6.0,1.0,50743.0,1.0
2fe46f64538b8943a9882bab,5202,c677a0acf7c0,50752.0,59243.0,8491.0,1,4.0,1.0,0.0,1.0,MISC,5202,8491.0,4.0,4.0,50752.0,4.0
7e965b7936f1410c1363a59e,5203,2891a173002a,50754.0,51456.0,702.0,1,8.0,6.0,0.0,0.25,MISC,5203,702.0,48.0,2.0,50754.0,8.0
4338499d3c24cc35be17b44c,5204,5b1345f03aa1,50762.0,51589.0,827.0,1,1.0,6.0,0.0,1.0,MISC,5204,827.0,6.0,1.0,50762.0,1.0
f17e954e97558148ded21349,5205,c4cbaac9966d,50765.0,51149.0,384.0,1,1.0,10.0,0.0,0.5,T4,5205,384.0,10.0,0.5,50765.0,1.0
4338499d3c24cc35be17b44c,5206,5b1345f03aa1,50767.0,51045.0,278.0,1,1.0,6.0,0.0,1.0,MISC,5206,278.0,6.0,1.0,50767.0,1.0
f17e954e97558148ded21349,5207,c4cbaac9966d,50772.0,50942.0,170.0,1,1.0,10.0,0.0,0.5,T4,5207,170.0,10.0,0.5,50772.0,1.0
e8efa65aa22dff1e98ff15d7,5208,b3bfe9b79bb5,50803.0,50893.0,90.0,1,1.0,6.0,0.0,0.25,MISC,5208,90.0,6.0,0.25,50803.0,1.0
e8efa65aa22dff1e98ff15d7,5209,b3bfe9b79bb5,50803.0,50843.0,40.0,1,1.0,6.0,0.0,0.25,MISC,5209,40.0,6.0,0.25,50803.0,1.0
e8efa65aa22dff1e98ff15d7,5210,b3bfe9b79bb5,50803.0,50833.0,30.0,1,1.0,6.0,0.0,0.25,MISC,5210,30.0,6.0,0.25,50803.0,1.0
e8efa65aa22dff1e98ff15d7,5211,b3bfe9b79bb5,50804.0,50852.0,48.0,1,1.0,6.0,0.0,0.25,MISC,5211,48.0,6.0,0.25,50804.0,1.0
e8efa65aa22dff1e98ff15d7,5212,b3bfe9b79bb5,50804.0,50913.0,109.0,1,1.0,6.0,0.0,0.25,MISC,5212,109.0,6.0,0.25,50804.0,1.0
e8efa65aa22dff1e98ff15d7,5213,b3bfe9b79bb5,50807.0,50884.0,77.0,1,1.0,6.0,0.0,0.25,MISC,5213,77.0,6.0,0.25,50807.0,1.0
e14f55e56de8f9e707c8ff95,5214,42aa9724a88c,50830.0,50900.0,70.0,1,1.0,6.0,0.0,1.0,MISC,5214,70.0,6.0,1.0,50830.0,1.0
5f08422e14b305e0630fa12c,5215,57857b193e49,50842.0,50850.0,8.0,1,1.0,18.0,0.0,1.0,T4,5215,8.0,18.0,1.0,50842.0,1.0
4338499d3c24cc35be17b44c,5216,5b1345f03aa1,50849.0,50966.0,117.0,1,1.0,6.0,0.0,0.25,MISC,5216,117.0,6.0,0.25,50849.0,1.0
4d8fee7f10bd7edbb75b96b3,5218,b2c52019b2c6,50887.0,51288.0,401.0,1,10.0,4.0,0.0,0.25,MISC,5218,401.0,40.0,2.5,50887.0,10.0
1ccc18d7d13073b642b3a016,5220,d4d51aca8806,50930.0,57399.0,6469.0,1,25.0,6.0,0.0,0.25,T4,5220,6469.0,150.0,6.25,50930.0,25.0
cd1df31c53b56c4a6d940b58,5221,80f1f7585a7a,50937.0,68830.0,17893.0,1,20.0,6.0,0.0,0.25,MISC,5221,17893.0,120.0,5.0,50937.0,20.0
7406fb7653a17ee61e51469d,5222,8b9c03ad79b8,50945.0,51229.0,284.0,1,1.0,6.0,0.0,1.0,MISC,5222,284.0,6.0,1.0,50945.0,1.0
f17e954e97558148ded21349,5223,c4cbaac9966d,50951.0,51313.0,362.0,1,1.0,10.0,0.0,0.5,T4,5223,362.0,10.0,0.5,50951.0,1.0
f2c4b7ef9bca7bf8390f05cd,5224,1480b75a8c96,50978.0,51133.0,155.0,1,1.0,6.0,0.0,1.0,T4,5224,155.0,6.0,1.0,50978.0,1.0
944edeceea5c25f4a5f79f89,5225,8d8cb36a6118,50985.0,57736.0,6751.0,1,1.0,16.0,0.0,1.0,T4,5225,6751.0,16.0,1.0,50985.0,1.0
3995073148156da8994ec8bb,5226,5f4cb64dc693,50988.0,51308.0,320.0,1,1.0,6.0,0.0,1.0,MISC,5226,320.0,6.0,1.0,50988.0,1.0
8ccb9c9fe88b53537e096dd9,5227,de69ddc1064e,51008.0,51791.0,783.0,1,1.0,6.0,0.0,2.0,MISC,5227,783.0,6.0,2.0,51008.0,1.0
143b087a9cf31f7f5c1b09ba,5229,f5440bdf32a5,51011.0,51336.0,325.0,1,1.0,6.0,0.0,1.0,MISC,5229,325.0,6.0,1.0,51011.0,1.0
1ccc18d7d13073b642b3a016,5230,d4d51aca8806,51013.0,58462.0,7449.0,1,25.0,6.0,0.0,0.25,T4,5230,7449.0,150.0,6.25,51013.0,25.0
1ccc18d7d13073b642b3a016,5232,d4d51aca8806,51027.0,54969.0,3942.0,1,25.0,6.0,0.0,0.25,T4,5232,3942.0,150.0,6.25,51027.0,25.0
f17e954e97558148ded21349,5233,c4cbaac9966d,51072.0,51467.0,395.0,1,1.0,10.0,0.0,0.5,T4,5233,395.0,10.0,0.5,51072.0,1.0
143b087a9cf31f7f5c1b09ba,5234,f5440bdf32a5,51079.0,56705.0,5626.0,1,1.0,6.0,0.0,0.5,MISC,5234,5626.0,6.0,0.5,51079.0,1.0
5f08422e14b305e0630fa12c,5235,57857b193e49,51090.0,51098.0,8.0,1,1.0,18.0,0.0,1.0,T4,5235,8.0,18.0,1.0,51090.0,1.0
1ccc18d7d13073b642b3a016,5237,d4d51aca8806,51107.0,54989.0,3882.0,1,25.0,6.0,0.0,0.25,T4,5237,3882.0,150.0,6.25,51107.0,25.0
143b087a9cf31f7f5c1b09ba,5238,f5440bdf32a5,51109.0,51518.0,409.0,1,1.0,6.0,0.0,1.0,MISC,5238,409.0,6.0,1.0,51109.0,1.0
143b087a9cf31f7f5c1b09ba,5240,f5440bdf32a5,51111.0,51460.0,349.0,1,1.0,6.0,0.0,1.0,MISC,5240,349.0,6.0,1.0,51111.0,1.0
fdca1b26347a096dc8cd73ec,5241,edc10645cc3f,51113.0,51860.0,747.0,1,1.0,6.0,0.0,0.5,MISC,5241,747.0,6.0,0.5,51113.0,1.0
4338499d3c24cc35be17b44c,5242,5b1345f03aa1,51122.0,51316.0,194.0,1,30.0,3.0,0.0,0.5,MISC,5242,194.0,90.0,15.0,51122.0,30.0
f17e954e97558148ded21349,5243,c4cbaac9966d,51199.0,51706.0,507.0,1,1.0,10.0,0.0,0.5,T4,5243,507.0,10.0,0.5,51199.0,1.0
e8efa65aa22dff1e98ff15d7,5245,b3bfe9b79bb5,51212.0,52129.0,917.0,1,30.0,6.0,0.0,0.25,MISC,5245,917.0,180.0,7.5,51212.0,30.0
4338499d3c24cc35be17b44c,5246,5b1345f03aa1,51220.0,51525.0,305.0,1,40.0,2.0,0.0,0.25,MISC,5246,305.0,80.0,10.0,51220.0,40.0
f17e954e97558148ded21349,5247,c4cbaac9966d,51258.0,51811.0,553.0,1,1.0,10.0,0.0,0.5,T4,5247,553.0,10.0,0.5,51258.0,1.0
5f08422e14b305e0630fa12c,5248,57857b193e49,51266.0,51274.0,8.0,1,1.0,18.0,0.0,1.0,T4,5248,8.0,18.0,1.0,51266.0,1.0
4d8fee7f10bd7edbb75b96b3,5249,b2c52019b2c6,51314.0,51407.0,93.0,1,1.0,6.0,0.0,1.0,MISC,5249,93.0,6.0,1.0,51314.0,1.0
8ccb9c9fe88b53537e096dd9,5250,de69ddc1064e,51314.0,51458.0,144.0,1,1.0,6.0,0.0,0.25,MISC,5250,144.0,6.0,0.25,51314.0,1.0
0be3971157d6c504afbc3397,5251,354e3b81c515,51338.0,51366.0,28.0,1,1.0,6.0,0.0,1.0,MISC,5251,28.0,6.0,1.0,51338.0,1.0
845ebc87e40bad0db5b37e26,5252,f14128db0160,51366.0,51506.0,140.0,1,1.0,6.0,0.0,2.0,MISC,5252,140.0,6.0,2.0,51366.0,1.0
8ccb9c9fe88b53537e096dd9,5253,de69ddc1064e,51372.0,52312.0,940.0,1,1.0,6.0,0.0,1.0,MISC,5253,940.0,6.0,1.0,51372.0,1.0
4338499d3c24cc35be17b44c,5255,5b1345f03aa1,51378.0,51435.0,57.0,1,1.0,6.0,0.0,1.0,MISC,5255,57.0,6.0,1.0,51378.0,1.0
f17e954e97558148ded21349,5256,c4cbaac9966d,51386.0,51722.0,336.0,1,1.0,10.0,0.0,0.5,T4,5256,336.0,10.0,0.5,51386.0,1.0
cd1df31c53b56c4a6d940b58,5257,80f1f7585a7a,51415.0,69630.0,18215.0,1,20.0,6.0,0.0,0.25,MISC,5257,18215.0,120.0,5.0,51415.0,20.0
4338499d3c24cc35be17b44c,5258,5b1345f03aa1,51418.0,52297.0,879.0,1,1.0,6.0,0.0,1.0,MISC,5258,879.0,6.0,1.0,51418.0,1.0
5f08422e14b305e0630fa12c,5259,57857b193e49,51423.0,51430.0,7.0,1,1.0,18.0,0.0,1.0,T4,5259,7.0,18.0,1.0,51423.0,1.0
0be3971157d6c504afbc3397,5260,354e3b81c515,51425.0,51457.0,32.0,1,1.0,6.0,0.0,1.0,MISC,5260,32.0,6.0,1.0,51425.0,1.0
8eba7857e58fe61846b4bfec,5261,a5386cd007c6,51444.0,51499.0,55.0,1,1.0,6.0,0.0,0.25,MISC,5261,55.0,6.0,0.25,51444.0,1.0
7406fb7653a17ee61e51469d,5262,8b9c03ad79b8,51449.0,51649.0,200.0,1,1.0,6.0,0.0,1.0,MISC,5262,200.0,6.0,1.0,51449.0,1.0
4d8fee7f10bd7edbb75b96b3,5263,b2c52019b2c6,51450.0,52114.0,664.0,1,1.0,6.0,0.0,1.0,MISC,5263,664.0,6.0,1.0,51450.0,1.0
4338499d3c24cc35be17b44c,5264,5b1345f03aa1,51456.0,51602.0,146.0,1,1.0,6.0,0.0,1.0,MISC,5264,146.0,6.0,1.0,51456.0,1.0
2fe46f64538b8943a9882bab,5265,c677a0acf7c0,51515.0,60792.0,9277.0,1,1.0,6.0,0.0,0.25,MISC,5265,9277.0,6.0,0.25,51515.0,1.0
2fe46f64538b8943a9882bab,5266,c677a0acf7c0,51528.0,59112.0,7584.0,1,1.0,6.0,0.0,0.25,MISC,5266,7584.0,6.0,0.25,51528.0,1.0
2fe46f64538b8943a9882bab,5267,c677a0acf7c0,51540.0,54872.0,3332.0,1,5.0,2.0,0.0,1.0,MISC,5267,3332.0,10.0,5.0,51540.0,5.0
f17e954e97558148ded21349,5268,c4cbaac9966d,51540.0,52005.0,465.0,1,1.0,10.0,0.0,0.5,T4,5268,465.0,10.0,0.5,51540.0,1.0
f17e954e97558148ded21349,5269,c4cbaac9966d,51540.0,52012.0,472.0,1,1.0,10.0,0.0,0.5,T4,5269,472.0,10.0,0.5,51540.0,1.0
2fe46f64538b8943a9882bab,5270,c677a0acf7c0,51542.0,59443.0,7901.0,1,1.0,6.0,0.0,0.25,MISC,5270,7901.0,6.0,0.25,51542.0,1.0
4338499d3c24cc35be17b44c,5271,5b1345f03aa1,51569.0,51981.0,412.0,1,1.0,6.0,0.0,1.0,MISC,5271,412.0,6.0,1.0,51569.0,1.0
2fe46f64538b8943a9882bab,5272,c677a0acf7c0,51579.0,59265.0,7686.0,1,1.0,6.0,0.0,0.25,MISC,5272,7686.0,6.0,0.25,51579.0,1.0
30185446faeb493c1d55cacd,5273,a8192d6b0ae9,51592.0,85707.0,34115.0,1,1.0,6.0,0.0,0.25,MISC,5273,34115.0,6.0,0.25,51592.0,1.0
5f08422e14b305e0630fa12c,5274,57857b193e49,51602.0,51609.0,7.0,1,1.0,18.0,0.0,1.0,T4,5274,7.0,18.0,1.0,51602.0,1.0
e14f55e56de8f9e707c8ff95,5275,42aa9724a88c,51611.0,51679.0,68.0,1,1.0,6.0,0.0,1.0,MISC,5275,68.0,6.0,1.0,51611.0,1.0
1ccc18d7d13073b642b3a016,5277,d4d51aca8806,51621.0,58220.0,6599.0,1,25.0,6.0,0.0,0.25,T4,5277,6599.0,150.0,6.25,51621.0,25.0
dc23e939a661d66cb6f7359e,5278,e016cedec318,51658.0,51819.0,161.0,1,1.0,6.0,0.0,1.0,MISC,5278,161.0,6.0,1.0,51658.0,1.0
7406fb7653a17ee61e51469d,5279,8b9c03ad79b8,51718.0,51907.0,189.0,1,1.0,6.0,0.0,1.0,MISC,5279,189.0,6.0,1.0,51718.0,1.0
4fa2a95d7c794171b866dfa5,5281,7203aa95a9af,51776.0,52092.0,316.0,1,1.0,6.0,0.0,0.25,MISC,5281,316.0,6.0,0.25,51776.0,1.0
f17e954e97558148ded21349,5282,c4cbaac9966d,51785.0,52247.0,462.0,1,1.0,10.0,0.0,0.5,T4,5282,462.0,10.0,0.5,51785.0,1.0
f17e954e97558148ded21349,5283,c4cbaac9966d,51788.0,52472.0,684.0,1,1.0,10.0,0.0,0.5,T4,5283,684.0,10.0,0.5,51788.0,1.0
07a7440f33d2bfb59804064b,5284,9cc55781f4a6,51817.0,54042.0,2225.0,1,1.0,6.0,0.0,0.5,T4,5284,2225.0,6.0,0.5,51817.0,1.0
2fe46f64538b8943a9882bab,5285,c677a0acf7c0,51884.0,60379.0,8495.0,1,1.0,6.0,0.0,0.25,MISC,5285,8495.0,6.0,0.25,51884.0,1.0
8ccb9c9fe88b53537e096dd9,5286,de69ddc1064e,51907.0,52302.0,395.0,1,1.0,6.0,0.0,2.0,MISC,5286,395.0,6.0,2.0,51907.0,1.0
f17e954e97558148ded21349,5287,c4cbaac9966d,51912.0,52729.0,817.0,1,1.0,10.0,0.0,0.5,T4,5287,817.0,10.0,0.5,51912.0,1.0
4c63a741106edc46bc1729dd,5288,18febf35d3a1,51918.0,52089.0,171.0,1,1.0,6.0,0.0,1.0,MISC,5288,171.0,6.0,1.0,51918.0,1.0
5241fd7d9a59d5917a2b54de,5289,262fbc8b0c98,52062.0,62269.0,10207.0,1,4.0,16.0,0.0,1.0,MISC,5289,10207.0,64.0,4.0,52062.0,4.0
f17e954e97558148ded21349,5290,c4cbaac9966d,52095.0,52637.0,542.0,1,1.0,10.0,0.0,0.5,T4,5290,542.0,10.0,0.5,52095.0,1.0
f17e954e97558148ded21349,5291,c4cbaac9966d,52099.0,52597.0,498.0,1,1.0,10.0,0.0,0.5,T4,5291,498.0,10.0,0.5,52099.0,1.0
7406fb7653a17ee61e51469d,5293,8b9c03ad79b8,52144.0,52336.0,192.0,1,1.0,6.0,0.0,1.0,MISC,5293,192.0,6.0,1.0,52144.0,1.0
fdca1b26347a096dc8cd73ec,5294,edc10645cc3f,52146.0,52271.0,125.0,1,2.0,6.0,0.0,0.25,MISC,5294,125.0,12.0,0.5,52146.0,2.0
4d8fee7f10bd7edbb75b96b3,5295,b2c52019b2c6,52147.0,52170.0,23.0,1,1.0,6.0,0.0,1.0,MISC,5295,23.0,6.0,1.0,52147.0,1.0
5241fd7d9a59d5917a2b54de,5296,262fbc8b0c98,52153.0,54415.0,2262.0,1,2.0,16.0,0.0,1.0,MISC,5296,2262.0,32.0,2.0,52153.0,2.0
4c63a741106edc46bc1729dd,5297,18febf35d3a1,52197.0,52529.0,332.0,1,1.0,6.0,0.0,1.0,MISC,5297,332.0,6.0,1.0,52197.0,1.0
4338499d3c24cc35be17b44c,5299,5b1345f03aa1,52266.0,52321.0,55.0,1,1.0,6.0,0.0,1.0,MISC,5299,55.0,6.0,1.0,52266.0,1.0
4338499d3c24cc35be17b44c,5301,5b1345f03aa1,52273.0,53607.0,1334.0,1,80.0,6.0,0.0,0.25,MISC,5301,1334.0,480.0,20.0,52273.0,80.0
fdca1b26347a096dc8cd73ec,5302,edc10645cc3f,52300.0,53128.0,828.0,1,1.0,6.0,0.0,1.0,MISC,5302,828.0,6.0,1.0,52300.0,1.0
1ccc18d7d13073b642b3a016,5304,d4d51aca8806,52304.0,78938.0,26634.0,1,12.0,6.0,0.0,0.25,T4,5304,26634.0,72.0,3.0,52304.0,12.0
0be3971157d6c504afbc3397,5306,354e3b81c515,52327.0,52352.0,25.0,1,1.0,6.0,0.0,1.0,MISC,5306,25.0,6.0,1.0,52327.0,1.0
e8efa65aa22dff1e98ff15d7,5307,b3bfe9b79bb5,52329.0,52431.0,102.0,1,1.0,6.0,0.0,1.0,MISC,5307,102.0,6.0,1.0,52329.0,1.0
f17e954e97558148ded21349,5308,c4cbaac9966d,52346.0,52678.0,332.0,1,1.0,10.0,0.0,0.5,T4,5308,332.0,10.0,0.5,52346.0,1.0
f2c4b7ef9bca7bf8390f05cd,5309,1480b75a8c96,52364.0,52679.0,315.0,1,1.0,6.0,0.0,1.0,T4,5309,315.0,6.0,1.0,52364.0,1.0
21858ac282f1092bb15f8831,5310,45bd92802aa9,52368.0,52563.0,195.0,1,1.0,6.0,0.0,1.0,T4,5310,195.0,6.0,1.0,52368.0,1.0
1ccc18d7d13073b642b3a016,5311,d4d51aca8806,52404.0,54142.0,1738.0,1,16.0,0.5,0.0,1.0,T4,5311,1738.0,8.0,16.0,52404.0,16.0
8ccb9c9fe88b53537e096dd9,5312,de69ddc1064e,52425.0,52845.0,420.0,1,1.0,6.0,0.0,2.0,MISC,5312,420.0,6.0,2.0,52425.0,1.0
e14f55e56de8f9e707c8ff95,5313,42aa9724a88c,52439.0,52492.0,53.0,1,1.0,6.0,0.0,1.0,MISC,5313,53.0,6.0,1.0,52439.0,1.0
9c6554174b06015a7af561c6,5314,41f97a75a037,52443.0,52508.0,65.0,1,1.0,6.0,0.0,1.0,T4,5314,65.0,6.0,1.0,52443.0,1.0
5241fd7d9a59d5917a2b54de,5315,262fbc8b0c98,52471.0,52862.0,391.0,1,2.0,16.0,0.0,1.0,MISC,5315,391.0,32.0,2.0,52471.0,2.0
fdca1b26347a096dc8cd73ec,5316,edc10645cc3f,52474.0,53435.0,961.0,1,10.0,6.0,0.0,1.0,MISC,5316,961.0,60.0,10.0,52474.0,10.0
b53f9ebd1eeeea726d1dac78,5318,2cbd33b08024,52476.0,54405.0,1929.0,1,1.0,6.0,0.0,0.25,MISC,5318,1929.0,6.0,0.25,52476.0,1.0
1ccc18d7d13073b642b3a016,5319,d4d51aca8806,52478.0,85750.0,33272.0,1,12.0,6.0,0.0,0.25,T4,5319,33272.0,72.0,3.0,52478.0,12.0
0272670bed9659e6a76e6998,5321,c2a3a3121170,52498.0,57317.0,4819.0,1,150.0,4.0,0.0,0.5,P100,5321,4819.0,600.0,75.0,52498.0,150.0
049570305e6b0ab6aa86bf60,5322,29380421d3fc,52510.0,52555.0,45.0,1,1.0,6.0,0.0,1.0,T4,5322,45.0,6.0,1.0,52510.0,1.0
cd1df31c53b56c4a6d940b58,5323,80f1f7585a7a,52524.0,88013.0,35489.0,1,20.0,6.0,0.0,0.25,MISC,5323,35489.0,120.0,5.0,52524.0,20.0
f17e954e97558148ded21349,5324,c4cbaac9966d,52564.0,53071.0,507.0,1,1.0,10.0,0.0,0.5,T4,5324,507.0,10.0,0.5,52564.0,1.0
049570305e6b0ab6aa86bf60,5325,29380421d3fc,52575.0,52620.0,45.0,1,1.0,6.0,0.0,1.0,T4,5325,45.0,6.0,1.0,52575.0,1.0
fdca1b26347a096dc8cd73ec,5327,edc10645cc3f,52647.0,52827.0,180.0,1,2.0,6.0,0.0,0.25,MISC,5327,180.0,12.0,0.5,52647.0,2.0
fdca1b26347a096dc8cd73ec,5328,edc10645cc3f,52649.0,54684.0,2035.0,1,4.0,16.0,0.0,1.0,MISC,5328,2035.0,64.0,4.0,52649.0,4.0
8eba7857e58fe61846b4bfec,5329,a5386cd007c6,52677.0,52725.0,48.0,1,1.0,6.0,0.0,0.25,MISC,5329,48.0,6.0,0.25,52677.0,1.0
07a7440f33d2bfb59804064b,5330,9cc55781f4a6,52681.0,70620.0,17939.0,1,1.0,6.0,0.0,0.25,T4,5330,17939.0,6.0,0.25,52681.0,1.0
f17e954e97558148ded21349,5331,c4cbaac9966d,52691.0,53156.0,465.0,1,1.0,10.0,0.0,0.5,T4,5331,465.0,10.0,0.5,52691.0,1.0
f17e954e97558148ded21349,5332,c4cbaac9966d,52691.0,53123.0,432.0,1,1.0,10.0,0.0,0.5,T4,5332,432.0,10.0,0.5,52691.0,1.0
4338499d3c24cc35be17b44c,5333,5b1345f03aa1,52694.0,52827.0,133.0,1,1.0,6.0,0.0,0.25,MISC,5333,133.0,6.0,0.25,52694.0,1.0
4338499d3c24cc35be17b44c,5334,5b1345f03aa1,52695.0,52815.0,120.0,1,1.0,6.0,0.0,0.25,MISC,5334,120.0,6.0,0.25,52695.0,1.0
fdca1b26347a096dc8cd73ec,5335,edc10645cc3f,52698.0,72654.0,19956.0,1,4.0,16.0,0.0,1.0,MISC,5335,19956.0,64.0,4.0,52698.0,4.0
f2c4b7ef9bca7bf8390f05cd,5336,1480b75a8c96,52704.0,52859.0,155.0,1,1.0,6.0,0.0,1.0,T4,5336,155.0,6.0,1.0,52704.0,1.0
30185446faeb493c1d55cacd,5338,a8192d6b0ae9,52714.0,52986.0,272.0,1,20.0,6.0,0.0,1.0,MISC,5338,272.0,120.0,20.0,52714.0,20.0
f17e954e97558148ded21349,5339,c4cbaac9966d,52726.0,52864.0,138.0,1,1.0,10.0,0.0,0.5,T4,5339,138.0,10.0,0.5,52726.0,1.0
f17e954e97558148ded21349,5340,c4cbaac9966d,52745.0,53176.0,431.0,1,1.0,10.0,0.0,0.5,T4,5340,431.0,10.0,0.5,52745.0,1.0
4338499d3c24cc35be17b44c,5341,5b1345f03aa1,52746.0,52988.0,242.0,1,1.0,6.0,0.0,0.5,MISC,5341,242.0,6.0,0.5,52746.0,1.0
cd1df31c53b56c4a6d940b58,5342,80f1f7585a7a,52750.0,72412.0,19662.0,1,20.0,6.0,0.0,0.25,MISC,5342,19662.0,120.0,5.0,52750.0,20.0
f17e954e97558148ded21349,5343,c4cbaac9966d,52813.0,53202.0,389.0,1,1.0,10.0,0.0,0.5,T4,5343,389.0,10.0,0.5,52813.0,1.0
9ae9b2a926a0b1a6e4b0945c,5344,05b25af4dd8b,52932.0,53095.0,163.0,1,1.0,6.0,0.0,0.25,MISC,5344,163.0,6.0,0.25,52932.0,1.0
8ccb9c9fe88b53537e096dd9,5345,de69ddc1064e,52932.0,53307.0,375.0,1,1.0,6.0,0.0,2.0,MISC,5345,375.0,6.0,2.0,52932.0,1.0
1ccc18d7d13073b642b3a016,5347,d4d51aca8806,52958.0,78042.0,25084.0,1,12.0,6.0,0.0,0.25,T4,5347,25084.0,72.0,3.0,52958.0,12.0
fdca1b26347a096dc8cd73ec,5348,edc10645cc3f,52987.0,60798.0,7811.0,1,4.0,16.0,0.0,1.0,MISC,5348,7811.0,64.0,4.0,52987.0,4.0
8ccb9c9fe88b53537e096dd9,5349,de69ddc1064e,53027.0,53380.0,353.0,1,1.0,6.0,0.0,1.0,MISC,5349,353.0,6.0,1.0,53027.0,1.0
30185446faeb493c1d55cacd,5351,a8192d6b0ae9,53032.0,53457.0,425.0,1,20.0,6.0,0.0,1.0,MISC,5351,425.0,120.0,20.0,53032.0,20.0
2fe46f64538b8943a9882bab,5352,c677a0acf7c0,53081.0,53178.0,97.0,1,1.0,6.0,0.0,0.25,MISC,5352,97.0,6.0,0.25,53081.0,1.0
30185446faeb493c1d55cacd,5354,a8192d6b0ae9,53085.0,53276.0,191.0,1,20.0,6.0,0.0,1.0,P100,5354,191.0,120.0,20.0,53085.0,20.0
30185446faeb493c1d55cacd,5356,a8192d6b0ae9,53119.0,53347.0,228.0,1,20.0,6.0,0.0,1.0,MISC,5356,228.0,120.0,20.0,53119.0,20.0
a74a7ec87b813d9003efe4a1,5358,bbd5a1434ac7,53139.0,65359.0,12220.0,1,12.0,6.0,0.0,0.25,T4,5358,12220.0,72.0,3.0,53139.0,12.0
a74a7ec87b813d9003efe4a1,5360,bbd5a1434ac7,53169.0,65840.0,12671.0,1,12.0,6.0,0.0,0.25,T4,5360,12671.0,72.0,3.0,53169.0,12.0
4338499d3c24cc35be17b44c,5362,5b1345f03aa1,53174.0,53215.0,41.0,1,1.0,6.0,0.0,1.0,MISC,5362,41.0,6.0,1.0,53174.0,1.0
8106728908feb773a53799c5,5363,698d948206d0,53177.0,53509.0,332.0,1,1.0,6.0,0.0,0.25,MISC,5363,332.0,6.0,0.25,53177.0,1.0
f17e954e97558148ded21349,5364,c4cbaac9966d,53180.0,53816.0,636.0,1,1.0,10.0,0.0,0.5,T4,5364,636.0,10.0,0.5,53180.0,1.0
f17e954e97558148ded21349,5365,c4cbaac9966d,53183.0,53651.0,468.0,1,1.0,10.0,0.0,0.5,T4,5365,468.0,10.0,0.5,53183.0,1.0
0be3971157d6c504afbc3397,5366,354e3b81c515,53212.0,53236.0,24.0,1,1.0,6.0,0.0,1.0,MISC,5366,24.0,6.0,1.0,53212.0,1.0
30185446faeb493c1d55cacd,5368,a8192d6b0ae9,53233.0,53458.0,225.0,1,10.0,6.0,0.0,1.0,MISC,5368,225.0,60.0,10.0,53233.0,10.0
f17e954e97558148ded21349,5369,c4cbaac9966d,53246.0,53615.0,369.0,1,1.0,10.0,0.0,0.5,T4,5369,369.0,10.0,0.5,53246.0,1.0
f17e954e97558148ded21349,5370,c4cbaac9966d,53247.0,53635.0,388.0,1,1.0,10.0,0.0,0.5,T4,5370,388.0,10.0,0.5,53247.0,1.0
e8efa65aa22dff1e98ff15d7,5371,b3bfe9b79bb5,53300.0,53883.0,583.0,1,1.0,6.0,0.0,1.0,MISC,5371,583.0,6.0,1.0,53300.0,1.0
f17e954e97558148ded21349,5373,c4cbaac9966d,53309.0,53792.0,483.0,1,1.0,10.0,0.0,0.5,T4,5373,483.0,10.0,0.5,53309.0,1.0
30185446faeb493c1d55cacd,5374,a8192d6b0ae9,53310.0,53890.0,580.0,1,10.0,6.0,0.0,1.0,MISC,5374,580.0,60.0,10.0,53310.0,10.0
2fe46f64538b8943a9882bab,5376,c677a0acf7c0,53320.0,54121.0,801.0,1,2.0,5.0,0.0,0.25,MISC,5376,801.0,10.0,0.5,53320.0,2.0
a74a7ec87b813d9003efe4a1,5378,bbd5a1434ac7,53332.0,66761.0,13429.0,1,12.0,6.0,0.0,0.25,T4,5378,13429.0,72.0,3.0,53332.0,12.0
30185446faeb493c1d55cacd,5380,a8192d6b0ae9,53352.0,53578.0,226.0,1,20.0,6.0,0.0,1.0,P100,5380,226.0,120.0,20.0,53352.0,20.0
2fe46f64538b8943a9882bab,5382,c677a0acf7c0,53362.0,60430.0,7068.0,1,6.0,10.0,0.0,0.15,MISC,5382,7068.0,60.0,0.9,53362.0,6.0
e8efa65aa22dff1e98ff15d7,5383,b3bfe9b79bb5,53367.0,58451.0,5084.0,1,1.0,6.0,0.0,1.0,MISC,5383,5084.0,6.0,1.0,53367.0,1.0
a74a7ec87b813d9003efe4a1,5385,bbd5a1434ac7,53371.0,65758.0,12387.0,1,12.0,6.0,0.0,0.25,T4,5385,12387.0,72.0,3.0,53371.0,12.0
e8efa65aa22dff1e98ff15d7,5386,b3bfe9b79bb5,53388.0,58909.0,5521.0,1,1.0,6.0,0.0,0.25,MISC,5386,5521.0,6.0,0.25,53388.0,1.0
e14f55e56de8f9e707c8ff95,5387,42aa9724a88c,53425.0,53488.0,63.0,1,1.0,6.0,0.0,1.0,MISC,5387,63.0,6.0,1.0,53425.0,1.0
9ae9b2a926a0b1a6e4b0945c,5388,05b25af4dd8b,53448.0,53479.0,31.0,1,1.0,6.0,0.0,1.0,MISC,5388,31.0,6.0,1.0,53448.0,1.0
7406fb7653a17ee61e51469d,5389,8b9c03ad79b8,53465.0,53656.0,191.0,1,1.0,6.0,0.0,1.0,MISC,5389,191.0,6.0,1.0,53465.0,1.0
fdca1b26347a096dc8cd73ec,5390,edc10645cc3f,53477.0,54662.0,1185.0,1,10.0,6.0,0.0,1.0,MISC,5390,1185.0,60.0,10.0,53477.0,10.0
1ccc18d7d13073b642b3a016,5391,d4d51aca8806,53499.0,58720.0,5221.0,1,16.0,0.5,0.0,1.0,T4,5391,5221.0,8.0,16.0,53499.0,16.0
4d8fee7f10bd7edbb75b96b3,5393,b2c52019b2c6,53605.0,53925.0,320.0,1,10.0,3.0,0.0,0.25,MISC,5393,320.0,30.0,2.5,53605.0,10.0
fdca1b26347a096dc8cd73ec,5395,edc10645cc3f,53635.0,61356.0,7721.0,1,10.0,6.0,0.0,0.25,MISC,5395,7721.0,60.0,2.5,53635.0,10.0
fdca1b26347a096dc8cd73ec,5397,edc10645cc3f,53652.0,55370.0,1718.0,1,10.0,6.0,0.0,0.25,MISC,5397,1718.0,60.0,2.5,53652.0,10.0
f17e954e97558148ded21349,5398,c4cbaac9966d,53716.0,54181.0,465.0,1,1.0,10.0,0.0,0.5,T4,5398,465.0,10.0,0.5,53716.0,1.0
f17e954e97558148ded21349,5399,c4cbaac9966d,53717.0,54058.0,341.0,1,1.0,10.0,0.0,0.5,T4,5399,341.0,10.0,0.5,53717.0,1.0
f17e954e97558148ded21349,5400,c4cbaac9966d,53719.0,54161.0,442.0,1,1.0,10.0,0.0,0.5,T4,5400,442.0,10.0,0.5,53719.0,1.0
30185446faeb493c1d55cacd,5403,a8192d6b0ae9,53736.0,54593.0,857.0,1,5.0,8.0,0.0,0.5,MISC,5403,857.0,40.0,2.5,53736.0,5.0
30185446faeb493c1d55cacd,5404,a8192d6b0ae9,53737.0,96437.0,42700.0,1,10.0,8.0,0.0,0.5,MISC,5404,42700.0,80.0,5.0,53737.0,10.0
5e9a49b525155bd8c3d3fed7,5406,a4f092ab9509,53799.0,54502.0,703.0,1,50.0,4.0,0.0,0.5,MISC,5406,703.0,200.0,25.0,53799.0,50.0
934e2c1ced0fc9ab1ed0ddc1,5407,e8f0049b4ca6,53807.0,56976.0,3169.0,1,1.0,6.0,0.0,0.25,MISC,5407,3169.0,6.0,0.25,53807.0,1.0
f17e954e97558148ded21349,5409,c4cbaac9966d,53903.0,54469.0,566.0,1,1.0,10.0,0.0,0.5,T4,5409,566.0,10.0,0.5,53903.0,1.0
fdca1b26347a096dc8cd73ec,5410,edc10645cc3f,53905.0,96576.0,42671.0,1,10.0,6.0,0.0,0.25,MISC,5410,42671.0,60.0,2.5,53905.0,10.0
f17e954e97558148ded21349,5411,c4cbaac9966d,53909.0,54273.0,364.0,1,1.0,10.0,0.0,0.5,T4,5411,364.0,10.0,0.5,53909.0,1.0
4338499d3c24cc35be17b44c,5412,5b1345f03aa1,53969.0,54346.0,377.0,1,50.0,10.0,0.0,0.25,MISC,5412,377.0,500.0,12.5,53969.0,50.0
d894fd1af131ed7a296716b5,5413,58540f191766,54041.0,54063.0,22.0,1,1.0,6.0,0.0,1.0,MISC,5413,22.0,6.0,1.0,54041.0,1.0
d894fd1af131ed7a296716b5,5414,58540f191766,54042.0,54063.0,21.0,1,1.0,6.0,0.0,1.0,MISC,5414,21.0,6.0,1.0,54042.0,1.0
d894fd1af131ed7a296716b5,5415,58540f191766,54042.0,54061.0,19.0,1,1.0,6.0,0.0,1.0,MISC,5415,19.0,6.0,1.0,54042.0,1.0
d894fd1af131ed7a296716b5,5416,58540f191766,54042.0,54061.0,19.0,1,1.0,6.0,0.0,1.0,MISC,5416,19.0,6.0,1.0,54042.0,1.0
d894fd1af131ed7a296716b5,5417,58540f191766,54042.0,54062.0,20.0,1,1.0,6.0,0.0,1.0,MISC,5417,20.0,6.0,1.0,54042.0,1.0
d894fd1af131ed7a296716b5,5418,58540f191766,54042.0,54062.0,20.0,1,1.0,6.0,0.0,1.0,MISC,5418,20.0,6.0,1.0,54042.0,1.0
d894fd1af131ed7a296716b5,5419,58540f191766,54043.0,54062.0,19.0,1,1.0,6.0,0.0,1.0,MISC,5419,19.0,6.0,1.0,54043.0,1.0
4338499d3c24cc35be17b44c,5420,5b1345f03aa1,54043.0,55923.0,1880.0,1,1.0,6.0,0.0,1.0,MISC,5420,1880.0,6.0,1.0,54043.0,1.0
30185446faeb493c1d55cacd,5421,a8192d6b0ae9,54043.0,54125.0,82.0,1,1.0,6.0,0.0,1.0,MISC,5421,82.0,6.0,1.0,54043.0,1.0
d894fd1af131ed7a296716b5,5422,58540f191766,54043.0,54062.0,19.0,1,1.0,6.0,0.0,1.0,MISC,5422,19.0,6.0,1.0,54043.0,1.0
d894fd1af131ed7a296716b5,5423,58540f191766,54043.0,54062.0,19.0,1,1.0,6.0,0.0,1.0,MISC,5423,19.0,6.0,1.0,54043.0,1.0
d894fd1af131ed7a296716b5,5424,58540f191766,54044.0,54062.0,18.0,1,1.0,6.0,0.0,1.0,MISC,5424,18.0,6.0,1.0,54044.0,1.0
a74a7ec87b813d9003efe4a1,5427,bbd5a1434ac7,54071.0,66572.0,12501.0,1,12.0,6.0,0.0,0.25,T4,5427,12501.0,72.0,3.0,54071.0,12.0
a74a7ec87b813d9003efe4a1,5428,bbd5a1434ac7,54072.0,78345.0,24273.0,1,12.0,6.0,0.0,0.25,T4,5428,24273.0,72.0,3.0,54072.0,12.0
30185446faeb493c1d55cacd,5430,a8192d6b0ae9,54100.0,54167.0,67.0,1,1.0,6.0,0.0,1.0,MISC,5430,67.0,6.0,1.0,54100.0,1.0
e8efa65aa22dff1e98ff15d7,5431,b3bfe9b79bb5,54105.0,61643.0,7538.0,1,1.0,6.0,0.0,0.25,MISC,5431,7538.0,6.0,0.25,54105.0,1.0
e8efa65aa22dff1e98ff15d7,5432,b3bfe9b79bb5,54107.0,59189.0,5082.0,1,1.0,6.0,0.0,0.25,MISC,5432,5082.0,6.0,0.25,54107.0,1.0
e8efa65aa22dff1e98ff15d7,5433,b3bfe9b79bb5,54107.0,63441.0,9334.0,1,1.0,6.0,0.0,0.25,MISC,5433,9334.0,6.0,0.25,54107.0,1.0
e8efa65aa22dff1e98ff15d7,5434,b3bfe9b79bb5,54109.0,64243.0,10134.0,1,1.0,6.0,0.0,0.25,MISC,5434,10134.0,6.0,0.25,54109.0,1.0
e8efa65aa22dff1e98ff15d7,5435,b3bfe9b79bb5,54110.0,57202.0,3092.0,1,1.0,6.0,0.0,0.25,MISC,5435,3092.0,6.0,0.25,54110.0,1.0
f17e954e97558148ded21349,5436,c4cbaac9966d,54120.0,54467.0,347.0,1,1.0,10.0,0.0,0.5,T4,5436,347.0,10.0,0.5,54120.0,1.0
f17e954e97558148ded21349,5437,c4cbaac9966d,54121.0,54283.0,162.0,1,1.0,10.0,0.0,0.5,T4,5437,162.0,10.0,0.5,54121.0,1.0
4338499d3c24cc35be17b44c,5439,5b1345f03aa1,54124.0,54174.0,50.0,1,1.0,6.0,0.0,1.0,MISC,5439,50.0,6.0,1.0,54124.0,1.0
3995073148156da8994ec8bb,5440,5f4cb64dc693,54126.0,54376.0,250.0,1,1.0,6.0,0.0,1.0,MISC,5440,250.0,6.0,1.0,54126.0,1.0
2fe46f64538b8943a9882bab,5441,c677a0acf7c0,54207.0,54236.0,29.0,1,1.0,6.0,0.0,1.0,MISC,5441,29.0,6.0,1.0,54207.0,1.0
0be3971157d6c504afbc3397,5443,354e3b81c515,54225.0,54258.0,33.0,1,1.0,6.0,0.0,1.0,MISC,5443,33.0,6.0,1.0,54225.0,1.0
f2c4b7ef9bca7bf8390f05cd,5444,1480b75a8c96,54234.0,54570.0,336.0,1,1.0,6.0,0.0,1.0,T4,5444,336.0,6.0,1.0,54234.0,1.0
f17e954e97558148ded21349,5445,c4cbaac9966d,54245.0,55053.0,808.0,1,1.0,10.0,0.0,0.5,T4,5445,808.0,10.0,0.5,54245.0,1.0
f17e954e97558148ded21349,5446,c4cbaac9966d,54247.0,54816.0,569.0,1,1.0,10.0,0.0,0.5,T4,5446,569.0,10.0,0.5,54247.0,1.0
845ebc87e40bad0db5b37e26,5447,f14128db0160,54259.0,54297.0,38.0,1,1.0,6.0,0.0,2.0,MISC,5447,38.0,6.0,2.0,54259.0,1.0
4338499d3c24cc35be17b44c,5448,5b1345f03aa1,54281.0,54453.0,172.0,1,1.0,6.0,0.0,1.0,MISC,5448,172.0,6.0,1.0,54281.0,1.0
e14f55e56de8f9e707c8ff95,5449,42aa9724a88c,54301.0,54370.0,69.0,1,1.0,6.0,0.0,1.0,MISC,5449,69.0,6.0,1.0,54301.0,1.0
a74a7ec87b813d9003efe4a1,5451,bbd5a1434ac7,54316.0,78801.0,24485.0,1,12.0,6.0,0.0,0.25,T4,5451,24485.0,72.0,3.0,54316.0,12.0
30185446faeb493c1d55cacd,5453,a8192d6b0ae9,54326.0,60394.0,6068.0,1,10.0,1.0,0.0,0.25,MISC,5453,6068.0,10.0,2.5,54326.0,10.0
4338499d3c24cc35be17b44c,5454,5b1345f03aa1,54332.0,55334.0,1002.0,1,1.0,6.0,0.0,1.0,MISC,5454,1002.0,6.0,1.0,54332.0,1.0
4338499d3c24cc35be17b44c,5455,5b1345f03aa1,54332.0,55340.0,1008.0,1,1.0,6.0,0.0,1.0,MISC,5455,1008.0,6.0,1.0,54332.0,1.0
4338499d3c24cc35be17b44c,5456,5b1345f03aa1,54342.0,55205.0,863.0,1,1.0,6.0,0.0,1.0,MISC,5456,863.0,6.0,1.0,54342.0,1.0
4338499d3c24cc35be17b44c,5457,5b1345f03aa1,54360.0,55603.0,1243.0,1,1.0,6.0,0.0,1.0,MISC,5457,1243.0,6.0,1.0,54360.0,1.0
f17e954e97558148ded21349,5458,c4cbaac9966d,54369.0,54697.0,328.0,1,1.0,10.0,0.0,0.5,T4,5458,328.0,10.0,0.5,54369.0,1.0
4338499d3c24cc35be17b44c,5459,5b1345f03aa1,54377.0,55329.0,952.0,1,1.0,6.0,0.0,1.0,MISC,5459,952.0,6.0,1.0,54377.0,1.0
3e5fb00bf43aa67ee5c2b6d5,5460,f134c9ec05e3,54378.0,54562.0,184.0,1,1.0,6.0,0.0,0.5,MISC,5460,184.0,6.0,0.5,54378.0,1.0
07a7440f33d2bfb59804064b,5461,9cc55781f4a6,54415.0,56579.0,2164.0,1,1.0,6.0,0.0,0.5,T4,5461,2164.0,6.0,0.5,54415.0,1.0
4338499d3c24cc35be17b44c,5462,5b1345f03aa1,54490.0,54609.0,119.0,1,1.0,6.0,0.0,0.25,MISC,5462,119.0,6.0,0.25,54490.0,1.0
28dbedeb830a7a6ebc9dcdb7,5463,c9e676ebc7ef,54526.0,80649.0,26123.0,1,4.0,6.0,0.0,0.5,T4,5463,26123.0,24.0,2.0,54526.0,4.0
8eba7857e58fe61846b4bfec,5464,a5386cd007c6,54530.0,54677.0,147.0,1,1.0,6.0,0.0,0.25,MISC,5464,147.0,6.0,0.25,54530.0,1.0
28dbedeb830a7a6ebc9dcdb7,5465,c9e676ebc7ef,54545.0,57444.0,2899.0,1,8.0,6.0,0.0,0.25,T4,5465,2899.0,48.0,2.0,54545.0,8.0
f17e954e97558148ded21349,5466,c4cbaac9966d,54552.0,55116.0,564.0,1,1.0,10.0,0.0,0.5,T4,5466,564.0,10.0,0.5,54552.0,1.0
f17e954e97558148ded21349,5467,c4cbaac9966d,54555.0,55141.0,586.0,1,1.0,10.0,0.0,0.5,T4,5467,586.0,10.0,0.5,54555.0,1.0
4fa2a95d7c794171b866dfa5,5469,7203aa95a9af,54582.0,65963.0,11381.0,1,10.0,6.0,0.0,0.25,MISC,5469,11381.0,60.0,2.5,54582.0,10.0
944edeceea5c25f4a5f79f89,5470,8d8cb36a6118,54585.0,65308.0,10723.0,1,1.0,16.0,0.0,1.0,T4,5470,10723.0,16.0,1.0,54585.0,1.0
4fa2a95d7c794171b866dfa5,5472,7203aa95a9af,54588.0,62140.0,7552.0,1,10.0,6.0,0.0,0.25,MISC,5472,7552.0,60.0,2.5,54588.0,10.0
f2c4b7ef9bca7bf8390f05cd,5473,1480b75a8c96,54601.0,54766.0,165.0,1,1.0,6.0,0.0,1.0,T4,5473,165.0,6.0,1.0,54601.0,1.0
28dbedeb830a7a6ebc9dcdb7,5474,c9e676ebc7ef,54623.0,57533.0,2910.0,1,8.0,6.0,0.0,0.25,T4,5474,2910.0,48.0,2.0,54623.0,8.0
3995073148156da8994ec8bb,5475,5f4cb64dc693,54625.0,59723.0,5098.0,1,30.0,6.0,0.0,0.5,MISC,5475,5098.0,180.0,15.0,54625.0,30.0
4338499d3c24cc35be17b44c,5476,5b1345f03aa1,54633.0,55319.0,686.0,1,1.0,6.0,0.0,1.0,MISC,5476,686.0,6.0,1.0,54633.0,1.0
4338499d3c24cc35be17b44c,5477,5b1345f03aa1,54651.0,57534.0,2883.0,1,1.0,6.0,0.0,1.0,MISC,5477,2883.0,6.0,1.0,54651.0,1.0
4338499d3c24cc35be17b44c,5478,5b1345f03aa1,54655.0,55784.0,1129.0,1,1.0,6.0,0.0,1.0,MISC,5478,1129.0,6.0,1.0,54655.0,1.0
28dbedeb830a7a6ebc9dcdb7,5479,c9e676ebc7ef,54658.0,57368.0,2710.0,1,8.0,6.0,0.0,0.25,T4,5479,2710.0,48.0,2.0,54658.0,8.0
4338499d3c24cc35be17b44c,5480,5b1345f03aa1,54667.0,57557.0,2890.0,1,1.0,6.0,0.0,1.0,MISC,5480,2890.0,6.0,1.0,54667.0,1.0
2fe46f64538b8943a9882bab,5481,c677a0acf7c0,54683.0,54758.0,75.0,1,1.0,6.0,0.0,1.0,MISC,5481,75.0,6.0,1.0,54683.0,1.0
4338499d3c24cc35be17b44c,5482,5b1345f03aa1,54684.0,57262.0,2578.0,1,1.0,6.0,0.0,1.0,MISC,5482,2578.0,6.0,1.0,54684.0,1.0
4338499d3c24cc35be17b44c,5483,5b1345f03aa1,54721.0,57559.0,2838.0,1,1.0,6.0,0.0,1.0,MISC,5483,2838.0,6.0,1.0,54721.0,1.0
4338499d3c24cc35be17b44c,5484,5b1345f03aa1,54740.0,57519.0,2779.0,1,1.0,6.0,0.0,1.0,MISC,5484,2779.0,6.0,1.0,54740.0,1.0
4338499d3c24cc35be17b44c,5485,5b1345f03aa1,54756.0,57519.0,2763.0,1,1.0,6.0,0.0,1.0,P100,5485,2763.0,6.0,1.0,54756.0,1.0
7406fb7653a17ee61e51469d,5486,8b9c03ad79b8,54766.0,54952.0,186.0,1,1.0,6.0,0.0,1.0,MISC,5486,186.0,6.0,1.0,54766.0,1.0
4338499d3c24cc35be17b44c,5487,5b1345f03aa1,54773.0,57459.0,2686.0,1,1.0,6.0,0.0,1.0,P100,5487,2686.0,6.0,1.0,54773.0,1.0
845ebc87e40bad0db5b37e26,5488,f14128db0160,54775.0,54927.0,152.0,1,1.0,6.0,0.0,2.0,P100,5488,152.0,6.0,2.0,54775.0,1.0
4338499d3c24cc35be17b44c,5489,5b1345f03aa1,54791.0,58296.0,3505.0,1,1.0,6.0,0.0,1.0,MISC,5489,3505.0,6.0,1.0,54791.0,1.0
d894fd1af131ed7a296716b5,5491,58540f191766,54796.0,56492.0,1696.0,1,1.0,0.1,0.0,0.1,MISC,5491,1696.0,0.1,0.1,54796.0,1.0
d894fd1af131ed7a296716b5,5492,58540f191766,54798.0,56512.0,1714.0,1,1.0,0.1,0.0,0.1,MISC,5492,1714.0,0.1,0.1,54798.0,1.0
2fe46f64538b8943a9882bab,5493,c677a0acf7c0,54801.0,57288.0,2487.0,1,20.0,1.0,0.0,0.25,MISC,5493,2487.0,20.0,5.0,54801.0,20.0
f17e954e97558148ded21349,5494,c4cbaac9966d,54802.0,55138.0,336.0,1,1.0,10.0,0.0,0.5,T4,5494,336.0,10.0,0.5,54802.0,1.0
4338499d3c24cc35be17b44c,5495,5b1345f03aa1,54814.0,58387.0,3573.0,1,1.0,6.0,0.0,1.0,P100,5495,3573.0,6.0,1.0,54814.0,1.0
4338499d3c24cc35be17b44c,5496,5b1345f03aa1,54836.0,55635.0,799.0,1,1.0,6.0,0.0,1.0,MISC,5496,799.0,6.0,1.0,54836.0,1.0
4338499d3c24cc35be17b44c,5497,5b1345f03aa1,54852.0,57551.0,2699.0,1,1.0,6.0,0.0,1.0,MISC,5497,2699.0,6.0,1.0,54852.0,1.0
4338499d3c24cc35be17b44c,5498,5b1345f03aa1,54868.0,55673.0,805.0,1,1.0,6.0,0.0,1.0,P100,5498,805.0,6.0,1.0,54868.0,1.0
4338499d3c24cc35be17b44c,5499,5b1345f03aa1,54885.0,55562.0,677.0,1,1.0,6.0,0.0,1.0,P100,5499,677.0,6.0,1.0,54885.0,1.0
4338499d3c24cc35be17b44c,5500,5b1345f03aa1,54905.0,55181.0,276.0,1,1.0,6.0,0.0,1.0,P100,5500,276.0,6.0,1.0,54905.0,1.0
4338499d3c24cc35be17b44c,5501,5b1345f03aa1,54924.0,58195.0,3271.0,1,1.0,6.0,0.0,1.0,P100,5501,3271.0,6.0,1.0,54924.0,1.0
f17e954e97558148ded21349,5502,c4cbaac9966d,54928.0,55217.0,289.0,1,1.0,10.0,0.0,0.5,T4,5502,289.0,10.0,0.5,54928.0,1.0
4338499d3c24cc35be17b44c,5503,5b1345f03aa1,54942.0,61329.0,6387.0,1,1.0,6.0,0.0,1.0,MISC,5503,6387.0,6.0,1.0,54942.0,1.0
4338499d3c24cc35be17b44c,5504,5b1345f03aa1,54961.0,58786.0,3825.0,1,1.0,6.0,0.0,1.0,MISC,5504,3825.0,6.0,1.0,54961.0,1.0
0be3971157d6c504afbc3397,5505,354e3b81c515,54962.0,55030.0,68.0,1,1.0,6.0,0.0,1.0,MISC,5505,68.0,6.0,1.0,54962.0,1.0
4338499d3c24cc35be17b44c,5506,5b1345f03aa1,54980.0,58520.0,3540.0,1,1.0,6.0,0.0,1.0,P100,5506,3540.0,6.0,1.0,54980.0,1.0
4338499d3c24cc35be17b44c,5507,5b1345f03aa1,54999.0,58354.0,3355.0,1,1.0,6.0,0.0,1.0,P100,5507,3355.0,6.0,1.0,54999.0,1.0
4338499d3c24cc35be17b44c,5509,5b1345f03aa1,55005.0,55062.0,57.0,1,1.0,6.0,0.0,1.0,MISC,5509,57.0,6.0,1.0,55005.0,1.0
4338499d3c24cc35be17b44c,5510,5b1345f03aa1,55019.0,58858.0,3839.0,1,1.0,6.0,0.0,1.0,P100,5510,3839.0,6.0,1.0,55019.0,1.0
28dbedeb830a7a6ebc9dcdb7,5511,c9e676ebc7ef,55030.0,69718.0,14688.0,1,1.0,18.0,0.0,2.0,T4,5511,14688.0,18.0,2.0,55030.0,1.0
4338499d3c24cc35be17b44c,5512,5b1345f03aa1,55037.0,58552.0,3515.0,1,1.0,6.0,0.0,1.0,MISC,5512,3515.0,6.0,1.0,55037.0,1.0
2fe46f64538b8943a9882bab,5513,c677a0acf7c0,55040.0,58357.0,3317.0,1,5.0,2.0,0.0,1.0,MISC,5513,3317.0,10.0,5.0,55040.0,5.0
4338499d3c24cc35be17b44c,5514,5b1345f03aa1,55055.0,58936.0,3881.0,1,1.0,6.0,0.0,1.0,MISC,5514,3881.0,6.0,1.0,55055.0,1.0
4338499d3c24cc35be17b44c,5515,5b1345f03aa1,55072.0,58536.0,3464.0,1,1.0,6.0,0.0,1.0,P100,5515,3464.0,6.0,1.0,55072.0,1.0
4338499d3c24cc35be17b44c,5516,5b1345f03aa1,55087.0,58547.0,3460.0,1,1.0,6.0,0.0,1.0,P100,5516,3460.0,6.0,1.0,55087.0,1.0
4338499d3c24cc35be17b44c,5517,5b1345f03aa1,55103.0,58020.0,2917.0,1,1.0,6.0,0.0,1.0,MISC,5517,2917.0,6.0,1.0,55103.0,1.0
4338499d3c24cc35be17b44c,5518,5b1345f03aa1,55122.0,58568.0,3446.0,1,1.0,6.0,0.0,1.0,P100,5518,3446.0,6.0,1.0,55122.0,1.0
4338499d3c24cc35be17b44c,5519,5b1345f03aa1,55139.0,58525.0,3386.0,1,1.0,6.0,0.0,1.0,MISC,5519,3386.0,6.0,1.0,55139.0,1.0
f17e954e97558148ded21349,5520,c4cbaac9966d,55143.0,55452.0,309.0,1,1.0,10.0,0.0,0.5,T4,5520,309.0,10.0,0.5,55143.0,1.0
4338499d3c24cc35be17b44c,5521,5b1345f03aa1,55158.0,58525.0,3367.0,1,1.0,6.0,0.0,1.0,P100,5521,3367.0,6.0,1.0,55158.0,1.0
dc23e939a661d66cb6f7359e,5522,e016cedec318,55175.0,55282.0,107.0,1,1.0,6.0,0.0,1.0,P100,5522,107.0,6.0,1.0,55175.0,1.0
e14f55e56de8f9e707c8ff95,5523,42aa9724a88c,55188.0,55261.0,73.0,1,1.0,6.0,0.0,1.0,P100,5523,73.0,6.0,1.0,55188.0,1.0
f17e954e97558148ded21349,5524,c4cbaac9966d,55204.0,55614.0,410.0,1,1.0,10.0,0.0,0.5,T4,5524,410.0,10.0,0.5,55204.0,1.0
f17e954e97558148ded21349,5525,c4cbaac9966d,55205.0,55565.0,360.0,1,1.0,10.0,0.0,0.5,T4,5525,360.0,10.0,0.5,55205.0,1.0
f17e954e97558148ded21349,5526,c4cbaac9966d,55206.0,55589.0,383.0,1,1.0,10.0,0.0,0.5,T4,5526,383.0,10.0,0.5,55206.0,1.0
4c63a741106edc46bc1729dd,5527,18febf35d3a1,55214.0,55433.0,219.0,1,1.0,6.0,0.0,1.0,MISC,5527,219.0,6.0,1.0,55214.0,1.0
f17e954e97558148ded21349,5528,c4cbaac9966d,55264.0,55600.0,336.0,1,1.0,10.0,0.0,0.5,T4,5528,336.0,10.0,0.5,55264.0,1.0
f17e954e97558148ded21349,5529,c4cbaac9966d,55268.0,55525.0,257.0,1,1.0,10.0,0.0,0.5,T4,5529,257.0,10.0,0.5,55268.0,1.0
5e71584c514d8e17662ffd10,5530,69d8872acc41,55431.0,58613.0,3182.0,1,6.0,6.0,0.0,0.5,T4,5530,3182.0,36.0,3.0,55431.0,6.0
be9f630d9961c6b4cf52eb5b,5531,f2ce2df66a71,55438.0,55453.0,15.0,1,1.0,6.0,0.0,1.0,T4,5531,15.0,6.0,1.0,55438.0,1.0
30185446faeb493c1d55cacd,5536,a8192d6b0ae9,55445.0,56750.0,1305.0,1,10.0,8.0,0.0,1.0,MISC,5536,1305.0,80.0,10.0,55445.0,10.0
30185446faeb493c1d55cacd,5537,a8192d6b0ae9,55447.0,58722.0,3275.0,1,5.0,8.0,0.0,1.0,MISC,5537,3275.0,40.0,5.0,55447.0,5.0
30185446faeb493c1d55cacd,5538,a8192d6b0ae9,55447.0,57426.0,1979.0,1,5.0,8.0,0.0,1.0,MISC,5538,1979.0,40.0,5.0,55447.0,5.0
30185446faeb493c1d55cacd,5539,a8192d6b0ae9,55448.0,56136.0,688.0,1,5.0,8.0,0.0,1.0,P100,5539,688.0,40.0,5.0,55448.0,5.0
30185446faeb493c1d55cacd,5541,a8192d6b0ae9,55454.0,56128.0,674.0,1,5.0,8.0,0.0,1.0,P100,5541,674.0,40.0,5.0,55454.0,5.0
30185446faeb493c1d55cacd,5543,a8192d6b0ae9,55458.0,56158.0,700.0,1,5.0,8.0,0.0,1.0,P100,5543,700.0,40.0,5.0,55458.0,5.0
30185446faeb493c1d55cacd,5546,a8192d6b0ae9,55461.0,56114.0,653.0,1,5.0,8.0,0.0,1.0,P100,5546,653.0,40.0,5.0,55461.0,5.0
30185446faeb493c1d55cacd,5547,a8192d6b0ae9,55462.0,56124.0,662.0,1,5.0,8.0,0.0,1.0,P100,5547,662.0,40.0,5.0,55462.0,5.0
5e71584c514d8e17662ffd10,5548,69d8872acc41,55482.0,57541.0,2059.0,1,4.0,6.0,0.0,0.5,T4,5548,2059.0,24.0,2.0,55482.0,4.0
f17e954e97558148ded21349,5550,c4cbaac9966d,55518.0,55872.0,354.0,1,1.0,10.0,0.0,0.5,T4,5550,354.0,10.0,0.5,55518.0,1.0
fdca1b26347a096dc8cd73ec,5551,edc10645cc3f,55523.0,55686.0,163.0,1,1.0,6.0,0.0,0.25,MISC,5551,163.0,6.0,0.25,55523.0,1.0
0be3971157d6c504afbc3397,5552,354e3b81c515,55525.0,55544.0,19.0,1,1.0,6.0,0.0,1.0,P100,5552,19.0,6.0,1.0,55525.0,1.0
4c63a741106edc46bc1729dd,5553,18febf35d3a1,55536.0,55742.0,206.0,1,1.0,6.0,0.0,1.0,MISC,5553,206.0,6.0,1.0,55536.0,1.0
cd1df31c53b56c4a6d940b58,5555,80f1f7585a7a,55549.0,57689.0,2140.0,1,50.0,6.0,0.0,0.3,MISC,5555,2140.0,300.0,15.0,55549.0,50.0
e8efa65aa22dff1e98ff15d7,5557,b3bfe9b79bb5,55695.0,56864.0,1169.0,1,100.0,6.0,0.0,0.25,P100,5557,1169.0,600.0,25.0,55695.0,100.0
f17e954e97558148ded21349,5558,c4cbaac9966d,55698.0,56105.0,407.0,1,1.0,10.0,0.0,0.5,T4,5558,407.0,10.0,0.5,55698.0,1.0
f17e954e97558148ded21349,5559,c4cbaac9966d,55701.0,56407.0,706.0,1,1.0,10.0,0.0,0.5,T4,5559,706.0,10.0,0.5,55701.0,1.0
cd1df31c53b56c4a6d940b58,5560,80f1f7585a7a,55703.0,62947.0,7244.0,1,20.0,1.0,0.0,0.25,MISC,5560,7244.0,20.0,5.0,55703.0,20.0
f17e954e97558148ded21349,5561,c4cbaac9966d,55704.0,56024.0,320.0,1,1.0,10.0,0.0,0.5,T4,5561,320.0,10.0,0.5,55704.0,1.0
f17e954e97558148ded21349,5562,c4cbaac9966d,55765.0,56108.0,343.0,1,1.0,10.0,0.0,0.5,T4,5562,343.0,10.0,0.5,55765.0,1.0
0be3971157d6c504afbc3397,5564,354e3b81c515,55862.0,55886.0,24.0,1,1.0,6.0,0.0,1.0,V100,5564,24.0,6.0,1.0,55862.0,1.0
143b087a9cf31f7f5c1b09ba,5567,f5440bdf32a5,55873.0,55948.0,75.0,1,1.0,6.0,0.0,1.0,V100,5567,75.0,6.0,1.0,55873.0,1.0
420f604de34cd2c6a91bbcb4,5569,32d1967f05b1,55876.0,57479.0,1603.0,1,1.0,6.0,0.0,0.25,MISC,5569,1603.0,6.0,0.25,55876.0,1.0
420f604de34cd2c6a91bbcb4,5570,32d1967f05b1,55879.0,58598.0,2719.0,1,1.0,6.0,0.0,0.25,MISC,5570,2719.0,6.0,0.25,55879.0,1.0
420f604de34cd2c6a91bbcb4,5572,32d1967f05b1,55889.0,58809.0,2920.0,1,1.0,6.0,0.0,0.25,MISC,5572,2920.0,6.0,0.25,55889.0,1.0
420f604de34cd2c6a91bbcb4,5574,32d1967f05b1,55897.0,57178.0,1281.0,1,1.0,6.0,0.0,0.25,MISC,5574,1281.0,6.0,0.25,55897.0,1.0
420f604de34cd2c6a91bbcb4,5577,32d1967f05b1,55902.0,60175.0,4273.0,1,1.0,6.0,0.0,0.25,MISC,5577,4273.0,6.0,0.25,55902.0,1.0
4338499d3c24cc35be17b44c,5578,5b1345f03aa1,55902.0,55956.0,54.0,1,1.0,6.0,0.0,1.0,MISC,5578,54.0,6.0,1.0,55902.0,1.0
36dee9eabb9570587bc26052,5579,61d6b6dd5b15,55949.0,56170.0,221.0,1,5.0,6.0,0.0,1.0,MISC,5579,221.0,30.0,5.0,55949.0,5.0
f17e954e97558148ded21349,5580,c4cbaac9966d,55952.0,56419.0,467.0,1,1.0,10.0,0.0,0.5,T4,5580,467.0,10.0,0.5,55952.0,1.0
f2c4b7ef9bca7bf8390f05cd,5581,1480b75a8c96,55977.0,56303.0,326.0,1,1.0,6.0,0.0,1.0,T4,5581,326.0,6.0,1.0,55977.0,1.0
fdca1b26347a096dc8cd73ec,5583,edc10645cc3f,56019.0,56237.0,218.0,1,1.0,6.0,0.0,0.25,MISC,5583,218.0,6.0,0.25,56019.0,1.0
e8efa65aa22dff1e98ff15d7,5584,b3bfe9b79bb5,56022.0,56592.0,570.0,1,1.0,6.0,0.0,0.5,MISC,5584,570.0,6.0,0.5,56022.0,1.0
4338499d3c24cc35be17b44c,5585,5b1345f03aa1,56024.0,56174.0,150.0,1,1.0,6.0,0.0,0.25,MISC,5585,150.0,6.0,0.25,56024.0,1.0
4338499d3c24cc35be17b44c,5586,5b1345f03aa1,56028.0,56161.0,133.0,1,1.0,6.0,0.0,0.25,MISC,5586,133.0,6.0,0.25,56028.0,1.0
9c6554174b06015a7af561c6,5587,41f97a75a037,56040.0,56094.0,54.0,1,1.0,6.0,0.0,1.0,T4,5587,54.0,6.0,1.0,56040.0,1.0
7406fb7653a17ee61e51469d,5588,8b9c03ad79b8,56058.0,56247.0,189.0,1,1.0,6.0,0.0,1.0,MISC,5588,189.0,6.0,1.0,56058.0,1.0
4338499d3c24cc35be17b44c,5589,5b1345f03aa1,56083.0,56357.0,274.0,1,1.0,6.0,0.0,0.5,MISC,5589,274.0,6.0,0.5,56083.0,1.0
8ccb9c9fe88b53537e096dd9,5590,de69ddc1064e,56101.0,56182.0,81.0,1,1.0,6.0,0.0,0.25,MISC,5590,81.0,6.0,0.25,56101.0,1.0
143b087a9cf31f7f5c1b09ba,5591,f5440bdf32a5,56102.0,57558.0,1456.0,1,1.0,6.0,0.0,0.5,MISC,5591,1456.0,6.0,0.5,56102.0,1.0
f17e954e97558148ded21349,5592,c4cbaac9966d,56103.0,56602.0,499.0,1,1.0,10.0,0.0,0.5,T4,5592,499.0,10.0,0.5,56103.0,1.0
049570305e6b0ab6aa86bf60,5593,29380421d3fc,56113.0,56157.0,44.0,1,1.0,6.0,0.0,1.0,T4,5593,44.0,6.0,1.0,56113.0,1.0
e8efa65aa22dff1e98ff15d7,5594,b3bfe9b79bb5,56114.0,56198.0,84.0,1,1.0,6.0,0.0,1.0,MISC,5594,84.0,6.0,1.0,56114.0,1.0
21858ac282f1092bb15f8831,5595,45bd92802aa9,56118.0,56323.0,205.0,1,1.0,6.0,0.0,1.0,T4,5595,205.0,6.0,1.0,56118.0,1.0
e14f55e56de8f9e707c8ff95,5596,42aa9724a88c,56119.0,56179.0,60.0,1,1.0,6.0,0.0,1.0,MISC,5596,60.0,6.0,1.0,56119.0,1.0
fdca1b26347a096dc8cd73ec,5597,edc10645cc3f,56126.0,73417.0,17291.0,1,1.0,6.0,0.0,1.0,MISC,5597,17291.0,6.0,1.0,56126.0,1.0
143b087a9cf31f7f5c1b09ba,5598,f5440bdf32a5,56128.0,56441.0,313.0,1,1.0,6.0,0.0,1.0,MISC,5598,313.0,6.0,1.0,56128.0,1.0
f17e954e97558148ded21349,5599,c4cbaac9966d,56164.0,56664.0,500.0,1,1.0,10.0,0.0,0.5,T4,5599,500.0,10.0,0.5,56164.0,1.0
f17e954e97558148ded21349,5600,c4cbaac9966d,56165.0,56534.0,369.0,1,1.0,10.0,0.0,0.5,T4,5600,369.0,10.0,0.5,56165.0,1.0
f17e954e97558148ded21349,5601,c4cbaac9966d,56168.0,56324.0,156.0,1,1.0,10.0,0.0,0.5,T4,5601,156.0,10.0,0.5,56168.0,1.0
be9f630d9961c6b4cf52eb5b,5602,f2ce2df66a71,56176.0,56191.0,15.0,1,1.0,6.0,0.0,1.0,T4,5602,15.0,6.0,1.0,56176.0,1.0
1ccc18d7d13073b642b3a016,5604,d4d51aca8806,56257.0,90519.0,34262.0,1,12.0,6.0,0.0,0.25,T4,5604,34262.0,72.0,3.0,56257.0,12.0
f39da0b0c01f6f7fb99d5af9,5606,86328749cbbf,56302.0,56956.0,654.0,1,1.0,2.0,0.0,1.0,T4,5606,654.0,2.0,1.0,56302.0,1.0
f2c4b7ef9bca7bf8390f05cd,5607,1480b75a8c96,56330.0,56475.0,145.0,1,1.0,6.0,0.0,1.0,T4,5607,145.0,6.0,1.0,56330.0,1.0
88c84c90f8fd4f5dc2a6226a,5616,aed9083d82ef,56377.0,56401.0,24.0,1,1.0,6.0,0.0,1.0,T4,5616,24.0,6.0,1.0,56377.0,1.0
88c84c90f8fd4f5dc2a6226a,5617,aed9083d82ef,56378.0,56402.0,24.0,1,1.0,6.0,0.0,1.0,T4,5617,24.0,6.0,1.0,56378.0,1.0
88c84c90f8fd4f5dc2a6226a,5618,aed9083d82ef,56378.0,56402.0,24.0,1,1.0,6.0,0.0,1.0,T4,5618,24.0,6.0,1.0,56378.0,1.0
88c84c90f8fd4f5dc2a6226a,5619,aed9083d82ef,56378.0,56402.0,24.0,1,1.0,6.0,0.0,1.0,T4,5619,24.0,6.0,1.0,56378.0,1.0
e8efa65aa22dff1e98ff15d7,5621,b3bfe9b79bb5,56426.0,60938.0,4512.0,1,50.0,4.0,0.0,0.25,MISC,5621,4512.0,200.0,12.5,56426.0,50.0
fdca1b26347a096dc8cd73ec,5623,edc10645cc3f,56433.0,56602.0,169.0,1,1.0,6.0,0.0,0.25,MISC,5623,169.0,6.0,0.25,56433.0,1.0
f17e954e97558148ded21349,5624,c4cbaac9966d,56475.0,57131.0,656.0,1,1.0,10.0,0.0,0.5,T4,5624,656.0,10.0,0.5,56475.0,1.0
f17e954e97558148ded21349,5625,c4cbaac9966d,56479.0,56954.0,475.0,1,1.0,10.0,0.0,0.5,T4,5625,475.0,10.0,0.5,56479.0,1.0
88c84c90f8fd4f5dc2a6226a,5629,aed9083d82ef,56507.0,60375.0,3868.0,1,20.0,6.0,0.0,1.0,T4,5629,3868.0,120.0,20.0,56507.0,20.0
88c84c90f8fd4f5dc2a6226a,5630,aed9083d82ef,56508.0,59716.0,3208.0,1,20.0,6.0,0.0,1.0,T4,5630,3208.0,120.0,20.0,56508.0,20.0
88c84c90f8fd4f5dc2a6226a,5632,aed9083d82ef,56508.0,60165.0,3657.0,1,20.0,6.0,0.0,1.0,T4,5632,3657.0,120.0,20.0,56508.0,20.0
5e9a49b525155bd8c3d3fed7,5633,a4f092ab9509,56511.0,57112.0,601.0,1,50.0,4.0,0.0,0.5,MISC,5633,601.0,200.0,25.0,56511.0,50.0
e8efa65aa22dff1e98ff15d7,5634,b3bfe9b79bb5,56513.0,59718.0,3205.0,1,1.0,6.0,0.0,1.0,MISC,5634,3205.0,6.0,1.0,56513.0,1.0
88c84c90f8fd4f5dc2a6226a,5636,aed9083d82ef,56531.0,61558.0,5027.0,1,20.0,6.0,0.0,1.0,T4,5636,5027.0,120.0,20.0,56531.0,20.0
f17e954e97558148ded21349,5637,c4cbaac9966d,56537.0,57016.0,479.0,1,1.0,10.0,0.0,0.5,T4,5637,479.0,10.0,0.5,56537.0,1.0
f17e954e97558148ded21349,5638,c4cbaac9966d,56597.0,56918.0,321.0,1,1.0,10.0,0.0,0.5,T4,5638,321.0,10.0,0.5,56597.0,1.0
f17e954e97558148ded21349,5639,c4cbaac9966d,56660.0,57005.0,345.0,1,1.0,10.0,0.0,0.5,T4,5639,345.0,10.0,0.5,56660.0,1.0
fdca1b26347a096dc8cd73ec,5641,edc10645cc3f,56683.0,66892.0,10209.0,1,10.0,6.0,0.0,0.25,MISC,5641,10209.0,60.0,2.5,56683.0,10.0
f17e954e97558148ded21349,5642,c4cbaac9966d,56720.0,57108.0,388.0,1,1.0,10.0,0.0,0.5,T4,5642,388.0,10.0,0.5,56720.0,1.0
143b087a9cf31f7f5c1b09ba,5643,f5440bdf32a5,56738.0,57028.0,290.0,1,1.0,6.0,0.0,0.5,MISC,5643,290.0,6.0,0.5,56738.0,1.0
4338499d3c24cc35be17b44c,5645,5b1345f03aa1,56783.0,56822.0,39.0,1,1.0,6.0,0.0,1.0,MISC,5645,39.0,6.0,1.0,56783.0,1.0
420f604de34cd2c6a91bbcb4,5646,32d1967f05b1,56806.0,58197.0,1391.0,1,1.0,6.0,0.0,0.25,MISC,5646,1391.0,6.0,0.25,56806.0,1.0
07a7440f33d2bfb59804064b,5647,9cc55781f4a6,56938.0,59021.0,2083.0,1,1.0,6.0,0.0,0.5,T4,5647,2083.0,6.0,0.5,56938.0,1.0
f17e954e97558148ded21349,5648,c4cbaac9966d,56942.0,57105.0,163.0,1,1.0,10.0,0.0,0.5,T4,5648,163.0,10.0,0.5,56942.0,1.0
e14f55e56de8f9e707c8ff95,5649,42aa9724a88c,56962.0,57025.0,63.0,1,1.0,6.0,0.0,1.0,MISC,5649,63.0,6.0,1.0,56962.0,1.0
7406fb7653a17ee61e51469d,5650,8b9c03ad79b8,56997.0,57198.0,201.0,1,1.0,6.0,0.0,1.0,MISC,5650,201.0,6.0,1.0,56997.0,1.0
f17e954e97558148ded21349,5651,c4cbaac9966d,57000.0,57519.0,519.0,1,1.0,10.0,0.0,0.5,T4,5651,519.0,10.0,0.5,57000.0,1.0
f17e954e97558148ded21349,5652,c4cbaac9966d,57003.0,57349.0,346.0,1,1.0,10.0,0.0,0.5,T4,5652,346.0,10.0,0.5,57003.0,1.0
049570305e6b0ab6aa86bf60,5653,29380421d3fc,57030.0,57074.0,44.0,1,1.0,6.0,0.0,1.0,T4,5653,44.0,6.0,1.0,57030.0,1.0
f17e954e97558148ded21349,5654,c4cbaac9966d,57036.0,57189.0,153.0,1,1.0,10.0,0.0,0.5,T4,5654,153.0,10.0,0.5,57036.0,1.0
fdca1b26347a096dc8cd73ec,5656,edc10645cc3f,57042.0,57600.0,558.0,1,1.0,6.0,0.0,0.25,MISC,5656,558.0,6.0,0.25,57042.0,1.0
0be3971157d6c504afbc3397,5657,354e3b81c515,57046.0,57075.0,29.0,1,1.0,6.0,0.0,1.0,MISC,5657,29.0,6.0,1.0,57046.0,1.0
143b087a9cf31f7f5c1b09ba,5658,f5440bdf32a5,57057.0,57317.0,260.0,1,1.0,6.0,0.0,0.5,MISC,5658,260.0,6.0,0.5,57057.0,1.0
f17e954e97558148ded21349,5659,c4cbaac9966d,57066.0,57419.0,353.0,1,1.0,10.0,0.0,0.5,T4,5659,353.0,10.0,0.5,57066.0,1.0
f17e954e97558148ded21349,5660,c4cbaac9966d,57099.0,57308.0,209.0,1,1.0,10.0,0.0,0.5,T4,5660,209.0,10.0,0.5,57099.0,1.0
4fa2a95d7c794171b866dfa5,5661,7203aa95a9af,57107.0,57289.0,182.0,1,1.0,6.0,0.0,0.25,MISC,5661,182.0,6.0,0.25,57107.0,1.0
9ae9b2a926a0b1a6e4b0945c,5662,05b25af4dd8b,57116.0,64289.0,7173.0,1,2.0,18.0,0.0,1.0,MISC,5662,7173.0,36.0,2.0,57116.0,2.0
9ae9b2a926a0b1a6e4b0945c,5663,05b25af4dd8b,57120.0,64799.0,7679.0,1,2.0,18.0,0.0,1.0,MISC,5663,7679.0,36.0,2.0,57120.0,2.0
e8efa65aa22dff1e98ff15d7,5665,b3bfe9b79bb5,57134.0,59282.0,2148.0,1,50.0,4.0,0.0,0.5,MISC,5665,2148.0,200.0,25.0,57134.0,50.0
78feeaa91c73e12bd47e2935,5667,4c03cfeaf363,57176.0,57643.0,467.0,1,1.0,6.0,0.0,0.2,MISC,5667,467.0,6.0,0.2,57176.0,1.0
f17e954e97558148ded21349,5668,c4cbaac9966d,57184.0,57496.0,312.0,1,1.0,10.0,0.0,0.5,T4,5668,312.0,10.0,0.5,57184.0,1.0
f17e954e97558148ded21349,5669,c4cbaac9966d,57187.0,57568.0,381.0,1,1.0,10.0,0.0,0.5,T4,5669,381.0,10.0,0.5,57187.0,1.0
8ccb9c9fe88b53537e096dd9,5670,de69ddc1064e,57190.0,57226.0,36.0,1,1.0,6.0,0.0,0.25,MISC,5670,36.0,6.0,0.25,57190.0,1.0
2fe46f64538b8943a9882bab,5672,c677a0acf7c0,57284.0,74360.0,17076.0,1,10.0,6.0,0.0,0.25,MISC,5672,17076.0,60.0,2.5,57284.0,10.0
e8efa65aa22dff1e98ff15d7,5673,b3bfe9b79bb5,57288.0,58090.0,802.0,1,10.0,18.0,0.0,1.0,P100,5673,802.0,180.0,10.0,57288.0,10.0
143b087a9cf31f7f5c1b09ba,5674,f5440bdf32a5,57343.0,57621.0,278.0,1,1.0,6.0,0.0,0.5,MISC,5674,278.0,6.0,0.5,57343.0,1.0
2fe46f64538b8943a9882bab,5675,c677a0acf7c0,57373.0,57443.0,70.0,1,1.0,6.0,0.0,1.0,MISC,5675,70.0,6.0,1.0,57373.0,1.0
fc589d169975d9b13b1f2cbb,5676,9778091c213e,57421.0,69481.0,12060.0,1,1.0,6.0,0.0,2.0,T4,5676,12060.0,6.0,2.0,57421.0,1.0
f17e954e97558148ded21349,5677,c4cbaac9966d,57431.0,57931.0,500.0,1,1.0,10.0,0.0,0.5,T4,5677,500.0,10.0,0.5,57431.0,1.0
2fe46f64538b8943a9882bab,5678,c677a0acf7c0,57474.0,57530.0,56.0,1,1.0,6.0,0.0,1.0,MISC,5678,56.0,6.0,1.0,57474.0,1.0
f17e954e97558148ded21349,5679,c4cbaac9966d,57499.0,58043.0,544.0,1,1.0,10.0,0.0,0.5,T4,5679,544.0,10.0,0.5,57499.0,1.0
f17e954e97558148ded21349,5681,c4cbaac9966d,57558.0,58031.0,473.0,1,1.0,10.0,0.0,0.5,T4,5681,473.0,10.0,0.5,57558.0,1.0
fdca1b26347a096dc8cd73ec,5682,edc10645cc3f,57578.0,57813.0,235.0,1,1.0,6.0,0.0,0.5,MISC,5682,235.0,6.0,0.5,57578.0,1.0
3995073148156da8994ec8bb,5683,5f4cb64dc693,57598.0,92330.0,34732.0,1,30.0,6.0,0.0,0.5,MISC,5683,34732.0,180.0,15.0,57598.0,30.0
30185446faeb493c1d55cacd,5684,a8192d6b0ae9,57623.0,57716.0,93.0,1,1.0,6.0,0.0,1.0,MISC,5684,93.0,6.0,1.0,57623.0,1.0
f17e954e97558148ded21349,5685,c4cbaac9966d,57636.0,58031.0,395.0,1,1.0,10.0,0.0,0.5,T4,5685,395.0,10.0,0.5,57636.0,1.0
e14f55e56de8f9e707c8ff95,5686,42aa9724a88c,57645.0,57737.0,92.0,1,10.0,6.0,0.0,1.0,P100,5686,92.0,60.0,10.0,57645.0,10.0
cd1df31c53b56c4a6d940b58,5687,80f1f7585a7a,57666.0,105080.0,47414.0,1,30.0,6.0,0.0,0.25,MISC,5687,47414.0,180.0,7.5,57666.0,30.0
a6f4f091632f915821796807,5688,e71cb97ab858,57674.0,57737.0,63.0,1,10.0,6.0,0.0,1.0,P100,5688,63.0,60.0,10.0,57674.0,10.0
f17e954e97558148ded21349,5689,c4cbaac9966d,57682.0,58087.0,405.0,1,1.0,10.0,0.0,0.5,T4,5689,405.0,10.0,0.5,57682.0,1.0
0be3971157d6c504afbc3397,5690,354e3b81c515,57704.0,57720.0,16.0,1,1.0,6.0,0.0,1.0,P100,5690,16.0,6.0,1.0,57704.0,1.0
30185446faeb493c1d55cacd,5691,a8192d6b0ae9,57709.0,57751.0,42.0,1,1.0,6.0,0.0,1.0,P100,5691,42.0,6.0,1.0,57709.0,1.0
4338499d3c24cc35be17b44c,5693,5b1345f03aa1,57722.0,57771.0,49.0,1,1.0,6.0,0.0,1.0,MISC,5693,49.0,6.0,1.0,57722.0,1.0
9ae9b2a926a0b1a6e4b0945c,5694,05b25af4dd8b,57759.0,64715.0,6956.0,1,2.0,18.0,0.0,1.0,MISC,5694,6956.0,36.0,2.0,57759.0,2.0
9ae9b2a926a0b1a6e4b0945c,5695,05b25af4dd8b,57759.0,65277.0,7518.0,1,2.0,18.0,0.0,1.0,MISC,5695,7518.0,36.0,2.0,57759.0,2.0
78feeaa91c73e12bd47e2935,5697,4c03cfeaf363,57780.0,57935.0,155.0,1,1.0,6.0,0.0,0.2,MISC,5697,155.0,6.0,0.2,57780.0,1.0
f2c4b7ef9bca7bf8390f05cd,5699,1480b75a8c96,57827.0,58143.0,316.0,1,1.0,6.0,0.0,1.0,T4,5699,316.0,6.0,1.0,57827.0,1.0
e8efa65aa22dff1e98ff15d7,5702,b3bfe9b79bb5,57889.0,60622.0,2733.0,1,50.0,4.0,0.0,0.25,MISC,5702,2733.0,200.0,12.5,57889.0,50.0
3e5fb00bf43aa67ee5c2b6d5,5703,f134c9ec05e3,57890.0,58045.0,155.0,1,1.0,6.0,0.0,0.5,MISC,5703,155.0,6.0,0.5,57890.0,1.0
845ebc87e40bad0db5b37e26,5704,f14128db0160,57892.0,57931.0,39.0,1,1.0,6.0,0.0,2.0,MISC,5704,39.0,6.0,2.0,57892.0,1.0
e14f55e56de8f9e707c8ff95,5705,42aa9724a88c,57899.0,57996.0,97.0,1,1.0,6.0,0.0,1.0,MISC,5705,97.0,6.0,1.0,57899.0,1.0
78feeaa91c73e12bd47e2935,5706,4c03cfeaf363,57902.0,58275.0,373.0,1,1.0,6.0,0.0,0.2,MISC,5706,373.0,6.0,0.2,57902.0,1.0
4338499d3c24cc35be17b44c,5708,5b1345f03aa1,57947.0,58106.0,159.0,1,1.0,6.0,0.0,1.0,MISC,5708,159.0,6.0,1.0,57947.0,1.0
e8efa65aa22dff1e98ff15d7,5710,b3bfe9b79bb5,57990.0,65251.0,7261.0,1,30.0,4.0,0.0,0.25,MISC,5710,7261.0,120.0,7.5,57990.0,30.0
f17e954e97558148ded21349,5712,c4cbaac9966d,58024.0,58463.0,439.0,1,1.0,10.0,0.0,0.5,T4,5712,439.0,10.0,0.5,58024.0,1.0
8106728908feb773a53799c5,5713,698d948206d0,58031.0,58787.0,756.0,1,1.0,6.0,0.0,0.25,MISC,5713,756.0,6.0,0.25,58031.0,1.0
fdca1b26347a096dc8cd73ec,5714,edc10645cc3f,58062.0,59212.0,1150.0,1,1.0,6.0,0.0,0.5,MISC,5714,1150.0,6.0,0.5,58062.0,1.0
4d8fee7f10bd7edbb75b96b3,5716,b2c52019b2c6,58072.0,58178.0,106.0,1,80.0,1.0,0.0,0.25,MISC,5716,106.0,80.0,20.0,58072.0,80.0
f17e954e97558148ded21349,5717,c4cbaac9966d,58081.0,58410.0,329.0,1,1.0,10.0,0.0,0.5,T4,5717,329.0,10.0,0.5,58081.0,1.0
f17e954e97558148ded21349,5718,c4cbaac9966d,58085.0,58392.0,307.0,1,1.0,10.0,0.0,0.5,T4,5718,307.0,10.0,0.5,58085.0,1.0
fdca1b26347a096dc8cd73ec,5721,edc10645cc3f,58116.0,58547.0,431.0,1,1.0,6.0,0.0,0.5,MISC,5721,431.0,6.0,0.5,58116.0,1.0
f17e954e97558148ded21349,5723,c4cbaac9966d,58144.0,58632.0,488.0,1,1.0,10.0,0.0,0.5,T4,5723,488.0,10.0,0.5,58144.0,1.0
4338499d3c24cc35be17b44c,5724,5b1345f03aa1,58144.0,58242.0,98.0,1,1.0,6.0,0.0,0.25,MISC,5724,98.0,6.0,0.25,58144.0,1.0
f17e954e97558148ded21349,5725,c4cbaac9966d,58147.0,58463.0,316.0,1,1.0,10.0,0.0,0.5,T4,5725,316.0,10.0,0.5,58147.0,1.0
f2c4b7ef9bca7bf8390f05cd,5726,1480b75a8c96,58173.0,58196.0,23.0,1,1.0,6.0,0.0,1.0,T4,5726,23.0,6.0,1.0,58173.0,1.0
7406fb7653a17ee61e51469d,5727,8b9c03ad79b8,58302.0,58489.0,187.0,1,1.0,6.0,0.0,1.0,MISC,5727,187.0,6.0,1.0,58302.0,1.0
30185446faeb493c1d55cacd,5729,a8192d6b0ae9,58377.0,59204.0,827.0,1,10.0,10.0,0.0,1.0,P100,5729,827.0,100.0,10.0,58377.0,10.0
4338499d3c24cc35be17b44c,5730,5b1345f03aa1,58476.0,59305.0,829.0,1,1.0,6.0,0.0,1.0,MISC,5730,829.0,6.0,1.0,58476.0,1.0
be9f630d9961c6b4cf52eb5b,5731,f2ce2df66a71,58479.0,58494.0,15.0,1,1.0,6.0,0.0,1.0,T4,5731,15.0,6.0,1.0,58479.0,1.0
f17e954e97558148ded21349,5732,c4cbaac9966d,58479.0,58922.0,443.0,1,1.0,10.0,0.0,0.5,T4,5732,443.0,10.0,0.5,58479.0,1.0
f17e954e97558148ded21349,5733,c4cbaac9966d,58515.0,58976.0,461.0,1,1.0,10.0,0.0,0.5,T4,5733,461.0,10.0,0.5,58515.0,1.0
f17e954e97558148ded21349,5734,c4cbaac9966d,58518.0,58897.0,379.0,1,1.0,10.0,0.0,0.5,T4,5734,379.0,10.0,0.5,58518.0,1.0
f17e954e97558148ded21349,5735,c4cbaac9966d,58520.0,58928.0,408.0,1,1.0,10.0,0.0,0.5,T4,5735,408.0,10.0,0.5,58520.0,1.0
2fe46f64538b8943a9882bab,5736,c677a0acf7c0,58531.0,62388.0,3857.0,1,5.0,2.0,0.0,1.0,MISC,5736,3857.0,10.0,5.0,58531.0,5.0
0be3971157d6c504afbc3397,5737,354e3b81c515,58595.0,58631.0,36.0,1,1.0,6.0,0.0,1.0,MISC,5737,36.0,6.0,1.0,58595.0,1.0
538e1360f5f54b5148083dc2,5738,8a62203af148,58596.0,60614.0,2018.0,1,1.0,6.0,0.0,1.0,MISC,5738,2018.0,6.0,1.0,58596.0,1.0
f17e954e97558148ded21349,5740,c4cbaac9966d,58615.0,58788.0,173.0,1,1.0,10.0,0.0,0.5,T4,5740,173.0,10.0,0.5,58615.0,1.0
4338499d3c24cc35be17b44c,5741,5b1345f03aa1,58616.0,58668.0,52.0,1,1.0,6.0,0.0,1.0,MISC,5741,52.0,6.0,1.0,58616.0,1.0
3995073148156da8994ec8bb,5742,5f4cb64dc693,58648.0,58861.0,213.0,1,1.0,6.0,0.0,1.0,MISC,5742,213.0,6.0,1.0,58648.0,1.0
1ccc18d7d13073b642b3a016,5744,d4d51aca8806,58688.0,62331.0,3643.0,1,16.0,0.5,0.0,1.0,T4,5744,3643.0,8.0,16.0,58688.0,16.0
fdca1b26347a096dc8cd73ec,5745,edc10645cc3f,58689.0,58840.0,151.0,1,1.0,6.0,0.0,0.5,MISC,5745,151.0,6.0,0.5,58689.0,1.0
f17e954e97558148ded21349,5746,c4cbaac9966d,58704.0,59773.0,1069.0,1,1.0,10.0,0.0,0.5,T4,5746,1069.0,10.0,0.5,58704.0,1.0
4338499d3c24cc35be17b44c,5747,5b1345f03aa1,58716.0,59786.0,1070.0,1,1.0,6.0,0.0,1.0,MISC,5747,1070.0,6.0,1.0,58716.0,1.0
4338499d3c24cc35be17b44c,5748,5b1345f03aa1,58733.0,59837.0,1104.0,1,1.0,6.0,0.0,1.0,MISC,5748,1104.0,6.0,1.0,58733.0,1.0
e14f55e56de8f9e707c8ff95,5749,42aa9724a88c,58745.0,58809.0,64.0,1,1.0,6.0,0.0,1.0,MISC,5749,64.0,6.0,1.0,58745.0,1.0
4338499d3c24cc35be17b44c,5750,5b1345f03aa1,58750.0,59858.0,1108.0,1,1.0,6.0,0.0,1.0,MISC,5750,1108.0,6.0,1.0,58750.0,1.0
fdca1b26347a096dc8cd73ec,5752,edc10645cc3f,58755.0,59313.0,558.0,1,1.0,6.0,0.0,0.25,MISC,5752,558.0,6.0,0.25,58755.0,1.0
4c63a741106edc46bc1729dd,5753,18febf35d3a1,58763.0,58950.0,187.0,1,1.0,6.0,0.0,1.0,MISC,5753,187.0,6.0,1.0,58763.0,1.0
4338499d3c24cc35be17b44c,5754,5b1345f03aa1,58767.0,60108.0,1341.0,1,1.0,6.0,0.0,1.0,MISC,5754,1341.0,6.0,1.0,58767.0,1.0
4d8fee7f10bd7edbb75b96b3,5755,b2c52019b2c6,58782.0,58890.0,108.0,1,1.0,6.0,0.0,1.0,MISC,5755,108.0,6.0,1.0,58782.0,1.0
4338499d3c24cc35be17b44c,5756,5b1345f03aa1,58784.0,60070.0,1286.0,1,1.0,6.0,0.0,1.0,MISC,5756,1286.0,6.0,1.0,58784.0,1.0
fc589d169975d9b13b1f2cbb,5757,9778091c213e,58791.0,67644.0,8853.0,1,1.0,18.0,0.0,1.0,V100,5757,8853.0,18.0,1.0,58791.0,1.0
fc589d169975d9b13b1f2cbb,5758,9778091c213e,58791.0,74080.0,15289.0,1,1.0,18.0,0.0,1.0,V100,5758,15289.0,18.0,1.0,58791.0,1.0
be9f630d9961c6b4cf52eb5b,5759,f2ce2df66a71,58819.0,58834.0,15.0,1,1.0,6.0,0.0,1.0,T4,5759,15.0,6.0,1.0,58819.0,1.0
78feeaa91c73e12bd47e2935,5761,4c03cfeaf363,58832.0,59476.0,644.0,1,1.0,6.0,0.0,0.2,MISC,5761,644.0,6.0,0.2,58832.0,1.0
a6f4f091632f915821796807,5762,e71cb97ab858,58879.0,59555.0,676.0,1,1.0,6.0,0.0,0.25,MISC,5762,676.0,6.0,0.25,58879.0,1.0
1ccc18d7d13073b642b3a016,5763,d4d51aca8806,58883.0,64147.0,5264.0,1,16.0,0.5,0.0,1.0,T4,5763,5264.0,8.0,16.0,58883.0,16.0
845ebc87e40bad0db5b37e26,5764,f14128db0160,58883.0,59051.0,168.0,1,1.0,6.0,0.0,2.0,MISC,5764,168.0,6.0,2.0,58883.0,1.0
30185446faeb493c1d55cacd,5766,a8192d6b0ae9,58908.0,60986.0,2078.0,1,5.0,6.0,0.0,1.0,MISC,5766,2078.0,30.0,5.0,58908.0,5.0
e8efa65aa22dff1e98ff15d7,5768,b3bfe9b79bb5,58944.0,58990.0,46.0,1,1.0,6.0,0.0,0.25,MISC,5768,46.0,6.0,0.25,58944.0,1.0
a6f4f091632f915821796807,5769,e71cb97ab858,58946.0,59655.0,709.0,1,1.0,6.0,0.0,0.25,MISC,5769,709.0,6.0,0.25,58946.0,1.0
7406fb7653a17ee61e51469d,5770,8b9c03ad79b8,58974.0,59178.0,204.0,1,1.0,6.0,0.0,1.0,MISC,5770,204.0,6.0,1.0,58974.0,1.0
f17e954e97558148ded21349,5771,c4cbaac9966d,58980.0,59599.0,619.0,1,1.0,10.0,0.0,0.5,T4,5771,619.0,10.0,0.5,58980.0,1.0
f17e954e97558148ded21349,5772,c4cbaac9966d,58983.0,59393.0,410.0,1,1.0,10.0,0.0,0.5,T4,5772,410.0,10.0,0.5,58983.0,1.0
f17e954e97558148ded21349,5773,c4cbaac9966d,58983.0,59358.0,375.0,1,1.0,10.0,0.0,0.5,T4,5773,375.0,10.0,0.5,58983.0,1.0
538e1360f5f54b5148083dc2,5775,8a62203af148,58996.0,60766.0,1770.0,1,1.0,6.0,0.0,1.0,MISC,5775,1770.0,6.0,1.0,58996.0,1.0
fdca1b26347a096dc8cd73ec,5776,edc10645cc3f,58999.0,60071.0,1072.0,1,1.0,6.0,0.0,0.25,MISC,5776,1072.0,6.0,0.25,58999.0,1.0
6c3063994722f1e538b28a1a,5778,d7052eeddab7,59017.0,77490.0,18473.0,1,20.0,6.0,0.0,1.0,MISC,5778,18473.0,120.0,20.0,59017.0,20.0
e8efa65aa22dff1e98ff15d7,5779,b3bfe9b79bb5,59039.0,59092.0,53.0,1,1.0,6.0,0.0,0.25,MISC,5779,53.0,6.0,0.25,59039.0,1.0
e8efa65aa22dff1e98ff15d7,5780,b3bfe9b79bb5,59044.0,59093.0,49.0,1,1.0,6.0,0.0,0.25,MISC,5780,49.0,6.0,0.25,59044.0,1.0
e8efa65aa22dff1e98ff15d7,5781,b3bfe9b79bb5,59045.0,59102.0,57.0,1,1.0,6.0,0.0,0.25,MISC,5781,57.0,6.0,0.25,59045.0,1.0
e8efa65aa22dff1e98ff15d7,5782,b3bfe9b79bb5,59045.0,59103.0,58.0,1,1.0,6.0,0.0,0.25,MISC,5782,58.0,6.0,0.25,59045.0,1.0
e8efa65aa22dff1e98ff15d7,5783,b3bfe9b79bb5,59045.0,59102.0,57.0,1,1.0,6.0,0.0,0.25,MISC,5783,57.0,6.0,0.25,59045.0,1.0
e8efa65aa22dff1e98ff15d7,5784,b3bfe9b79bb5,59045.0,59092.0,47.0,1,1.0,6.0,0.0,0.25,MISC,5784,47.0,6.0,0.25,59045.0,1.0
e8efa65aa22dff1e98ff15d7,5785,b3bfe9b79bb5,59045.0,59104.0,59.0,1,1.0,6.0,0.0,0.25,MISC,5785,59.0,6.0,0.25,59045.0,1.0
e8efa65aa22dff1e98ff15d7,5786,b3bfe9b79bb5,59049.0,59091.0,42.0,1,1.0,6.0,0.0,0.25,MISC,5786,42.0,6.0,0.25,59049.0,1.0
f17e954e97558148ded21349,5787,c4cbaac9966d,59049.0,59398.0,349.0,1,1.0,10.0,0.0,0.5,T4,5787,349.0,10.0,0.5,59049.0,1.0
e8efa65aa22dff1e98ff15d7,5788,b3bfe9b79bb5,59050.0,59091.0,41.0,1,1.0,6.0,0.0,0.25,MISC,5788,41.0,6.0,0.25,59050.0,1.0
e8efa65aa22dff1e98ff15d7,5789,b3bfe9b79bb5,59050.0,59092.0,42.0,1,1.0,6.0,0.0,0.25,MISC,5789,42.0,6.0,0.25,59050.0,1.0
e8efa65aa22dff1e98ff15d7,5790,b3bfe9b79bb5,59050.0,59102.0,52.0,1,1.0,6.0,0.0,0.25,MISC,5790,52.0,6.0,0.25,59050.0,1.0
e8efa65aa22dff1e98ff15d7,5791,b3bfe9b79bb5,59051.0,59092.0,41.0,1,1.0,6.0,0.0,0.25,MISC,5791,41.0,6.0,0.25,59051.0,1.0
4c63a741106edc46bc1729dd,5792,18febf35d3a1,59052.0,59266.0,214.0,1,1.0,6.0,0.0,1.0,MISC,5792,214.0,6.0,1.0,59052.0,1.0
e8efa65aa22dff1e98ff15d7,5793,b3bfe9b79bb5,59052.0,59102.0,50.0,1,1.0,6.0,0.0,0.25,MISC,5793,50.0,6.0,0.25,59052.0,1.0
e8efa65aa22dff1e98ff15d7,5794,b3bfe9b79bb5,59053.0,59093.0,40.0,1,1.0,6.0,0.0,0.25,MISC,5794,40.0,6.0,0.25,59053.0,1.0
8ccb9c9fe88b53537e096dd9,5795,de69ddc1064e,59069.0,59133.0,64.0,1,1.0,6.0,0.0,0.25,MISC,5795,64.0,6.0,0.25,59069.0,1.0
e8efa65aa22dff1e98ff15d7,5796,b3bfe9b79bb5,59074.0,59137.0,63.0,1,1.0,6.0,0.0,0.25,MISC,5796,63.0,6.0,0.25,59074.0,1.0
e8efa65aa22dff1e98ff15d7,5797,b3bfe9b79bb5,59139.0,59524.0,385.0,1,1.0,6.0,0.0,0.25,MISC,5797,385.0,6.0,0.25,59139.0,1.0
fdca1b26347a096dc8cd73ec,5800,edc10645cc3f,59142.0,59693.0,551.0,1,1.0,6.0,0.0,0.5,MISC,5800,551.0,6.0,0.5,59142.0,1.0
30185446faeb493c1d55cacd,5801,a8192d6b0ae9,59144.0,60404.0,1260.0,1,20.0,8.0,0.0,1.0,P100,5801,1260.0,160.0,20.0,59144.0,20.0
fdca1b26347a096dc8cd73ec,5803,edc10645cc3f,59185.0,59343.0,158.0,1,1.0,6.0,0.0,0.5,MISC,5803,158.0,6.0,0.5,59185.0,1.0
7406fb7653a17ee61e51469d,5804,8b9c03ad79b8,59245.0,59448.0,203.0,1,1.0,6.0,0.0,1.0,MISC,5804,203.0,6.0,1.0,59245.0,1.0
fdca1b26347a096dc8cd73ec,5806,edc10645cc3f,59250.0,59413.0,163.0,1,1.0,6.0,0.0,0.5,MISC,5806,163.0,6.0,0.5,59250.0,1.0
fdca1b26347a096dc8cd73ec,5808,edc10645cc3f,59331.0,60181.0,850.0,1,1.0,6.0,0.0,0.5,MISC,5808,850.0,6.0,0.5,59331.0,1.0
0ebe4c9c62b510c178e66637,5809,fd686fcc9dc1,59334.0,59479.0,145.0,1,1.0,8.0,0.0,1.0,T4,5809,145.0,8.0,1.0,59334.0,1.0
8ccb9c9fe88b53537e096dd9,5811,de69ddc1064e,59354.0,61481.0,2127.0,1,8.0,6.0,0.0,0.25,MISC,5811,2127.0,48.0,2.0,59354.0,8.0
e8efa65aa22dff1e98ff15d7,5813,b3bfe9b79bb5,59379.0,61554.0,2175.0,1,50.0,4.0,0.0,0.5,MISC,5813,2175.0,200.0,25.0,59379.0,50.0
30185446faeb493c1d55cacd,5814,a8192d6b0ae9,59395.0,60895.0,1500.0,1,10.0,8.0,0.0,1.0,MISC,5814,1500.0,80.0,10.0,59395.0,10.0
07a7440f33d2bfb59804064b,5815,9cc55781f4a6,59395.0,61467.0,2072.0,1,1.0,6.0,0.0,0.5,T4,5815,2072.0,6.0,0.5,59395.0,1.0
d894fd1af131ed7a296716b5,5816,58540f191766,59425.0,76253.0,16828.0,1,1.0,6.0,0.0,1.0,MISC,5816,16828.0,6.0,1.0,59425.0,1.0
d894fd1af131ed7a296716b5,5817,58540f191766,59434.0,74295.0,14861.0,1,1.0,6.0,0.0,1.0,MISC,5817,14861.0,6.0,1.0,59434.0,1.0
d894fd1af131ed7a296716b5,5818,58540f191766,59434.0,76282.0,16848.0,1,1.0,6.0,0.0,1.0,MISC,5818,16848.0,6.0,1.0,59434.0,1.0
d894fd1af131ed7a296716b5,5819,58540f191766,59438.0,77157.0,17719.0,1,1.0,6.0,0.0,1.0,MISC,5819,17719.0,6.0,1.0,59438.0,1.0
d894fd1af131ed7a296716b5,5820,58540f191766,59443.0,66203.0,6760.0,1,1.0,6.0,0.0,1.0,MISC,5820,6760.0,6.0,1.0,59443.0,1.0
d894fd1af131ed7a296716b5,5821,58540f191766,59443.0,63479.0,4036.0,1,1.0,6.0,0.0,1.0,MISC,5821,4036.0,6.0,1.0,59443.0,1.0
d894fd1af131ed7a296716b5,5822,58540f191766,59448.0,64817.0,5369.0,1,1.0,6.0,0.0,1.0,MISC,5822,5369.0,6.0,1.0,59448.0,1.0
d894fd1af131ed7a296716b5,5823,58540f191766,59449.0,77591.0,18142.0,1,1.0,6.0,0.0,1.0,MISC,5823,18142.0,6.0,1.0,59449.0,1.0
d894fd1af131ed7a296716b5,5824,58540f191766,59449.0,81523.0,22074.0,1,1.0,6.0,0.0,1.0,MISC,5824,22074.0,6.0,1.0,59449.0,1.0
d894fd1af131ed7a296716b5,5825,58540f191766,59454.0,77067.0,17613.0,1,1.0,6.0,0.0,1.0,MISC,5825,17613.0,6.0,1.0,59454.0,1.0
d894fd1af131ed7a296716b5,5826,58540f191766,59455.0,78246.0,18791.0,1,1.0,6.0,0.0,1.0,MISC,5826,18791.0,6.0,1.0,59455.0,1.0
d894fd1af131ed7a296716b5,5827,58540f191766,59455.0,81730.0,22275.0,1,1.0,6.0,0.0,1.0,MISC,5827,22275.0,6.0,1.0,59455.0,1.0
d894fd1af131ed7a296716b5,5828,58540f191766,59455.0,80241.0,20786.0,1,1.0,6.0,0.0,1.0,MISC,5828,20786.0,6.0,1.0,59455.0,1.0
d894fd1af131ed7a296716b5,5829,58540f191766,59456.0,82228.0,22772.0,1,1.0,6.0,0.0,1.0,MISC,5829,22772.0,6.0,1.0,59456.0,1.0
d894fd1af131ed7a296716b5,5830,58540f191766,59456.0,73603.0,14147.0,1,1.0,6.0,0.0,1.0,MISC,5830,14147.0,6.0,1.0,59456.0,1.0
d894fd1af131ed7a296716b5,5831,58540f191766,59458.0,67766.0,8308.0,1,1.0,6.0,0.0,1.0,MISC,5831,8308.0,6.0,1.0,59458.0,1.0
d894fd1af131ed7a296716b5,5832,58540f191766,59462.0,76588.0,17126.0,1,1.0,6.0,0.0,1.0,MISC,5832,17126.0,6.0,1.0,59462.0,1.0
d894fd1af131ed7a296716b5,5833,58540f191766,59463.0,79885.0,20422.0,1,1.0,6.0,0.0,1.0,MISC,5833,20422.0,6.0,1.0,59463.0,1.0
d894fd1af131ed7a296716b5,5834,58540f191766,59463.0,76203.0,16740.0,1,1.0,6.0,0.0,1.0,MISC,5834,16740.0,6.0,1.0,59463.0,1.0
d894fd1af131ed7a296716b5,5835,58540f191766,59464.0,68979.0,9515.0,1,1.0,6.0,0.0,1.0,MISC,5835,9515.0,6.0,1.0,59464.0,1.0
d894fd1af131ed7a296716b5,5836,58540f191766,59464.0,69248.0,9784.0,1,1.0,6.0,0.0,1.0,MISC,5836,9784.0,6.0,1.0,59464.0,1.0
d894fd1af131ed7a296716b5,5837,58540f191766,59464.0,64790.0,5326.0,1,1.0,6.0,0.0,1.0,MISC,5837,5326.0,6.0,1.0,59464.0,1.0
d894fd1af131ed7a296716b5,5838,58540f191766,59464.0,69273.0,9809.0,1,1.0,6.0,0.0,1.0,MISC,5838,9809.0,6.0,1.0,59464.0,1.0
d894fd1af131ed7a296716b5,5839,58540f191766,59465.0,71872.0,12407.0,1,1.0,6.0,0.0,1.0,MISC,5839,12407.0,6.0,1.0,59465.0,1.0
d894fd1af131ed7a296716b5,5840,58540f191766,59465.0,75288.0,15823.0,1,1.0,6.0,0.0,1.0,MISC,5840,15823.0,6.0,1.0,59465.0,1.0
d894fd1af131ed7a296716b5,5841,58540f191766,59466.0,82288.0,22822.0,1,1.0,6.0,0.0,1.0,MISC,5841,22822.0,6.0,1.0,59466.0,1.0
d894fd1af131ed7a296716b5,5842,58540f191766,59466.0,80321.0,20855.0,1,1.0,6.0,0.0,1.0,MISC,5842,20855.0,6.0,1.0,59466.0,1.0
d894fd1af131ed7a296716b5,5843,58540f191766,59468.0,62934.0,3466.0,1,1.0,6.0,0.0,1.0,P100,5843,3466.0,6.0,1.0,59468.0,1.0
d894fd1af131ed7a296716b5,5844,58540f191766,59469.0,62905.0,3436.0,1,1.0,6.0,0.0,1.0,P100,5844,3436.0,6.0,1.0,59469.0,1.0
d894fd1af131ed7a296716b5,5845,58540f191766,59470.0,62519.0,3049.0,1,1.0,6.0,0.0,1.0,P100,5845,3049.0,6.0,1.0,59470.0,1.0
d894fd1af131ed7a296716b5,5846,58540f191766,59470.0,72624.0,13154.0,1,1.0,6.0,0.0,1.0,P100,5846,13154.0,6.0,1.0,59470.0,1.0
d894fd1af131ed7a296716b5,5847,58540f191766,59471.0,62488.0,3017.0,1,1.0,6.0,0.0,1.0,P100,5847,3017.0,6.0,1.0,59471.0,1.0
d894fd1af131ed7a296716b5,5848,58540f191766,59472.0,62467.0,2995.0,1,1.0,6.0,0.0,1.0,P100,5848,2995.0,6.0,1.0,59472.0,1.0
d894fd1af131ed7a296716b5,5849,58540f191766,59472.0,62670.0,3198.0,1,1.0,6.0,0.0,1.0,P100,5849,3198.0,6.0,1.0,59472.0,1.0
d894fd1af131ed7a296716b5,5850,58540f191766,59474.0,62417.0,2943.0,1,1.0,6.0,0.0,1.0,P100,5850,2943.0,6.0,1.0,59474.0,1.0
d894fd1af131ed7a296716b5,5851,58540f191766,59474.0,62437.0,2963.0,1,1.0,6.0,0.0,1.0,P100,5851,2963.0,6.0,1.0,59474.0,1.0
d894fd1af131ed7a296716b5,5852,58540f191766,59474.0,62578.0,3104.0,1,1.0,6.0,0.0,1.0,P100,5852,3104.0,6.0,1.0,59474.0,1.0
d894fd1af131ed7a296716b5,5853,58540f191766,59474.0,62721.0,3247.0,1,1.0,6.0,0.0,1.0,P100,5853,3247.0,6.0,1.0,59474.0,1.0
d894fd1af131ed7a296716b5,5854,58540f191766,59477.0,62470.0,2993.0,1,1.0,6.0,0.0,1.0,P100,5854,2993.0,6.0,1.0,59477.0,1.0
0be3971157d6c504afbc3397,5855,354e3b81c515,59482.0,59504.0,22.0,1,1.0,6.0,0.0,1.0,P100,5855,22.0,6.0,1.0,59482.0,1.0
d894fd1af131ed7a296716b5,5856,58540f191766,59482.0,59624.0,142.0,1,1.0,6.0,0.0,1.0,P100,5856,142.0,6.0,1.0,59482.0,1.0
d894fd1af131ed7a296716b5,5858,58540f191766,59486.0,62528.0,3042.0,1,1.0,6.0,0.0,1.0,P100,5858,3042.0,6.0,1.0,59486.0,1.0
d894fd1af131ed7a296716b5,5859,58540f191766,59487.0,62488.0,3001.0,1,1.0,6.0,0.0,1.0,P100,5859,3001.0,6.0,1.0,59487.0,1.0
d894fd1af131ed7a296716b5,5860,58540f191766,59487.0,62539.0,3052.0,1,1.0,6.0,0.0,1.0,P100,5860,3052.0,6.0,1.0,59487.0,1.0
fdca1b26347a096dc8cd73ec,5861,edc10645cc3f,59489.0,62258.0,2769.0,1,10.0,6.0,0.0,0.5,MISC,5861,2769.0,60.0,5.0,59489.0,10.0
d894fd1af131ed7a296716b5,5862,58540f191766,59491.0,62439.0,2948.0,1,1.0,6.0,0.0,1.0,P100,5862,2948.0,6.0,1.0,59491.0,1.0
d894fd1af131ed7a296716b5,5863,58540f191766,59492.0,62613.0,3121.0,1,1.0,6.0,0.0,1.0,P100,5863,3121.0,6.0,1.0,59492.0,1.0
d894fd1af131ed7a296716b5,5864,58540f191766,59492.0,62772.0,3280.0,1,1.0,6.0,0.0,1.0,P100,5864,3280.0,6.0,1.0,59492.0,1.0
9c6554174b06015a7af561c6,5865,41f97a75a037,59493.0,59548.0,55.0,1,1.0,6.0,0.0,1.0,T4,5865,55.0,6.0,1.0,59493.0,1.0
d894fd1af131ed7a296716b5,5866,58540f191766,59497.0,62641.0,3144.0,1,1.0,6.0,0.0,1.0,P100,5866,3144.0,6.0,1.0,59497.0,1.0
d894fd1af131ed7a296716b5,5867,58540f191766,59497.0,62671.0,3174.0,1,1.0,6.0,0.0,1.0,P100,5867,3174.0,6.0,1.0,59497.0,1.0
d894fd1af131ed7a296716b5,5868,58540f191766,59497.0,62731.0,3234.0,1,1.0,6.0,0.0,1.0,P100,5868,3234.0,6.0,1.0,59497.0,1.0
d894fd1af131ed7a296716b5,5869,58540f191766,59499.0,62660.0,3161.0,1,1.0,6.0,0.0,1.0,P100,5869,3161.0,6.0,1.0,59499.0,1.0
d894fd1af131ed7a296716b5,5870,58540f191766,59499.0,62560.0,3061.0,1,1.0,6.0,0.0,1.0,P100,5870,3061.0,6.0,1.0,59499.0,1.0
d894fd1af131ed7a296716b5,5871,58540f191766,59499.0,64296.0,4797.0,1,1.0,6.0,0.0,1.0,P100,5871,4797.0,6.0,1.0,59499.0,1.0
d894fd1af131ed7a296716b5,5872,58540f191766,59499.0,62801.0,3302.0,1,1.0,6.0,0.0,1.0,P100,5872,3302.0,6.0,1.0,59499.0,1.0
e8efa65aa22dff1e98ff15d7,5873,b3bfe9b79bb5,59500.0,59543.0,43.0,1,1.0,6.0,0.0,1.0,P100,5873,43.0,6.0,1.0,59500.0,1.0
d894fd1af131ed7a296716b5,5874,58540f191766,59503.0,62711.0,3208.0,1,1.0,6.0,0.0,1.0,P100,5874,3208.0,6.0,1.0,59503.0,1.0
d894fd1af131ed7a296716b5,5875,58540f191766,59503.0,59664.0,161.0,1,1.0,6.0,0.0,1.0,P100,5875,161.0,6.0,1.0,59503.0,1.0
d894fd1af131ed7a296716b5,5876,58540f191766,59503.0,63155.0,3652.0,1,1.0,6.0,0.0,1.0,P100,5876,3652.0,6.0,1.0,59503.0,1.0
d894fd1af131ed7a296716b5,5877,58540f191766,59503.0,76764.0,17261.0,1,1.0,6.0,0.0,1.0,P100,5877,17261.0,6.0,1.0,59503.0,1.0
d894fd1af131ed7a296716b5,5878,58540f191766,59504.0,62580.0,3076.0,1,1.0,6.0,0.0,1.0,P100,5878,3076.0,6.0,1.0,59504.0,1.0
d894fd1af131ed7a296716b5,5879,58540f191766,59504.0,62631.0,3127.0,1,1.0,6.0,0.0,1.0,P100,5879,3127.0,6.0,1.0,59504.0,1.0
d894fd1af131ed7a296716b5,5880,58540f191766,59505.0,62580.0,3075.0,1,1.0,6.0,0.0,1.0,P100,5880,3075.0,6.0,1.0,59505.0,1.0
d894fd1af131ed7a296716b5,5881,58540f191766,59505.0,62680.0,3175.0,1,1.0,6.0,0.0,1.0,P100,5881,3175.0,6.0,1.0,59505.0,1.0
f17e954e97558148ded21349,5882,c4cbaac9966d,59505.0,60034.0,529.0,1,1.0,10.0,0.0,0.5,T4,5882,529.0,10.0,0.5,59505.0,1.0
d894fd1af131ed7a296716b5,5883,58540f191766,59505.0,63499.0,3994.0,1,1.0,6.0,0.0,1.0,P100,5883,3994.0,6.0,1.0,59505.0,1.0
f17e954e97558148ded21349,5884,c4cbaac9966d,59506.0,59960.0,454.0,1,1.0,10.0,0.0,0.5,T4,5884,454.0,10.0,0.5,59506.0,1.0
f17e954e97558148ded21349,5885,c4cbaac9966d,59506.0,59922.0,416.0,1,1.0,10.0,0.0,0.5,T4,5885,416.0,10.0,0.5,59506.0,1.0
4338499d3c24cc35be17b44c,5888,5b1345f03aa1,59514.0,59554.0,40.0,1,1.0,6.0,0.0,1.0,P100,5888,40.0,6.0,1.0,59514.0,1.0
fdca1b26347a096dc8cd73ec,5889,edc10645cc3f,59516.0,59687.0,171.0,1,1.0,6.0,0.0,0.5,MISC,5889,171.0,6.0,0.5,59516.0,1.0
4338499d3c24cc35be17b44c,5890,5b1345f03aa1,59524.0,59671.0,147.0,1,1.0,6.0,0.0,0.5,MISC,5890,147.0,6.0,0.5,59524.0,1.0
f2c4b7ef9bca7bf8390f05cd,5891,1480b75a8c96,59532.0,59848.0,316.0,1,1.0,6.0,0.0,1.0,T4,5891,316.0,6.0,1.0,59532.0,1.0
0be3971157d6c504afbc3397,5892,354e3b81c515,59560.0,59595.0,35.0,1,1.0,6.0,0.0,1.0,MISC,5892,35.0,6.0,1.0,59560.0,1.0
fdca1b26347a096dc8cd73ec,5893,edc10645cc3f,59562.0,60241.0,679.0,1,1.0,6.0,0.0,1.0,MISC,5893,679.0,6.0,1.0,59562.0,1.0
f17e954e97558148ded21349,5894,c4cbaac9966d,59608.0,59811.0,203.0,1,1.0,10.0,0.0,0.5,T4,5894,203.0,10.0,0.5,59608.0,1.0
21858ac282f1092bb15f8831,5895,45bd92802aa9,59611.0,59816.0,205.0,1,1.0,6.0,0.0,1.0,T4,5895,205.0,6.0,1.0,59611.0,1.0
86f36e23c21795ada4c10ab4,5897,45ce6f157fbe,59639.0,60705.0,1066.0,1,1.0,6.0,0.0,0.25,MISC,5897,1066.0,6.0,0.25,59639.0,1.0
8106728908feb773a53799c5,5898,698d948206d0,59642.0,59968.0,326.0,1,1.0,6.0,0.0,0.25,MISC,5898,326.0,6.0,0.25,59642.0,1.0
f17e954e97558148ded21349,5899,c4cbaac9966d,59664.0,60089.0,425.0,1,1.0,10.0,0.0,0.5,T4,5899,425.0,10.0,0.5,59664.0,1.0
9c6554174b06015a7af561c6,5900,41f97a75a037,59671.0,59715.0,44.0,1,1.0,6.0,0.0,1.0,T4,5900,44.0,6.0,1.0,59671.0,1.0
e14f55e56de8f9e707c8ff95,5901,42aa9724a88c,59691.0,59757.0,66.0,1,1.0,6.0,0.0,1.0,MISC,5901,66.0,6.0,1.0,59691.0,1.0
049570305e6b0ab6aa86bf60,5902,29380421d3fc,59710.0,59754.0,44.0,1,1.0,6.0,0.0,1.0,T4,5902,44.0,6.0,1.0,59710.0,1.0
9c6554174b06015a7af561c6,5903,41f97a75a037,59754.0,59798.0,44.0,1,1.0,6.0,0.0,1.0,T4,5903,44.0,6.0,1.0,59754.0,1.0
3995073148156da8994ec8bb,5904,5f4cb64dc693,59754.0,63279.0,3525.0,1,30.0,6.0,0.0,0.5,MISC,5904,3525.0,180.0,15.0,59754.0,30.0
4fa2a95d7c794171b866dfa5,5905,7203aa95a9af,59779.0,59948.0,169.0,1,1.0,6.0,0.0,0.25,MISC,5905,169.0,6.0,0.25,59779.0,1.0
143b087a9cf31f7f5c1b09ba,5906,f5440bdf32a5,59790.0,60269.0,479.0,1,1.0,6.0,0.0,0.5,MISC,5906,479.0,6.0,0.5,59790.0,1.0
f17e954e97558148ded21349,5907,c4cbaac9966d,59822.0,61126.0,1304.0,1,1.0,10.0,0.0,0.5,T4,5907,1304.0,10.0,0.5,59822.0,1.0
be9f630d9961c6b4cf52eb5b,5908,f2ce2df66a71,59823.0,59838.0,15.0,1,1.0,6.0,0.0,1.0,T4,5908,15.0,6.0,1.0,59823.0,1.0
4d8fee7f10bd7edbb75b96b3,5911,b2c52019b2c6,59845.0,83652.0,23807.0,1,20.0,5.0,0.0,0.25,MISC,5911,23807.0,100.0,5.0,59845.0,20.0
4d8fee7f10bd7edbb75b96b3,5912,b2c52019b2c6,59851.0,71871.0,12020.0,1,10.0,5.0,0.0,0.25,MISC,5912,12020.0,50.0,2.5,59851.0,10.0
f2c4b7ef9bca7bf8390f05cd,5913,1480b75a8c96,59874.0,59899.0,25.0,1,1.0,6.0,0.0,1.0,T4,5913,25.0,6.0,1.0,59874.0,1.0
7406fb7653a17ee61e51469d,5914,8b9c03ad79b8,59888.0,60078.0,190.0,1,1.0,6.0,0.0,1.0,MISC,5914,190.0,6.0,1.0,59888.0,1.0
30185446faeb493c1d55cacd,5916,a8192d6b0ae9,59911.0,61712.0,1801.0,1,5.0,8.0,0.0,1.0,V100,5916,1801.0,40.0,5.0,59911.0,5.0
e8efa65aa22dff1e98ff15d7,5918,b3bfe9b79bb5,59966.0,61645.0,1679.0,1,200.0,4.0,0.0,0.2,V100,5918,1679.0,800.0,40.0,59966.0,200.0
f17e954e97558148ded21349,5919,c4cbaac9966d,60003.0,60329.0,326.0,1,1.0,10.0,0.0,0.5,T4,5919,326.0,10.0,0.5,60003.0,1.0
f17e954e97558148ded21349,5920,c4cbaac9966d,60006.0,60404.0,398.0,1,1.0,10.0,0.0,0.5,T4,5920,398.0,10.0,0.5,60006.0,1.0
a757f125d866d5722ec3bfc2,5922,3960a1141089,60019.0,63197.0,3178.0,1,30.0,6.0,0.0,0.25,P100,5922,3178.0,180.0,7.5,60019.0,30.0
d894fd1af131ed7a296716b5,5924,58540f191766,60112.0,79408.0,19296.0,1,1.0,6.0,0.0,1.0,MISC,5924,19296.0,6.0,1.0,60112.0,1.0
f17e954e97558148ded21349,5925,c4cbaac9966d,60129.0,60503.0,374.0,1,1.0,10.0,0.0,0.5,T4,5925,374.0,10.0,0.5,60129.0,1.0
049570305e6b0ab6aa86bf60,5926,29380421d3fc,60159.0,60204.0,45.0,1,1.0,6.0,0.0,1.0,T4,5926,45.0,6.0,1.0,60159.0,1.0
f17e954e97558148ded21349,5927,c4cbaac9966d,60192.0,60562.0,370.0,1,1.0,10.0,0.0,0.5,T4,5927,370.0,10.0,0.5,60192.0,1.0
3995073148156da8994ec8bb,5928,5f4cb64dc693,60201.0,60620.0,419.0,1,5.0,18.0,0.0,1.0,MISC,5928,419.0,90.0,5.0,60201.0,5.0
9ae9b2a926a0b1a6e4b0945c,5929,05b25af4dd8b,60244.0,60441.0,197.0,1,1.0,6.0,0.0,0.25,MISC,5929,197.0,6.0,0.25,60244.0,1.0
1ccc18d7d13073b642b3a016,5931,d4d51aca8806,60327.0,94562.0,34235.0,1,12.0,6.0,0.0,0.25,T4,5931,34235.0,72.0,3.0,60327.0,12.0
4d8fee7f10bd7edbb75b96b3,5933,b2c52019b2c6,60345.0,61674.0,1329.0,1,20.0,6.0,0.0,0.25,MISC,5933,1329.0,120.0,5.0,60345.0,20.0
4338499d3c24cc35be17b44c,5935,5b1345f03aa1,60394.0,60452.0,58.0,1,1.0,6.0,0.0,1.0,MISC,5935,58.0,6.0,1.0,60394.0,1.0
30185446faeb493c1d55cacd,5937,a8192d6b0ae9,60424.0,60521.0,97.0,1,10.0,8.0,0.0,1.0,V100,5937,97.0,80.0,10.0,60424.0,10.0
0be3971157d6c504afbc3397,5938,354e3b81c515,60438.0,60462.0,24.0,1,1.0,6.0,0.0,1.0,V100,5938,24.0,6.0,1.0,60438.0,1.0
f17e954e97558148ded21349,5939,c4cbaac9966d,60442.0,60874.0,432.0,1,1.0,10.0,0.0,0.5,T4,5939,432.0,10.0,0.5,60442.0,1.0
30185446faeb493c1d55cacd,5940,a8192d6b0ae9,60472.0,61283.0,811.0,1,6.0,18.0,0.0,1.0,MISC,5940,811.0,108.0,6.0,60472.0,6.0
7406fb7653a17ee61e51469d,5941,8b9c03ad79b8,60472.0,60677.0,205.0,1,1.0,6.0,0.0,1.0,MISC,5941,205.0,6.0,1.0,60472.0,1.0
4d8fee7f10bd7edbb75b96b3,5943,b2c52019b2c6,60475.0,75383.0,14908.0,1,10.0,5.0,0.0,0.25,MISC,5943,14908.0,50.0,2.5,60475.0,10.0
e14f55e56de8f9e707c8ff95,5944,42aa9724a88c,60494.0,60647.0,153.0,1,1.0,6.0,0.0,1.0,P100,5944,153.0,6.0,1.0,60494.0,1.0
f17e954e97558148ded21349,5945,c4cbaac9966d,60500.0,61011.0,511.0,1,1.0,10.0,0.0,0.5,T4,5945,511.0,10.0,0.5,60500.0,1.0
e8efa65aa22dff1e98ff15d7,5946,b3bfe9b79bb5,60513.0,72349.0,11836.0,1,100.0,6.0,0.0,1.0,P100,5946,11836.0,600.0,100.0,60513.0,100.0
fdca1b26347a096dc8cd73ec,5947,edc10645cc3f,60528.0,60688.0,160.0,1,1.0,6.0,0.0,1.0,V100,5947,160.0,6.0,1.0,60528.0,1.0
f17e954e97558148ded21349,5949,c4cbaac9966d,60577.0,61333.0,756.0,1,1.0,10.0,0.0,0.5,T4,5949,756.0,10.0,0.5,60577.0,1.0
fdca1b26347a096dc8cd73ec,5950,edc10645cc3f,60578.0,60796.0,218.0,1,1.0,6.0,0.0,0.5,MISC,5950,218.0,6.0,0.5,60578.0,1.0
4338499d3c24cc35be17b44c,5951,5b1345f03aa1,60603.0,60726.0,123.0,1,1.0,6.0,0.0,0.25,MISC,5951,123.0,6.0,0.25,60603.0,1.0
68bc0012041a2bb6693892ea,5952,3e9c6f593cb6,60604.0,60701.0,97.0,1,1.0,6.0,0.0,1.0,MISC,5952,97.0,6.0,1.0,60604.0,1.0
4338499d3c24cc35be17b44c,5953,5b1345f03aa1,60611.0,60726.0,115.0,1,1.0,6.0,0.0,0.25,MISC,5953,115.0,6.0,0.25,60611.0,1.0
e14f55e56de8f9e707c8ff95,5954,42aa9724a88c,60618.0,60685.0,67.0,1,1.0,6.0,0.0,0.25,MISC,5954,67.0,6.0,0.25,60618.0,1.0
4338499d3c24cc35be17b44c,5955,5b1345f03aa1,60683.0,60917.0,234.0,1,1.0,6.0,0.0,0.5,MISC,5955,234.0,6.0,0.5,60683.0,1.0
f17e954e97558148ded21349,5956,c4cbaac9966d,60691.0,61087.0,396.0,1,1.0,10.0,0.0,0.5,T4,5956,396.0,10.0,0.5,60691.0,1.0
3995073148156da8994ec8bb,5958,5f4cb64dc693,60713.0,62367.0,1654.0,1,20.0,6.0,0.0,1.0,V100,5958,1654.0,120.0,20.0,60713.0,20.0
1ccc18d7d13073b642b3a016,5959,d4d51aca8806,60714.0,78991.0,18277.0,1,12.0,6.0,0.0,0.25,T4,5959,18277.0,72.0,3.0,60714.0,12.0
59aa78d1d37936ce6cce7efd,5960,174bc51448f6,60728.0,60736.0,8.0,1,1.0,10.0,0.0,1.0,T4,5960,8.0,10.0,1.0,60728.0,1.0
d894fd1af131ed7a296716b5,5961,58540f191766,60730.0,76038.0,15308.0,1,1.0,6.0,0.0,1.0,MISC,5961,15308.0,6.0,1.0,60730.0,1.0
d894fd1af131ed7a296716b5,5962,58540f191766,60730.0,81788.0,21058.0,1,1.0,6.0,0.0,1.0,MISC,5962,21058.0,6.0,1.0,60730.0,1.0
d894fd1af131ed7a296716b5,5963,58540f191766,60732.0,79392.0,18660.0,1,1.0,6.0,0.0,1.0,MISC,5963,18660.0,6.0,1.0,60732.0,1.0
9ae9b2a926a0b1a6e4b0945c,5964,05b25af4dd8b,60764.0,60807.0,43.0,1,1.0,6.0,0.0,1.0,MISC,5964,43.0,6.0,1.0,60764.0,1.0
fdca1b26347a096dc8cd73ec,5965,edc10645cc3f,60777.0,60987.0,210.0,1,1.0,6.0,0.0,1.0,MISC,5965,210.0,6.0,1.0,60777.0,1.0
d894fd1af131ed7a296716b5,5966,58540f191766,60811.0,79475.0,18664.0,1,1.0,6.0,0.0,1.0,MISC,5966,18664.0,6.0,1.0,60811.0,1.0
30185446faeb493c1d55cacd,5968,a8192d6b0ae9,60825.0,65055.0,4230.0,1,20.0,8.0,0.0,2.0,MISC,5968,4230.0,160.0,40.0,60825.0,20.0
30185446faeb493c1d55cacd,5970,a8192d6b0ae9,60888.0,62660.0,1772.0,1,30.0,6.0,0.0,1.0,MISC,5970,1772.0,180.0,30.0,60888.0,30.0
d894fd1af131ed7a296716b5,5971,58540f191766,60898.0,129327.0,68429.0,1,1.0,6.0,0.0,1.0,MISC,5971,68429.0,6.0,1.0,60898.0,1.0
f17e954e97558148ded21349,5972,c4cbaac9966d,60965.0,61278.0,313.0,1,1.0,10.0,0.0,0.5,T4,5972,313.0,10.0,0.5,60965.0,1.0
fdca1b26347a096dc8cd73ec,5974,edc10645cc3f,60975.0,61271.0,296.0,1,1.0,6.0,0.0,0.5,MISC,5974,296.0,6.0,0.5,60975.0,1.0
7406fb7653a17ee61e51469d,5975,8b9c03ad79b8,60982.0,61188.0,206.0,1,1.0,6.0,0.0,1.0,MISC,5975,206.0,6.0,1.0,60982.0,1.0
e8efa65aa22dff1e98ff15d7,5977,b3bfe9b79bb5,61001.0,61976.0,975.0,1,30.0,4.0,0.0,0.25,MISC,5977,975.0,120.0,7.5,61001.0,30.0
f17e954e97558148ded21349,5978,c4cbaac9966d,61087.0,61553.0,466.0,1,1.0,10.0,0.0,0.5,T4,5978,466.0,10.0,0.5,61087.0,1.0
f17e954e97558148ded21349,5979,c4cbaac9966d,61150.0,63398.0,2248.0,1,1.0,10.0,0.0,0.5,T4,5979,2248.0,10.0,0.5,61150.0,1.0
2fe46f64538b8943a9882bab,5980,c677a0acf7c0,61197.0,61357.0,160.0,1,1.0,6.0,0.0,1.0,MISC,5980,160.0,6.0,1.0,61197.0,1.0
934e2c1ced0fc9ab1ed0ddc1,5981,e8f0049b4ca6,61201.0,61501.0,300.0,1,1.0,6.0,0.0,1.0,MISC,5981,300.0,6.0,1.0,61201.0,1.0
30185446faeb493c1d55cacd,5982,a8192d6b0ae9,61230.0,61291.0,61.0,1,1.0,6.0,0.0,1.0,MISC,5982,61.0,6.0,1.0,61230.0,1.0
f17e954e97558148ded21349,5983,c4cbaac9966d,61240.0,61681.0,441.0,1,1.0,10.0,0.0,0.5,T4,5983,441.0,10.0,0.5,61240.0,1.0
f17e954e97558148ded21349,5984,c4cbaac9966d,61254.0,61460.0,206.0,1,1.0,10.0,0.0,0.5,T4,5984,206.0,10.0,0.5,61254.0,1.0
30185446faeb493c1d55cacd,5986,a8192d6b0ae9,61318.0,61365.0,47.0,1,1.0,6.0,0.0,1.0,MISC,5986,47.0,6.0,1.0,61318.0,1.0
fdca1b26347a096dc8cd73ec,5987,edc10645cc3f,61353.0,61451.0,98.0,1,1.0,6.0,0.0,1.0,MISC,5987,98.0,6.0,1.0,61353.0,1.0
0be3971157d6c504afbc3397,5988,354e3b81c515,61364.0,61391.0,27.0,1,1.0,6.0,0.0,1.0,MISC,5988,27.0,6.0,1.0,61364.0,1.0
59aa78d1d37936ce6cce7efd,5989,174bc51448f6,61391.0,61399.0,8.0,1,1.0,10.0,0.0,1.0,T4,5989,8.0,10.0,1.0,61391.0,1.0
f17e954e97558148ded21349,5990,c4cbaac9966d,61397.0,61785.0,388.0,1,1.0,10.0,0.0,0.5,T4,5990,388.0,10.0,0.5,61397.0,1.0
f17e954e97558148ded21349,5992,c4cbaac9966d,61402.0,61743.0,341.0,1,1.0,10.0,0.0,0.5,T4,5992,341.0,10.0,0.5,61402.0,1.0
fdca1b26347a096dc8cd73ec,5993,edc10645cc3f,61404.0,78560.0,17156.0,1,10.0,6.0,0.0,0.5,MISC,5993,17156.0,60.0,5.0,61404.0,10.0
be9f630d9961c6b4cf52eb5b,5994,f2ce2df66a71,61404.0,61419.0,15.0,1,1.0,6.0,0.0,1.0,T4,5994,15.0,6.0,1.0,61404.0,1.0
59aa78d1d37936ce6cce7efd,5995,174bc51448f6,61442.0,61449.0,7.0,1,1.0,10.0,0.0,1.0,T4,5995,7.0,10.0,1.0,61442.0,1.0
4338499d3c24cc35be17b44c,5996,5b1345f03aa1,61442.0,61605.0,163.0,1,1.0,6.0,0.0,1.0,MISC,5996,163.0,6.0,1.0,61442.0,1.0
7406fb7653a17ee61e51469d,5997,8b9c03ad79b8,61456.0,61639.0,183.0,1,1.0,6.0,0.0,1.0,MISC,5997,183.0,6.0,1.0,61456.0,1.0
f2c4b7ef9bca7bf8390f05cd,5998,1480b75a8c96,61467.0,61782.0,315.0,1,1.0,6.0,0.0,1.0,T4,5998,315.0,6.0,1.0,61467.0,1.0
30185446faeb493c1d55cacd,5999,a8192d6b0ae9,61495.0,69714.0,8219.0,1,1.0,6.0,0.0,0.25,MISC,5999,8219.0,6.0,0.25,61495.0,1.0
30185446faeb493c1d55cacd,6000,a8192d6b0ae9,61495.0,69974.0,8479.0,1,1.0,6.0,0.0,0.25,MISC,6000,8479.0,6.0,0.25,61495.0,1.0
30185446faeb493c1d55cacd,6001,a8192d6b0ae9,61496.0,70997.0,9501.0,1,1.0,6.0,0.0,0.25,MISC,6001,9501.0,6.0,0.25,61496.0,1.0
30185446faeb493c1d55cacd,6002,a8192d6b0ae9,61497.0,68901.0,7404.0,1,1.0,6.0,0.0,0.25,MISC,6002,7404.0,6.0,0.25,61497.0,1.0
30185446faeb493c1d55cacd,6003,a8192d6b0ae9,61497.0,71217.0,9720.0,1,1.0,6.0,0.0,0.25,MISC,6003,9720.0,6.0,0.25,61497.0,1.0
30185446faeb493c1d55cacd,6004,a8192d6b0ae9,61497.0,68929.0,7432.0,1,1.0,6.0,0.0,0.25,MISC,6004,7432.0,6.0,0.25,61497.0,1.0
30185446faeb493c1d55cacd,6005,a8192d6b0ae9,61497.0,68878.0,7381.0,1,1.0,6.0,0.0,0.25,MISC,6005,7381.0,6.0,0.25,61497.0,1.0
30185446faeb493c1d55cacd,6006,a8192d6b0ae9,61497.0,70939.0,9442.0,1,1.0,6.0,0.0,0.25,MISC,6006,9442.0,6.0,0.25,61497.0,1.0
30185446faeb493c1d55cacd,6007,a8192d6b0ae9,61500.0,70911.0,9411.0,1,1.0,6.0,0.0,0.25,MISC,6007,9411.0,6.0,0.25,61500.0,1.0
30185446faeb493c1d55cacd,6008,a8192d6b0ae9,61504.0,70923.0,9419.0,1,1.0,6.0,0.0,0.25,MISC,6008,9419.0,6.0,0.25,61504.0,1.0
30185446faeb493c1d55cacd,6009,a8192d6b0ae9,61505.0,71191.0,9686.0,1,1.0,6.0,0.0,0.25,MISC,6009,9686.0,6.0,0.25,61505.0,1.0
30185446faeb493c1d55cacd,6010,a8192d6b0ae9,61507.0,69814.0,8307.0,1,1.0,6.0,0.0,0.25,MISC,6010,8307.0,6.0,0.25,61507.0,1.0
30185446faeb493c1d55cacd,6011,a8192d6b0ae9,61511.0,71278.0,9767.0,1,1.0,6.0,0.0,0.25,MISC,6011,9767.0,6.0,0.25,61511.0,1.0
30185446faeb493c1d55cacd,6012,a8192d6b0ae9,61511.0,71312.0,9801.0,1,1.0,6.0,0.0,0.25,MISC,6012,9801.0,6.0,0.25,61511.0,1.0
30185446faeb493c1d55cacd,6013,a8192d6b0ae9,61512.0,69851.0,8339.0,1,1.0,6.0,0.0,0.25,MISC,6013,8339.0,6.0,0.25,61512.0,1.0
30185446faeb493c1d55cacd,6014,a8192d6b0ae9,61514.0,69358.0,7844.0,1,1.0,6.0,0.0,0.25,MISC,6014,7844.0,6.0,0.25,61514.0,1.0
30185446faeb493c1d55cacd,6015,a8192d6b0ae9,61514.0,70029.0,8515.0,1,1.0,6.0,0.0,0.25,MISC,6015,8515.0,6.0,0.25,61514.0,1.0
30185446faeb493c1d55cacd,6016,a8192d6b0ae9,61515.0,71229.0,9714.0,1,1.0,6.0,0.0,0.25,MISC,6016,9714.0,6.0,0.25,61515.0,1.0
30185446faeb493c1d55cacd,6017,a8192d6b0ae9,61515.0,71210.0,9695.0,1,1.0,6.0,0.0,0.25,MISC,6017,9695.0,6.0,0.25,61515.0,1.0
30185446faeb493c1d55cacd,6018,a8192d6b0ae9,61516.0,70274.0,8758.0,1,1.0,6.0,0.0,0.25,MISC,6018,8758.0,6.0,0.25,61516.0,1.0
f17e954e97558148ded21349,6019,c4cbaac9966d,61528.0,61703.0,175.0,1,1.0,10.0,0.0,0.5,T4,6019,175.0,10.0,0.5,61528.0,1.0
3e5fb00bf43aa67ee5c2b6d5,6022,f134c9ec05e3,61543.0,61703.0,160.0,1,1.0,6.0,0.0,0.5,MISC,6022,160.0,6.0,0.5,61543.0,1.0
fdca1b26347a096dc8cd73ec,6023,edc10645cc3f,61544.0,61696.0,152.0,1,1.0,6.0,0.0,0.25,MISC,6023,152.0,6.0,0.25,61544.0,1.0
e14f55e56de8f9e707c8ff95,6024,42aa9724a88c,61544.0,61603.0,59.0,1,1.0,6.0,0.0,1.0,MISC,6024,59.0,6.0,1.0,61544.0,1.0
845ebc87e40bad0db5b37e26,6025,f14128db0160,61544.0,61582.0,38.0,1,1.0,6.0,0.0,2.0,MISC,6025,38.0,6.0,2.0,61544.0,1.0
92297443355d710882e87359,6026,5e5a7a105292,61545.0,61616.0,71.0,1,4.0,1.0,0.0,0.25,MISC,6026,71.0,4.0,1.0,61545.0,4.0
fdca1b26347a096dc8cd73ec,6027,edc10645cc3f,61559.0,61673.0,114.0,1,1.0,6.0,0.0,1.0,MISC,6027,114.0,6.0,1.0,61559.0,1.0
8ccb9c9fe88b53537e096dd9,6029,de69ddc1064e,61582.0,63706.0,2124.0,1,8.0,6.0,0.0,0.25,MISC,6029,2124.0,48.0,2.0,61582.0,8.0
4338499d3c24cc35be17b44c,6030,5b1345f03aa1,61582.0,62831.0,1249.0,1,1.0,6.0,0.0,1.0,MISC,6030,1249.0,6.0,1.0,61582.0,1.0
be9f630d9961c6b4cf52eb5b,6031,f2ce2df66a71,61599.0,61614.0,15.0,1,1.0,6.0,0.0,1.0,T4,6031,15.0,6.0,1.0,61599.0,1.0
0ebe4c9c62b510c178e66637,6032,fd686fcc9dc1,61600.0,61724.0,124.0,1,1.0,8.0,0.0,1.0,T4,6032,124.0,8.0,1.0,61600.0,1.0
4338499d3c24cc35be17b44c,6034,5b1345f03aa1,61604.0,62498.0,894.0,1,1.0,6.0,0.0,1.0,MISC,6034,894.0,6.0,1.0,61604.0,1.0
fdca1b26347a096dc8cd73ec,6035,edc10645cc3f,61605.0,63765.0,2160.0,1,10.0,6.0,0.0,0.25,MISC,6035,2160.0,60.0,2.5,61605.0,10.0
4338499d3c24cc35be17b44c,6036,5b1345f03aa1,61622.0,62579.0,957.0,1,1.0,6.0,0.0,1.0,MISC,6036,957.0,6.0,1.0,61622.0,1.0
be9f630d9961c6b4cf52eb5b,6037,f2ce2df66a71,61630.0,61645.0,15.0,1,1.0,6.0,0.0,1.0,T4,6037,15.0,6.0,1.0,61630.0,1.0
4338499d3c24cc35be17b44c,6038,5b1345f03aa1,61642.0,61734.0,92.0,1,1.0,6.0,0.0,0.25,MISC,6038,92.0,6.0,0.25,61642.0,1.0
4338499d3c24cc35be17b44c,6039,5b1345f03aa1,61643.0,62661.0,1018.0,1,1.0,6.0,0.0,1.0,MISC,6039,1018.0,6.0,1.0,61643.0,1.0
f17e954e97558148ded21349,6040,c4cbaac9966d,61647.0,62248.0,601.0,1,1.0,10.0,0.0,0.5,T4,6040,601.0,10.0,0.5,61647.0,1.0
4338499d3c24cc35be17b44c,6041,5b1345f03aa1,61663.0,63077.0,1414.0,1,1.0,6.0,0.0,1.0,MISC,6041,1414.0,6.0,1.0,61663.0,1.0
30185446faeb493c1d55cacd,6043,a8192d6b0ae9,61676.0,61788.0,112.0,1,20.0,8.0,0.0,1.0,MISC,6043,112.0,160.0,20.0,61676.0,20.0
30185446faeb493c1d55cacd,6044,a8192d6b0ae9,61764.0,70314.0,8550.0,1,1.0,6.0,0.0,0.25,MISC,6044,8550.0,6.0,0.25,61764.0,1.0
30185446faeb493c1d55cacd,6045,a8192d6b0ae9,61765.0,67392.0,5627.0,1,1.0,6.0,0.0,0.25,MISC,6045,5627.0,6.0,0.25,61765.0,1.0
30185446faeb493c1d55cacd,6046,a8192d6b0ae9,61765.0,71047.0,9282.0,1,1.0,6.0,0.0,0.25,MISC,6046,9282.0,6.0,0.25,61765.0,1.0
30185446faeb493c1d55cacd,6047,a8192d6b0ae9,61765.0,70788.0,9023.0,1,1.0,6.0,0.0,0.25,MISC,6047,9023.0,6.0,0.25,61765.0,1.0
f17e954e97558148ded21349,6048,c4cbaac9966d,61776.0,62157.0,381.0,1,1.0,10.0,0.0,0.5,T4,6048,381.0,10.0,0.5,61776.0,1.0
944edeceea5c25f4a5f79f89,6049,8d8cb36a6118,61784.0,68534.0,6750.0,1,1.0,16.0,0.0,1.0,T4,6049,6750.0,16.0,1.0,61784.0,1.0
f17e954e97558148ded21349,6050,c4cbaac9966d,61799.0,62494.0,695.0,1,1.0,10.0,0.0,0.5,T4,6050,695.0,10.0,0.5,61799.0,1.0
f2c4b7ef9bca7bf8390f05cd,6051,1480b75a8c96,61816.0,61960.0,144.0,1,1.0,6.0,0.0,1.0,T4,6051,144.0,6.0,1.0,61816.0,1.0
fdca1b26347a096dc8cd73ec,6053,edc10645cc3f,61824.0,67442.0,5618.0,1,10.0,6.0,0.0,0.5,MISC,6053,5618.0,60.0,5.0,61824.0,10.0
f17e954e97558148ded21349,6055,c4cbaac9966d,61865.0,62222.0,357.0,1,1.0,10.0,0.0,0.5,T4,6055,357.0,10.0,0.5,61865.0,1.0
07a7440f33d2bfb59804064b,6056,9cc55781f4a6,61870.0,64073.0,2203.0,1,1.0,6.0,0.0,0.5,T4,6056,2203.0,6.0,0.5,61870.0,1.0
7406fb7653a17ee61e51469d,6057,8b9c03ad79b8,61882.0,62086.0,204.0,1,1.0,6.0,0.0,1.0,MISC,6057,204.0,6.0,1.0,61882.0,1.0
30185446faeb493c1d55cacd,6059,a8192d6b0ae9,61936.0,81124.0,19188.0,1,36.0,6.0,0.0,0.25,MISC,6059,19188.0,216.0,9.0,61936.0,36.0
4338499d3c24cc35be17b44c,6060,5b1345f03aa1,61955.0,62752.0,797.0,1,1.0,6.0,0.0,1.0,MISC,6060,797.0,6.0,1.0,61955.0,1.0
92297443355d710882e87359,6062,5e5a7a105292,61989.0,63787.0,1798.0,1,4.0,1.0,0.0,0.25,MISC,6062,1798.0,4.0,1.0,61989.0,4.0
e8efa65aa22dff1e98ff15d7,6063,b3bfe9b79bb5,62035.0,63115.0,1080.0,1,4.0,18.0,0.0,1.0,MISC,6063,1080.0,72.0,4.0,62035.0,4.0
0be3971157d6c504afbc3397,6064,354e3b81c515,62043.0,62076.0,33.0,1,1.0,6.0,0.0,1.0,MISC,6064,33.0,6.0,1.0,62043.0,1.0
4d8fee7f10bd7edbb75b96b3,6065,b2c52019b2c6,62061.0,62581.0,520.0,1,1.0,6.0,0.0,1.0,MISC,6065,520.0,6.0,1.0,62061.0,1.0
40df54e413d319037102e297,6066,7b76597f4283,62114.0,62193.0,79.0,1,1.0,18.0,0.0,1.0,MISC,6066,79.0,18.0,1.0,62114.0,1.0
3995073148156da8994ec8bb,6067,5f4cb64dc693,62124.0,62348.0,224.0,1,1.0,6.0,0.0,1.0,MISC,6067,224.0,6.0,1.0,62124.0,1.0
845ebc87e40bad0db5b37e26,6068,f14128db0160,62180.0,62396.0,216.0,1,1.0,6.0,0.0,2.0,P100,6068,216.0,6.0,2.0,62180.0,1.0
0be3971157d6c504afbc3397,6069,354e3b81c515,62181.0,62205.0,24.0,1,1.0,6.0,0.0,1.0,P100,6069,24.0,6.0,1.0,62181.0,1.0
4338499d3c24cc35be17b44c,6071,5b1345f03aa1,62195.0,62267.0,72.0,1,1.0,6.0,0.0,1.0,MISC,6071,72.0,6.0,1.0,62195.0,1.0
4fa2a95d7c794171b866dfa5,6072,7203aa95a9af,62226.0,62418.0,192.0,1,1.0,6.0,0.0,0.25,MISC,6072,192.0,6.0,0.25,62226.0,1.0
f17e954e97558148ded21349,6073,c4cbaac9966d,62237.0,62508.0,271.0,1,1.0,10.0,0.0,0.5,T4,6073,271.0,10.0,0.5,62237.0,1.0
4338499d3c24cc35be17b44c,6074,5b1345f03aa1,62251.0,62296.0,45.0,1,1.0,6.0,0.0,1.0,MISC,6074,45.0,6.0,1.0,62251.0,1.0
30185446faeb493c1d55cacd,6076,a8192d6b0ae9,62266.0,69202.0,6936.0,1,32.0,6.0,0.0,0.25,MISC,6076,6936.0,192.0,8.0,62266.0,32.0
f17e954e97558148ded21349,6079,c4cbaac9966d,62294.0,63030.0,736.0,1,1.0,10.0,0.0,0.5,T4,6079,736.0,10.0,0.5,62294.0,1.0
e14f55e56de8f9e707c8ff95,6080,42aa9724a88c,62336.0,62397.0,61.0,1,1.0,6.0,0.0,1.0,MISC,6080,61.0,6.0,1.0,62336.0,1.0
4c63a741106edc46bc1729dd,6082,18febf35d3a1,62355.0,62629.0,274.0,1,1.0,6.0,0.0,1.0,MISC,6082,274.0,6.0,1.0,62355.0,1.0
f17e954e97558148ded21349,6083,c4cbaac9966d,62356.0,62773.0,417.0,1,1.0,10.0,0.0,0.5,T4,6083,417.0,10.0,0.5,62356.0,1.0
df48f04d9c83bc2566c414b5,6084,0a91baf066f2,62409.0,62506.0,97.0,1,1.0,2.0,0.0,1.0,T4,6084,97.0,2.0,1.0,62409.0,1.0
d894fd1af131ed7a296716b5,6085,58540f191766,62409.0,86496.0,24087.0,1,1.0,18.0,0.0,1.0,MISC,6085,24087.0,18.0,1.0,62409.0,1.0
d894fd1af131ed7a296716b5,6086,58540f191766,62410.0,85341.0,22931.0,1,1.0,18.0,0.0,1.0,MISC,6086,22931.0,18.0,1.0,62410.0,1.0
d894fd1af131ed7a296716b5,6087,58540f191766,62410.0,84134.0,21724.0,1,1.0,18.0,0.0,1.0,MISC,6087,21724.0,18.0,1.0,62410.0,1.0
d894fd1af131ed7a296716b5,6088,58540f191766,62410.0,83636.0,21226.0,1,1.0,18.0,0.0,1.0,MISC,6088,21226.0,18.0,1.0,62410.0,1.0
d894fd1af131ed7a296716b5,6089,58540f191766,62420.0,84185.0,21765.0,1,1.0,18.0,0.0,1.0,MISC,6089,21765.0,18.0,1.0,62420.0,1.0
0ebe4c9c62b510c178e66637,6090,fd686fcc9dc1,62433.0,62668.0,235.0,1,1.0,8.0,0.0,1.0,T4,6090,235.0,8.0,1.0,62433.0,1.0
826527f33ae718a54618b507,6092,b2560dd9db14,62461.0,62943.0,482.0,1,1.0,6.0,0.0,0.25,MISC,6092,482.0,6.0,0.25,62461.0,1.0
68bc0012041a2bb6693892ea,6093,3e9c6f593cb6,62483.0,62558.0,75.0,1,1.0,6.0,0.0,1.0,MISC,6093,75.0,6.0,1.0,62483.0,1.0
30185446faeb493c1d55cacd,6094,a8192d6b0ae9,62486.0,62833.0,347.0,1,20.0,18.0,0.0,1.0,P100,6094,347.0,360.0,20.0,62486.0,20.0
7406fb7653a17ee61e51469d,6095,8b9c03ad79b8,62567.0,62760.0,193.0,1,1.0,6.0,0.0,1.0,MISC,6095,193.0,6.0,1.0,62567.0,1.0
df48f04d9c83bc2566c414b5,6096,0a91baf066f2,62587.0,62900.0,313.0,1,1.0,8.0,0.0,0.5,T4,6096,313.0,8.0,0.5,62587.0,1.0
df48f04d9c83bc2566c414b5,6097,0a91baf066f2,62587.0,63545.0,958.0,1,1.0,8.0,0.0,0.5,T4,6097,958.0,8.0,0.5,62587.0,1.0
f17e954e97558148ded21349,6098,c4cbaac9966d,62604.0,63059.0,455.0,1,1.0,10.0,0.0,0.5,T4,6098,455.0,10.0,0.5,62604.0,1.0
f17e954e97558148ded21349,6099,c4cbaac9966d,62610.0,63007.0,397.0,1,1.0,10.0,0.0,0.5,T4,6099,397.0,10.0,0.5,62610.0,1.0
4d8fee7f10bd7edbb75b96b3,6100,b2c52019b2c6,62620.0,62649.0,29.0,1,1.0,6.0,0.0,1.0,MISC,6100,29.0,6.0,1.0,62620.0,1.0
4338499d3c24cc35be17b44c,6102,5b1345f03aa1,62631.0,66178.0,3547.0,1,50.0,6.0,0.0,0.25,MISC,6102,3547.0,300.0,12.5,62631.0,50.0
2fe46f64538b8943a9882bab,6103,c677a0acf7c0,62642.0,66125.0,3483.0,1,5.0,2.0,0.0,1.0,MISC,6103,3483.0,10.0,5.0,62642.0,5.0
30185446faeb493c1d55cacd,6104,a8192d6b0ae9,62643.0,77040.0,14397.0,1,1.0,6.0,0.0,0.25,MISC,6104,14397.0,6.0,0.25,62643.0,1.0
08e3f587c186046a0b93942e,6108,0cd70b00c6f8,62714.0,158730.0,96016.0,1,3.0,6.0,0.0,0.049999999999999996,T4,6108,96016.0,18.0,0.15,62714.0,3.0
4c63a741106edc46bc1729dd,6109,18febf35d3a1,62728.0,62946.0,218.0,1,1.0,6.0,0.0,1.0,MISC,6109,218.0,6.0,1.0,62728.0,1.0
f17e954e97558148ded21349,6110,c4cbaac9966d,62823.0,63191.0,368.0,1,1.0,10.0,0.0,0.5,T4,6110,368.0,10.0,0.5,62823.0,1.0
bcefc24202843f241d4a17ec,6126,3f5d4699c3a6,62929.0,65968.0,3039.0,1,1.0,6.0,0.0,1.0,MISC,6126,3039.0,6.0,1.0,62929.0,1.0
0be3971157d6c504afbc3397,6133,354e3b81c515,62958.0,62991.0,33.0,1,1.0,6.0,0.0,1.0,MISC,6133,33.0,6.0,1.0,62958.0,1.0
30185446faeb493c1d55cacd,6139,a8192d6b0ae9,63004.0,67066.0,4062.0,1,20.0,10.0,0.0,1.0,MISC,6139,4062.0,200.0,20.0,63004.0,20.0
df48f04d9c83bc2566c414b5,6140,0a91baf066f2,63004.0,63075.0,71.0,1,1.0,8.0,0.0,0.5,T4,6140,71.0,8.0,0.5,63004.0,1.0
df48f04d9c83bc2566c414b5,6141,0a91baf066f2,63005.0,63090.0,85.0,1,1.0,8.0,0.0,0.5,T4,6141,85.0,8.0,0.5,63005.0,1.0
df48f04d9c83bc2566c414b5,6142,0a91baf066f2,63005.0,63075.0,70.0,1,1.0,8.0,0.0,0.5,T4,6142,70.0,8.0,0.5,63005.0,1.0
df48f04d9c83bc2566c414b5,6143,0a91baf066f2,63006.0,63077.0,71.0,1,1.0,8.0,0.0,0.5,T4,6143,71.0,8.0,0.5,63006.0,1.0
df48f04d9c83bc2566c414b5,6146,0a91baf066f2,63060.0,63140.0,80.0,1,1.0,8.0,0.0,0.5,T4,6146,80.0,8.0,0.5,63060.0,1.0
df48f04d9c83bc2566c414b5,6147,0a91baf066f2,63062.0,63136.0,74.0,1,1.0,8.0,0.0,0.5,T4,6147,74.0,8.0,0.5,63062.0,1.0
df48f04d9c83bc2566c414b5,6148,0a91baf066f2,63062.0,63139.0,77.0,1,1.0,8.0,0.0,0.5,T4,6148,77.0,8.0,0.5,63062.0,1.0
df48f04d9c83bc2566c414b5,6149,0a91baf066f2,63065.0,63140.0,75.0,1,1.0,8.0,0.0,0.5,T4,6149,75.0,8.0,0.5,63065.0,1.0
f17e954e97558148ded21349,6151,c4cbaac9966d,63075.0,63408.0,333.0,1,1.0,10.0,0.0,0.5,T4,6151,333.0,10.0,0.5,63075.0,1.0
0381d6db958250b056960f1d,6153,47baba33cffe,63093.0,63337.0,244.0,1,30.0,6.0,0.0,0.5,T4,6153,244.0,180.0,15.0,63093.0,30.0
30185446faeb493c1d55cacd,6155,a8192d6b0ae9,63100.0,64648.0,1548.0,1,5.0,6.0,0.0,1.0,P100,6155,1548.0,30.0,5.0,63100.0,5.0
df48f04d9c83bc2566c414b5,6156,0a91baf066f2,63118.0,63190.0,72.0,1,1.0,8.0,0.0,0.5,T4,6156,72.0,8.0,0.5,63118.0,1.0
df48f04d9c83bc2566c414b5,6157,0a91baf066f2,63119.0,63202.0,83.0,1,1.0,8.0,0.0,0.5,T4,6157,83.0,8.0,0.5,63119.0,1.0
df48f04d9c83bc2566c414b5,6158,0a91baf066f2,63119.0,63192.0,73.0,1,1.0,8.0,0.0,0.5,T4,6158,73.0,8.0,0.5,63119.0,1.0
df48f04d9c83bc2566c414b5,6159,0a91baf066f2,63120.0,63217.0,97.0,1,1.0,8.0,0.0,0.5,T4,6159,97.0,8.0,0.5,63120.0,1.0
f2c4b7ef9bca7bf8390f05cd,6165,1480b75a8c96,63212.0,63537.0,325.0,1,1.0,6.0,0.0,1.0,T4,6165,325.0,6.0,1.0,63212.0,1.0
df48f04d9c83bc2566c414b5,6166,0a91baf066f2,63216.0,63330.0,114.0,1,1.0,8.0,0.0,0.5,T4,6166,114.0,8.0,0.5,63216.0,1.0
df48f04d9c83bc2566c414b5,6167,0a91baf066f2,63216.0,63318.0,102.0,1,1.0,8.0,0.0,0.5,T4,6167,102.0,8.0,0.5,63216.0,1.0
df48f04d9c83bc2566c414b5,6168,0a91baf066f2,63216.0,63328.0,112.0,1,1.0,8.0,0.0,0.5,T4,6168,112.0,8.0,0.5,63216.0,1.0
df48f04d9c83bc2566c414b5,6169,0a91baf066f2,63216.0,63312.0,96.0,1,1.0,8.0,0.0,0.5,T4,6169,96.0,8.0,0.5,63216.0,1.0
a6f4f091632f915821796807,6170,e71cb97ab858,63218.0,132662.0,69444.0,1,25.0,8.0,0.0,1.0,MISC,6170,69444.0,200.0,25.0,63218.0,25.0
df48f04d9c83bc2566c414b5,6171,0a91baf066f2,63219.0,63318.0,99.0,1,1.0,8.0,0.0,0.5,T4,6171,99.0,8.0,0.5,63219.0,1.0
9c6554174b06015a7af561c6,6172,41f97a75a037,63235.0,63289.0,54.0,1,1.0,6.0,0.0,1.0,T4,6172,54.0,6.0,1.0,63235.0,1.0
e14f55e56de8f9e707c8ff95,6173,42aa9724a88c,63236.0,63292.0,56.0,1,1.0,6.0,0.0,1.0,MISC,6173,56.0,6.0,1.0,63236.0,1.0
6c3063994722f1e538b28a1a,6175,d7052eeddab7,63247.0,67157.0,3910.0,1,5.0,6.0,0.0,1.0,MISC,6175,3910.0,30.0,5.0,63247.0,5.0
9c6554174b06015a7af561c6,6176,41f97a75a037,63286.0,63320.0,34.0,1,1.0,6.0,0.0,1.0,T4,6176,34.0,6.0,1.0,63286.0,1.0
f17e954e97558148ded21349,6177,c4cbaac9966d,63290.0,63765.0,475.0,1,1.0,10.0,0.0,0.5,T4,6177,475.0,10.0,0.5,63290.0,1.0
f17e954e97558148ded21349,6178,c4cbaac9966d,63295.0,63683.0,388.0,1,1.0,10.0,0.0,0.5,T4,6178,388.0,10.0,0.5,63295.0,1.0
f17e954e97558148ded21349,6179,c4cbaac9966d,63297.0,63644.0,347.0,1,1.0,10.0,0.0,0.5,T4,6179,347.0,10.0,0.5,63297.0,1.0
a757f125d866d5722ec3bfc2,6180,3960a1141089,63301.0,64108.0,807.0,1,1.0,6.0,0.0,0.25,MISC,6180,807.0,6.0,0.25,63301.0,1.0
df48f04d9c83bc2566c414b5,6181,0a91baf066f2,63301.0,63403.0,102.0,1,1.0,8.0,0.0,0.5,T4,6181,102.0,8.0,0.5,63301.0,1.0
049570305e6b0ab6aa86bf60,6182,29380421d3fc,63302.0,63346.0,44.0,1,1.0,6.0,0.0,1.0,T4,6182,44.0,6.0,1.0,63302.0,1.0
21858ac282f1092bb15f8831,6183,45bd92802aa9,63317.0,63512.0,195.0,1,1.0,6.0,0.0,1.0,T4,6183,195.0,6.0,1.0,63317.0,1.0
1ccc18d7d13073b642b3a016,6185,d4d51aca8806,63321.0,111476.0,48155.0,1,12.0,6.0,0.0,0.25,T4,6185,48155.0,72.0,3.0,63321.0,12.0
cd1df31c53b56c4a6d940b58,6186,80f1f7585a7a,63329.0,77143.0,13814.0,1,4.0,10.0,0.0,0.25,MISC,6186,13814.0,40.0,1.0,63329.0,4.0
1ccc18d7d13073b642b3a016,6188,d4d51aca8806,63352.0,100640.0,37288.0,1,12.0,6.0,0.0,0.25,T4,6188,37288.0,72.0,3.0,63352.0,12.0
4338499d3c24cc35be17b44c,6190,5b1345f03aa1,63381.0,63432.0,51.0,1,1.0,6.0,0.0,1.0,MISC,6190,51.0,6.0,1.0,63381.0,1.0
e8efa65aa22dff1e98ff15d7,6192,b3bfe9b79bb5,63391.0,65651.0,2260.0,1,50.0,4.0,0.0,0.25,MISC,6192,2260.0,200.0,12.5,63391.0,50.0
d894fd1af131ed7a296716b5,6193,58540f191766,63397.0,68783.0,5386.0,1,1.0,6.0,0.0,0.1,MISC,6193,5386.0,6.0,0.1,63397.0,1.0
d894fd1af131ed7a296716b5,6194,58540f191766,63405.0,68813.0,5408.0,1,1.0,6.0,0.0,0.1,MISC,6194,5408.0,6.0,0.1,63405.0,1.0
d894fd1af131ed7a296716b5,6195,58540f191766,63416.0,67013.0,3597.0,1,1.0,6.0,0.0,0.1,MISC,6195,3597.0,6.0,0.1,63416.0,1.0
d894fd1af131ed7a296716b5,6196,58540f191766,63443.0,67872.0,4429.0,1,1.0,6.0,0.0,0.1,MISC,6196,4429.0,6.0,0.1,63443.0,1.0
d894fd1af131ed7a296716b5,6197,58540f191766,63463.0,66005.0,2542.0,1,1.0,6.0,0.0,0.1,MISC,6197,2542.0,6.0,0.1,63463.0,1.0
d894fd1af131ed7a296716b5,6198,58540f191766,63464.0,72209.0,8745.0,1,1.0,6.0,0.0,0.1,MISC,6198,8745.0,6.0,0.1,63464.0,1.0
d894fd1af131ed7a296716b5,6199,58540f191766,63469.0,68496.0,5027.0,1,1.0,6.0,0.0,0.1,MISC,6199,5027.0,6.0,0.1,63469.0,1.0
d894fd1af131ed7a296716b5,6200,58540f191766,63475.0,68554.0,5079.0,1,1.0,6.0,0.0,0.1,MISC,6200,5079.0,6.0,0.1,63475.0,1.0
d894fd1af131ed7a296716b5,6201,58540f191766,63485.0,67519.0,4034.0,1,1.0,6.0,0.0,0.1,MISC,6201,4034.0,6.0,0.1,63485.0,1.0
d894fd1af131ed7a296716b5,6202,58540f191766,63490.0,66855.0,3365.0,1,1.0,6.0,0.0,0.1,MISC,6202,3365.0,6.0,0.1,63490.0,1.0
d894fd1af131ed7a296716b5,6203,58540f191766,63500.0,67345.0,3845.0,1,1.0,6.0,0.0,0.1,MISC,6203,3845.0,6.0,0.1,63500.0,1.0
f17e954e97558148ded21349,6204,c4cbaac9966d,63505.0,64464.0,959.0,1,1.0,10.0,0.0,0.5,T4,6204,959.0,10.0,0.5,63505.0,1.0
f17e954e97558148ded21349,6205,c4cbaac9966d,63506.0,63966.0,460.0,1,1.0,10.0,0.0,0.5,T4,6205,460.0,10.0,0.5,63506.0,1.0
d894fd1af131ed7a296716b5,6206,58540f191766,63531.0,68075.0,4544.0,1,1.0,6.0,0.0,0.1,MISC,6206,4544.0,6.0,0.1,63531.0,1.0
d894fd1af131ed7a296716b5,6207,58540f191766,63538.0,67089.0,3551.0,1,1.0,6.0,0.0,0.1,MISC,6207,3551.0,6.0,0.1,63538.0,1.0
4338499d3c24cc35be17b44c,6209,5b1345f03aa1,63541.0,63684.0,143.0,1,1.0,6.0,0.0,0.25,MISC,6209,143.0,6.0,0.25,63541.0,1.0
3995073148156da8994ec8bb,6210,5f4cb64dc693,63544.0,64021.0,477.0,1,20.0,1.0,0.0,1.0,MISC,6210,477.0,20.0,20.0,63544.0,20.0
d894fd1af131ed7a296716b5,6211,58540f191766,63554.0,66832.0,3278.0,1,1.0,6.0,0.0,0.1,MISC,6211,3278.0,6.0,0.1,63554.0,1.0
934e2c1ced0fc9ab1ed0ddc1,6213,e8f0049b4ca6,63566.0,63656.0,90.0,1,1.0,6.0,0.0,0.25,MISC,6213,90.0,6.0,0.25,63566.0,1.0
a6f4f091632f915821796807,6214,e71cb97ab858,63568.0,116397.0,52829.0,1,20.0,8.0,0.0,1.0,T4,6214,52829.0,160.0,20.0,63568.0,20.0
d894fd1af131ed7a296716b5,6215,58540f191766,63572.0,67340.0,3768.0,1,1.0,6.0,0.0,0.1,MISC,6215,3768.0,6.0,0.1,63572.0,1.0
d894fd1af131ed7a296716b5,6216,58540f191766,63577.0,67456.0,3879.0,1,1.0,6.0,0.0,0.1,MISC,6216,3879.0,6.0,0.1,63577.0,1.0
d894fd1af131ed7a296716b5,6217,58540f191766,63585.0,66594.0,3009.0,1,1.0,6.0,0.0,0.1,MISC,6217,3009.0,6.0,0.1,63585.0,1.0
f2c4b7ef9bca7bf8390f05cd,6218,1480b75a8c96,63585.0,63720.0,135.0,1,1.0,6.0,0.0,1.0,T4,6218,135.0,6.0,1.0,63585.0,1.0
d894fd1af131ed7a296716b5,6219,58540f191766,63592.0,68632.0,5040.0,1,1.0,6.0,0.0,0.1,MISC,6219,5040.0,6.0,0.1,63592.0,1.0
d894fd1af131ed7a296716b5,6220,58540f191766,63599.0,68040.0,4441.0,1,1.0,6.0,0.0,0.1,MISC,6220,4441.0,6.0,0.1,63599.0,1.0
d894fd1af131ed7a296716b5,6221,58540f191766,63610.0,67916.0,4306.0,1,1.0,6.0,0.0,0.1,MISC,6221,4306.0,6.0,0.1,63610.0,1.0
d894fd1af131ed7a296716b5,6222,58540f191766,63625.0,70306.0,6681.0,1,1.0,6.0,0.0,0.1,MISC,6222,6681.0,6.0,0.1,63625.0,1.0
d894fd1af131ed7a296716b5,6223,58540f191766,63632.0,68601.0,4969.0,1,1.0,6.0,0.0,0.1,MISC,6223,4969.0,6.0,0.1,63632.0,1.0
d894fd1af131ed7a296716b5,6224,58540f191766,63639.0,68229.0,4590.0,1,1.0,6.0,0.0,0.1,MISC,6224,4590.0,6.0,0.1,63639.0,1.0
d894fd1af131ed7a296716b5,6225,58540f191766,63643.0,68957.0,5314.0,1,1.0,6.0,0.0,0.1,MISC,6225,5314.0,6.0,0.1,63643.0,1.0
d894fd1af131ed7a296716b5,6226,58540f191766,63657.0,66287.0,2630.0,1,1.0,6.0,0.0,0.1,MISC,6226,2630.0,6.0,0.1,63657.0,1.0
d894fd1af131ed7a296716b5,6227,58540f191766,63670.0,67240.0,3570.0,1,1.0,6.0,0.0,0.1,MISC,6227,3570.0,6.0,0.1,63670.0,1.0
d894fd1af131ed7a296716b5,6228,58540f191766,63678.0,72669.0,8991.0,1,1.0,6.0,0.0,0.1,MISC,6228,8991.0,6.0,0.1,63678.0,1.0
d894fd1af131ed7a296716b5,6229,58540f191766,63701.0,71296.0,7595.0,1,1.0,6.0,0.0,0.1,MISC,6229,7595.0,6.0,0.1,63701.0,1.0
1ccc18d7d13073b642b3a016,6231,d4d51aca8806,63709.0,96841.0,33132.0,1,12.0,6.0,0.0,0.25,T4,6231,33132.0,72.0,3.0,63709.0,12.0
d894fd1af131ed7a296716b5,6232,58540f191766,63710.0,67343.0,3633.0,1,1.0,6.0,0.0,0.1,MISC,6232,3633.0,6.0,0.1,63710.0,1.0
d894fd1af131ed7a296716b5,6233,58540f191766,63723.0,69708.0,5985.0,1,1.0,6.0,0.0,0.1,MISC,6233,5985.0,6.0,0.1,63723.0,1.0
f17e954e97558148ded21349,6234,c4cbaac9966d,63725.0,64168.0,443.0,1,1.0,10.0,0.0,0.5,T4,6234,443.0,10.0,0.5,63725.0,1.0
d894fd1af131ed7a296716b5,6235,58540f191766,63745.0,72722.0,8977.0,1,1.0,6.0,0.0,0.1,MISC,6235,8977.0,6.0,0.1,63745.0,1.0
d894fd1af131ed7a296716b5,6236,58540f191766,63777.0,68554.0,4777.0,1,1.0,6.0,0.0,0.1,MISC,6236,4777.0,6.0,0.1,63777.0,1.0
f17e954e97558148ded21349,6237,c4cbaac9966d,63782.0,64166.0,384.0,1,1.0,10.0,0.0,0.5,T4,6237,384.0,10.0,0.5,63782.0,1.0
d894fd1af131ed7a296716b5,6238,58540f191766,63788.0,67994.0,4206.0,1,1.0,6.0,0.0,0.1,MISC,6238,4206.0,6.0,0.1,63788.0,1.0
d894fd1af131ed7a296716b5,6239,58540f191766,63795.0,69757.0,5962.0,1,1.0,6.0,0.0,0.1,MISC,6239,5962.0,6.0,0.1,63795.0,1.0
d894fd1af131ed7a296716b5,6240,58540f191766,63811.0,72905.0,9094.0,1,1.0,6.0,0.0,0.1,MISC,6240,9094.0,6.0,0.1,63811.0,1.0
8ccb9c9fe88b53537e096dd9,6242,de69ddc1064e,63815.0,66118.0,2303.0,1,8.0,6.0,0.0,0.25,MISC,6242,2303.0,48.0,2.0,63815.0,8.0
d894fd1af131ed7a296716b5,6243,58540f191766,63818.0,71465.0,7647.0,1,1.0,6.0,0.0,0.1,MISC,6243,7647.0,6.0,0.1,63818.0,1.0
d894fd1af131ed7a296716b5,6244,58540f191766,63834.0,69259.0,5425.0,1,1.0,6.0,0.0,0.1,MISC,6244,5425.0,6.0,0.1,63834.0,1.0
7406fb7653a17ee61e51469d,6245,8b9c03ad79b8,63844.0,64074.0,230.0,1,1.0,6.0,0.0,1.0,MISC,6245,230.0,6.0,1.0,63844.0,1.0
f17e954e97558148ded21349,6246,c4cbaac9966d,63845.0,64236.0,391.0,1,1.0,10.0,0.0,0.5,T4,6246,391.0,10.0,0.5,63845.0,1.0
68bc0012041a2bb6693892ea,6247,3e9c6f593cb6,63860.0,63956.0,96.0,1,1.0,6.0,0.0,1.0,MISC,6247,96.0,6.0,1.0,63860.0,1.0
d894fd1af131ed7a296716b5,6248,58540f191766,63861.0,71475.0,7614.0,1,1.0,6.0,0.0,0.1,MISC,6248,7614.0,6.0,0.1,63861.0,1.0
049570305e6b0ab6aa86bf60,6249,29380421d3fc,63872.0,63917.0,45.0,1,1.0,6.0,0.0,1.0,T4,6249,45.0,6.0,1.0,63872.0,1.0
d894fd1af131ed7a296716b5,6250,58540f191766,63873.0,67007.0,3134.0,1,1.0,6.0,0.0,0.1,MISC,6250,3134.0,6.0,0.1,63873.0,1.0
d894fd1af131ed7a296716b5,6251,58540f191766,63898.0,67872.0,3974.0,1,1.0,6.0,0.0,0.1,MISC,6251,3974.0,6.0,0.1,63898.0,1.0
d894fd1af131ed7a296716b5,6252,58540f191766,63908.0,67514.0,3606.0,1,1.0,6.0,0.0,0.1,MISC,6252,3606.0,6.0,0.1,63908.0,1.0
d894fd1af131ed7a296716b5,6253,58540f191766,63919.0,68183.0,4264.0,1,1.0,6.0,0.0,0.1,MISC,6253,4264.0,6.0,0.1,63919.0,1.0
d894fd1af131ed7a296716b5,6254,58540f191766,63928.0,67524.0,3596.0,1,1.0,6.0,0.0,0.1,MISC,6254,3596.0,6.0,0.1,63928.0,1.0
d894fd1af131ed7a296716b5,6255,58540f191766,63943.0,68475.0,4532.0,1,1.0,6.0,0.0,0.1,MISC,6255,4532.0,6.0,0.1,63943.0,1.0
d894fd1af131ed7a296716b5,6256,58540f191766,63954.0,69234.0,5280.0,1,1.0,6.0,0.0,0.1,MISC,6256,5280.0,6.0,0.1,63954.0,1.0
d894fd1af131ed7a296716b5,6257,58540f191766,63961.0,71223.0,7262.0,1,1.0,6.0,0.0,0.1,MISC,6257,7262.0,6.0,0.1,63961.0,1.0
8106728908feb773a53799c5,6258,698d948206d0,63965.0,64209.0,244.0,1,1.0,6.0,0.0,0.25,MISC,6258,244.0,6.0,0.25,63965.0,1.0
4338499d3c24cc35be17b44c,6260,5b1345f03aa1,63974.0,64026.0,52.0,1,1.0,6.0,0.0,1.0,MISC,6260,52.0,6.0,1.0,63974.0,1.0
d894fd1af131ed7a296716b5,6261,58540f191766,63981.0,67935.0,3954.0,1,1.0,6.0,0.0,0.1,MISC,6261,3954.0,6.0,0.1,63981.0,1.0
d894fd1af131ed7a296716b5,6262,58540f191766,63992.0,67870.0,3878.0,1,1.0,6.0,0.0,0.1,MISC,6262,3878.0,6.0,0.1,63992.0,1.0
d894fd1af131ed7a296716b5,6263,58540f191766,64005.0,71099.0,7094.0,1,1.0,6.0,0.0,0.1,MISC,6263,7094.0,6.0,0.1,64005.0,1.0
0272670bed9659e6a76e6998,6264,c2a3a3121170,64008.0,64817.0,809.0,1,32.0,6.0,0.0,1.0,MISC,6264,809.0,192.0,32.0,64008.0,32.0
0be3971157d6c504afbc3397,6265,354e3b81c515,64014.0,64046.0,32.0,1,1.0,6.0,0.0,1.0,MISC,6265,32.0,6.0,1.0,64014.0,1.0
d894fd1af131ed7a296716b5,6266,58540f191766,64019.0,69677.0,5658.0,1,1.0,6.0,0.0,0.1,MISC,6266,5658.0,6.0,0.1,64019.0,1.0
d894fd1af131ed7a296716b5,6267,58540f191766,64029.0,71060.0,7031.0,1,1.0,6.0,0.0,0.1,MISC,6267,7031.0,6.0,0.1,64029.0,1.0
d894fd1af131ed7a296716b5,6268,58540f191766,64037.0,66521.0,2484.0,1,1.0,6.0,0.0,0.1,MISC,6268,2484.0,6.0,0.1,64037.0,1.0
d894fd1af131ed7a296716b5,6269,58540f191766,64048.0,67651.0,3603.0,1,1.0,6.0,0.0,0.1,MISC,6269,3603.0,6.0,0.1,64048.0,1.0
d894fd1af131ed7a296716b5,6270,58540f191766,64063.0,69964.0,5901.0,1,1.0,6.0,0.0,0.1,MISC,6270,5901.0,6.0,0.1,64063.0,1.0
d894fd1af131ed7a296716b5,6271,58540f191766,64074.0,71065.0,6991.0,1,1.0,6.0,0.0,0.1,MISC,6271,6991.0,6.0,0.1,64074.0,1.0
f17e954e97558148ded21349,6272,c4cbaac9966d,64074.0,64946.0,872.0,1,1.0,10.0,0.0,0.5,T4,6272,872.0,10.0,0.5,64074.0,1.0
1ccc18d7d13073b642b3a016,6274,d4d51aca8806,64081.0,90512.0,26431.0,1,12.0,6.0,0.0,0.25,T4,6274,26431.0,72.0,3.0,64081.0,12.0
d894fd1af131ed7a296716b5,6275,58540f191766,64086.0,73002.0,8916.0,1,1.0,6.0,0.0,0.1,MISC,6275,8916.0,6.0,0.1,64086.0,1.0
d894fd1af131ed7a296716b5,6276,58540f191766,64105.0,67270.0,3165.0,1,1.0,6.0,0.0,0.1,MISC,6276,3165.0,6.0,0.1,64105.0,1.0
68bc0012041a2bb6693892ea,6277,3e9c6f593cb6,64125.0,64249.0,124.0,1,1.0,6.0,0.0,1.0,MISC,6277,124.0,6.0,1.0,64125.0,1.0
d894fd1af131ed7a296716b5,6278,58540f191766,64126.0,68918.0,4792.0,1,1.0,6.0,0.0,0.1,MISC,6278,4792.0,6.0,0.1,64126.0,1.0
d894fd1af131ed7a296716b5,6280,58540f191766,64155.0,69446.0,5291.0,1,1.0,6.0,0.0,0.1,MISC,6280,5291.0,6.0,0.1,64155.0,1.0
e8efa65aa22dff1e98ff15d7,6281,b3bfe9b79bb5,64156.0,68785.0,4629.0,1,50.0,2.0,0.0,1.0,MISC,6281,4629.0,100.0,50.0,64156.0,50.0
d894fd1af131ed7a296716b5,6282,58540f191766,64156.0,70912.0,6756.0,1,1.0,6.0,0.0,0.1,MISC,6282,6756.0,6.0,0.1,64156.0,1.0
e14f55e56de8f9e707c8ff95,6283,42aa9724a88c,64156.0,64208.0,52.0,1,1.0,6.0,0.0,1.0,MISC,6283,52.0,6.0,1.0,64156.0,1.0
d894fd1af131ed7a296716b5,6285,58540f191766,64171.0,71109.0,6938.0,1,1.0,6.0,0.0,0.1,MISC,6285,6938.0,6.0,0.1,64171.0,1.0
fdca1b26347a096dc8cd73ec,6286,edc10645cc3f,64173.0,68079.0,3906.0,1,10.0,6.0,0.0,0.25,MISC,6286,3906.0,60.0,2.5,64173.0,10.0
d894fd1af131ed7a296716b5,6287,58540f191766,64183.0,71718.0,7535.0,1,1.0,6.0,0.0,0.1,MISC,6287,7535.0,6.0,0.1,64183.0,1.0
d894fd1af131ed7a296716b5,6288,58540f191766,64188.0,71704.0,7516.0,1,1.0,6.0,0.0,0.1,MISC,6288,7516.0,6.0,0.1,64188.0,1.0
4338499d3c24cc35be17b44c,6289,5b1345f03aa1,64192.0,64517.0,325.0,1,1.0,6.0,0.0,0.5,MISC,6289,325.0,6.0,0.5,64192.0,1.0
4338499d3c24cc35be17b44c,6290,5b1345f03aa1,64192.0,64310.0,118.0,1,1.0,6.0,0.0,0.25,MISC,6290,118.0,6.0,0.25,64192.0,1.0
d894fd1af131ed7a296716b5,6291,58540f191766,64196.0,68369.0,4173.0,1,1.0,6.0,0.0,0.1,MISC,6291,4173.0,6.0,0.1,64196.0,1.0
d894fd1af131ed7a296716b5,6292,58540f191766,64206.0,70948.0,6742.0,1,1.0,6.0,0.0,0.1,MISC,6292,6742.0,6.0,0.1,64206.0,1.0
d894fd1af131ed7a296716b5,6293,58540f191766,64218.0,67339.0,3121.0,1,1.0,6.0,0.0,0.1,MISC,6293,3121.0,6.0,0.1,64218.0,1.0
d894fd1af131ed7a296716b5,6294,58540f191766,64228.0,70205.0,5977.0,1,1.0,6.0,0.0,0.1,MISC,6294,5977.0,6.0,0.1,64228.0,1.0
f17e954e97558148ded21349,6295,c4cbaac9966d,64229.0,64768.0,539.0,1,1.0,10.0,0.0,0.5,T4,6295,539.0,10.0,0.5,64229.0,1.0
d894fd1af131ed7a296716b5,6296,58540f191766,64236.0,69915.0,5679.0,1,1.0,6.0,0.0,0.1,MISC,6296,5679.0,6.0,0.1,64236.0,1.0
d894fd1af131ed7a296716b5,6297,58540f191766,64266.0,67976.0,3710.0,1,1.0,6.0,0.0,0.1,MISC,6297,3710.0,6.0,0.1,64266.0,1.0
d894fd1af131ed7a296716b5,6298,58540f191766,64276.0,71193.0,6917.0,1,1.0,6.0,0.0,0.1,MISC,6298,6917.0,6.0,0.1,64276.0,1.0
d894fd1af131ed7a296716b5,6299,58540f191766,64285.0,70524.0,6239.0,1,1.0,6.0,0.0,0.1,MISC,6299,6239.0,6.0,0.1,64285.0,1.0
f17e954e97558148ded21349,6300,c4cbaac9966d,64291.0,64618.0,327.0,1,1.0,10.0,0.0,0.5,T4,6300,327.0,10.0,0.5,64291.0,1.0
d894fd1af131ed7a296716b5,6301,58540f191766,64294.0,69967.0,5673.0,1,1.0,6.0,0.0,0.1,MISC,6301,5673.0,6.0,0.1,64294.0,1.0
d894fd1af131ed7a296716b5,6302,58540f191766,64313.0,68780.0,4467.0,1,1.0,6.0,0.0,0.1,MISC,6302,4467.0,6.0,0.1,64313.0,1.0
f17e954e97558148ded21349,6303,c4cbaac9966d,64320.0,64651.0,331.0,1,1.0,10.0,0.0,0.5,T4,6303,331.0,10.0,0.5,64320.0,1.0
d894fd1af131ed7a296716b5,6304,58540f191766,64323.0,69739.0,5416.0,1,1.0,6.0,0.0,0.1,MISC,6304,5416.0,6.0,0.1,64323.0,1.0
d894fd1af131ed7a296716b5,6305,58540f191766,64338.0,69541.0,5203.0,1,1.0,6.0,0.0,0.1,MISC,6305,5203.0,6.0,0.1,64338.0,1.0
d894fd1af131ed7a296716b5,6306,58540f191766,64346.0,70811.0,6465.0,1,1.0,6.0,0.0,0.1,MISC,6306,6465.0,6.0,0.1,64346.0,1.0
d894fd1af131ed7a296716b5,6307,58540f191766,64351.0,66702.0,2351.0,1,1.0,6.0,0.0,0.1,MISC,6307,2351.0,6.0,0.1,64351.0,1.0
d894fd1af131ed7a296716b5,6309,58540f191766,64362.0,71498.0,7136.0,1,1.0,6.0,0.0,0.1,MISC,6309,7136.0,6.0,0.1,64362.0,1.0
d894fd1af131ed7a296716b5,6310,58540f191766,64375.0,69085.0,4710.0,1,1.0,6.0,0.0,0.1,MISC,6310,4710.0,6.0,0.1,64375.0,1.0
d894fd1af131ed7a296716b5,6311,58540f191766,64385.0,69203.0,4818.0,1,1.0,6.0,0.0,0.1,MISC,6311,4818.0,6.0,0.1,64385.0,1.0
d894fd1af131ed7a296716b5,6312,58540f191766,64393.0,69567.0,5174.0,1,1.0,6.0,0.0,0.1,MISC,6312,5174.0,6.0,0.1,64393.0,1.0
d894fd1af131ed7a296716b5,6313,58540f191766,64404.0,71253.0,6849.0,1,1.0,6.0,0.0,0.1,MISC,6313,6849.0,6.0,0.1,64404.0,1.0
d894fd1af131ed7a296716b5,6314,58540f191766,64414.0,66570.0,2156.0,1,1.0,6.0,0.0,0.1,MISC,6314,2156.0,6.0,0.1,64414.0,1.0
d894fd1af131ed7a296716b5,6315,58540f191766,64424.0,67147.0,2723.0,1,1.0,6.0,0.0,0.1,MISC,6315,2723.0,6.0,0.1,64424.0,1.0
3995073148156da8994ec8bb,6316,5f4cb64dc693,64430.0,65248.0,818.0,1,1.0,6.0,0.0,1.0,MISC,6316,818.0,6.0,1.0,64430.0,1.0
d894fd1af131ed7a296716b5,6317,58540f191766,64440.0,70595.0,6155.0,1,1.0,6.0,0.0,0.1,MISC,6317,6155.0,6.0,0.1,64440.0,1.0
21858ac282f1092bb15f8831,6318,45bd92802aa9,64441.0,64788.0,347.0,1,1.0,6.0,0.0,0.25,T4,6318,347.0,6.0,0.25,64441.0,1.0
21858ac282f1092bb15f8831,6319,45bd92802aa9,64441.0,64747.0,306.0,1,1.0,6.0,0.0,0.25,T4,6319,306.0,6.0,0.25,64441.0,1.0
21858ac282f1092bb15f8831,6320,45bd92802aa9,64449.0,64796.0,347.0,1,1.0,6.0,0.0,0.25,T4,6320,347.0,6.0,0.25,64449.0,1.0
d894fd1af131ed7a296716b5,6321,58540f191766,64451.0,71457.0,7006.0,1,1.0,6.0,0.0,0.1,MISC,6321,7006.0,6.0,0.1,64451.0,1.0
21858ac282f1092bb15f8831,6322,45bd92802aa9,64453.0,64769.0,316.0,1,1.0,6.0,0.0,0.25,T4,6322,316.0,6.0,0.25,64453.0,1.0
21858ac282f1092bb15f8831,6323,45bd92802aa9,64460.0,64776.0,316.0,1,1.0,6.0,0.0,0.25,T4,6323,316.0,6.0,0.25,64460.0,1.0
21858ac282f1092bb15f8831,6324,45bd92802aa9,64461.0,64787.0,326.0,1,1.0,6.0,0.0,0.25,T4,6324,326.0,6.0,0.25,64461.0,1.0
21858ac282f1092bb15f8831,6325,45bd92802aa9,64461.0,64818.0,357.0,1,1.0,6.0,0.0,0.25,T4,6325,357.0,6.0,0.25,64461.0,1.0
21858ac282f1092bb15f8831,6326,45bd92802aa9,64461.0,64788.0,327.0,1,1.0,6.0,0.0,0.25,T4,6326,327.0,6.0,0.25,64461.0,1.0
d894fd1af131ed7a296716b5,6327,58540f191766,64461.0,71167.0,6706.0,1,1.0,6.0,0.0,0.1,MISC,6327,6706.0,6.0,0.1,64461.0,1.0
d894fd1af131ed7a296716b5,6328,58540f191766,64471.0,68116.0,3645.0,1,1.0,6.0,0.0,0.1,MISC,6328,3645.0,6.0,0.1,64471.0,1.0
07a7440f33d2bfb59804064b,6329,9cc55781f4a6,64476.0,66387.0,1911.0,1,1.0,6.0,0.0,1.0,T4,6329,1911.0,6.0,1.0,64476.0,1.0
d894fd1af131ed7a296716b5,6330,58540f191766,64477.0,68054.0,3577.0,1,1.0,6.0,0.0,0.1,MISC,6330,3577.0,6.0,0.1,64477.0,1.0
21858ac282f1092bb15f8831,6331,45bd92802aa9,64477.0,67815.0,3338.0,1,1.0,6.0,0.0,0.25,T4,6331,3338.0,6.0,0.25,64477.0,1.0
d894fd1af131ed7a296716b5,6332,58540f191766,64490.0,67514.0,3024.0,1,1.0,6.0,0.0,0.1,MISC,6332,3024.0,6.0,0.1,64490.0,1.0
d894fd1af131ed7a296716b5,6333,58540f191766,64506.0,70915.0,6409.0,1,1.0,6.0,0.0,0.1,MISC,6333,6409.0,6.0,0.1,64506.0,1.0
f17e954e97558148ded21349,6334,c4cbaac9966d,64512.0,64852.0,340.0,1,1.0,10.0,0.0,0.5,T4,6334,340.0,10.0,0.5,64512.0,1.0
d894fd1af131ed7a296716b5,6335,58540f191766,64514.0,68231.0,3717.0,1,1.0,6.0,0.0,0.1,MISC,6335,3717.0,6.0,0.1,64514.0,1.0
21858ac282f1092bb15f8831,6336,45bd92802aa9,64514.0,64951.0,437.0,1,1.0,6.0,0.0,0.25,T4,6336,437.0,6.0,0.25,64514.0,1.0
68bc0012041a2bb6693892ea,6337,3e9c6f593cb6,64520.0,64676.0,156.0,1,1.0,6.0,0.0,1.0,MISC,6337,156.0,6.0,1.0,64520.0,1.0
d894fd1af131ed7a296716b5,6338,58540f191766,64521.0,67355.0,2834.0,1,1.0,6.0,0.0,0.1,MISC,6338,2834.0,6.0,0.1,64521.0,1.0
d894fd1af131ed7a296716b5,6339,58540f191766,64538.0,68884.0,4346.0,1,1.0,6.0,0.0,0.1,MISC,6339,4346.0,6.0,0.1,64538.0,1.0
d894fd1af131ed7a296716b5,6341,58540f191766,64551.0,69072.0,4521.0,1,1.0,6.0,0.0,0.1,MISC,6341,4521.0,6.0,0.1,64551.0,1.0
4d8fee7f10bd7edbb75b96b3,6342,b2c52019b2c6,64553.0,72817.0,8264.0,1,40.0,3.0,0.0,0.25,MISC,6342,8264.0,120.0,10.0,64553.0,40.0
0be3971157d6c504afbc3397,6343,354e3b81c515,64554.0,64571.0,17.0,1,1.0,6.0,0.0,1.0,MISC,6343,17.0,6.0,1.0,64554.0,1.0
d894fd1af131ed7a296716b5,6344,58540f191766,64568.0,68630.0,4062.0,1,1.0,6.0,0.0,0.1,MISC,6344,4062.0,6.0,0.1,64568.0,1.0
d894fd1af131ed7a296716b5,6345,58540f191766,64579.0,70147.0,5568.0,1,1.0,6.0,0.0,0.1,MISC,6345,5568.0,6.0,0.1,64579.0,1.0
d894fd1af131ed7a296716b5,6346,58540f191766,64594.0,70173.0,5579.0,1,1.0,6.0,0.0,0.1,MISC,6346,5579.0,6.0,0.1,64594.0,1.0
d894fd1af131ed7a296716b5,6347,58540f191766,64610.0,70023.0,5413.0,1,1.0,6.0,0.0,0.1,MISC,6347,5413.0,6.0,0.1,64610.0,1.0
d894fd1af131ed7a296716b5,6348,58540f191766,64631.0,68556.0,3925.0,1,1.0,6.0,0.0,0.1,MISC,6348,3925.0,6.0,0.1,64631.0,1.0
d894fd1af131ed7a296716b5,6349,58540f191766,64638.0,66986.0,2348.0,1,1.0,6.0,0.0,0.1,MISC,6349,2348.0,6.0,0.1,64638.0,1.0
59aa78d1d37936ce6cce7efd,6350,174bc51448f6,64642.0,64790.0,148.0,1,1.0,10.0,0.0,1.0,T4,6350,148.0,10.0,1.0,64642.0,1.0
d894fd1af131ed7a296716b5,6352,58540f191766,64659.0,67685.0,3026.0,1,1.0,6.0,0.0,0.1,MISC,6352,3026.0,6.0,0.1,64659.0,1.0
d894fd1af131ed7a296716b5,6353,58540f191766,64673.0,71008.0,6335.0,1,1.0,6.0,0.0,0.1,MISC,6353,6335.0,6.0,0.1,64673.0,1.0
d894fd1af131ed7a296716b5,6354,58540f191766,64691.0,70277.0,5586.0,1,1.0,6.0,0.0,0.1,MISC,6354,5586.0,6.0,0.1,64691.0,1.0
f17e954e97558148ded21349,6355,c4cbaac9966d,64698.0,65014.0,316.0,1,1.0,10.0,0.0,0.5,T4,6355,316.0,10.0,0.5,64698.0,1.0
d894fd1af131ed7a296716b5,6356,58540f191766,64700.0,68401.0,3701.0,1,1.0,6.0,0.0,0.1,MISC,6356,3701.0,6.0,0.1,64700.0,1.0
0be3971157d6c504afbc3397,6357,354e3b81c515,64724.0,64742.0,18.0,1,1.0,6.0,0.0,1.0,MISC,6357,18.0,6.0,1.0,64724.0,1.0
d894fd1af131ed7a296716b5,6358,58540f191766,64730.0,70747.0,6017.0,1,1.0,6.0,0.0,0.1,MISC,6358,6017.0,6.0,0.1,64730.0,1.0
d894fd1af131ed7a296716b5,6359,58540f191766,64741.0,70043.0,5302.0,1,1.0,6.0,0.0,0.1,MISC,6359,5302.0,6.0,0.1,64741.0,1.0
f17e954e97558148ded21349,6360,c4cbaac9966d,64753.0,65318.0,565.0,1,1.0,10.0,0.0,0.5,T4,6360,565.0,10.0,0.5,64753.0,1.0
d894fd1af131ed7a296716b5,6361,58540f191766,64753.0,68809.0,4056.0,1,1.0,6.0,0.0,0.1,MISC,6361,4056.0,6.0,0.1,64753.0,1.0
d894fd1af131ed7a296716b5,6362,58540f191766,64763.0,71405.0,6642.0,1,1.0,6.0,0.0,0.1,MISC,6362,6642.0,6.0,0.1,64763.0,1.0
f17e954e97558148ded21349,6363,c4cbaac9966d,64790.0,65154.0,364.0,1,1.0,10.0,0.0,0.5,T4,6363,364.0,10.0,0.5,64790.0,1.0
d894fd1af131ed7a296716b5,6364,58540f191766,64792.0,70153.0,5361.0,1,1.0,6.0,0.0,0.1,MISC,6364,5361.0,6.0,0.1,64792.0,1.0
d31da220e964fb2f1ace98f6,6365,eea150bdfdd6,64803.0,64911.0,108.0,1,1.0,18.0,0.0,1.0,MISC,6365,108.0,18.0,1.0,64803.0,1.0
d894fd1af131ed7a296716b5,6366,58540f191766,64809.0,70513.0,5704.0,1,1.0,6.0,0.0,0.1,MISC,6366,5704.0,6.0,0.1,64809.0,1.0
d894fd1af131ed7a296716b5,6367,58540f191766,64812.0,69256.0,4444.0,1,1.0,6.0,0.0,0.1,MISC,6367,4444.0,6.0,0.1,64812.0,1.0
30185446faeb493c1d55cacd,6368,a8192d6b0ae9,64821.0,64908.0,87.0,1,1.0,6.0,0.0,1.0,MISC,6368,87.0,6.0,1.0,64821.0,1.0
d894fd1af131ed7a296716b5,6369,58540f191766,64823.0,68090.0,3267.0,1,1.0,6.0,0.0,0.1,MISC,6369,3267.0,6.0,0.1,64823.0,1.0
4338499d3c24cc35be17b44c,6370,5b1345f03aa1,64830.0,67926.0,3096.0,1,1.0,6.0,0.0,1.0,MISC,6370,3096.0,6.0,1.0,64830.0,1.0
e14f55e56de8f9e707c8ff95,6371,42aa9724a88c,64843.0,64967.0,124.0,1,10.0,6.0,0.0,1.0,MISC,6371,124.0,60.0,10.0,64843.0,10.0
d894fd1af131ed7a296716b5,6372,58540f191766,64843.0,71561.0,6718.0,1,1.0,6.0,0.0,0.1,MISC,6372,6718.0,6.0,0.1,64843.0,1.0
d894fd1af131ed7a296716b5,6373,58540f191766,64854.0,68325.0,3471.0,1,1.0,6.0,0.0,0.1,MISC,6373,3471.0,6.0,0.1,64854.0,1.0
d894fd1af131ed7a296716b5,6374,58540f191766,64874.0,69161.0,4287.0,1,1.0,6.0,0.0,0.1,MISC,6374,4287.0,6.0,0.1,64874.0,1.0
f17e954e97558148ded21349,6375,c4cbaac9966d,64879.0,65234.0,355.0,1,1.0,10.0,0.0,0.5,T4,6375,355.0,10.0,0.5,64879.0,1.0
f17e954e97558148ded21349,6376,c4cbaac9966d,64882.0,65041.0,159.0,1,1.0,10.0,0.0,0.5,T4,6376,159.0,10.0,0.5,64882.0,1.0
d894fd1af131ed7a296716b5,6377,58540f191766,64887.0,68840.0,3953.0,1,1.0,6.0,0.0,0.1,MISC,6377,3953.0,6.0,0.1,64887.0,1.0
30185446faeb493c1d55cacd,6378,a8192d6b0ae9,64903.0,64945.0,42.0,1,1.0,6.0,0.0,1.0,MISC,6378,42.0,6.0,1.0,64903.0,1.0
d894fd1af131ed7a296716b5,6379,58540f191766,64907.0,71590.0,6683.0,1,1.0,6.0,0.0,0.1,MISC,6379,6683.0,6.0,0.1,64907.0,1.0
f17e954e97558148ded21349,6380,c4cbaac9966d,64915.0,65083.0,168.0,1,1.0,10.0,0.0,0.5,T4,6380,168.0,10.0,0.5,64915.0,1.0
d894fd1af131ed7a296716b5,6381,58540f191766,64918.0,68621.0,3703.0,1,1.0,6.0,0.0,0.1,MISC,6381,3703.0,6.0,0.1,64918.0,1.0
d894fd1af131ed7a296716b5,6382,58540f191766,64930.0,69367.0,4437.0,1,1.0,6.0,0.0,0.1,MISC,6382,4437.0,6.0,0.1,64930.0,1.0
4338499d3c24cc35be17b44c,6384,5b1345f03aa1,64937.0,64986.0,49.0,1,1.0,6.0,0.0,1.0,MISC,6384,49.0,6.0,1.0,64937.0,1.0
f17e954e97558148ded21349,6385,c4cbaac9966d,64945.0,65211.0,266.0,1,1.0,10.0,0.0,0.5,T4,6385,266.0,10.0,0.5,64945.0,1.0
d894fd1af131ed7a296716b5,6386,58540f191766,64956.0,67614.0,2658.0,1,1.0,6.0,0.0,0.1,MISC,6386,2658.0,6.0,0.1,64956.0,1.0
b8ea84d56377f28fc2c6238a,6387,792f892e0fad,64957.0,65005.0,48.0,1,1.0,6.0,0.0,1.0,MISC,6387,48.0,6.0,1.0,64957.0,1.0
d894fd1af131ed7a296716b5,6388,58540f191766,64967.0,71832.0,6865.0,1,1.0,6.0,0.0,0.1,MISC,6388,6865.0,6.0,0.1,64967.0,1.0
1ccc18d7d13073b642b3a016,6390,d4d51aca8806,64982.0,66197.0,1215.0,1,12.0,6.0,0.0,0.25,T4,6390,1215.0,72.0,3.0,64982.0,12.0
d894fd1af131ed7a296716b5,6391,58540f191766,64982.0,72025.0,7043.0,1,1.0,6.0,0.0,0.1,MISC,6391,7043.0,6.0,0.1,64982.0,1.0
d894fd1af131ed7a296716b5,6392,58540f191766,64991.0,68937.0,3946.0,1,1.0,6.0,0.0,0.1,MISC,6392,3946.0,6.0,0.1,64991.0,1.0
d894fd1af131ed7a296716b5,6393,58540f191766,65003.0,68000.0,2997.0,1,1.0,6.0,0.0,0.1,MISC,6393,2997.0,6.0,0.1,65003.0,1.0
d894fd1af131ed7a296716b5,6394,58540f191766,65010.0,70079.0,5069.0,1,1.0,6.0,0.0,0.1,MISC,6394,5069.0,6.0,0.1,65010.0,1.0
d894fd1af131ed7a296716b5,6395,58540f191766,65022.0,72037.0,7015.0,1,1.0,6.0,0.0,0.1,MISC,6395,7015.0,6.0,0.1,65022.0,1.0
f2c4b7ef9bca7bf8390f05cd,6396,1480b75a8c96,65034.0,65360.0,326.0,1,1.0,6.0,0.0,1.0,T4,6396,326.0,6.0,1.0,65034.0,1.0
d894fd1af131ed7a296716b5,6397,58540f191766,65039.0,71971.0,6932.0,1,1.0,6.0,0.0,0.1,MISC,6397,6932.0,6.0,0.1,65039.0,1.0
d894fd1af131ed7a296716b5,6398,58540f191766,65048.0,67500.0,2452.0,1,1.0,6.0,0.0,0.1,MISC,6398,2452.0,6.0,0.1,65048.0,1.0
e14f55e56de8f9e707c8ff95,6399,42aa9724a88c,65049.0,65105.0,56.0,1,1.0,6.0,0.0,1.0,MISC,6399,56.0,6.0,1.0,65049.0,1.0
d894fd1af131ed7a296716b5,6400,58540f191766,65059.0,70412.0,5353.0,1,1.0,6.0,0.0,0.1,MISC,6400,5353.0,6.0,0.1,65059.0,1.0
d894fd1af131ed7a296716b5,6401,58540f191766,65066.0,68109.0,3043.0,1,1.0,6.0,0.0,0.1,MISC,6401,3043.0,6.0,0.1,65066.0,1.0
d894fd1af131ed7a296716b5,6402,58540f191766,65074.0,67974.0,2900.0,1,1.0,6.0,0.0,0.1,MISC,6402,2900.0,6.0,0.1,65074.0,1.0
d894fd1af131ed7a296716b5,6403,58540f191766,65083.0,69971.0,4888.0,1,1.0,6.0,0.0,0.1,MISC,6403,4888.0,6.0,0.1,65083.0,1.0
845ebc87e40bad0db5b37e26,6404,f14128db0160,65084.0,65198.0,114.0,1,1.0,6.0,0.0,2.0,MISC,6404,114.0,6.0,2.0,65084.0,1.0
d894fd1af131ed7a296716b5,6405,58540f191766,65096.0,70374.0,5278.0,1,1.0,6.0,0.0,0.1,MISC,6405,5278.0,6.0,0.1,65096.0,1.0
d894fd1af131ed7a296716b5,6406,58540f191766,65110.0,69949.0,4839.0,1,1.0,6.0,0.0,0.1,MISC,6406,4839.0,6.0,0.1,65110.0,1.0
d894fd1af131ed7a296716b5,6407,58540f191766,65126.0,68780.0,3654.0,1,1.0,6.0,0.0,0.1,MISC,6407,3654.0,6.0,0.1,65126.0,1.0
3e5fb00bf43aa67ee5c2b6d5,6408,f134c9ec05e3,65129.0,65299.0,170.0,1,1.0,6.0,0.0,0.5,MISC,6408,170.0,6.0,0.5,65129.0,1.0
f17e954e97558148ded21349,6409,c4cbaac9966d,65136.0,66416.0,1280.0,1,1.0,10.0,0.0,0.5,T4,6409,1280.0,10.0,0.5,65136.0,1.0
4338499d3c24cc35be17b44c,6410,5b1345f03aa1,65138.0,66227.0,1089.0,1,1.0,6.0,0.0,1.0,MISC,6410,1089.0,6.0,1.0,65138.0,1.0
d894fd1af131ed7a296716b5,6411,58540f191766,65143.0,68962.0,3819.0,1,1.0,6.0,0.0,0.1,MISC,6411,3819.0,6.0,0.1,65143.0,1.0
4338499d3c24cc35be17b44c,6412,5b1345f03aa1,65148.0,65297.0,149.0,1,1.0,6.0,0.0,1.0,MISC,6412,149.0,6.0,1.0,65148.0,1.0
d894fd1af131ed7a296716b5,6413,58540f191766,65154.0,68357.0,3203.0,1,1.0,6.0,0.0,0.1,MISC,6413,3203.0,6.0,0.1,65154.0,1.0
4338499d3c24cc35be17b44c,6414,5b1345f03aa1,65155.0,66223.0,1068.0,1,1.0,6.0,0.0,1.0,MISC,6414,1068.0,6.0,1.0,65155.0,1.0
d894fd1af131ed7a296716b5,6415,58540f191766,65172.0,68885.0,3713.0,1,1.0,6.0,0.0,0.1,MISC,6415,3713.0,6.0,0.1,65172.0,1.0
4338499d3c24cc35be17b44c,6416,5b1345f03aa1,65178.0,66767.0,1589.0,1,1.0,6.0,0.0,1.0,P100,6416,1589.0,6.0,1.0,65178.0,1.0
f17e954e97558148ded21349,6417,c4cbaac9966d,65197.0,65600.0,403.0,1,1.0,10.0,0.0,0.5,T4,6417,403.0,10.0,0.5,65197.0,1.0
d894fd1af131ed7a296716b5,6418,58540f191766,65198.0,69495.0,4297.0,1,1.0,6.0,0.0,0.1,MISC,6418,4297.0,6.0,0.1,65198.0,1.0
4338499d3c24cc35be17b44c,6419,5b1345f03aa1,65200.0,67783.0,2583.0,1,1.0,6.0,0.0,1.0,MISC,6419,2583.0,6.0,1.0,65200.0,1.0
d894fd1af131ed7a296716b5,6420,58540f191766,65200.0,68122.0,2922.0,1,1.0,6.0,0.0,0.1,MISC,6420,2922.0,6.0,0.1,65200.0,1.0
d31da220e964fb2f1ace98f6,6421,eea150bdfdd6,65204.0,65371.0,167.0,1,1.0,18.0,0.0,1.0,MISC,6421,167.0,18.0,1.0,65204.0,1.0
d894fd1af131ed7a296716b5,6422,58540f191766,65217.0,68809.0,3592.0,1,1.0,6.0,0.0,0.1,MISC,6422,3592.0,6.0,0.1,65217.0,1.0
4338499d3c24cc35be17b44c,6423,5b1345f03aa1,65224.0,67619.0,2395.0,1,1.0,6.0,0.0,1.0,MISC,6423,2395.0,6.0,1.0,65224.0,1.0
d31da220e964fb2f1ace98f6,6424,eea150bdfdd6,65235.0,65326.0,91.0,1,12.0,18.0,0.0,1.0,P100,6424,91.0,216.0,12.0,65235.0,12.0
d894fd1af131ed7a296716b5,6425,58540f191766,65235.0,71430.0,6195.0,1,1.0,6.0,0.0,0.1,MISC,6425,6195.0,6.0,0.1,65235.0,1.0
d31da220e964fb2f1ace98f6,6426,eea150bdfdd6,65241.0,65494.0,253.0,1,1.0,18.0,0.0,1.0,MISC,6426,253.0,18.0,1.0,65241.0,1.0
d894fd1af131ed7a296716b5,6427,58540f191766,65245.0,69726.0,4481.0,1,1.0,6.0,0.0,0.1,MISC,6427,4481.0,6.0,0.1,65245.0,1.0
d894fd1af131ed7a296716b5,6428,58540f191766,65247.0,69967.0,4720.0,1,1.0,6.0,0.0,0.1,MISC,6428,4720.0,6.0,0.1,65247.0,1.0
d894fd1af131ed7a296716b5,6429,58540f191766,65254.0,68654.0,3400.0,1,1.0,6.0,0.0,0.1,MISC,6429,3400.0,6.0,0.1,65254.0,1.0
d894fd1af131ed7a296716b5,6430,58540f191766,65262.0,71713.0,6451.0,1,1.0,6.0,0.0,0.1,MISC,6430,6451.0,6.0,0.1,65262.0,1.0
d894fd1af131ed7a296716b5,6431,58540f191766,65282.0,69691.0,4409.0,1,1.0,6.0,0.0,0.1,MISC,6431,4409.0,6.0,0.1,65282.0,1.0
d31da220e964fb2f1ace98f6,6432,eea150bdfdd6,65284.0,65391.0,107.0,1,1.0,18.0,0.0,1.0,MISC,6432,107.0,18.0,1.0,65284.0,1.0
9524a3b2c883ef33cbd83125,6433,a5a5197db050,65286.0,65321.0,35.0,1,1.0,6.0,0.0,0.25,T4,6433,35.0,6.0,0.25,65286.0,1.0
dbdf4c19f282b100d5fc1f83,6434,1d688265b99c,65288.0,72723.0,7435.0,1,41.0,6.0,0.0,0.25,MISC,6434,7435.0,246.0,10.25,65288.0,41.0
d894fd1af131ed7a296716b5,6435,58540f191766,65292.0,69067.0,3775.0,1,1.0,6.0,0.0,0.1,MISC,6435,3775.0,6.0,0.1,65292.0,1.0
f17e954e97558148ded21349,6436,c4cbaac9966d,65293.0,65648.0,355.0,1,1.0,10.0,0.0,0.5,T4,6436,355.0,10.0,0.5,65293.0,1.0
d894fd1af131ed7a296716b5,6438,58540f191766,65298.0,69746.0,4448.0,1,1.0,6.0,0.0,0.1,MISC,6438,4448.0,6.0,0.1,65298.0,1.0
d894fd1af131ed7a296716b5,6439,58540f191766,65303.0,69298.0,3995.0,1,1.0,6.0,0.0,0.1,MISC,6439,3995.0,6.0,0.1,65303.0,1.0
d894fd1af131ed7a296716b5,6440,58540f191766,65310.0,69345.0,4035.0,1,1.0,6.0,0.0,0.1,MISC,6440,4035.0,6.0,0.1,65310.0,1.0
d894fd1af131ed7a296716b5,6441,58540f191766,65321.0,67885.0,2564.0,1,1.0,6.0,0.0,0.1,MISC,6441,2564.0,6.0,0.1,65321.0,1.0
d31da220e964fb2f1ace98f6,6442,eea150bdfdd6,65329.0,65654.0,325.0,1,1.0,18.0,0.0,1.0,MISC,6442,325.0,18.0,1.0,65329.0,1.0
d31da220e964fb2f1ace98f6,6443,eea150bdfdd6,65330.0,65471.0,141.0,1,1.0,18.0,0.0,1.0,MISC,6443,141.0,18.0,1.0,65330.0,1.0
d894fd1af131ed7a296716b5,6444,58540f191766,65332.0,69942.0,4610.0,1,1.0,6.0,0.0,0.1,MISC,6444,4610.0,6.0,0.1,65332.0,1.0
d31da220e964fb2f1ace98f6,6445,eea150bdfdd6,65336.0,65455.0,119.0,1,1.0,18.0,0.0,1.0,MISC,6445,119.0,18.0,1.0,65336.0,1.0
4338499d3c24cc35be17b44c,6446,5b1345f03aa1,65337.0,65474.0,137.0,1,1.0,6.0,0.0,0.25,MISC,6446,137.0,6.0,0.25,65337.0,1.0
d894fd1af131ed7a296716b5,6447,58540f191766,65341.0,69138.0,3797.0,1,1.0,6.0,0.0,0.1,MISC,6447,3797.0,6.0,0.1,65341.0,1.0
f17e954e97558148ded21349,6448,c4cbaac9966d,65342.0,65832.0,490.0,1,1.0,10.0,0.0,0.5,T4,6448,490.0,10.0,0.5,65342.0,1.0
d894fd1af131ed7a296716b5,6449,58540f191766,65360.0,68805.0,3445.0,1,1.0,6.0,0.0,0.1,MISC,6449,3445.0,6.0,0.1,65360.0,1.0
d894fd1af131ed7a296716b5,6450,58540f191766,65371.0,69197.0,3826.0,1,1.0,6.0,0.0,0.1,MISC,6450,3826.0,6.0,0.1,65371.0,1.0
d894fd1af131ed7a296716b5,6451,58540f191766,65386.0,69020.0,3634.0,1,1.0,6.0,0.0,0.1,MISC,6451,3634.0,6.0,0.1,65386.0,1.0
fdca1b26347a096dc8cd73ec,6453,edc10645cc3f,65395.0,79953.0,14558.0,1,9.0,6.0,0.0,0.25,MISC,6453,14558.0,54.0,2.25,65395.0,9.0
f2c4b7ef9bca7bf8390f05cd,6454,1480b75a8c96,65400.0,65425.0,25.0,1,1.0,6.0,0.0,1.0,T4,6454,25.0,6.0,1.0,65400.0,1.0
d894fd1af131ed7a296716b5,6455,58540f191766,65401.0,68093.0,2692.0,1,1.0,6.0,0.0,0.1,MISC,6455,2692.0,6.0,0.1,65401.0,1.0
f17e954e97558148ded21349,6456,c4cbaac9966d,65414.0,65946.0,532.0,1,1.0,10.0,0.0,0.5,T4,6456,532.0,10.0,0.5,65414.0,1.0
d894fd1af131ed7a296716b5,6457,58540f191766,65420.0,68951.0,3531.0,1,1.0,6.0,0.0,0.1,P100,6457,3531.0,6.0,0.1,65420.0,1.0
d894fd1af131ed7a296716b5,6458,58540f191766,65433.0,69566.0,4133.0,1,1.0,6.0,0.0,0.1,MISC,6458,4133.0,6.0,0.1,65433.0,1.0
d894fd1af131ed7a296716b5,6459,58540f191766,65436.0,69584.0,4148.0,1,1.0,6.0,0.0,0.1,MISC,6459,4148.0,6.0,0.1,65436.0,1.0
d894fd1af131ed7a296716b5,6460,58540f191766,65449.0,69555.0,4106.0,1,1.0,6.0,0.0,0.1,MISC,6460,4106.0,6.0,0.1,65449.0,1.0
d894fd1af131ed7a296716b5,6461,58540f191766,65457.0,67688.0,2231.0,1,1.0,6.0,0.0,0.1,MISC,6461,2231.0,6.0,0.1,65457.0,1.0
d894fd1af131ed7a296716b5,6462,58540f191766,65467.0,68691.0,3224.0,1,1.0,6.0,0.0,0.1,P100,6462,3224.0,6.0,0.1,65467.0,1.0
d894fd1af131ed7a296716b5,6463,58540f191766,65478.0,72214.0,6736.0,1,1.0,6.0,0.0,0.1,MISC,6463,6736.0,6.0,0.1,65478.0,1.0
d894fd1af131ed7a296716b5,6464,58540f191766,65483.0,70861.0,5378.0,1,1.0,6.0,0.0,0.1,MISC,6464,5378.0,6.0,0.1,65483.0,1.0
d894fd1af131ed7a296716b5,6465,58540f191766,65495.0,68988.0,3493.0,1,1.0,6.0,0.0,0.1,MISC,6465,3493.0,6.0,0.1,65495.0,1.0
d894fd1af131ed7a296716b5,6466,58540f191766,65504.0,69824.0,4320.0,1,1.0,6.0,0.0,0.1,MISC,6466,4320.0,6.0,0.1,65504.0,1.0
d894fd1af131ed7a296716b5,6467,58540f191766,65515.0,68665.0,3150.0,1,1.0,6.0,0.0,0.1,MISC,6467,3150.0,6.0,0.1,65515.0,1.0
d894fd1af131ed7a296716b5,6468,58540f191766,65522.0,67809.0,2287.0,1,1.0,6.0,0.0,0.1,MISC,6468,2287.0,6.0,0.1,65522.0,1.0
3995073148156da8994ec8bb,6469,5f4cb64dc693,65530.0,65782.0,252.0,1,1.0,6.0,0.0,1.0,MISC,6469,252.0,6.0,1.0,65530.0,1.0
d894fd1af131ed7a296716b5,6470,58540f191766,65534.0,71329.0,5795.0,1,1.0,6.0,0.0,0.1,MISC,6470,5795.0,6.0,0.1,65534.0,1.0
d894fd1af131ed7a296716b5,6471,58540f191766,65551.0,71235.0,5684.0,1,1.0,6.0,0.0,0.1,MISC,6471,5684.0,6.0,0.1,65551.0,1.0
d894fd1af131ed7a296716b5,6472,58540f191766,65561.0,69743.0,4182.0,1,1.0,6.0,0.0,0.1,MISC,6472,4182.0,6.0,0.1,65561.0,1.0
d894fd1af131ed7a296716b5,6473,58540f191766,65572.0,68977.0,3405.0,1,1.0,6.0,0.0,0.1,MISC,6473,3405.0,6.0,0.1,65572.0,1.0
d894fd1af131ed7a296716b5,6474,58540f191766,65580.0,68841.0,3261.0,1,1.0,6.0,0.0,0.1,MISC,6474,3261.0,6.0,0.1,65580.0,1.0
d894fd1af131ed7a296716b5,6475,58540f191766,65591.0,71046.0,5455.0,1,1.0,6.0,0.0,0.1,MISC,6475,5455.0,6.0,0.1,65591.0,1.0
d894fd1af131ed7a296716b5,6476,58540f191766,65596.0,72022.0,6426.0,1,1.0,6.0,0.0,0.1,MISC,6476,6426.0,6.0,0.1,65596.0,1.0
d894fd1af131ed7a296716b5,6477,58540f191766,65607.0,69720.0,4113.0,1,1.0,6.0,0.0,0.1,MISC,6477,4113.0,6.0,0.1,65607.0,1.0
d894fd1af131ed7a296716b5,6478,58540f191766,65621.0,68638.0,3017.0,1,1.0,6.0,0.0,0.1,MISC,6478,3017.0,6.0,0.1,65621.0,1.0
d894fd1af131ed7a296716b5,6479,58540f191766,65628.0,69604.0,3976.0,1,1.0,6.0,0.0,0.1,MISC,6479,3976.0,6.0,0.1,65628.0,1.0
d894fd1af131ed7a296716b5,6480,58540f191766,65639.0,70437.0,4798.0,1,1.0,6.0,0.0,0.1,MISC,6480,4798.0,6.0,0.1,65639.0,1.0
d894fd1af131ed7a296716b5,6481,58540f191766,65653.0,70991.0,5338.0,1,1.0,6.0,0.0,0.1,MISC,6481,5338.0,6.0,0.1,65653.0,1.0
f17e954e97558148ded21349,6482,c4cbaac9966d,65658.0,66073.0,415.0,1,1.0,10.0,0.0,0.5,T4,6482,415.0,10.0,0.5,65658.0,1.0
d894fd1af131ed7a296716b5,6483,58540f191766,65660.0,70717.0,5057.0,1,1.0,6.0,0.0,0.1,MISC,6483,5057.0,6.0,0.1,65660.0,1.0
1ccc18d7d13073b642b3a016,6486,d4d51aca8806,65679.0,67669.0,1990.0,1,11.0,6.0,0.0,0.25,T4,6486,1990.0,66.0,2.75,65679.0,11.0
e8efa65aa22dff1e98ff15d7,6487,b3bfe9b79bb5,65679.0,65841.0,162.0,1,20.0,4.0,0.0,1.0,MISC,6487,162.0,80.0,20.0,65679.0,20.0
d894fd1af131ed7a296716b5,6488,58540f191766,65685.0,71808.0,6123.0,1,1.0,6.0,0.0,0.1,MISC,6488,6123.0,6.0,0.1,65685.0,1.0
d894fd1af131ed7a296716b5,6489,58540f191766,65695.0,71051.0,5356.0,1,1.0,6.0,0.0,0.1,MISC,6489,5356.0,6.0,0.1,65695.0,1.0
d894fd1af131ed7a296716b5,6490,58540f191766,65705.0,68889.0,3184.0,1,1.0,6.0,0.0,0.1,MISC,6490,3184.0,6.0,0.1,65705.0,1.0
8106728908feb773a53799c5,6491,698d948206d0,65706.0,66012.0,306.0,1,1.0,6.0,0.0,0.25,MISC,6491,306.0,6.0,0.25,65706.0,1.0
d894fd1af131ed7a296716b5,6492,58540f191766,65712.0,67805.0,2093.0,1,1.0,6.0,0.0,0.1,MISC,6492,2093.0,6.0,0.1,65712.0,1.0
f17e954e97558148ded21349,6493,c4cbaac9966d,65719.0,66279.0,560.0,1,1.0,10.0,0.0,0.5,T4,6493,560.0,10.0,0.5,65719.0,1.0
d894fd1af131ed7a296716b5,6494,58540f191766,65722.0,67928.0,2206.0,1,1.0,6.0,0.0,0.1,MISC,6494,2206.0,6.0,0.1,65722.0,1.0
d894fd1af131ed7a296716b5,6495,58540f191766,65745.0,71383.0,5638.0,1,1.0,6.0,0.0,0.1,MISC,6495,5638.0,6.0,0.1,65745.0,1.0
d894fd1af131ed7a296716b5,6496,58540f191766,65757.0,69951.0,4194.0,1,1.0,6.0,0.0,0.1,MISC,6496,4194.0,6.0,0.1,65757.0,1.0
d894fd1af131ed7a296716b5,6497,58540f191766,65757.0,68348.0,2591.0,1,1.0,6.0,0.0,0.1,MISC,6497,2591.0,6.0,0.1,65757.0,1.0
0be3971157d6c504afbc3397,6498,354e3b81c515,65763.0,65791.0,28.0,1,1.0,6.0,0.0,1.0,MISC,6498,28.0,6.0,1.0,65763.0,1.0
d894fd1af131ed7a296716b5,6499,58540f191766,65768.0,68541.0,2773.0,1,1.0,6.0,0.0,0.1,MISC,6499,2773.0,6.0,0.1,65768.0,1.0
d894fd1af131ed7a296716b5,6500,58540f191766,65777.0,68370.0,2593.0,1,1.0,6.0,0.0,0.1,MISC,6500,2593.0,6.0,0.1,65777.0,1.0
4338499d3c24cc35be17b44c,6502,5b1345f03aa1,65783.0,65833.0,50.0,1,1.0,6.0,0.0,1.0,MISC,6502,50.0,6.0,1.0,65783.0,1.0
d894fd1af131ed7a296716b5,6503,58540f191766,65788.0,68926.0,3138.0,1,1.0,6.0,0.0,0.1,MISC,6503,3138.0,6.0,0.1,65788.0,1.0
d894fd1af131ed7a296716b5,6504,58540f191766,65804.0,69452.0,3648.0,1,1.0,6.0,0.0,0.1,MISC,6504,3648.0,6.0,0.1,65804.0,1.0
d894fd1af131ed7a296716b5,6505,58540f191766,65810.0,69452.0,3642.0,1,1.0,6.0,0.0,0.1,MISC,6505,3642.0,6.0,0.1,65810.0,1.0
ce1acbfcbf28f229417c6f7d,6507,818eff02f2c4,65814.0,273731.0,207917.0,1,50.0,4.0,0.0,1.0,MISC,6507,207917.0,200.0,50.0,65814.0,50.0
1ccc18d7d13073b642b3a016,6509,d4d51aca8806,65825.0,79138.0,13313.0,1,12.0,6.0,0.0,0.25,T4,6509,13313.0,72.0,3.0,65825.0,12.0
d894fd1af131ed7a296716b5,6510,58540f191766,65828.0,69953.0,4125.0,1,1.0,6.0,0.0,0.1,MISC,6510,4125.0,6.0,0.1,65828.0,1.0
d894fd1af131ed7a296716b5,6511,58540f191766,65839.0,69351.0,3512.0,1,1.0,6.0,0.0,0.1,P100,6511,3512.0,6.0,0.1,65839.0,1.0
845ebc87e40bad0db5b37e26,6512,f14128db0160,65841.0,66156.0,315.0,1,1.0,6.0,0.0,2.0,MISC,6512,315.0,6.0,2.0,65841.0,1.0
d894fd1af131ed7a296716b5,6513,58540f191766,65854.0,72205.0,6351.0,1,1.0,6.0,0.0,0.1,MISC,6513,6351.0,6.0,0.1,65854.0,1.0
4338499d3c24cc35be17b44c,6514,5b1345f03aa1,65856.0,66776.0,920.0,1,1.0,6.0,0.0,1.0,V100,6514,920.0,6.0,1.0,65856.0,1.0
d894fd1af131ed7a296716b5,6515,58540f191766,65864.0,69632.0,3768.0,1,1.0,6.0,0.0,0.1,P100,6515,3768.0,6.0,0.1,65864.0,1.0
d894fd1af131ed7a296716b5,6516,58540f191766,65869.0,68448.0,2579.0,1,1.0,6.0,0.0,0.1,MISC,6516,2579.0,6.0,0.1,65869.0,1.0
d894fd1af131ed7a296716b5,6517,58540f191766,65877.0,69404.0,3527.0,1,1.0,6.0,0.0,0.1,MISC,6517,3527.0,6.0,0.1,65877.0,1.0
1ccc18d7d13073b642b3a016,6520,d4d51aca8806,65893.0,80388.0,14495.0,1,12.0,6.0,0.0,0.25,T4,6520,14495.0,72.0,3.0,65893.0,12.0
1ccc18d7d13073b642b3a016,6521,d4d51aca8806,65893.0,116334.0,50441.0,1,12.0,6.0,0.0,0.25,T4,6521,50441.0,72.0,3.0,65893.0,12.0
d894fd1af131ed7a296716b5,6522,58540f191766,65901.0,69054.0,3153.0,1,1.0,6.0,0.0,0.1,MISC,6522,3153.0,6.0,0.1,65901.0,1.0
f17e954e97558148ded21349,6523,c4cbaac9966d,65902.0,66905.0,1003.0,1,1.0,10.0,0.0,0.5,T4,6523,1003.0,10.0,0.5,65902.0,1.0
d894fd1af131ed7a296716b5,6525,58540f191766,65910.0,68306.0,2396.0,1,1.0,6.0,0.0,0.1,MISC,6525,2396.0,6.0,0.1,65910.0,1.0
1ccc18d7d13073b642b3a016,6526,d4d51aca8806,65911.0,82265.0,16354.0,1,12.0,6.0,0.0,0.25,T4,6526,16354.0,72.0,3.0,65911.0,12.0
d894fd1af131ed7a296716b5,6529,58540f191766,65922.0,71961.0,6039.0,1,1.0,6.0,0.0,0.1,MISC,6529,6039.0,6.0,0.1,65922.0,1.0
e14f55e56de8f9e707c8ff95,6530,42aa9724a88c,65922.0,66022.0,100.0,1,1.0,6.0,0.0,1.0,MISC,6530,100.0,6.0,1.0,65922.0,1.0
d894fd1af131ed7a296716b5,6531,58540f191766,65929.0,72060.0,6131.0,1,1.0,6.0,0.0,0.1,MISC,6531,6131.0,6.0,0.1,65929.0,1.0
d894fd1af131ed7a296716b5,6532,58540f191766,65947.0,70328.0,4381.0,1,1.0,6.0,0.0,0.1,MISC,6532,4381.0,6.0,0.1,65947.0,1.0
d894fd1af131ed7a296716b5,6533,58540f191766,65960.0,70226.0,4266.0,1,1.0,6.0,0.0,0.1,MISC,6533,4266.0,6.0,0.1,65960.0,1.0
4c63a741106edc46bc1729dd,6534,18febf35d3a1,65963.0,66141.0,178.0,1,1.0,6.0,0.0,1.0,P100,6534,178.0,6.0,1.0,65963.0,1.0
d894fd1af131ed7a296716b5,6535,58540f191766,65970.0,69483.0,3513.0,1,1.0,6.0,0.0,0.1,MISC,6535,3513.0,6.0,0.1,65970.0,1.0
d894fd1af131ed7a296716b5,6537,58540f191766,65975.0,69863.0,3888.0,1,1.0,6.0,0.0,0.1,MISC,6537,3888.0,6.0,0.1,65975.0,1.0
d894fd1af131ed7a296716b5,6540,58540f191766,65992.0,69741.0,3749.0,1,1.0,6.0,0.0,0.1,MISC,6540,3749.0,6.0,0.1,65992.0,1.0
7e965b7936f1410c1363a59e,6541,2891a173002a,65994.0,87866.0,21872.0,1,8.0,6.0,0.0,0.25,MISC,6541,21872.0,48.0,2.0,65994.0,8.0
1ccc18d7d13073b642b3a016,6543,d4d51aca8806,66002.0,79697.0,13695.0,1,12.0,6.0,0.0,0.25,T4,6543,13695.0,72.0,3.0,66002.0,12.0
fdca1b26347a096dc8cd73ec,6545,edc10645cc3f,66005.0,72835.0,6830.0,1,3.0,6.0,0.0,0.25,MISC,6545,6830.0,18.0,0.75,66005.0,3.0
d894fd1af131ed7a296716b5,6546,58540f191766,66007.0,69677.0,3670.0,1,1.0,6.0,0.0,0.1,MISC,6546,3670.0,6.0,0.1,66007.0,1.0
d894fd1af131ed7a296716b5,6548,58540f191766,66016.0,69871.0,3855.0,1,1.0,6.0,0.0,0.1,MISC,6548,3855.0,6.0,0.1,66016.0,1.0
1ccc18d7d13073b642b3a016,6549,d4d51aca8806,66017.0,82166.0,16149.0,1,12.0,6.0,0.0,0.25,T4,6549,16149.0,72.0,3.0,66017.0,12.0
d894fd1af131ed7a296716b5,6551,58540f191766,66021.0,72063.0,6042.0,1,1.0,6.0,0.0,0.1,MISC,6551,6042.0,6.0,0.1,66021.0,1.0
1ccc18d7d13073b642b3a016,6552,d4d51aca8806,66023.0,80358.0,14335.0,1,12.0,6.0,0.0,0.25,T4,6552,14335.0,72.0,3.0,66023.0,12.0
f17e954e97558148ded21349,6553,c4cbaac9966d,66031.0,66530.0,499.0,1,1.0,10.0,0.0,0.5,T4,6553,499.0,10.0,0.5,66031.0,1.0
d894fd1af131ed7a296716b5,6554,58540f191766,66035.0,69885.0,3850.0,1,1.0,6.0,0.0,0.1,MISC,6554,3850.0,6.0,0.1,66035.0,1.0
d894fd1af131ed7a296716b5,6555,58540f191766,66057.0,68984.0,2927.0,1,1.0,6.0,0.0,0.1,MISC,6555,2927.0,6.0,0.1,66057.0,1.0
d894fd1af131ed7a296716b5,6556,58540f191766,66071.0,69858.0,3787.0,1,1.0,6.0,0.0,0.1,MISC,6556,3787.0,6.0,0.1,66071.0,1.0
d894fd1af131ed7a296716b5,6557,58540f191766,66077.0,70379.0,4302.0,1,1.0,6.0,0.0,0.1,MISC,6557,4302.0,6.0,0.1,66077.0,1.0
1ccc18d7d13073b642b3a016,6559,d4d51aca8806,66080.0,81364.0,15284.0,1,12.0,6.0,0.0,0.25,T4,6559,15284.0,72.0,3.0,66080.0,12.0
4fa2a95d7c794171b866dfa5,6560,7203aa95a9af,66080.0,66293.0,213.0,1,1.0,6.0,0.0,0.25,MISC,6560,213.0,6.0,0.25,66080.0,1.0
d894fd1af131ed7a296716b5,6561,58540f191766,66081.0,68940.0,2859.0,1,1.0,6.0,0.0,0.1,MISC,6561,2859.0,6.0,0.1,66081.0,1.0
d894fd1af131ed7a296716b5,6562,58540f191766,66090.0,68878.0,2788.0,1,1.0,6.0,0.0,0.1,MISC,6562,2788.0,6.0,0.1,66090.0,1.0
d894fd1af131ed7a296716b5,6563,58540f191766,66132.0,71323.0,5191.0,1,1.0,6.0,0.0,0.1,MISC,6563,5191.0,6.0,0.1,66132.0,1.0
d894fd1af131ed7a296716b5,6564,58540f191766,66145.0,72184.0,6039.0,1,1.0,6.0,0.0,0.1,MISC,6564,6039.0,6.0,0.1,66145.0,1.0
f17e954e97558148ded21349,6565,c4cbaac9966d,66152.0,66558.0,406.0,1,1.0,10.0,0.0,0.5,T4,6565,406.0,10.0,0.5,66152.0,1.0
d894fd1af131ed7a296716b5,6566,58540f191766,66162.0,72269.0,6107.0,1,1.0,6.0,0.0,0.1,MISC,6566,6107.0,6.0,0.1,66162.0,1.0
d894fd1af131ed7a296716b5,6568,58540f191766,66171.0,71397.0,5226.0,1,1.0,6.0,0.0,0.1,MISC,6568,5226.0,6.0,0.1,66171.0,1.0
30185446faeb493c1d55cacd,6569,a8192d6b0ae9,66172.0,67021.0,849.0,1,1.0,8.0,0.0,1.0,MISC,6569,849.0,8.0,1.0,66172.0,1.0
d894fd1af131ed7a296716b5,6570,58540f191766,66194.0,71677.0,5483.0,1,1.0,6.0,0.0,0.1,MISC,6570,5483.0,6.0,0.1,66194.0,1.0
d894fd1af131ed7a296716b5,6571,58540f191766,66205.0,70177.0,3972.0,1,1.0,6.0,0.0,0.1,MISC,6571,3972.0,6.0,0.1,66205.0,1.0
d894fd1af131ed7a296716b5,6572,58540f191766,66214.0,72309.0,6095.0,1,1.0,6.0,0.0,0.1,MISC,6572,6095.0,6.0,0.1,66214.0,1.0
d894fd1af131ed7a296716b5,6573,58540f191766,66224.0,70482.0,4258.0,1,1.0,6.0,0.0,0.1,MISC,6573,4258.0,6.0,0.1,66224.0,1.0
bcefc24202843f241d4a17ec,6574,3f5d4699c3a6,66226.0,87874.0,21648.0,1,1.0,6.0,0.0,0.25,MISC,6574,21648.0,6.0,0.25,66226.0,1.0
30185446faeb493c1d55cacd,6575,a8192d6b0ae9,66232.0,66351.0,119.0,1,20.0,10.0,0.0,1.0,MISC,6575,119.0,200.0,20.0,66232.0,20.0
d894fd1af131ed7a296716b5,6576,58540f191766,66235.0,68812.0,2577.0,1,1.0,6.0,0.0,0.1,MISC,6576,2577.0,6.0,0.1,66235.0,1.0
d894fd1af131ed7a296716b5,6577,58540f191766,66250.0,72776.0,6526.0,1,1.0,6.0,0.0,0.1,MISC,6577,6526.0,6.0,0.1,66250.0,1.0
4c63a741106edc46bc1729dd,6578,18febf35d3a1,66250.0,66568.0,318.0,1,1.0,6.0,0.0,1.0,MISC,6578,318.0,6.0,1.0,66250.0,1.0
21858ac282f1092bb15f8831,6579,45bd92802aa9,66254.0,66449.0,195.0,1,1.0,6.0,0.0,1.0,T4,6579,195.0,6.0,1.0,66254.0,1.0
d894fd1af131ed7a296716b5,6580,58540f191766,66258.0,69829.0,3571.0,1,1.0,6.0,0.0,0.1,MISC,6580,3571.0,6.0,0.1,66258.0,1.0
d894fd1af131ed7a296716b5,6581,58540f191766,66266.0,70623.0,4357.0,1,1.0,6.0,0.0,0.1,MISC,6581,4357.0,6.0,0.1,66266.0,1.0
d894fd1af131ed7a296716b5,6582,58540f191766,66271.0,71415.0,5144.0,1,1.0,6.0,0.0,0.1,MISC,6582,5144.0,6.0,0.1,66271.0,1.0
2fe46f64538b8943a9882bab,6583,c677a0acf7c0,66282.0,70137.0,3855.0,1,5.0,2.0,0.0,1.0,MISC,6583,3855.0,10.0,5.0,66282.0,5.0
d894fd1af131ed7a296716b5,6584,58540f191766,66291.0,70734.0,4443.0,1,1.0,6.0,0.0,0.1,MISC,6584,4443.0,6.0,0.1,66291.0,1.0
d894fd1af131ed7a296716b5,6585,58540f191766,66321.0,71068.0,4747.0,1,1.0,6.0,0.0,0.1,MISC,6585,4747.0,6.0,0.1,66321.0,1.0
d894fd1af131ed7a296716b5,6587,58540f191766,66348.0,68347.0,1999.0,1,1.0,6.0,0.0,0.1,MISC,6587,1999.0,6.0,0.1,66348.0,1.0
d894fd1af131ed7a296716b5,6588,58540f191766,66357.0,71262.0,4905.0,1,1.0,6.0,0.0,0.1,MISC,6588,4905.0,6.0,0.1,66357.0,1.0
f17e954e97558148ded21349,6589,c4cbaac9966d,66368.0,66930.0,562.0,1,1.0,10.0,0.0,0.5,T4,6589,562.0,10.0,0.5,66368.0,1.0
d894fd1af131ed7a296716b5,6591,58540f191766,66383.0,69840.0,3457.0,1,1.0,6.0,0.0,0.1,MISC,6591,3457.0,6.0,0.1,66383.0,1.0
1ccc18d7d13073b642b3a016,6592,d4d51aca8806,66386.0,82549.0,16163.0,1,12.0,6.0,0.0,0.25,T4,6592,16163.0,72.0,3.0,66386.0,12.0
d894fd1af131ed7a296716b5,6593,58540f191766,66412.0,71534.0,5122.0,1,1.0,6.0,0.0,0.1,MISC,6593,5122.0,6.0,0.1,66412.0,1.0
d894fd1af131ed7a296716b5,6594,58540f191766,66421.0,71463.0,5042.0,1,1.0,6.0,0.0,0.1,MISC,6594,5042.0,6.0,0.1,66421.0,1.0
d894fd1af131ed7a296716b5,6595,58540f191766,66473.0,72780.0,6307.0,1,1.0,6.0,0.0,0.1,MISC,6595,6307.0,6.0,0.1,66473.0,1.0
d894fd1af131ed7a296716b5,6596,58540f191766,66475.0,68828.0,2353.0,1,1.0,6.0,0.0,0.1,MISC,6596,2353.0,6.0,0.1,66475.0,1.0
d894fd1af131ed7a296716b5,6597,58540f191766,66479.0,72010.0,5531.0,1,1.0,6.0,0.0,0.1,MISC,6597,5531.0,6.0,0.1,66479.0,1.0
d894fd1af131ed7a296716b5,6598,58540f191766,66490.0,72091.0,5601.0,1,1.0,6.0,0.0,0.1,MISC,6598,5601.0,6.0,0.1,66490.0,1.0
f17e954e97558148ded21349,6599,c4cbaac9966d,66499.0,66934.0,435.0,1,1.0,10.0,0.0,0.5,T4,6599,435.0,10.0,0.5,66499.0,1.0
d894fd1af131ed7a296716b5,6600,58540f191766,66499.0,71066.0,4567.0,1,1.0,6.0,0.0,0.1,MISC,6600,4567.0,6.0,0.1,66499.0,1.0
d894fd1af131ed7a296716b5,6601,58540f191766,66505.0,71459.0,4954.0,1,1.0,6.0,0.0,0.1,MISC,6601,4954.0,6.0,0.1,66505.0,1.0
d894fd1af131ed7a296716b5,6602,58540f191766,66512.0,70217.0,3705.0,1,1.0,6.0,0.0,0.1,MISC,6602,3705.0,6.0,0.1,66512.0,1.0
d894fd1af131ed7a296716b5,6603,58540f191766,66523.0,69075.0,2552.0,1,1.0,6.0,0.0,0.1,MISC,6603,2552.0,6.0,0.1,66523.0,1.0
1ccc18d7d13073b642b3a016,6605,d4d51aca8806,66536.0,82463.0,15927.0,1,12.0,6.0,0.0,0.25,T4,6605,15927.0,72.0,3.0,66536.0,12.0
d894fd1af131ed7a296716b5,6606,58540f191766,66550.0,69146.0,2596.0,1,1.0,6.0,0.0,0.1,MISC,6606,2596.0,6.0,0.1,66550.0,1.0
3995073148156da8994ec8bb,6607,5f4cb64dc693,66565.0,85229.0,18664.0,1,100.0,6.0,0.0,0.5,P100,6607,18664.0,600.0,50.0,66565.0,100.0
d894fd1af131ed7a296716b5,6608,58540f191766,66587.0,71274.0,4687.0,1,1.0,6.0,0.0,0.1,MISC,6608,4687.0,6.0,0.1,66587.0,1.0
d894fd1af131ed7a296716b5,6609,58540f191766,66598.0,69537.0,2939.0,1,1.0,6.0,0.0,0.1,MISC,6609,2939.0,6.0,0.1,66598.0,1.0
d894fd1af131ed7a296716b5,6610,58540f191766,66611.0,69766.0,3155.0,1,1.0,6.0,0.0,0.1,MISC,6610,3155.0,6.0,0.1,66611.0,1.0
d894fd1af131ed7a296716b5,6611,58540f191766,66616.0,69777.0,3161.0,1,1.0,6.0,0.0,0.1,MISC,6611,3161.0,6.0,0.1,66616.0,1.0
f17e954e97558148ded21349,6612,c4cbaac9966d,66619.0,66994.0,375.0,1,1.0,10.0,0.0,0.5,T4,6612,375.0,10.0,0.5,66619.0,1.0
f17e954e97558148ded21349,6613,c4cbaac9966d,66619.0,66984.0,365.0,1,1.0,10.0,0.0,0.5,T4,6613,365.0,10.0,0.5,66619.0,1.0
d894fd1af131ed7a296716b5,6614,58540f191766,66626.0,70685.0,4059.0,1,1.0,6.0,0.0,0.1,MISC,6614,4059.0,6.0,0.1,66626.0,1.0
8ccb9c9fe88b53537e096dd9,6615,de69ddc1064e,66640.0,68348.0,1708.0,1,1.0,6.0,0.0,1.0,MISC,6615,1708.0,6.0,1.0,66640.0,1.0
d894fd1af131ed7a296716b5,6616,58540f191766,66666.0,70071.0,3405.0,1,1.0,6.0,0.0,0.1,MISC,6616,3405.0,6.0,0.1,66666.0,1.0
0be3971157d6c504afbc3397,6617,354e3b81c515,66671.0,66709.0,38.0,1,1.0,6.0,0.0,1.0,MISC,6617,38.0,6.0,1.0,66671.0,1.0
d894fd1af131ed7a296716b5,6618,58540f191766,66676.0,70583.0,3907.0,1,1.0,6.0,0.0,0.1,MISC,6618,3907.0,6.0,0.1,66676.0,1.0
4338499d3c24cc35be17b44c,6620,5b1345f03aa1,66689.0,66750.0,61.0,1,1.0,6.0,0.0,1.0,MISC,6620,61.0,6.0,1.0,66689.0,1.0
d894fd1af131ed7a296716b5,6621,58540f191766,66706.0,71276.0,4570.0,1,1.0,6.0,0.0,0.1,MISC,6621,4570.0,6.0,0.1,66706.0,1.0
1ccc18d7d13073b642b3a016,6623,d4d51aca8806,66725.0,84708.0,17983.0,1,12.0,6.0,0.0,0.25,T4,6623,17983.0,72.0,3.0,66725.0,12.0
d894fd1af131ed7a296716b5,6624,58540f191766,66731.0,69837.0,3106.0,1,1.0,6.0,0.0,0.1,MISC,6624,3106.0,6.0,0.1,66731.0,1.0
d894fd1af131ed7a296716b5,6625,58540f191766,66736.0,70150.0,3414.0,1,1.0,6.0,0.0,0.1,MISC,6625,3414.0,6.0,0.1,66736.0,1.0
d894fd1af131ed7a296716b5,6626,58540f191766,66756.0,69729.0,2973.0,1,1.0,6.0,0.0,0.1,MISC,6626,2973.0,6.0,0.1,66756.0,1.0
d894fd1af131ed7a296716b5,6627,58540f191766,66770.0,70177.0,3407.0,1,1.0,6.0,0.0,0.1,MISC,6627,3407.0,6.0,0.1,66770.0,1.0
d894fd1af131ed7a296716b5,6628,58540f191766,66779.0,70912.0,4133.0,1,1.0,6.0,0.0,0.1,MISC,6628,4133.0,6.0,0.1,66779.0,1.0
d894fd1af131ed7a296716b5,6629,58540f191766,66790.0,70823.0,4033.0,1,1.0,6.0,0.0,0.1,MISC,6629,4033.0,6.0,0.1,66790.0,1.0
f2c4b7ef9bca7bf8390f05cd,6632,1480b75a8c96,66794.0,67120.0,326.0,1,1.0,6.0,0.0,1.0,T4,6632,326.0,6.0,1.0,66794.0,1.0
07a7440f33d2bfb59804064b,6633,9cc55781f4a6,66800.0,68853.0,2053.0,1,1.0,6.0,0.0,1.0,T4,6633,2053.0,6.0,1.0,66800.0,1.0
4d8fee7f10bd7edbb75b96b3,6638,b2c52019b2c6,66804.0,98456.0,31652.0,1,10.0,8.0,0.0,0.5,MISC,6638,31652.0,80.0,5.0,66804.0,10.0
4d8fee7f10bd7edbb75b96b3,6639,b2c52019b2c6,66804.0,100319.0,33515.0,1,50.0,8.0,0.0,0.25,P100,6639,33515.0,400.0,12.5,66804.0,50.0
4d8fee7f10bd7edbb75b96b3,6640,b2c52019b2c6,66806.0,90023.0,23217.0,1,10.0,6.0,0.0,0.25,MISC,6640,23217.0,60.0,2.5,66806.0,10.0
4d8fee7f10bd7edbb75b96b3,6641,b2c52019b2c6,66807.0,89738.0,22931.0,1,10.0,8.0,0.0,0.25,MISC,6641,22931.0,80.0,2.5,66807.0,10.0
d894fd1af131ed7a296716b5,6642,58540f191766,66809.0,69991.0,3182.0,1,1.0,6.0,0.0,0.1,MISC,6642,3182.0,6.0,0.1,66809.0,1.0
d894fd1af131ed7a296716b5,6643,58540f191766,66818.0,71105.0,4287.0,1,1.0,6.0,0.0,0.1,MISC,6643,4287.0,6.0,0.1,66818.0,1.0
d894fd1af131ed7a296716b5,6644,58540f191766,66830.0,70692.0,3862.0,1,1.0,6.0,0.0,0.1,MISC,6644,3862.0,6.0,0.1,66830.0,1.0
9c6554174b06015a7af561c6,6645,41f97a75a037,66831.0,66885.0,54.0,1,1.0,6.0,0.0,1.0,T4,6645,54.0,6.0,1.0,66831.0,1.0
d894fd1af131ed7a296716b5,6646,58540f191766,66839.0,70709.0,3870.0,1,1.0,6.0,0.0,0.1,MISC,6646,3870.0,6.0,0.1,66839.0,1.0
d894fd1af131ed7a296716b5,6647,58540f191766,66845.0,70476.0,3631.0,1,1.0,6.0,0.0,0.1,MISC,6647,3631.0,6.0,0.1,66845.0,1.0
d894fd1af131ed7a296716b5,6648,58540f191766,66850.0,70133.0,3283.0,1,1.0,6.0,0.0,0.1,MISC,6648,3283.0,6.0,0.1,66850.0,1.0
d894fd1af131ed7a296716b5,6649,58540f191766,66870.0,72101.0,5231.0,1,1.0,6.0,0.0,0.1,MISC,6649,5231.0,6.0,0.1,66870.0,1.0
e14f55e56de8f9e707c8ff95,6650,42aa9724a88c,66878.0,66962.0,84.0,1,1.0,6.0,0.0,1.0,MISC,6650,84.0,6.0,1.0,66878.0,1.0
fdca1b26347a096dc8cd73ec,6652,edc10645cc3f,66882.0,88147.0,21265.0,1,4.0,6.0,0.0,0.25,MISC,6652,21265.0,24.0,1.0,66882.0,4.0
d894fd1af131ed7a296716b5,6653,58540f191766,66886.0,71394.0,4508.0,1,1.0,6.0,0.0,0.1,MISC,6653,4508.0,6.0,0.1,66886.0,1.0
d894fd1af131ed7a296716b5,6654,58540f191766,66896.0,69755.0,2859.0,1,1.0,6.0,0.0,0.1,MISC,6654,2859.0,6.0,0.1,66896.0,1.0
d894fd1af131ed7a296716b5,6655,58540f191766,66906.0,72054.0,5148.0,1,1.0,6.0,0.0,0.1,MISC,6655,5148.0,6.0,0.1,66906.0,1.0
d894fd1af131ed7a296716b5,6656,58540f191766,66908.0,71350.0,4442.0,1,1.0,6.0,0.0,0.1,MISC,6656,4442.0,6.0,0.1,66908.0,1.0
30185446faeb493c1d55cacd,6657,a8192d6b0ae9,66908.0,68510.0,1602.0,1,20.0,8.0,0.0,1.0,V100,6657,1602.0,160.0,20.0,66908.0,20.0
fdca1b26347a096dc8cd73ec,6659,edc10645cc3f,66918.0,83196.0,16278.0,1,9.0,6.0,0.0,0.25,MISC,6659,16278.0,54.0,2.25,66918.0,9.0
d894fd1af131ed7a296716b5,6660,58540f191766,66922.0,69661.0,2739.0,1,1.0,6.0,0.0,0.1,MISC,6660,2739.0,6.0,0.1,66922.0,1.0
d894fd1af131ed7a296716b5,6661,58540f191766,66928.0,69334.0,2406.0,1,1.0,6.0,0.0,0.1,MISC,6661,2406.0,6.0,0.1,66928.0,1.0
d894fd1af131ed7a296716b5,6662,58540f191766,66938.0,70247.0,3309.0,1,1.0,6.0,0.0,0.1,MISC,6662,3309.0,6.0,0.1,66938.0,1.0
d894fd1af131ed7a296716b5,6663,58540f191766,66957.0,71133.0,4176.0,1,1.0,6.0,0.0,0.1,MISC,6663,4176.0,6.0,0.1,66957.0,1.0
d894fd1af131ed7a296716b5,6664,58540f191766,66969.0,71973.0,5004.0,1,1.0,6.0,0.0,0.1,MISC,6664,5004.0,6.0,0.1,66969.0,1.0
9c6554174b06015a7af561c6,6665,41f97a75a037,66981.0,67025.0,44.0,1,1.0,6.0,0.0,1.0,T4,6665,44.0,6.0,1.0,66981.0,1.0
f17e954e97558148ded21349,6666,c4cbaac9966d,66989.0,67260.0,271.0,1,1.0,10.0,0.0,0.5,T4,6666,271.0,10.0,0.5,66989.0,1.0
d894fd1af131ed7a296716b5,6667,58540f191766,66992.0,71285.0,4293.0,1,1.0,6.0,0.0,0.1,MISC,6667,4293.0,6.0,0.1,66992.0,1.0
d894fd1af131ed7a296716b5,6668,58540f191766,67003.0,73101.0,6098.0,1,1.0,6.0,0.0,0.1,MISC,6668,6098.0,6.0,0.1,67003.0,1.0
d894fd1af131ed7a296716b5,6670,58540f191766,67025.0,72028.0,5003.0,1,1.0,6.0,0.0,0.1,MISC,6670,5003.0,6.0,0.1,67025.0,1.0
049570305e6b0ab6aa86bf60,6671,29380421d3fc,67033.0,67077.0,44.0,1,1.0,6.0,0.0,1.0,T4,6671,44.0,6.0,1.0,67033.0,1.0
d894fd1af131ed7a296716b5,6672,58540f191766,67038.0,73163.0,6125.0,1,1.0,6.0,0.0,0.1,MISC,6672,6125.0,6.0,0.1,67038.0,1.0
f17e954e97558148ded21349,6673,c4cbaac9966d,67049.0,67756.0,707.0,1,1.0,10.0,0.0,0.5,T4,6673,707.0,10.0,0.5,67049.0,1.0
f17e954e97558148ded21349,6674,c4cbaac9966d,67049.0,67611.0,562.0,1,1.0,10.0,0.0,0.5,T4,6674,562.0,10.0,0.5,67049.0,1.0
d894fd1af131ed7a296716b5,6675,58540f191766,67050.0,69773.0,2723.0,1,1.0,6.0,0.0,0.1,MISC,6675,2723.0,6.0,0.1,67050.0,1.0
f17e954e97558148ded21349,6676,c4cbaac9966d,67051.0,67532.0,481.0,1,1.0,10.0,0.0,0.5,T4,6676,481.0,10.0,0.5,67051.0,1.0
f17e954e97558148ded21349,6677,c4cbaac9966d,67059.0,67255.0,196.0,1,1.0,10.0,0.0,0.5,T4,6677,196.0,10.0,0.5,67059.0,1.0
d894fd1af131ed7a296716b5,6678,58540f191766,67061.0,70235.0,3174.0,1,1.0,6.0,0.0,0.1,MISC,6678,3174.0,6.0,0.1,67061.0,1.0
f17e954e97558148ded21349,6679,c4cbaac9966d,67081.0,67384.0,303.0,1,1.0,10.0,0.0,0.5,T4,6679,303.0,10.0,0.5,67081.0,1.0
30185446faeb493c1d55cacd,6681,a8192d6b0ae9,67104.0,70329.0,3225.0,1,20.0,8.0,0.0,0.25,MISC,6681,3225.0,160.0,5.0,67104.0,20.0
3995073148156da8994ec8bb,6682,5f4cb64dc693,67138.0,69686.0,2548.0,1,30.0,6.0,0.0,1.0,MISC,6682,2548.0,180.0,30.0,67138.0,30.0
f2c4b7ef9bca7bf8390f05cd,6683,1480b75a8c96,67150.0,67295.0,145.0,1,1.0,6.0,0.0,1.0,T4,6683,145.0,6.0,1.0,67150.0,1.0
3995073148156da8994ec8bb,6685,5f4cb64dc693,67157.0,67224.0,67.0,1,1.0,2.0,0.0,1.0,MISC,6685,67.0,2.0,1.0,67157.0,1.0
8ccb9c9fe88b53537e096dd9,6686,de69ddc1064e,67197.0,67243.0,46.0,1,1.0,6.0,0.0,0.25,MISC,6686,46.0,6.0,0.25,67197.0,1.0
4338499d3c24cc35be17b44c,6687,5b1345f03aa1,67267.0,67841.0,574.0,1,50.0,6.0,0.0,0.25,MISC,6687,574.0,300.0,12.5,67267.0,50.0
2fe46f64538b8943a9882bab,6691,c677a0acf7c0,67300.0,67383.0,83.0,1,1.0,6.0,0.0,1.0,MISC,6691,83.0,6.0,1.0,67300.0,1.0
fdca1b26347a096dc8cd73ec,6693,edc10645cc3f,67303.0,93098.0,25795.0,1,3.0,6.0,0.0,0.25,MISC,6693,25795.0,18.0,0.75,67303.0,3.0
4d8fee7f10bd7edbb75b96b3,6694,b2c52019b2c6,67306.0,67427.0,121.0,1,80.0,1.0,0.0,0.25,MISC,6694,121.0,80.0,20.0,67306.0,80.0
fdca1b26347a096dc8cd73ec,6696,edc10645cc3f,67312.0,75913.0,8601.0,1,3.0,6.0,0.0,0.25,MISC,6696,8601.0,18.0,0.75,67312.0,3.0
f17e954e97558148ded21349,6697,c4cbaac9966d,67325.0,67632.0,307.0,1,1.0,10.0,0.0,0.5,T4,6697,307.0,10.0,0.5,67325.0,1.0
1ccc18d7d13073b642b3a016,6699,d4d51aca8806,67354.0,91404.0,24050.0,1,12.0,6.0,0.0,0.25,T4,6699,24050.0,72.0,3.0,67354.0,12.0
f17e954e97558148ded21349,6700,c4cbaac9966d,67455.0,67868.0,413.0,1,1.0,10.0,0.0,0.5,T4,6700,413.0,10.0,0.5,67455.0,1.0
4d8fee7f10bd7edbb75b96b3,6704,b2c52019b2c6,67536.0,71468.0,3932.0,1,50.0,6.0,0.0,0.25,MISC,6704,3932.0,300.0,12.5,67536.0,50.0
4338499d3c24cc35be17b44c,6706,5b1345f03aa1,67575.0,67624.0,49.0,1,1.0,6.0,0.0,1.0,MISC,6706,49.0,6.0,1.0,67575.0,1.0
f17e954e97558148ded21349,6707,c4cbaac9966d,67638.0,68629.0,991.0,1,1.0,10.0,0.0,0.5,T4,6707,991.0,10.0,0.5,67638.0,1.0
e14f55e56de8f9e707c8ff95,6708,42aa9724a88c,67682.0,67733.0,51.0,1,1.0,6.0,0.0,1.0,V100,6708,51.0,6.0,1.0,67682.0,1.0
f17e954e97558148ded21349,6709,c4cbaac9966d,67705.0,68085.0,380.0,1,1.0,10.0,0.0,0.5,T4,6709,380.0,10.0,0.5,67705.0,1.0
f17e954e97558148ded21349,6710,c4cbaac9966d,67709.0,68034.0,325.0,1,1.0,10.0,0.0,0.5,T4,6710,325.0,10.0,0.5,67709.0,1.0
f17e954e97558148ded21349,6712,c4cbaac9966d,67823.0,68463.0,640.0,1,1.0,10.0,0.0,0.5,T4,6712,640.0,10.0,0.5,67823.0,1.0
049570305e6b0ab6aa86bf60,6713,29380421d3fc,67832.0,67876.0,44.0,1,1.0,6.0,0.0,1.0,T4,6713,44.0,6.0,1.0,67832.0,1.0
fdca1b26347a096dc8cd73ec,6714,edc10645cc3f,67853.0,90416.0,22563.0,1,3.0,6.0,0.0,0.25,MISC,6714,22563.0,18.0,0.75,67853.0,3.0
f17e954e97558148ded21349,6715,c4cbaac9966d,67865.0,68032.0,167.0,1,1.0,10.0,0.0,0.5,T4,6715,167.0,10.0,0.5,67865.0,1.0
d894fd1af131ed7a296716b5,6716,58540f191766,67865.0,71509.0,3644.0,1,1.0,18.0,0.0,1.0,MISC,6716,3644.0,18.0,1.0,67865.0,1.0
d894fd1af131ed7a296716b5,6717,58540f191766,67866.0,71940.0,4074.0,1,1.0,18.0,0.0,1.0,MISC,6717,4074.0,18.0,1.0,67866.0,1.0
d894fd1af131ed7a296716b5,6718,58540f191766,67866.0,72432.0,4566.0,1,1.0,18.0,0.0,1.0,MISC,6718,4566.0,18.0,1.0,67866.0,1.0
d894fd1af131ed7a296716b5,6719,58540f191766,67866.0,72426.0,4560.0,1,1.0,18.0,0.0,1.0,MISC,6719,4560.0,18.0,1.0,67866.0,1.0
d894fd1af131ed7a296716b5,6720,58540f191766,67866.0,72195.0,4329.0,1,1.0,18.0,0.0,1.0,MISC,6720,4329.0,18.0,1.0,67866.0,1.0
d894fd1af131ed7a296716b5,6721,58540f191766,67866.0,72137.0,4271.0,1,1.0,18.0,0.0,1.0,MISC,6721,4271.0,18.0,1.0,67866.0,1.0
d894fd1af131ed7a296716b5,6722,58540f191766,67866.0,71780.0,3914.0,1,1.0,18.0,0.0,1.0,MISC,6722,3914.0,18.0,1.0,67866.0,1.0
d894fd1af131ed7a296716b5,6723,58540f191766,67867.0,71994.0,4127.0,1,1.0,18.0,0.0,1.0,MISC,6723,4127.0,18.0,1.0,67867.0,1.0
d894fd1af131ed7a296716b5,6724,58540f191766,67868.0,71702.0,3834.0,1,1.0,18.0,0.0,1.0,V100,6724,3834.0,18.0,1.0,67868.0,1.0
d894fd1af131ed7a296716b5,6725,58540f191766,67868.0,72907.0,5039.0,1,1.0,18.0,0.0,1.0,V100,6725,5039.0,18.0,1.0,67868.0,1.0
d894fd1af131ed7a296716b5,6726,58540f191766,67868.0,72676.0,4808.0,1,1.0,18.0,0.0,1.0,V100,6726,4808.0,18.0,1.0,67868.0,1.0
d894fd1af131ed7a296716b5,6727,58540f191766,67868.0,72656.0,4788.0,1,1.0,18.0,0.0,1.0,V100,6727,4788.0,18.0,1.0,67868.0,1.0
d894fd1af131ed7a296716b5,6728,58540f191766,67868.0,72852.0,4984.0,1,1.0,18.0,0.0,1.0,V100,6728,4984.0,18.0,1.0,67868.0,1.0
d894fd1af131ed7a296716b5,6729,58540f191766,67868.0,72635.0,4767.0,1,1.0,18.0,0.0,1.0,V100,6729,4767.0,18.0,1.0,67868.0,1.0
d894fd1af131ed7a296716b5,6730,58540f191766,67868.0,73040.0,5172.0,1,1.0,18.0,0.0,1.0,V100,6730,5172.0,18.0,1.0,67868.0,1.0
d894fd1af131ed7a296716b5,6731,58540f191766,67868.0,71357.0,3489.0,1,1.0,18.0,0.0,1.0,V100,6731,3489.0,18.0,1.0,67868.0,1.0
d894fd1af131ed7a296716b5,6732,58540f191766,67868.0,73515.0,5647.0,1,1.0,18.0,0.0,1.0,V100,6732,5647.0,18.0,1.0,67868.0,1.0
d894fd1af131ed7a296716b5,6733,58540f191766,67868.0,72209.0,4341.0,1,1.0,18.0,0.0,1.0,V100,6733,4341.0,18.0,1.0,67868.0,1.0
d894fd1af131ed7a296716b5,6734,58540f191766,67869.0,71699.0,3830.0,1,1.0,18.0,0.0,1.0,V100,6734,3830.0,18.0,1.0,67869.0,1.0
d894fd1af131ed7a296716b5,6735,58540f191766,67869.0,71810.0,3941.0,1,1.0,18.0,0.0,1.0,V100,6735,3941.0,18.0,1.0,67869.0,1.0
d894fd1af131ed7a296716b5,6736,58540f191766,67869.0,72041.0,4172.0,1,1.0,18.0,0.0,1.0,V100,6736,4172.0,18.0,1.0,67869.0,1.0
d894fd1af131ed7a296716b5,6737,58540f191766,67869.0,73591.0,5722.0,1,1.0,18.0,0.0,1.0,V100,6737,5722.0,18.0,1.0,67869.0,1.0
d894fd1af131ed7a296716b5,6738,58540f191766,67869.0,71942.0,4073.0,1,1.0,18.0,0.0,1.0,V100,6738,4073.0,18.0,1.0,67869.0,1.0
d894fd1af131ed7a296716b5,6739,58540f191766,67869.0,73606.0,5737.0,1,1.0,18.0,0.0,1.0,V100,6739,5737.0,18.0,1.0,67869.0,1.0
d894fd1af131ed7a296716b5,6740,58540f191766,67870.0,71953.0,4083.0,1,1.0,18.0,0.0,1.0,V100,6740,4083.0,18.0,1.0,67870.0,1.0
d894fd1af131ed7a296716b5,6741,58540f191766,67870.0,72809.0,4939.0,1,1.0,18.0,0.0,1.0,V100,6741,4939.0,18.0,1.0,67870.0,1.0
d894fd1af131ed7a296716b5,6742,58540f191766,67870.0,72280.0,4410.0,1,1.0,18.0,0.0,1.0,V100,6742,4410.0,18.0,1.0,67870.0,1.0
d894fd1af131ed7a296716b5,6743,58540f191766,67893.0,74520.0,6627.0,1,1.0,18.0,0.0,1.0,V100,6743,6627.0,18.0,1.0,67893.0,1.0
d894fd1af131ed7a296716b5,6744,58540f191766,67893.0,70755.0,2862.0,1,1.0,18.0,0.0,1.0,P100,6744,2862.0,18.0,1.0,67893.0,1.0
0be3971157d6c504afbc3397,6745,354e3b81c515,67932.0,67954.0,22.0,1,1.0,6.0,0.0,1.0,MISC,6745,22.0,6.0,1.0,67932.0,1.0
f17e954e97558148ded21349,6746,c4cbaac9966d,67958.0,68370.0,412.0,1,1.0,10.0,0.0,0.5,T4,6746,412.0,10.0,0.5,67958.0,1.0
fdca1b26347a096dc8cd73ec,6748,edc10645cc3f,67997.0,97104.0,29107.0,1,4.0,6.0,0.0,0.25,MISC,6748,29107.0,24.0,1.0,67997.0,4.0
2fe46f64538b8943a9882bab,6749,c677a0acf7c0,68063.0,71884.0,3821.0,1,5.0,2.0,0.0,1.0,MISC,6749,3821.0,10.0,5.0,68063.0,5.0
3995073148156da8994ec8bb,6750,5f4cb64dc693,68085.0,68341.0,256.0,1,1.0,6.0,0.0,1.0,MISC,6750,256.0,6.0,1.0,68085.0,1.0
59aa78d1d37936ce6cce7efd,6751,174bc51448f6,68097.0,68147.0,50.0,1,1.0,10.0,0.0,1.0,T4,6751,50.0,10.0,1.0,68097.0,1.0
f17e954e97558148ded21349,6752,c4cbaac9966d,68105.0,68515.0,410.0,1,1.0,10.0,0.0,0.5,T4,6752,410.0,10.0,0.5,68105.0,1.0
f17e954e97558148ded21349,6755,c4cbaac9966d,68166.0,68654.0,488.0,1,1.0,10.0,0.0,0.5,T4,6755,488.0,10.0,0.5,68166.0,1.0
1484051e2875d76bc27495f6,6756,2d415d162cd1,68211.0,87103.0,18892.0,1,1.0,6.0,0.0,0.25,MISC,6756,18892.0,6.0,0.25,68211.0,1.0
d894fd1af131ed7a296716b5,6757,58540f191766,68214.0,72281.0,4067.0,1,1.0,18.0,0.0,1.0,MISC,6757,4067.0,18.0,1.0,68214.0,1.0
4338499d3c24cc35be17b44c,6758,5b1345f03aa1,68249.0,68358.0,109.0,1,1.0,6.0,0.0,0.25,MISC,6758,109.0,6.0,0.25,68249.0,1.0
4338499d3c24cc35be17b44c,6759,5b1345f03aa1,68267.0,68421.0,154.0,1,1.0,6.0,0.0,0.25,MISC,6759,154.0,6.0,0.25,68267.0,1.0
4338499d3c24cc35be17b44c,6760,5b1345f03aa1,68339.0,68650.0,311.0,1,1.0,6.0,0.0,0.5,MISC,6760,311.0,6.0,0.5,68339.0,1.0
30185446faeb493c1d55cacd,6761,a8192d6b0ae9,68426.0,68501.0,75.0,1,1.0,6.0,0.0,1.0,MISC,6761,75.0,6.0,1.0,68426.0,1.0
f17e954e97558148ded21349,6762,c4cbaac9966d,68474.0,68954.0,480.0,1,1.0,10.0,0.0,0.5,T4,6762,480.0,10.0,0.5,68474.0,1.0
4338499d3c24cc35be17b44c,6764,5b1345f03aa1,68521.0,68571.0,50.0,1,1.0,6.0,0.0,1.0,MISC,6764,50.0,6.0,1.0,68521.0,1.0
f17e954e97558148ded21349,6765,c4cbaac9966d,68537.0,68855.0,318.0,1,1.0,10.0,0.0,0.5,T4,6765,318.0,10.0,0.5,68537.0,1.0
30185446faeb493c1d55cacd,6766,a8192d6b0ae9,68540.0,77732.0,9192.0,1,1.0,6.0,0.0,0.25,MISC,6766,9192.0,6.0,0.25,68540.0,1.0
e8efa65aa22dff1e98ff15d7,6767,b3bfe9b79bb5,68553.0,102618.0,34065.0,1,1.0,6.0,0.0,1.0,P100,6767,34065.0,6.0,1.0,68553.0,1.0
e14f55e56de8f9e707c8ff95,6768,42aa9724a88c,68579.0,68630.0,51.0,1,1.0,6.0,0.0,1.0,MISC,6768,51.0,6.0,1.0,68579.0,1.0
f2c4b7ef9bca7bf8390f05cd,6769,1480b75a8c96,68594.0,68920.0,326.0,1,1.0,6.0,0.0,1.0,T4,6769,326.0,6.0,1.0,68594.0,1.0
f17e954e97558148ded21349,6770,c4cbaac9966d,68601.0,68887.0,286.0,1,1.0,10.0,0.0,0.5,T4,6770,286.0,10.0,0.5,68601.0,1.0
30185446faeb493c1d55cacd,6771,a8192d6b0ae9,68606.0,68665.0,59.0,1,1.0,6.0,0.0,1.0,MISC,6771,59.0,6.0,1.0,68606.0,1.0
3e5fb00bf43aa67ee5c2b6d5,6772,f134c9ec05e3,68640.0,68823.0,183.0,1,1.0,6.0,0.0,0.5,MISC,6772,183.0,6.0,0.5,68640.0,1.0
845ebc87e40bad0db5b37e26,6773,f14128db0160,68656.0,68709.0,53.0,1,1.0,6.0,0.0,2.0,MISC,6773,53.0,6.0,2.0,68656.0,1.0
f17e954e97558148ded21349,6774,c4cbaac9966d,68723.0,69168.0,445.0,1,1.0,10.0,0.0,0.5,T4,6774,445.0,10.0,0.5,68723.0,1.0
f17e954e97558148ded21349,6775,c4cbaac9966d,68724.0,69145.0,421.0,1,1.0,10.0,0.0,0.5,T4,6775,421.0,10.0,0.5,68724.0,1.0
0be3971157d6c504afbc3397,6776,354e3b81c515,68733.0,68751.0,18.0,1,1.0,6.0,0.0,1.0,MISC,6776,18.0,6.0,1.0,68733.0,1.0
e8efa65aa22dff1e98ff15d7,6778,b3bfe9b79bb5,68737.0,69241.0,504.0,1,40.0,3.0,0.0,0.25,P100,6778,504.0,120.0,10.0,68737.0,40.0
78feeaa91c73e12bd47e2935,6780,4c03cfeaf363,68905.0,69357.0,452.0,1,1.0,6.0,0.0,0.2,MISC,6780,452.0,6.0,0.2,68905.0,1.0
f17e954e97558148ded21349,6781,c4cbaac9966d,68940.0,69287.0,347.0,1,1.0,10.0,0.0,0.5,T4,6781,347.0,10.0,0.5,68940.0,1.0
f17e954e97558148ded21349,6782,c4cbaac9966d,68941.0,69617.0,676.0,1,1.0,10.0,0.0,0.5,T4,6782,676.0,10.0,0.5,68941.0,1.0
f2c4b7ef9bca7bf8390f05cd,6783,1480b75a8c96,68954.0,68978.0,24.0,1,1.0,6.0,0.0,1.0,T4,6783,24.0,6.0,1.0,68954.0,1.0
0be3971157d6c504afbc3397,6784,354e3b81c515,68997.0,69032.0,35.0,1,1.0,6.0,0.0,1.0,MISC,6784,35.0,6.0,1.0,68997.0,1.0
f17e954e97558148ded21349,6785,c4cbaac9966d,69017.0,69336.0,319.0,1,1.0,10.0,0.0,0.5,T4,6785,319.0,10.0,0.5,69017.0,1.0
143b087a9cf31f7f5c1b09ba,6787,f5440bdf32a5,69041.0,69973.0,932.0,1,20.0,6.0,0.0,0.25,MISC,6787,932.0,120.0,5.0,69041.0,20.0
e8efa65aa22dff1e98ff15d7,6789,b3bfe9b79bb5,69052.0,69887.0,835.0,1,50.0,3.0,0.0,0.25,MISC,6789,835.0,150.0,12.5,69052.0,50.0
e8efa65aa22dff1e98ff15d7,6791,b3bfe9b79bb5,69082.0,69691.0,609.0,1,40.0,3.0,0.0,0.25,MISC,6791,609.0,120.0,10.0,69082.0,40.0
4338499d3c24cc35be17b44c,6792,5b1345f03aa1,69088.0,69274.0,186.0,1,1.0,6.0,0.0,1.0,MISC,6792,186.0,6.0,1.0,69088.0,1.0
4338499d3c24cc35be17b44c,6794,5b1345f03aa1,69104.0,70431.0,1327.0,1,1.0,6.0,0.0,1.0,MISC,6794,1327.0,6.0,1.0,69104.0,1.0
4338499d3c24cc35be17b44c,6795,5b1345f03aa1,69123.0,70218.0,1095.0,1,1.0,6.0,0.0,1.0,P100,6795,1095.0,6.0,1.0,69123.0,1.0
4338499d3c24cc35be17b44c,6796,5b1345f03aa1,69130.0,70013.0,883.0,1,1.0,6.0,0.0,1.0,MISC,6796,883.0,6.0,1.0,69130.0,1.0
4338499d3c24cc35be17b44c,6797,5b1345f03aa1,69142.0,70445.0,1303.0,1,1.0,6.0,0.0,1.0,MISC,6797,1303.0,6.0,1.0,69142.0,1.0
4338499d3c24cc35be17b44c,6798,5b1345f03aa1,69165.0,70169.0,1004.0,1,1.0,6.0,0.0,1.0,MISC,6798,1004.0,6.0,1.0,69165.0,1.0
4d8fee7f10bd7edbb75b96b3,6801,b2c52019b2c6,69183.0,75258.0,6075.0,1,40.0,3.0,0.0,0.25,MISC,6801,6075.0,120.0,10.0,69183.0,40.0
4d8fee7f10bd7edbb75b96b3,6803,b2c52019b2c6,69188.0,73884.0,4696.0,1,80.0,3.0,0.0,0.25,P100,6803,4696.0,240.0,20.0,69188.0,80.0
4d8fee7f10bd7edbb75b96b3,6804,b2c52019b2c6,69191.0,73503.0,4312.0,1,80.0,3.0,0.0,0.25,P100,6804,4312.0,240.0,20.0,69191.0,80.0
d894fd1af131ed7a296716b5,6807,58540f191766,69217.0,77315.0,8098.0,1,1.0,6.0,0.0,1.0,MISC,6807,8098.0,6.0,1.0,69217.0,1.0
d894fd1af131ed7a296716b5,6808,58540f191766,69217.0,77200.0,7983.0,1,1.0,6.0,0.0,1.0,MISC,6808,7983.0,6.0,1.0,69217.0,1.0
d894fd1af131ed7a296716b5,6812,58540f191766,69222.0,76951.0,7729.0,1,1.0,6.0,0.0,1.0,MISC,6812,7729.0,6.0,1.0,69222.0,1.0
d894fd1af131ed7a296716b5,6813,58540f191766,69222.0,77820.0,8598.0,1,1.0,6.0,0.0,1.0,MISC,6813,8598.0,6.0,1.0,69222.0,1.0
d894fd1af131ed7a296716b5,6816,58540f191766,69226.0,77920.0,8694.0,1,1.0,6.0,0.0,1.0,MISC,6816,8694.0,6.0,1.0,69226.0,1.0
d894fd1af131ed7a296716b5,6821,58540f191766,69229.0,77118.0,7889.0,1,1.0,6.0,0.0,1.0,V100,6821,7889.0,6.0,1.0,69229.0,1.0
d894fd1af131ed7a296716b5,6823,58540f191766,69229.0,77145.0,7916.0,1,1.0,6.0,0.0,1.0,MISC,6823,7916.0,6.0,1.0,69229.0,1.0
d894fd1af131ed7a296716b5,6824,58540f191766,69229.0,75435.0,6206.0,1,1.0,6.0,0.0,1.0,V100,6824,6206.0,6.0,1.0,69229.0,1.0
d894fd1af131ed7a296716b5,6827,58540f191766,69233.0,76907.0,7674.0,1,1.0,6.0,0.0,1.0,V100,6827,7674.0,6.0,1.0,69233.0,1.0
d894fd1af131ed7a296716b5,6828,58540f191766,69233.0,75826.0,6593.0,1,1.0,6.0,0.0,1.0,V100,6828,6593.0,6.0,1.0,69233.0,1.0
d894fd1af131ed7a296716b5,6829,58540f191766,69233.0,75713.0,6480.0,1,1.0,6.0,0.0,1.0,V100,6829,6480.0,6.0,1.0,69233.0,1.0
d894fd1af131ed7a296716b5,6830,58540f191766,69233.0,77317.0,8084.0,1,1.0,6.0,0.0,1.0,P100,6830,8084.0,6.0,1.0,69233.0,1.0
d894fd1af131ed7a296716b5,6831,58540f191766,69233.0,77118.0,7885.0,1,1.0,6.0,0.0,1.0,P100,6831,7885.0,6.0,1.0,69233.0,1.0
d894fd1af131ed7a296716b5,6833,58540f191766,69238.0,76971.0,7733.0,1,1.0,6.0,0.0,1.0,P100,6833,7733.0,6.0,1.0,69238.0,1.0
4338499d3c24cc35be17b44c,6836,5b1345f03aa1,69248.0,70077.0,829.0,1,1.0,6.0,0.0,1.0,P100,6836,829.0,6.0,1.0,69248.0,1.0
d894fd1af131ed7a296716b5,6838,58540f191766,69251.0,76970.0,7719.0,1,1.0,6.0,0.0,1.0,P100,6838,7719.0,6.0,1.0,69251.0,1.0
d894fd1af131ed7a296716b5,6840,58540f191766,69256.0,76728.0,7472.0,1,1.0,6.0,0.0,1.0,MISC,6840,7472.0,6.0,1.0,69256.0,1.0
d894fd1af131ed7a296716b5,6844,58540f191766,69263.0,77037.0,7774.0,1,1.0,6.0,0.0,1.0,P100,6844,7774.0,6.0,1.0,69263.0,1.0
d894fd1af131ed7a296716b5,6845,58540f191766,69263.0,77214.0,7951.0,1,1.0,6.0,0.0,1.0,P100,6845,7951.0,6.0,1.0,69263.0,1.0
d894fd1af131ed7a296716b5,6846,58540f191766,69263.0,76920.0,7657.0,1,1.0,6.0,0.0,1.0,P100,6846,7657.0,6.0,1.0,69263.0,1.0
d894fd1af131ed7a296716b5,6853,58540f191766,69270.0,75809.0,6539.0,1,1.0,6.0,0.0,1.0,V100,6853,6539.0,6.0,1.0,69270.0,1.0
d894fd1af131ed7a296716b5,6854,58540f191766,69270.0,77111.0,7841.0,1,1.0,6.0,0.0,1.0,V100,6854,7841.0,6.0,1.0,69270.0,1.0
d894fd1af131ed7a296716b5,6855,58540f191766,69270.0,76985.0,7715.0,1,1.0,6.0,0.0,1.0,V100,6855,7715.0,6.0,1.0,69270.0,1.0
d894fd1af131ed7a296716b5,6856,58540f191766,69271.0,77138.0,7867.0,1,1.0,6.0,0.0,1.0,V100,6856,7867.0,6.0,1.0,69271.0,1.0
f17e954e97558148ded21349,6857,c4cbaac9966d,69272.0,69593.0,321.0,1,1.0,10.0,0.0,0.5,T4,6857,321.0,10.0,0.5,69272.0,1.0
d894fd1af131ed7a296716b5,6859,58540f191766,69273.0,77308.0,8035.0,1,1.0,6.0,0.0,1.0,MISC,6859,8035.0,6.0,1.0,69273.0,1.0
845ebc87e40bad0db5b37e26,6862,f14128db0160,69274.0,71483.0,2209.0,1,1.0,6.0,0.0,2.0,P100,6862,2209.0,6.0,2.0,69274.0,1.0
d894fd1af131ed7a296716b5,6863,58540f191766,69276.0,77126.0,7850.0,1,1.0,6.0,0.0,1.0,MISC,6863,7850.0,6.0,1.0,69276.0,1.0
d894fd1af131ed7a296716b5,6864,58540f191766,69278.0,77464.0,8186.0,1,1.0,6.0,0.0,1.0,MISC,6864,8186.0,6.0,1.0,69278.0,1.0
f17e954e97558148ded21349,6865,c4cbaac9966d,69285.0,69669.0,384.0,1,1.0,10.0,0.0,0.5,T4,6865,384.0,10.0,0.5,69285.0,1.0
07a7440f33d2bfb59804064b,6866,9cc55781f4a6,69286.0,71450.0,2164.0,1,1.0,6.0,0.0,1.0,T4,6866,2164.0,6.0,1.0,69286.0,1.0
30185446faeb493c1d55cacd,6867,a8192d6b0ae9,69310.0,69533.0,223.0,1,8.0,6.0,0.0,0.25,MISC,6867,223.0,48.0,2.0,69310.0,8.0
4338499d3c24cc35be17b44c,6868,5b1345f03aa1,69312.0,69451.0,139.0,1,1.0,6.0,0.0,0.25,MISC,6868,139.0,6.0,0.25,69312.0,1.0
0be3971157d6c504afbc3397,6869,354e3b81c515,69345.0,69468.0,123.0,1,1.0,6.0,0.0,1.0,V100,6869,123.0,6.0,1.0,69345.0,1.0
e8efa65aa22dff1e98ff15d7,6871,b3bfe9b79bb5,69362.0,73211.0,3849.0,1,50.0,6.0,0.0,0.5,MISC,6871,3849.0,300.0,25.0,69362.0,50.0
d894fd1af131ed7a296716b5,6873,58540f191766,69368.0,76737.0,7369.0,1,1.0,6.0,0.0,1.0,V100,6873,7369.0,6.0,1.0,69368.0,1.0
4338499d3c24cc35be17b44c,6874,5b1345f03aa1,69370.0,69426.0,56.0,1,1.0,6.0,0.0,1.0,MISC,6874,56.0,6.0,1.0,69370.0,1.0
f17e954e97558148ded21349,6875,c4cbaac9966d,69376.0,69858.0,482.0,1,1.0,10.0,0.0,0.5,T4,6875,482.0,10.0,0.5,69376.0,1.0
d894fd1af131ed7a296716b5,6877,58540f191766,69381.0,76954.0,7573.0,1,1.0,6.0,0.0,1.0,V100,6877,7573.0,6.0,1.0,69381.0,1.0
d894fd1af131ed7a296716b5,6878,58540f191766,69395.0,77306.0,7911.0,1,1.0,6.0,0.0,1.0,P100,6878,7911.0,6.0,1.0,69395.0,1.0
d894fd1af131ed7a296716b5,6879,58540f191766,69399.0,76973.0,7574.0,1,1.0,6.0,0.0,1.0,MISC,6879,7574.0,6.0,1.0,69399.0,1.0
9ae9b2a926a0b1a6e4b0945c,6880,05b25af4dd8b,69407.0,70633.0,1226.0,1,1.0,6.0,0.0,0.5,MISC,6880,1226.0,6.0,0.5,69407.0,1.0
f17e954e97558148ded21349,6881,c4cbaac9966d,69433.0,69885.0,452.0,1,1.0,10.0,0.0,0.5,T4,6881,452.0,10.0,0.5,69433.0,1.0
e14f55e56de8f9e707c8ff95,6882,42aa9724a88c,69469.0,69598.0,129.0,1,1.0,6.0,0.0,1.0,V100,6882,129.0,6.0,1.0,69469.0,1.0
409c51082eb0df95dffc0c9c,6884,e70b0b031fc6,69538.0,69703.0,165.0,1,10.0,8.0,0.0,1.0,MISC,6884,165.0,80.0,10.0,69538.0,10.0
4c63a741106edc46bc1729dd,6885,18febf35d3a1,69574.0,69820.0,246.0,1,1.0,6.0,0.0,1.0,MISC,6885,246.0,6.0,1.0,69574.0,1.0
21858ac282f1092bb15f8831,6886,45bd92802aa9,69603.0,69628.0,25.0,1,1.0,6.0,0.0,1.0,T4,6886,25.0,6.0,1.0,69603.0,1.0
9524a3b2c883ef33cbd83125,6887,a5a5197db050,69646.0,69952.0,306.0,1,1.0,6.0,0.0,0.25,T4,6887,306.0,6.0,0.25,69646.0,1.0
30185446faeb493c1d55cacd,6888,a8192d6b0ae9,69646.0,69742.0,96.0,1,1.0,6.0,0.0,0.25,MISC,6888,96.0,6.0,0.25,69646.0,1.0
f17e954e97558148ded21349,6889,c4cbaac9966d,69685.0,70006.0,321.0,1,1.0,10.0,0.0,0.5,T4,6889,321.0,10.0,0.5,69685.0,1.0
f17e954e97558148ded21349,6890,c4cbaac9966d,69685.0,70132.0,447.0,1,1.0,10.0,0.0,0.5,T4,6890,447.0,10.0,0.5,69685.0,1.0
f17e954e97558148ded21349,6891,c4cbaac9966d,69745.0,70170.0,425.0,1,1.0,10.0,0.0,0.5,T4,6891,425.0,10.0,0.5,69745.0,1.0
21858ac282f1092bb15f8831,6892,45bd92802aa9,69771.0,69976.0,205.0,1,1.0,6.0,0.0,1.0,T4,6892,205.0,6.0,1.0,69771.0,1.0
e8efa65aa22dff1e98ff15d7,6894,b3bfe9b79bb5,69831.0,73829.0,3998.0,1,50.0,6.0,0.0,0.5,MISC,6894,3998.0,300.0,25.0,69831.0,50.0
8106728908feb773a53799c5,6895,698d948206d0,69872.0,70063.0,191.0,1,1.0,6.0,0.0,0.25,MISC,6895,191.0,6.0,0.25,69872.0,1.0
e14f55e56de8f9e707c8ff95,6896,42aa9724a88c,69879.0,69942.0,63.0,1,1.0,6.0,0.0,0.25,MISC,6896,63.0,6.0,0.25,69879.0,1.0
59aa78d1d37936ce6cce7efd,6898,174bc51448f6,69948.0,69955.0,7.0,1,1.0,10.0,0.0,1.0,T4,6898,7.0,10.0,1.0,69948.0,1.0
4c63a741106edc46bc1729dd,6899,18febf35d3a1,69949.0,70204.0,255.0,1,1.0,6.0,0.0,1.0,MISC,6899,255.0,6.0,1.0,69949.0,1.0
f17e954e97558148ded21349,6900,c4cbaac9966d,69951.0,70452.0,501.0,1,1.0,10.0,0.0,0.5,T4,6900,501.0,10.0,0.5,69951.0,1.0
f17e954e97558148ded21349,6901,c4cbaac9966d,69964.0,70857.0,893.0,1,1.0,10.0,0.0,0.5,T4,6901,893.0,10.0,0.5,69964.0,1.0
e8efa65aa22dff1e98ff15d7,6904,b3bfe9b79bb5,70033.0,73217.0,3184.0,1,50.0,6.0,0.0,0.5,MISC,6904,3184.0,300.0,25.0,70033.0,50.0
3995073148156da8994ec8bb,6906,5f4cb64dc693,70068.0,99124.0,29056.0,1,140.0,6.0,0.0,0.25,MISC,6906,29056.0,840.0,35.0,70068.0,140.0
78feeaa91c73e12bd47e2935,6908,4c03cfeaf363,70081.0,70446.0,365.0,1,1.0,6.0,0.0,0.2,MISC,6908,365.0,6.0,0.2,70081.0,1.0
b53f9ebd1eeeea726d1dac78,6910,2cbd33b08024,70084.0,76944.0,6860.0,1,50.0,6.0,0.0,0.25,P100,6910,6860.0,300.0,12.5,70084.0,50.0
86f36e23c21795ada4c10ab4,6911,45ce6f157fbe,70101.0,70405.0,304.0,1,1.0,6.0,0.0,0.25,P100,6911,304.0,6.0,0.25,70101.0,1.0
f17e954e97558148ded21349,6912,c4cbaac9966d,70103.0,70454.0,351.0,1,1.0,10.0,0.0,0.5,T4,6912,351.0,10.0,0.5,70103.0,1.0
64b90ff6fc4ed453909d6918,6914,9e3ba63c4d34,70205.0,70359.0,154.0,1,2.0,6.0,0.0,1.0,T4,6914,154.0,12.0,2.0,70205.0,2.0
f17e954e97558148ded21349,6915,c4cbaac9966d,70207.0,70575.0,368.0,1,1.0,10.0,0.0,0.5,T4,6915,368.0,10.0,0.5,70207.0,1.0
f17e954e97558148ded21349,6917,c4cbaac9966d,70271.0,70614.0,343.0,1,1.0,10.0,0.0,0.5,T4,6917,343.0,10.0,0.5,70271.0,1.0
4338499d3c24cc35be17b44c,6918,5b1345f03aa1,70271.0,70338.0,67.0,1,1.0,6.0,0.0,1.0,MISC,6918,67.0,6.0,1.0,70271.0,1.0
f17e954e97558148ded21349,6919,c4cbaac9966d,70283.0,70472.0,189.0,1,1.0,10.0,0.0,0.5,T4,6919,189.0,10.0,0.5,70283.0,1.0
2fe46f64538b8943a9882bab,6920,c677a0acf7c0,70291.0,73898.0,3607.0,1,5.0,2.0,0.0,1.0,MISC,6920,3607.0,10.0,5.0,70291.0,5.0
07a7440f33d2bfb59804064b,6921,9cc55781f4a6,70330.0,72653.0,2323.0,1,1.0,6.0,0.0,1.0,T4,6921,2323.0,6.0,1.0,70330.0,1.0
07a7440f33d2bfb59804064b,6922,9cc55781f4a6,70338.0,72681.0,2343.0,1,1.0,6.0,0.0,1.0,T4,6922,2343.0,6.0,1.0,70338.0,1.0
f2c4b7ef9bca7bf8390f05cd,6923,1480b75a8c96,70343.0,70668.0,325.0,1,1.0,6.0,0.0,1.0,T4,6923,325.0,6.0,1.0,70343.0,1.0
07a7440f33d2bfb59804064b,6924,9cc55781f4a6,70344.0,72687.0,2343.0,1,1.0,6.0,0.0,1.0,T4,6924,2343.0,6.0,1.0,70344.0,1.0
f17e954e97558148ded21349,6925,c4cbaac9966d,70344.0,70527.0,183.0,1,1.0,10.0,0.0,0.5,T4,6925,183.0,10.0,0.5,70344.0,1.0
e14f55e56de8f9e707c8ff95,6926,42aa9724a88c,70376.0,70427.0,51.0,1,1.0,6.0,0.0,1.0,MISC,6926,51.0,6.0,1.0,70376.0,1.0
0be3971157d6c504afbc3397,6927,354e3b81c515,70424.0,70448.0,24.0,1,1.0,6.0,0.0,1.0,MISC,6927,24.0,6.0,1.0,70424.0,1.0
2fe46f64538b8943a9882bab,6928,c677a0acf7c0,70451.0,70588.0,137.0,1,1.0,6.0,0.0,0.25,MISC,6928,137.0,6.0,0.25,70451.0,1.0
f17e954e97558148ded21349,6929,c4cbaac9966d,70468.0,70632.0,164.0,1,1.0,10.0,0.0,0.5,T4,6929,164.0,10.0,0.5,70468.0,1.0
9c6554174b06015a7af561c6,6930,41f97a75a037,70481.0,70545.0,64.0,1,1.0,6.0,0.0,1.0,T4,6930,64.0,6.0,1.0,70481.0,1.0
07a7440f33d2bfb59804064b,6931,9cc55781f4a6,70491.0,70969.0,478.0,1,1.0,6.0,0.0,0.25,T4,6931,478.0,6.0,0.25,70491.0,1.0
9ae9b2a926a0b1a6e4b0945c,6932,05b25af4dd8b,70503.0,78487.0,7984.0,1,2.0,18.0,0.0,1.0,MISC,6932,7984.0,36.0,2.0,70503.0,2.0
9c6554174b06015a7af561c6,6933,41f97a75a037,70507.0,70541.0,34.0,1,1.0,6.0,0.0,1.0,T4,6933,34.0,6.0,1.0,70507.0,1.0
f17e954e97558148ded21349,6934,c4cbaac9966d,70518.0,71164.0,646.0,1,1.0,10.0,0.0,0.5,T4,6934,646.0,10.0,0.5,70518.0,1.0
f17e954e97558148ded21349,6935,c4cbaac9966d,70523.0,71628.0,1105.0,1,1.0,10.0,0.0,0.5,T4,6935,1105.0,10.0,0.5,70523.0,1.0
9ae9b2a926a0b1a6e4b0945c,6936,05b25af4dd8b,70531.0,75537.0,5006.0,1,2.0,18.0,0.0,1.0,V100,6936,5006.0,36.0,2.0,70531.0,2.0
049570305e6b0ab6aa86bf60,6937,29380421d3fc,70534.0,70578.0,44.0,1,1.0,6.0,0.0,1.0,T4,6937,44.0,6.0,1.0,70534.0,1.0
049570305e6b0ab6aa86bf60,6938,29380421d3fc,70539.0,70584.0,45.0,1,1.0,6.0,0.0,1.0,T4,6938,45.0,6.0,1.0,70539.0,1.0
7406fb7653a17ee61e51469d,6939,8b9c03ad79b8,70572.0,70759.0,187.0,1,1.0,6.0,0.0,1.0,MISC,6939,187.0,6.0,1.0,70572.0,1.0
f17e954e97558148ded21349,6940,c4cbaac9966d,70646.0,71061.0,415.0,1,1.0,10.0,0.0,0.5,T4,6940,415.0,10.0,0.5,70646.0,1.0
07a7440f33d2bfb59804064b,6941,9cc55781f4a6,70663.0,70678.0,15.0,1,1.0,6.0,0.0,1.0,T4,6941,15.0,6.0,1.0,70663.0,1.0
f2c4b7ef9bca7bf8390f05cd,6942,1480b75a8c96,70700.0,70724.0,24.0,1,1.0,6.0,0.0,1.0,T4,6942,24.0,6.0,1.0,70700.0,1.0
f17e954e97558148ded21349,6943,c4cbaac9966d,70710.0,71495.0,785.0,1,1.0,10.0,0.0,0.5,T4,6943,785.0,10.0,0.5,70710.0,1.0
0381d6db958250b056960f1d,6945,47baba33cffe,70741.0,71066.0,325.0,1,10.0,6.0,0.0,0.25,T4,6945,325.0,60.0,2.5,70741.0,10.0
9ae9b2a926a0b1a6e4b0945c,6946,05b25af4dd8b,70797.0,70949.0,152.0,1,1.0,6.0,0.0,1.0,MISC,6946,152.0,6.0,1.0,70797.0,1.0
59aa78d1d37936ce6cce7efd,6947,174bc51448f6,70814.0,70854.0,40.0,1,1.0,10.0,0.0,1.0,T4,6947,40.0,10.0,1.0,70814.0,1.0
4338499d3c24cc35be17b44c,6948,5b1345f03aa1,70865.0,70995.0,130.0,1,1.0,6.0,0.0,0.25,MISC,6948,130.0,6.0,0.25,70865.0,1.0
4338499d3c24cc35be17b44c,6949,5b1345f03aa1,70876.0,70995.0,119.0,1,1.0,6.0,0.0,0.25,MISC,6949,119.0,6.0,0.25,70876.0,1.0
4338499d3c24cc35be17b44c,6952,5b1345f03aa1,70914.0,71188.0,274.0,1,1.0,6.0,0.0,0.5,MISC,6952,274.0,6.0,0.5,70914.0,1.0
f17e954e97558148ded21349,6953,c4cbaac9966d,70921.0,71351.0,430.0,1,1.0,10.0,0.0,0.5,T4,6953,430.0,10.0,0.5,70921.0,1.0
7406fb7653a17ee61e51469d,6954,8b9c03ad79b8,70939.0,71121.0,182.0,1,1.0,6.0,0.0,1.0,MISC,6954,182.0,6.0,1.0,70939.0,1.0
07a7440f33d2bfb59804064b,6955,9cc55781f4a6,71047.0,71484.0,437.0,1,1.0,6.0,0.0,0.25,T4,6955,437.0,6.0,0.25,71047.0,1.0
b7f9f51e4c6321e25e3800e3,6956,4b04f5d81f4a,71072.0,115943.0,44871.0,1,8.0,18.0,0.0,1.0,T4,6956,44871.0,144.0,8.0,71072.0,8.0
f17e954e97558148ded21349,6957,c4cbaac9966d,71112.0,71630.0,518.0,1,1.0,10.0,0.0,0.5,T4,6957,518.0,10.0,0.5,71112.0,1.0
1e724cfcd200e872c2a80a9c,6959,cdbe4a38ca7d,71141.0,71388.0,247.0,1,5.0,6.0,0.0,1.0,MISC,6959,247.0,30.0,5.0,71141.0,5.0
4338499d3c24cc35be17b44c,6961,5b1345f03aa1,71174.0,71215.0,41.0,1,1.0,6.0,0.0,1.0,MISC,6961,41.0,6.0,1.0,71174.0,1.0
3995073148156da8994ec8bb,6962,5f4cb64dc693,71212.0,71408.0,196.0,1,1.0,6.0,0.0,1.0,MISC,6962,196.0,6.0,1.0,71212.0,1.0
4338499d3c24cc35be17b44c,6964,5b1345f03aa1,71226.0,85669.0,14443.0,1,50.0,6.0,0.0,0.25,P100,6964,14443.0,300.0,12.5,71226.0,50.0
f17e954e97558148ded21349,6965,c4cbaac9966d,71236.0,71555.0,319.0,1,1.0,10.0,0.0,0.5,T4,6965,319.0,10.0,0.5,71236.0,1.0
3995073148156da8994ec8bb,6966,5f4cb64dc693,71240.0,71359.0,119.0,1,10.0,6.0,0.0,0.5,MISC,6966,119.0,60.0,5.0,71240.0,10.0
e14f55e56de8f9e707c8ff95,6967,42aa9724a88c,71267.0,71325.0,58.0,1,1.0,6.0,0.0,1.0,MISC,6967,58.0,6.0,1.0,71267.0,1.0
8ccb9c9fe88b53537e096dd9,6968,de69ddc1064e,71267.0,71376.0,109.0,1,1.0,6.0,0.0,0.25,MISC,6968,109.0,6.0,0.25,71267.0,1.0
0be3971157d6c504afbc3397,6969,354e3b81c515,71301.0,71335.0,34.0,1,1.0,6.0,0.0,1.0,V100,6969,34.0,6.0,1.0,71301.0,1.0
7406fb7653a17ee61e51469d,6970,8b9c03ad79b8,71332.0,71921.0,589.0,1,1.0,6.0,0.0,1.0,MISC,6970,589.0,6.0,1.0,71332.0,1.0
7406fb7653a17ee61e51469d,6971,8b9c03ad79b8,71391.0,71598.0,207.0,1,1.0,6.0,0.0,1.0,MISC,6971,207.0,6.0,1.0,71391.0,1.0
e8efa65aa22dff1e98ff15d7,6973,b3bfe9b79bb5,71398.0,72461.0,1063.0,1,50.0,6.0,0.0,0.25,MISC,6973,1063.0,300.0,12.5,71398.0,50.0
f17e954e97558148ded21349,6974,c4cbaac9966d,71420.0,72031.0,611.0,1,1.0,10.0,0.0,0.5,T4,6974,611.0,10.0,0.5,71420.0,1.0
3995073148156da8994ec8bb,6975,5f4cb64dc693,71425.0,71604.0,179.0,1,10.0,6.0,0.0,0.5,MISC,6975,179.0,60.0,5.0,71425.0,10.0
b7f9f51e4c6321e25e3800e3,6976,4b04f5d81f4a,71523.0,105643.0,34120.0,1,8.0,18.0,0.0,1.0,T4,6976,34120.0,144.0,8.0,71523.0,8.0
4d8fee7f10bd7edbb75b96b3,6977,b2c52019b2c6,71569.0,72132.0,563.0,1,1.0,6.0,0.0,1.0,MISC,6977,563.0,6.0,1.0,71569.0,1.0
f17e954e97558148ded21349,6978,c4cbaac9966d,71606.0,72050.0,444.0,1,1.0,10.0,0.0,0.5,T4,6978,444.0,10.0,0.5,71606.0,1.0
f17e954e97558148ded21349,6979,c4cbaac9966d,71670.0,72252.0,582.0,1,1.0,10.0,0.0,0.5,T4,6979,582.0,10.0,0.5,71670.0,1.0
55cce3ac994960c8b9beba61,6980,e2fcb2ac20ae,71677.0,72818.0,1141.0,1,1.0,6.0,0.0,1.0,MISC,6980,1141.0,6.0,1.0,71677.0,1.0
f17e954e97558148ded21349,6981,c4cbaac9966d,71743.0,72122.0,379.0,1,1.0,10.0,0.0,0.5,T4,6981,379.0,10.0,0.5,71743.0,1.0
f17e954e97558148ded21349,6982,c4cbaac9966d,71743.0,72142.0,399.0,1,1.0,10.0,0.0,0.5,T4,6982,399.0,10.0,0.5,71743.0,1.0
fdca1b26347a096dc8cd73ec,6984,edc10645cc3f,71834.0,102710.0,30876.0,1,3.0,6.0,0.0,0.25,MISC,6984,30876.0,18.0,0.75,71834.0,3.0
07a7440f33d2bfb59804064b,6985,9cc55781f4a6,71838.0,74774.0,2936.0,1,1.0,6.0,0.0,0.25,T4,6985,2936.0,6.0,0.25,71838.0,1.0
7406fb7653a17ee61e51469d,6986,8b9c03ad79b8,71841.0,72048.0,207.0,1,1.0,6.0,0.0,0.25,MISC,6986,207.0,6.0,0.25,71841.0,1.0
0be3971157d6c504afbc3397,6987,354e3b81c515,71906.0,71940.0,34.0,1,1.0,6.0,0.0,1.0,MISC,6987,34.0,6.0,1.0,71906.0,1.0
30185446faeb493c1d55cacd,6989,a8192d6b0ae9,72006.0,72079.0,73.0,1,1.0,6.0,0.0,1.0,MISC,6989,73.0,6.0,1.0,72006.0,1.0
a6f4f091632f915821796807,6990,e71cb97ab858,72036.0,72136.0,100.0,1,10.0,6.0,0.0,1.0,MISC,6990,100.0,60.0,10.0,72036.0,10.0
e14f55e56de8f9e707c8ff95,6991,42aa9724a88c,72051.0,72133.0,82.0,1,10.0,6.0,0.0,1.0,V100,6991,82.0,60.0,10.0,72051.0,10.0
30185446faeb493c1d55cacd,6992,a8192d6b0ae9,72072.0,72146.0,74.0,1,1.0,6.0,0.0,1.0,MISC,6992,74.0,6.0,1.0,72072.0,1.0
b53f9ebd1eeeea726d1dac78,6994,2cbd33b08024,72118.0,77571.0,5453.0,1,1.0,6.0,0.0,0.25,MISC,6994,5453.0,6.0,0.25,72118.0,1.0
4338499d3c24cc35be17b44c,6995,5b1345f03aa1,72120.0,72171.0,51.0,1,1.0,6.0,0.0,1.0,MISC,6995,51.0,6.0,1.0,72120.0,1.0
f17e954e97558148ded21349,6996,c4cbaac9966d,72131.0,72508.0,377.0,1,1.0,10.0,0.0,0.5,T4,6996,377.0,10.0,0.5,72131.0,1.0
f17e954e97558148ded21349,6997,c4cbaac9966d,72136.0,72516.0,380.0,1,1.0,10.0,0.0,0.5,T4,6997,380.0,10.0,0.5,72136.0,1.0
0ebe4c9c62b510c178e66637,6998,fd686fcc9dc1,72160.0,72587.0,427.0,1,1.0,8.0,0.0,1.0,T4,6998,427.0,8.0,1.0,72160.0,1.0
4d8fee7f10bd7edbb75b96b3,6999,b2c52019b2c6,72168.0,72313.0,145.0,1,1.0,6.0,0.0,1.0,MISC,6999,145.0,6.0,1.0,72168.0,1.0
f17e954e97558148ded21349,7000,c4cbaac9966d,72192.0,72522.0,330.0,1,1.0,10.0,0.0,0.5,T4,7000,330.0,10.0,0.5,72192.0,1.0
f17e954e97558148ded21349,7001,c4cbaac9966d,72193.0,72631.0,438.0,1,1.0,10.0,0.0,0.5,T4,7001,438.0,10.0,0.5,72193.0,1.0
f2c4b7ef9bca7bf8390f05cd,7002,1480b75a8c96,72205.0,72531.0,326.0,1,1.0,6.0,0.0,1.0,T4,7002,326.0,6.0,1.0,72205.0,1.0
7406fb7653a17ee61e51469d,7003,8b9c03ad79b8,72239.0,72451.0,212.0,1,1.0,6.0,0.0,0.25,MISC,7003,212.0,6.0,0.25,72239.0,1.0
3e5fb00bf43aa67ee5c2b6d5,7004,f134c9ec05e3,72265.0,72539.0,274.0,1,1.0,6.0,0.0,0.5,MISC,7004,274.0,6.0,0.5,72265.0,1.0
845ebc87e40bad0db5b37e26,7005,f14128db0160,72287.0,72342.0,55.0,1,1.0,6.0,0.0,2.0,MISC,7005,55.0,6.0,2.0,72287.0,1.0
7406fb7653a17ee61e51469d,7006,8b9c03ad79b8,72294.0,72729.0,435.0,1,1.0,6.0,0.0,0.25,MISC,7006,435.0,6.0,0.25,72294.0,1.0
f17e954e97558148ded21349,7007,c4cbaac9966d,72317.0,72649.0,332.0,1,1.0,10.0,0.0,0.5,T4,7007,332.0,10.0,0.5,72317.0,1.0
e14f55e56de8f9e707c8ff95,7008,42aa9724a88c,72330.0,72382.0,52.0,1,1.0,6.0,0.0,1.0,MISC,7008,52.0,6.0,1.0,72330.0,1.0
4338499d3c24cc35be17b44c,7010,5b1345f03aa1,72373.0,72547.0,174.0,1,1.0,6.0,0.0,1.0,MISC,7010,174.0,6.0,1.0,72373.0,1.0
59aa78d1d37936ce6cce7efd,7011,174bc51448f6,72375.0,72425.0,50.0,1,1.0,10.0,0.0,1.0,T4,7011,50.0,10.0,1.0,72375.0,1.0
cd1df31c53b56c4a6d940b58,7012,80f1f7585a7a,72378.0,72898.0,520.0,1,50.0,6.0,0.0,0.25,MISC,7012,520.0,300.0,12.5,72378.0,50.0
0be3971157d6c504afbc3397,7013,354e3b81c515,72445.0,72464.0,19.0,1,1.0,6.0,0.0,1.0,MISC,7013,19.0,6.0,1.0,72445.0,1.0
826527f33ae718a54618b507,7014,b2560dd9db14,72509.0,73706.0,1197.0,1,1.0,6.0,0.0,1.0,MISC,7014,1197.0,6.0,1.0,72509.0,1.0
4338499d3c24cc35be17b44c,7015,5b1345f03aa1,72554.0,73776.0,1222.0,1,1.0,6.0,0.0,1.0,MISC,7015,1222.0,6.0,1.0,72554.0,1.0
f2c4b7ef9bca7bf8390f05cd,7016,1480b75a8c96,72566.0,72590.0,24.0,1,1.0,6.0,0.0,1.0,T4,7016,24.0,6.0,1.0,72566.0,1.0
4338499d3c24cc35be17b44c,7017,5b1345f03aa1,72572.0,73318.0,746.0,1,1.0,6.0,0.0,1.0,MISC,7017,746.0,6.0,1.0,72572.0,1.0
4338499d3c24cc35be17b44c,7018,5b1345f03aa1,72609.0,73400.0,791.0,1,1.0,6.0,0.0,1.0,MISC,7018,791.0,6.0,1.0,72609.0,1.0
4338499d3c24cc35be17b44c,7019,5b1345f03aa1,72611.0,73810.0,1199.0,1,1.0,6.0,0.0,1.0,MISC,7019,1199.0,6.0,1.0,72611.0,1.0
4338499d3c24cc35be17b44c,7020,5b1345f03aa1,72611.0,72790.0,179.0,1,1.0,6.0,0.0,0.25,MISC,7020,179.0,6.0,0.25,72611.0,1.0
4338499d3c24cc35be17b44c,7021,5b1345f03aa1,72635.0,73662.0,1027.0,1,1.0,6.0,0.0,1.0,MISC,7021,1027.0,6.0,1.0,72635.0,1.0
f17e954e97558148ded21349,7022,c4cbaac9966d,72635.0,73032.0,397.0,1,1.0,10.0,0.0,0.5,T4,7022,397.0,10.0,0.5,72635.0,1.0
f17e954e97558148ded21349,7023,c4cbaac9966d,72635.0,73009.0,374.0,1,1.0,10.0,0.0,0.5,T4,7023,374.0,10.0,0.5,72635.0,1.0
f17e954e97558148ded21349,7024,c4cbaac9966d,72635.0,72970.0,335.0,1,1.0,10.0,0.0,0.5,T4,7024,335.0,10.0,0.5,72635.0,1.0
1484051e2875d76bc27495f6,7025,2d415d162cd1,72657.0,75031.0,2374.0,1,1.0,6.0,0.0,0.25,MISC,7025,2374.0,6.0,0.25,72657.0,1.0
07a7440f33d2bfb59804064b,7026,9cc55781f4a6,72703.0,74987.0,2284.0,1,1.0,6.0,0.0,0.5,T4,7026,2284.0,6.0,0.5,72703.0,1.0
1ccc18d7d13073b642b3a016,7027,d4d51aca8806,72716.0,76060.0,3344.0,1,10.0,6.0,0.0,0.5,T4,7027,3344.0,60.0,5.0,72716.0,10.0
f17e954e97558148ded21349,7028,c4cbaac9966d,72719.0,73097.0,378.0,1,1.0,10.0,0.0,0.5,T4,7028,378.0,10.0,0.5,72719.0,1.0
f17e954e97558148ded21349,7029,c4cbaac9966d,72721.0,72999.0,278.0,1,1.0,10.0,0.0,0.5,T4,7029,278.0,10.0,0.5,72721.0,1.0
07a7440f33d2bfb59804064b,7030,9cc55781f4a6,72737.0,75140.0,2403.0,1,1.0,6.0,0.0,0.5,T4,7030,2403.0,6.0,0.5,72737.0,1.0
07a7440f33d2bfb59804064b,7031,9cc55781f4a6,72740.0,75033.0,2293.0,1,1.0,6.0,0.0,0.5,T4,7031,2293.0,6.0,0.5,72740.0,1.0
7406fb7653a17ee61e51469d,7032,8b9c03ad79b8,72740.0,72927.0,187.0,1,1.0,6.0,0.0,1.0,MISC,7032,187.0,6.0,1.0,72740.0,1.0
0be3971157d6c504afbc3397,7033,354e3b81c515,72905.0,72927.0,22.0,1,1.0,6.0,0.0,1.0,MISC,7033,22.0,6.0,1.0,72905.0,1.0
4d8fee7f10bd7edbb75b96b3,7035,b2c52019b2c6,72929.0,76236.0,3307.0,1,50.0,6.0,0.0,0.25,MISC,7035,3307.0,300.0,12.5,72929.0,50.0
fdca1b26347a096dc8cd73ec,7036,edc10645cc3f,72930.0,73330.0,400.0,1,1.0,6.0,0.0,0.25,MISC,7036,400.0,6.0,0.25,72930.0,1.0
4338499d3c24cc35be17b44c,7038,5b1345f03aa1,72977.0,73015.0,38.0,1,1.0,6.0,0.0,1.0,MISC,7038,38.0,6.0,1.0,72977.0,1.0
073cabdb7468a949c2d2c663,7039,c69b1489d7dc,73014.0,78159.0,5145.0,1,1.0,32.0,0.0,1.0,P100,7039,5145.0,32.0,1.0,73014.0,1.0
f17e954e97558148ded21349,7040,c4cbaac9966d,73031.0,73481.0,450.0,1,1.0,10.0,0.0,0.5,T4,7040,450.0,10.0,0.5,73031.0,1.0
845ebc87e40bad0db5b37e26,7041,f14128db0160,73052.0,73268.0,216.0,1,1.0,6.0,0.0,2.0,MISC,7041,216.0,6.0,2.0,73052.0,1.0
4338499d3c24cc35be17b44c,7042,5b1345f03aa1,73083.0,73926.0,843.0,1,1.0,6.0,0.0,1.0,MISC,7042,843.0,6.0,1.0,73083.0,1.0
0be3971157d6c504afbc3397,7043,354e3b81c515,73086.0,80367.0,7281.0,1,20.0,26.0,0.0,1.0,P100,7043,7281.0,520.0,20.0,73086.0,20.0
f17e954e97558148ded21349,7044,c4cbaac9966d,73092.0,73583.0,491.0,1,1.0,10.0,0.0,0.5,T4,7044,491.0,10.0,0.5,73092.0,1.0
e14f55e56de8f9e707c8ff95,7045,42aa9724a88c,73093.0,73158.0,65.0,1,1.0,6.0,0.0,1.0,MISC,7045,65.0,6.0,1.0,73093.0,1.0
f17e954e97558148ded21349,7046,c4cbaac9966d,73093.0,73491.0,398.0,1,1.0,10.0,0.0,0.5,T4,7046,398.0,10.0,0.5,73093.0,1.0
f17e954e97558148ded21349,7047,c4cbaac9966d,73094.0,73480.0,386.0,1,1.0,10.0,0.0,0.5,T4,7047,386.0,10.0,0.5,73094.0,1.0
7406fb7653a17ee61e51469d,7048,8b9c03ad79b8,73114.0,73539.0,425.0,1,1.0,6.0,0.0,1.0,MISC,7048,425.0,6.0,1.0,73114.0,1.0
7406fb7653a17ee61e51469d,7049,8b9c03ad79b8,73122.0,73317.0,195.0,1,1.0,6.0,0.0,1.0,MISC,7049,195.0,6.0,1.0,73122.0,1.0
934e2c1ced0fc9ab1ed0ddc1,7051,e8f0049b4ca6,73131.0,76021.0,2890.0,1,1.0,6.0,0.0,0.25,MISC,7051,2890.0,6.0,0.25,73131.0,1.0
fdca1b26347a096dc8cd73ec,7052,edc10645cc3f,73133.0,96839.0,23706.0,1,3.0,6.0,0.0,0.25,MISC,7052,23706.0,18.0,0.75,73133.0,3.0
30185446faeb493c1d55cacd,7053,a8192d6b0ae9,73140.0,73202.0,62.0,1,5.0,18.0,0.0,1.0,P100,7053,62.0,90.0,5.0,73140.0,5.0
f17e954e97558148ded21349,7054,c4cbaac9966d,73153.0,73832.0,679.0,1,1.0,10.0,0.0,0.5,T4,7054,679.0,10.0,0.5,73153.0,1.0
4c63a741106edc46bc1729dd,7055,18febf35d3a1,73168.0,73369.0,201.0,1,1.0,6.0,0.0,1.0,MISC,7055,201.0,6.0,1.0,73168.0,1.0
86f36e23c21795ada4c10ab4,7057,45ce6f157fbe,73181.0,73511.0,330.0,1,1.0,6.0,0.0,0.25,MISC,7057,330.0,6.0,0.25,73181.0,1.0
4d8fee7f10bd7edbb75b96b3,7058,b2c52019b2c6,73182.0,73805.0,623.0,1,30.0,6.0,0.0,0.25,MISC,7058,623.0,180.0,7.5,73182.0,30.0
21858ac282f1092bb15f8831,7059,45bd92802aa9,73263.0,73469.0,206.0,1,1.0,6.0,0.0,1.0,T4,7059,206.0,6.0,1.0,73263.0,1.0
6c3063994722f1e538b28a1a,7061,d7052eeddab7,73285.0,84610.0,11325.0,1,20.0,6.0,0.0,1.0,MISC,7061,11325.0,120.0,20.0,73285.0,20.0
e8efa65aa22dff1e98ff15d7,7063,b3bfe9b79bb5,73303.0,76438.0,3135.0,1,50.0,4.0,0.0,0.5,MISC,7063,3135.0,200.0,25.0,73303.0,50.0
1ccc18d7d13073b642b3a016,7065,d4d51aca8806,73363.0,74064.0,701.0,1,12.0,6.0,0.0,0.25,T4,7065,701.0,72.0,3.0,73363.0,12.0
d31da220e964fb2f1ace98f6,7066,eea150bdfdd6,73381.0,76592.0,3211.0,1,16.0,26.0,0.0,1.0,V100,7066,3211.0,416.0,16.0,73381.0,16.0
1ccc18d7d13073b642b3a016,7068,d4d51aca8806,73441.0,73665.0,224.0,1,12.0,6.0,0.0,0.25,T4,7068,224.0,72.0,3.0,73441.0,12.0
4c63a741106edc46bc1729dd,7069,18febf35d3a1,73474.0,73718.0,244.0,1,1.0,6.0,0.0,1.0,MISC,7069,244.0,6.0,1.0,73474.0,1.0
7406fb7653a17ee61e51469d,7070,8b9c03ad79b8,73506.0,73823.0,317.0,1,1.0,6.0,0.0,0.25,MISC,7070,317.0,6.0,0.25,73506.0,1.0
f17e954e97558148ded21349,7071,c4cbaac9966d,73585.0,74014.0,429.0,1,1.0,10.0,0.0,0.5,T4,7071,429.0,10.0,0.5,73585.0,1.0
f17e954e97558148ded21349,7072,c4cbaac9966d,73588.0,73926.0,338.0,1,1.0,10.0,0.0,0.5,T4,7072,338.0,10.0,0.5,73588.0,1.0
f17e954e97558148ded21349,7073,c4cbaac9966d,73590.0,74166.0,576.0,1,1.0,10.0,0.0,0.5,T4,7073,576.0,10.0,0.5,73590.0,1.0
f17e954e97558148ded21349,7075,c4cbaac9966d,73616.0,74063.0,447.0,1,1.0,10.0,0.0,0.5,T4,7075,447.0,10.0,0.5,73616.0,1.0
4d8fee7f10bd7edbb75b96b3,7076,b2c52019b2c6,73617.0,74752.0,1135.0,1,80.0,2.0,0.0,0.2,MISC,7076,1135.0,160.0,16.0,73617.0,80.0
fdca1b26347a096dc8cd73ec,7078,edc10645cc3f,73645.0,87028.0,13383.0,1,4.0,6.0,0.0,0.2,MISC,7078,13383.0,24.0,0.8,73645.0,4.0
fdca1b26347a096dc8cd73ec,7080,edc10645cc3f,73652.0,95319.0,21667.0,1,8.0,6.0,0.0,0.2,MISC,7080,21667.0,48.0,1.6,73652.0,8.0
fdca1b26347a096dc8cd73ec,7082,edc10645cc3f,73661.0,85262.0,11601.0,1,4.0,6.0,0.0,0.2,MISC,7082,11601.0,24.0,0.8,73661.0,4.0
da83de84f03f9ac157a419bb,7084,0bce9af21534,73768.0,76559.0,2791.0,1,80.0,1.0,0.0,0.1,MISC,7084,2791.0,80.0,8.0,73768.0,80.0
1ccc18d7d13073b642b3a016,7086,d4d51aca8806,73835.0,75169.0,1334.0,1,12.0,6.0,0.0,0.25,T4,7086,1334.0,72.0,3.0,73835.0,12.0
4338499d3c24cc35be17b44c,7088,5b1345f03aa1,73876.0,73923.0,47.0,1,1.0,6.0,0.0,1.0,MISC,7088,47.0,6.0,1.0,73876.0,1.0
e8efa65aa22dff1e98ff15d7,7090,b3bfe9b79bb5,73916.0,77194.0,3278.0,1,50.0,4.0,0.0,0.5,MISC,7090,3278.0,200.0,25.0,73916.0,50.0
e8efa65aa22dff1e98ff15d7,7092,b3bfe9b79bb5,73924.0,75835.0,1911.0,1,50.0,4.0,0.0,0.5,P100,7092,1911.0,200.0,25.0,73924.0,50.0
4d8fee7f10bd7edbb75b96b3,7094,b2c52019b2c6,73927.0,74050.0,123.0,1,80.0,1.0,0.0,0.2,MISC,7094,123.0,80.0,16.0,73927.0,80.0
f17e954e97558148ded21349,7095,c4cbaac9966d,73931.0,74228.0,297.0,1,1.0,10.0,0.0,0.5,T4,7095,297.0,10.0,0.5,73931.0,1.0
0be3971157d6c504afbc3397,7096,354e3b81c515,73942.0,73964.0,22.0,1,1.0,6.0,0.0,1.0,MISC,7096,22.0,6.0,1.0,73942.0,1.0
59aa78d1d37936ce6cce7efd,7099,174bc51448f6,73984.0,73990.0,6.0,1,1.0,10.0,0.0,1.0,T4,7099,6.0,10.0,1.0,73984.0,1.0
f17e954e97558148ded21349,7100,c4cbaac9966d,73992.0,74321.0,329.0,1,1.0,10.0,0.0,0.5,T4,7100,329.0,10.0,0.5,73992.0,1.0
f2c4b7ef9bca7bf8390f05cd,7101,1480b75a8c96,74006.0,74331.0,325.0,1,1.0,6.0,0.0,1.0,T4,7101,325.0,6.0,1.0,74006.0,1.0
7406fb7653a17ee61e51469d,7102,8b9c03ad79b8,74018.0,74209.0,191.0,1,1.0,6.0,0.0,0.25,MISC,7102,191.0,6.0,0.25,74018.0,1.0
e14f55e56de8f9e707c8ff95,7103,42aa9724a88c,74047.0,74105.0,58.0,1,1.0,6.0,0.0,1.0,MISC,7103,58.0,6.0,1.0,74047.0,1.0
9c6554174b06015a7af561c6,7104,41f97a75a037,74056.0,74120.0,64.0,1,1.0,6.0,0.0,1.0,T4,7104,64.0,6.0,1.0,74056.0,1.0
2fe46f64538b8943a9882bab,7105,c677a0acf7c0,74081.0,77662.0,3581.0,1,5.0,2.0,0.0,1.0,MISC,7105,3581.0,10.0,5.0,74081.0,5.0
049570305e6b0ab6aa86bf60,7106,29380421d3fc,74114.0,74158.0,44.0,1,1.0,6.0,0.0,1.0,T4,7106,44.0,6.0,1.0,74114.0,1.0
f17e954e97558148ded21349,7107,c4cbaac9966d,74115.0,74482.0,367.0,1,1.0,10.0,0.0,0.5,T4,7107,367.0,10.0,0.5,74115.0,1.0
f17e954e97558148ded21349,7108,c4cbaac9966d,74116.0,74455.0,339.0,1,1.0,10.0,0.0,0.5,T4,7108,339.0,10.0,0.5,74116.0,1.0
9c6554174b06015a7af561c6,7109,41f97a75a037,74128.0,74181.0,53.0,1,1.0,6.0,0.0,1.0,T4,7109,53.0,6.0,1.0,74128.0,1.0
049570305e6b0ab6aa86bf60,7110,29380421d3fc,74149.0,74193.0,44.0,1,1.0,6.0,0.0,1.0,T4,7110,44.0,6.0,1.0,74149.0,1.0
59aa78d1d37936ce6cce7efd,7111,174bc51448f6,74188.0,74195.0,7.0,1,1.0,10.0,0.0,1.0,T4,7111,7.0,10.0,1.0,74188.0,1.0
1ccc18d7d13073b642b3a016,7113,d4d51aca8806,74230.0,75917.0,1687.0,1,12.0,6.0,0.0,0.25,T4,7113,1687.0,72.0,3.0,74230.0,12.0
f17e954e97558148ded21349,7114,c4cbaac9966d,74242.0,74535.0,293.0,1,1.0,10.0,0.0,0.5,T4,7114,293.0,10.0,0.5,74242.0,1.0
4338499d3c24cc35be17b44c,7115,5b1345f03aa1,74244.0,74368.0,124.0,1,1.0,6.0,0.0,0.25,MISC,7115,124.0,6.0,0.25,74244.0,1.0
4338499d3c24cc35be17b44c,7116,5b1345f03aa1,74257.0,74369.0,112.0,1,1.0,6.0,0.0,0.25,MISC,7116,112.0,6.0,0.25,74257.0,1.0
f17e954e97558148ded21349,7117,c4cbaac9966d,74303.0,74720.0,417.0,1,1.0,10.0,0.0,0.5,T4,7117,417.0,10.0,0.5,74303.0,1.0
4338499d3c24cc35be17b44c,7118,5b1345f03aa1,74304.0,74528.0,224.0,1,1.0,6.0,0.0,0.5,MISC,7118,224.0,6.0,0.5,74304.0,1.0
f2c4b7ef9bca7bf8390f05cd,7119,1480b75a8c96,74406.0,74430.0,24.0,1,1.0,6.0,0.0,1.0,T4,7119,24.0,6.0,1.0,74406.0,1.0
07a7440f33d2bfb59804064b,7120,9cc55781f4a6,74413.0,74468.0,55.0,1,1.0,6.0,0.0,1.0,T4,7120,55.0,6.0,1.0,74413.0,1.0
1ccc18d7d13073b642b3a016,7122,d4d51aca8806,74417.0,74663.0,246.0,1,12.0,6.0,0.0,0.25,T4,7122,246.0,72.0,3.0,74417.0,12.0
f17e954e97558148ded21349,7123,c4cbaac9966d,74427.0,75401.0,974.0,1,1.0,10.0,0.0,0.5,T4,7123,974.0,10.0,0.5,74427.0,1.0
7406fb7653a17ee61e51469d,7125,8b9c03ad79b8,74436.0,74633.0,197.0,1,1.0,6.0,0.0,0.25,MISC,7125,197.0,6.0,0.25,74436.0,1.0
1ccc18d7d13073b642b3a016,7126,d4d51aca8806,74437.0,77022.0,2585.0,1,12.0,6.0,0.0,0.25,T4,7126,2585.0,72.0,3.0,74437.0,12.0
78feeaa91c73e12bd47e2935,7128,4c03cfeaf363,74464.0,75062.0,598.0,1,1.0,6.0,0.0,0.2,MISC,7128,598.0,6.0,0.2,74464.0,1.0
07a7440f33d2bfb59804064b,7129,9cc55781f4a6,74503.0,74519.0,16.0,1,1.0,6.0,0.0,1.0,T4,7129,16.0,6.0,1.0,74503.0,1.0
f17e954e97558148ded21349,7130,c4cbaac9966d,74548.0,74895.0,347.0,1,1.0,10.0,0.0,0.5,T4,7130,347.0,10.0,0.5,74548.0,1.0
f17e954e97558148ded21349,7131,c4cbaac9966d,74551.0,75150.0,599.0,1,1.0,10.0,0.0,0.5,T4,7131,599.0,10.0,0.5,74551.0,1.0
59aa78d1d37936ce6cce7efd,7132,174bc51448f6,74553.0,74560.0,7.0,1,1.0,10.0,0.0,1.0,T4,7132,7.0,10.0,1.0,74553.0,1.0
1ccc18d7d13073b642b3a016,7134,d4d51aca8806,74570.0,91706.0,17136.0,1,12.0,6.0,0.0,0.25,T4,7134,17136.0,72.0,3.0,74570.0,12.0
f17e954e97558148ded21349,7135,c4cbaac9966d,74580.0,75088.0,508.0,1,1.0,10.0,0.0,0.5,T4,7135,508.0,10.0,0.5,74580.0,1.0
433bfd725b59101b87a00f28,7136,656fef1616c7,74615.0,75112.0,497.0,1,1.0,6.0,0.0,1.0,MISC,7136,497.0,6.0,1.0,74615.0,1.0
7406fb7653a17ee61e51469d,7137,8b9c03ad79b8,74875.0,75082.0,207.0,1,1.0,6.0,0.0,0.25,MISC,7137,207.0,6.0,0.25,74875.0,1.0
59aa78d1d37936ce6cce7efd,7138,174bc51448f6,74891.0,74898.0,7.0,1,1.0,10.0,0.0,1.0,T4,7138,7.0,10.0,1.0,74891.0,1.0
07a7440f33d2bfb59804064b,7139,9cc55781f4a6,74972.0,102953.0,27981.0,1,1.0,6.0,0.0,0.25,T4,7139,27981.0,6.0,0.25,74972.0,1.0
e14f55e56de8f9e707c8ff95,7140,42aa9724a88c,75012.0,75081.0,69.0,1,1.0,6.0,0.0,1.0,MISC,7140,69.0,6.0,1.0,75012.0,1.0
59aa78d1d37936ce6cce7efd,7141,174bc51448f6,75038.0,75046.0,8.0,1,1.0,10.0,0.0,1.0,T4,7141,8.0,10.0,1.0,75038.0,1.0
0be3971157d6c504afbc3397,7143,354e3b81c515,75054.0,75071.0,17.0,1,1.0,6.0,0.0,1.0,MISC,7143,17.0,6.0,1.0,75054.0,1.0
f17e954e97558148ded21349,7145,c4cbaac9966d,75075.0,75331.0,256.0,1,1.0,10.0,0.0,0.5,T4,7145,256.0,10.0,0.5,75075.0,1.0
f17e954e97558148ded21349,7147,c4cbaac9966d,75081.0,75372.0,291.0,1,1.0,10.0,0.0,0.5,T4,7147,291.0,10.0,0.5,75081.0,1.0
fdca1b26347a096dc8cd73ec,7148,edc10645cc3f,75105.0,90212.0,15107.0,1,4.0,6.0,0.0,0.2,MISC,7148,15107.0,24.0,0.8,75105.0,4.0
fdca1b26347a096dc8cd73ec,7149,edc10645cc3f,75134.0,90130.0,14996.0,1,4.0,6.0,0.0,0.2,MISC,7149,14996.0,24.0,0.8,75134.0,4.0
fdca1b26347a096dc8cd73ec,7150,edc10645cc3f,75136.0,113363.0,38227.0,1,8.0,6.0,0.0,0.2,MISC,7150,38227.0,48.0,1.6,75136.0,8.0
f17e954e97558148ded21349,7151,c4cbaac9966d,75202.0,76301.0,1099.0,1,1.0,10.0,0.0,0.5,T4,7151,1099.0,10.0,0.5,75202.0,1.0
f17e954e97558148ded21349,7152,c4cbaac9966d,75262.0,75635.0,373.0,1,1.0,10.0,0.0,0.5,T4,7152,373.0,10.0,0.5,75262.0,1.0
7406fb7653a17ee61e51469d,7153,8b9c03ad79b8,75267.0,75465.0,198.0,1,1.0,6.0,0.0,0.25,MISC,7153,198.0,6.0,0.25,75267.0,1.0
07a7440f33d2bfb59804064b,7154,9cc55781f4a6,75340.0,77866.0,2526.0,1,1.0,6.0,0.0,0.25,T4,7154,2526.0,6.0,0.25,75340.0,1.0
d894fd1af131ed7a296716b5,7155,58540f191766,75387.0,75817.0,430.0,1,1.0,6.0,0.0,1.0,MISC,7155,430.0,6.0,1.0,75387.0,1.0
d894fd1af131ed7a296716b5,7156,58540f191766,75387.0,76358.0,971.0,1,1.0,6.0,0.0,1.0,MISC,7156,971.0,6.0,1.0,75387.0,1.0
d894fd1af131ed7a296716b5,7157,58540f191766,75387.0,76270.0,883.0,1,1.0,6.0,0.0,1.0,MISC,7157,883.0,6.0,1.0,75387.0,1.0
d894fd1af131ed7a296716b5,7158,58540f191766,75387.0,76158.0,771.0,1,1.0,6.0,0.0,1.0,MISC,7158,771.0,6.0,1.0,75387.0,1.0
7406fb7653a17ee61e51469d,7159,8b9c03ad79b8,75407.0,75852.0,445.0,1,1.0,6.0,0.0,0.25,MISC,7159,445.0,6.0,0.25,75407.0,1.0
0be3971157d6c504afbc3397,7160,354e3b81c515,75430.0,75454.0,24.0,1,1.0,6.0,0.0,1.0,MISC,7160,24.0,6.0,1.0,75430.0,1.0
f17e954e97558148ded21349,7161,c4cbaac9966d,75449.0,75825.0,376.0,1,1.0,10.0,0.0,0.5,T4,7161,376.0,10.0,0.5,75449.0,1.0
f17e954e97558148ded21349,7162,c4cbaac9966d,75451.0,75777.0,326.0,1,1.0,10.0,0.0,0.5,T4,7162,326.0,10.0,0.5,75451.0,1.0
fdca1b26347a096dc8cd73ec,7163,edc10645cc3f,75455.0,76148.0,693.0,1,1.0,6.0,0.0,0.5,MISC,7163,693.0,6.0,0.5,75455.0,1.0
f17e954e97558148ded21349,7164,c4cbaac9966d,75508.0,75957.0,449.0,1,1.0,10.0,0.0,0.5,T4,7164,449.0,10.0,0.5,75508.0,1.0
d894fd1af131ed7a296716b5,7165,58540f191766,75532.0,76580.0,1048.0,1,1.0,6.0,0.0,0.5,MISC,7165,1048.0,6.0,0.5,75532.0,1.0
d894fd1af131ed7a296716b5,7166,58540f191766,75533.0,77041.0,1508.0,1,1.0,6.0,0.0,0.5,MISC,7166,1508.0,6.0,0.5,75533.0,1.0
d894fd1af131ed7a296716b5,7167,58540f191766,75534.0,76097.0,563.0,1,1.0,6.0,0.0,0.5,MISC,7167,563.0,6.0,0.5,75534.0,1.0
d894fd1af131ed7a296716b5,7168,58540f191766,75534.0,76619.0,1085.0,1,1.0,6.0,0.0,0.5,MISC,7168,1085.0,6.0,0.5,75534.0,1.0
d894fd1af131ed7a296716b5,7169,58540f191766,75535.0,76109.0,574.0,1,1.0,6.0,0.0,0.5,MISC,7169,574.0,6.0,0.5,75535.0,1.0
d894fd1af131ed7a296716b5,7170,58540f191766,75535.0,76398.0,863.0,1,1.0,6.0,0.0,0.5,MISC,7170,863.0,6.0,0.5,75535.0,1.0
d894fd1af131ed7a296716b5,7172,58540f191766,75535.0,76005.0,470.0,1,1.0,6.0,0.0,0.5,MISC,7172,470.0,6.0,0.5,75535.0,1.0
d894fd1af131ed7a296716b5,7173,58540f191766,75535.0,76451.0,916.0,1,1.0,6.0,0.0,0.5,MISC,7173,916.0,6.0,0.5,75535.0,1.0
d894fd1af131ed7a296716b5,7174,58540f191766,75535.0,76510.0,975.0,1,1.0,6.0,0.0,0.5,MISC,7174,975.0,6.0,0.5,75535.0,1.0
d894fd1af131ed7a296716b5,7175,58540f191766,75536.0,76207.0,671.0,1,1.0,6.0,0.0,0.5,MISC,7175,671.0,6.0,0.5,75536.0,1.0
d894fd1af131ed7a296716b5,7176,58540f191766,75536.0,78397.0,2861.0,1,1.0,6.0,0.0,0.5,MISC,7176,2861.0,6.0,0.5,75536.0,1.0
d894fd1af131ed7a296716b5,7177,58540f191766,75536.0,76541.0,1005.0,1,1.0,6.0,0.0,0.5,MISC,7177,1005.0,6.0,0.5,75536.0,1.0
d894fd1af131ed7a296716b5,7178,58540f191766,75536.0,76229.0,693.0,1,1.0,6.0,0.0,0.5,MISC,7178,693.0,6.0,0.5,75536.0,1.0
d894fd1af131ed7a296716b5,7179,58540f191766,75536.0,76129.0,593.0,1,1.0,6.0,0.0,0.5,MISC,7179,593.0,6.0,0.5,75536.0,1.0
d894fd1af131ed7a296716b5,7180,58540f191766,75536.0,76189.0,653.0,1,1.0,6.0,0.0,0.5,MISC,7180,653.0,6.0,0.5,75536.0,1.0
d894fd1af131ed7a296716b5,7181,58540f191766,75536.0,75775.0,239.0,1,1.0,6.0,0.0,0.5,MISC,7181,239.0,6.0,0.5,75536.0,1.0
d894fd1af131ed7a296716b5,7182,58540f191766,75536.0,75847.0,311.0,1,1.0,6.0,0.0,0.5,MISC,7182,311.0,6.0,0.5,75536.0,1.0
d894fd1af131ed7a296716b5,7183,58540f191766,75537.0,76560.0,1023.0,1,1.0,6.0,0.0,0.5,MISC,7183,1023.0,6.0,0.5,75537.0,1.0
d894fd1af131ed7a296716b5,7184,58540f191766,75537.0,76348.0,811.0,1,1.0,6.0,0.0,0.5,MISC,7184,811.0,6.0,0.5,75537.0,1.0
d894fd1af131ed7a296716b5,7185,58540f191766,75537.0,75755.0,218.0,1,1.0,6.0,0.0,0.5,MISC,7185,218.0,6.0,0.5,75537.0,1.0
d894fd1af131ed7a296716b5,7186,58540f191766,75538.0,76649.0,1111.0,1,1.0,6.0,0.0,0.5,MISC,7186,1111.0,6.0,0.5,75538.0,1.0
d894fd1af131ed7a296716b5,7187,58540f191766,75538.0,77025.0,1487.0,1,1.0,6.0,0.0,0.5,MISC,7187,1487.0,6.0,0.5,75538.0,1.0
d894fd1af131ed7a296716b5,7188,58540f191766,75538.0,76369.0,831.0,1,1.0,6.0,0.0,0.5,MISC,7188,831.0,6.0,0.5,75538.0,1.0
d894fd1af131ed7a296716b5,7189,58540f191766,75538.0,76470.0,932.0,1,1.0,6.0,0.0,0.5,MISC,7189,932.0,6.0,0.5,75538.0,1.0
d894fd1af131ed7a296716b5,7190,58540f191766,75540.0,77235.0,1695.0,1,1.0,6.0,0.0,0.5,MISC,7190,1695.0,6.0,0.5,75540.0,1.0
d894fd1af131ed7a296716b5,7191,58540f191766,75558.0,77326.0,1768.0,1,1.0,6.0,0.0,0.5,MISC,7191,1768.0,6.0,0.5,75558.0,1.0
d894fd1af131ed7a296716b5,7192,58540f191766,75558.0,78082.0,2524.0,1,1.0,6.0,0.0,0.5,MISC,7192,2524.0,6.0,0.5,75558.0,1.0
d894fd1af131ed7a296716b5,7193,58540f191766,75559.0,75896.0,337.0,1,1.0,6.0,0.0,0.5,MISC,7193,337.0,6.0,0.5,75559.0,1.0
d894fd1af131ed7a296716b5,7194,58540f191766,75559.0,76077.0,518.0,1,1.0,6.0,0.0,0.5,MISC,7194,518.0,6.0,0.5,75559.0,1.0
d894fd1af131ed7a296716b5,7195,58540f191766,75559.0,76227.0,668.0,1,1.0,6.0,0.0,0.5,MISC,7195,668.0,6.0,0.5,75559.0,1.0
0381d6db958250b056960f1d,7197,47baba33cffe,75582.0,92317.0,16735.0,1,6.0,6.0,0.0,1.0,T4,7197,16735.0,36.0,6.0,75582.0,6.0
30185446faeb493c1d55cacd,7198,a8192d6b0ae9,75602.0,75666.0,64.0,1,1.0,6.0,0.0,1.0,MISC,7198,64.0,6.0,1.0,75602.0,1.0
30185446faeb493c1d55cacd,7199,a8192d6b0ae9,75656.0,75696.0,40.0,1,1.0,6.0,0.0,1.0,MISC,7199,40.0,6.0,1.0,75656.0,1.0
7406fb7653a17ee61e51469d,7200,8b9c03ad79b8,75702.0,75892.0,190.0,1,1.0,6.0,0.0,0.25,MISC,7200,190.0,6.0,0.25,75702.0,1.0
fdca1b26347a096dc8cd73ec,7202,edc10645cc3f,75709.0,76147.0,438.0,1,1.0,6.0,0.0,0.5,MISC,7202,438.0,6.0,0.5,75709.0,1.0
0be3971157d6c504afbc3397,7205,354e3b81c515,75715.0,75735.0,20.0,1,1.0,6.0,0.0,1.0,MISC,7205,20.0,6.0,1.0,75715.0,1.0
4338499d3c24cc35be17b44c,7207,5b1345f03aa1,75727.0,75763.0,36.0,1,1.0,6.0,0.0,1.0,MISC,7207,36.0,6.0,1.0,75727.0,1.0
f17e954e97558148ded21349,7208,c4cbaac9966d,75731.0,76086.0,355.0,1,1.0,10.0,0.0,0.5,T4,7208,355.0,10.0,0.5,75731.0,1.0
f2c4b7ef9bca7bf8390f05cd,7209,1480b75a8c96,75786.0,76112.0,326.0,1,1.0,6.0,0.0,1.0,T4,7209,326.0,6.0,1.0,75786.0,1.0
f17e954e97558148ded21349,7210,c4cbaac9966d,75849.0,76199.0,350.0,1,1.0,10.0,0.0,0.5,T4,7210,350.0,10.0,0.5,75849.0,1.0
845ebc87e40bad0db5b37e26,7211,f14128db0160,75850.0,75904.0,54.0,1,1.0,6.0,0.0,2.0,MISC,7211,54.0,6.0,2.0,75850.0,1.0
e14f55e56de8f9e707c8ff95,7212,42aa9724a88c,75855.0,75915.0,60.0,1,1.0,6.0,0.0,1.0,MISC,7212,60.0,6.0,1.0,75855.0,1.0
4338499d3c24cc35be17b44c,7213,5b1345f03aa1,75862.0,76052.0,190.0,1,1.0,6.0,0.0,1.0,MISC,7213,190.0,6.0,1.0,75862.0,1.0
28dbedeb830a7a6ebc9dcdb7,7214,c9e676ebc7ef,75885.0,75989.0,104.0,1,1.0,6.0,0.0,1.0,T4,7214,104.0,6.0,1.0,75885.0,1.0
f17e954e97558148ded21349,7215,c4cbaac9966d,75910.0,76336.0,426.0,1,1.0,10.0,0.0,0.5,T4,7215,426.0,10.0,0.5,75910.0,1.0
3e5fb00bf43aa67ee5c2b6d5,7216,f134c9ec05e3,75914.0,76097.0,183.0,1,1.0,6.0,0.0,0.25,MISC,7216,183.0,6.0,0.25,75914.0,1.0
4338499d3c24cc35be17b44c,7217,5b1345f03aa1,75917.0,76601.0,684.0,1,1.0,6.0,0.0,1.0,MISC,7217,684.0,6.0,1.0,75917.0,1.0
4338499d3c24cc35be17b44c,7218,5b1345f03aa1,75933.0,76599.0,666.0,1,1.0,6.0,0.0,1.0,MISC,7218,666.0,6.0,1.0,75933.0,1.0
4338499d3c24cc35be17b44c,7219,5b1345f03aa1,75952.0,76651.0,699.0,1,1.0,6.0,0.0,1.0,MISC,7219,699.0,6.0,1.0,75952.0,1.0
4338499d3c24cc35be17b44c,7220,5b1345f03aa1,75968.0,76650.0,682.0,1,1.0,6.0,0.0,1.0,MISC,7220,682.0,6.0,1.0,75968.0,1.0
4338499d3c24cc35be17b44c,7221,5b1345f03aa1,75984.0,76752.0,768.0,1,1.0,6.0,0.0,1.0,MISC,7221,768.0,6.0,1.0,75984.0,1.0
b53f9ebd1eeeea726d1dac78,7223,2cbd33b08024,76029.0,105527.0,29498.0,1,1.0,6.0,0.0,1.0,MISC,7223,29498.0,6.0,1.0,76029.0,1.0
fdca1b26347a096dc8cd73ec,7224,edc10645cc3f,76032.0,76483.0,451.0,1,1.0,6.0,0.0,0.25,MISC,7224,451.0,6.0,0.25,76032.0,1.0
f17e954e97558148ded21349,7225,c4cbaac9966d,76036.0,76448.0,412.0,1,1.0,10.0,0.0,0.5,T4,7225,412.0,10.0,0.5,76036.0,1.0
4338499d3c24cc35be17b44c,7226,5b1345f03aa1,76048.0,81829.0,5781.0,1,1.0,6.0,0.0,1.0,MISC,7226,5781.0,6.0,1.0,76048.0,1.0
4338499d3c24cc35be17b44c,7227,5b1345f03aa1,76065.0,83997.0,7932.0,1,1.0,6.0,0.0,1.0,MISC,7227,7932.0,6.0,1.0,76065.0,1.0
4338499d3c24cc35be17b44c,7228,5b1345f03aa1,76080.0,83651.0,7571.0,1,1.0,6.0,0.0,1.0,MISC,7228,7571.0,6.0,1.0,76080.0,1.0
4338499d3c24cc35be17b44c,7229,5b1345f03aa1,76082.0,76180.0,98.0,1,1.0,6.0,0.0,0.25,MISC,7229,98.0,6.0,0.25,76082.0,1.0
7406fb7653a17ee61e51469d,7230,8b9c03ad79b8,76086.0,76278.0,192.0,1,1.0,6.0,0.0,0.25,MISC,7230,192.0,6.0,0.25,76086.0,1.0
4338499d3c24cc35be17b44c,7231,5b1345f03aa1,76097.0,83671.0,7574.0,1,1.0,6.0,0.0,1.0,MISC,7231,7574.0,6.0,1.0,76097.0,1.0
4338499d3c24cc35be17b44c,7233,5b1345f03aa1,76113.0,82735.0,6622.0,1,1.0,6.0,0.0,1.0,MISC,7233,6622.0,6.0,1.0,76113.0,1.0
e8efa65aa22dff1e98ff15d7,7234,b3bfe9b79bb5,76114.0,79442.0,3328.0,1,30.0,6.0,0.0,0.25,MISC,7234,3328.0,180.0,7.5,76114.0,30.0
4338499d3c24cc35be17b44c,7235,5b1345f03aa1,76127.0,82396.0,6269.0,1,1.0,6.0,0.0,1.0,MISC,7235,6269.0,6.0,1.0,76127.0,1.0
f2c4b7ef9bca7bf8390f05cd,7236,1480b75a8c96,76140.0,76164.0,24.0,1,1.0,6.0,0.0,1.0,T4,7236,24.0,6.0,1.0,76140.0,1.0
4338499d3c24cc35be17b44c,7237,5b1345f03aa1,76144.0,81180.0,5036.0,1,1.0,6.0,0.0,1.0,MISC,7237,5036.0,6.0,1.0,76144.0,1.0
4338499d3c24cc35be17b44c,7238,5b1345f03aa1,76158.0,80835.0,4677.0,1,1.0,6.0,0.0,1.0,MISC,7238,4677.0,6.0,1.0,76158.0,1.0
f17e954e97558148ded21349,7239,c4cbaac9966d,76160.0,76591.0,431.0,1,1.0,10.0,0.0,0.5,T4,7239,431.0,10.0,0.5,76160.0,1.0
4338499d3c24cc35be17b44c,7240,5b1345f03aa1,76175.0,81709.0,5534.0,1,1.0,6.0,0.0,1.0,MISC,7240,5534.0,6.0,1.0,76175.0,1.0
944edeceea5c25f4a5f79f89,7241,8d8cb36a6118,76183.0,86900.0,10717.0,1,1.0,16.0,0.0,1.0,T4,7241,10717.0,16.0,1.0,76183.0,1.0
4338499d3c24cc35be17b44c,7242,5b1345f03aa1,76191.0,84308.0,8117.0,1,1.0,6.0,0.0,1.0,MISC,7242,8117.0,6.0,1.0,76191.0,1.0
4338499d3c24cc35be17b44c,7243,5b1345f03aa1,76206.0,83074.0,6868.0,1,1.0,6.0,0.0,1.0,MISC,7243,6868.0,6.0,1.0,76206.0,1.0
4338499d3c24cc35be17b44c,7244,5b1345f03aa1,76221.0,81995.0,5774.0,1,1.0,6.0,0.0,1.0,MISC,7244,5774.0,6.0,1.0,76221.0,1.0
e8efa65aa22dff1e98ff15d7,7246,b3bfe9b79bb5,76230.0,76444.0,214.0,1,50.0,4.0,0.0,0.5,MISC,7246,214.0,200.0,25.0,76230.0,50.0
4338499d3c24cc35be17b44c,7247,5b1345f03aa1,76239.0,83132.0,6893.0,1,1.0,6.0,0.0,1.0,MISC,7247,6893.0,6.0,1.0,76239.0,1.0
