job_name,inst_id,user,start_time,end_time,duration_seconds,task_count,instance_count,requested_cpu_percent,requested_memory_units,requested_gpu_units,gpu_types,job_id,duration,num_cpu,num_gpu,submit_time,num_inst
e8baa72bfcd1b723cafab26a,70e4f598c8cdf40f24e0e7d3aba9a9dacde5342e1f2ffd566d00e96ad273,61d6b6dd5b15,1104396.0,1140852.0,36456.0,1,20,12000.0,585.9375,10.0,MISC,70e4f598c8cdf40f24e0e7d3aba9a9dacde5342e1f2ffd566d00e96ad273,36456,120.0,10.0,1104396,20
4e87f469c73e13613908b658,5bb3500e7f1a42a9ce82544dad5f202547848e9727e221414eb5c4482252,61d6b6dd5b15,1109911.0,1233527.0,123616.0,1,30,18000.0,878.90625,15.0,MISC,5bb3500e7f1a42a9ce82544dad5f202547848e9727e221414eb5c4482252,123616,180.0,15.0,1109911,30
dcf1bd23bb296a8efb35902b,4fe3a2e132a1ffd068bf3d6dca3906d24a37f95df2c98e96827ebb66fb58,61d6b6dd5b15,1129126.0,1129627.0,501.0,1,5,3000.0,146.484375,5.0,MISC,4fe3a2e132a1ffd068bf3d6dca3906d24a37f95df2c98e96827ebb66fb58,501,30.0,5.0,1129126,5
b74f75e2ac1c4c418bf87f3d,20df52e779cccafc07c57371d03c2cf22a93c57685828c5eda8390ac1d87,61d6b6dd5b15,1150374.0,1150595.0,221.0,1,5,3000.0,146.484375,5.0,MISC,20df52e779cccafc07c57371d03c2cf22a93c57685828c5eda8390ac1d87,221,30.0,5.0,1150374,5
907b64330b1082339ae4e47e,5576beaf473bd6efaa9e4b4f0639c34fa8c9bbe9b372a10257c33da8d5ac,61d6b6dd5b15,1183478.0,1187493.0,4015.0,1,20,12000.0,1171.875,10.0,MISC,5576beaf473bd6efaa9e4b4f0639c34fa8c9bbe9b372a10257c33da8d5ac,4015,120.0,10.0,1183478,20
2cb82230cc8ab353736201ec,c6931dc691766f60fd1ab8c5aba2cf2d271898b2734f23bd28fc770beab0,61d6b6dd5b15,1185466.0,1190982.0,5516.0,1,20,12000.0,585.9375,10.0,MISC,c6931dc691766f60fd1ab8c5aba2cf2d271898b2734f23bd28fc770beab0,5516,120.0,10.0,1185466,20
8483ac103b9311625a4a4e6c,fa2c9b6faf3c14b9e0b01bd20b4a1835ec7adb8e51f04e6d5154c27192aa,61d6b6dd5b15,1193026.0,1233965.0,40939.0,1,30,18000.0,878.90625,15.0,MISC,fa2c9b6faf3c14b9e0b01bd20b4a1835ec7adb8e51f04e6d5154c27192aa,40939,180.0,15.0,1193026,30
e6c67ef34f64120c557bd363,76ac218178ffd246bda0e91edddd8e84e875522a8e03ae1847c2735089fa,61d6b6dd5b15,1226413.0,1233754.0,7341.0,1,20,12000.0,1171.875,20.0,MISC,76ac218178ffd246bda0e91edddd8e84e875522a8e03ae1847c2735089fa,7341,120.0,20.0,1226413,20
72e448601a3d6c1d5541ea5b,5635852b230a3f68411b9c50c625303b4543fd4ab003f198c7f88399d002,61d6b6dd5b15,1232794.0,1292976.0,60182.0,1,30,18000.0,878.90625,30.0,V100,5635852b230a3f68411b9c50c625303b4543fd4ab003f198c7f88399d002,60182,180.0,30.0,1232794,30
587e92ac95387c4757ce7502,7d00a064b104873e5abb75292db77fe090775bb4ec0cd642b4160def8e76,61d6b6dd5b15,1238294.0,1248846.0,10552.0,1,30,18000.0,878.90625,30.0,P100,7d00a064b104873e5abb75292db77fe090775bb4ec0cd642b4160def8e76,10552,180.0,30.0,1238294,30
cf4ddd3a114b4616ddf66958,9f01cfb5610892714bf82fa0f566af38e04edc0b5cab8c121d1ed99b70b8,61d6b6dd5b15,1270227.0,1270773.0,546.0,1,20,12000.0,1171.875,20.0,MISC,9f01cfb5610892714bf82fa0f566af38e04edc0b5cab8c121d1ed99b70b8,546,120.0,20.0,1270227,20
216606f23abe6fb7299eaaab,029ad294239b10be161df7165f912f864b4239b9104626a06182290da447,61d6b6dd5b15,1273277.0,1370898.0,97621.0,1,20,12000.0,585.9375,20.0,P100,029ad294239b10be161df7165f912f864b4239b9104626a06182290da447,97621,120.0,20.0,1273277,20
02667ae59beb67a708ae6035,e6d2d276dc67ef5e76d30137755afc2a44bb24e17f3317152d5bd93d54ff,61d6b6dd5b15,1276849.0,1279463.0,2614.0,1,30,18000.0,878.90625,15.0,MISC,e6d2d276dc67ef5e76d30137755afc2a44bb24e17f3317152d5bd93d54ff,2614,180.0,15.0,1276849,30
63bf8f3461d7f3b2c901faa5,a7141d0816725be6279a62fdac070aa3daa0334dece417e8fff4ecd6ce5c,61d6b6dd5b15,1302396.0,1302757.0,361.0,1,5,3000.0,146.484375,5.0,MISC,a7141d0816725be6279a62fdac070aa3daa0334dece417e8fff4ecd6ce5c,361,30.0,5.0,1302396,5
a9cdc5c6e349085737bc86c2,14434b9ab0dac8f89a36387c79182b86dd4eb44b7f5b2400309ccf08baab,61d6b6dd5b15,1318077.0,1318397.0,320.0,1,5,3000.0,146.484375,5.0,MISC,14434b9ab0dac8f89a36387c79182b86dd4eb44b7f5b2400309ccf08baab,320,30.0,5.0,1318077,5
728851254f00069876990acb,5970a31d95fcd65a85210b036980ff98199d0bed95a87e142d6e8609ae40,61d6b6dd5b15,1321560.0,1335831.0,14271.0,1,30,18000.0,878.90625,30.0,P100,5970a31d95fcd65a85210b036980ff98199d0bed95a87e142d6e8609ae40,14271,180.0,30.0,1321560,30
43f75d9d3f743e5674616f58,7c3734eb9b1b7f6a50a2e847416298dda1e7aa99e9a3781fc359e71c3de4,61d6b6dd5b15,1356662.0,1356914.0,252.0,1,20,12000.0,1171.875,10.0,MISC,7c3734eb9b1b7f6a50a2e847416298dda1e7aa99e9a3781fc359e71c3de4,252,120.0,10.0,1356662,20
eede8564cc15d1b9d2d0e796,98ea6a80ade2fe960fa66e3c5e3ee7758b648258d3f5dbf6b69dcc4271f1,61d6b6dd5b15,1362350.0,1369183.0,6833.0,1,20,12000.0,585.9375,10.0,MISC,98ea6a80ade2fe960fa66e3c5e3ee7758b648258d3f5dbf6b69dcc4271f1,6833,120.0,10.0,1362350,20
45c41a9c59ff17e405ce4d9e,43aebe95839d60c75d535853391cc575880d7434b56c48b8db8e7e8ce9fd,61d6b6dd5b15,1363609.0,1365101.0,1492.0,1,30,18000.0,878.90625,15.0,MISC,43aebe95839d60c75d535853391cc575880d7434b56c48b8db8e7e8ce9fd,1492,180.0,15.0,1363609,30
09dcd39efd66776a9d0fe6f2,a96952d85b67edeb4eded763657d8313fe96c34cb9a3fff56aedc888e8ac,61d6b6dd5b15,1364539.0,1372233.0,7694.0,1,100,60000.0,2929.6875,50.0,MISC,a96952d85b67edeb4eded763657d8313fe96c34cb9a3fff56aedc888e8ac,7694,600.0,50.0,1364539,100
848a485bbc80783077575957,6f226895f642fbf69305cb5e43fbc20f076bc573ef600bc102e5a807cf0c,61d6b6dd5b15,1388280.0,1388449.0,169.0,1,5,3000.0,146.484375,2.5,MISC,6f226895f642fbf69305cb5e43fbc20f076bc573ef600bc102e5a807cf0c,169,30.0,2.5,1388280,5
b7e080b9d1598978dfe2a4cf,0fcfdb9413e532d100154dd8ae7db3d9dc6860f7b7e4c5b372d78d38d918,61d6b6dd5b15,1399109.0,1403959.0,4850.0,1,20,12000.0,1171.875,10.0,MISC,0fcfdb9413e532d100154dd8ae7db3d9dc6860f7b7e4c5b372d78d38d918,4850,120.0,10.0,1399109,20
9949d0208801be8992903aa0,e28f463e68f334316651d8e7f066460d0cf42b296682d80c60ed1d38650b,61d6b6dd5b15,1412270.0,1412427.0,157.0,1,5,3000.0,146.484375,2.5,MISC,e28f463e68f334316651d8e7f066460d0cf42b296682d80c60ed1d38650b,157,30.0,2.5,1412270,5
d51502d9c804056264f69baa,2786f93fb08486f81921056fbfae7d9d743a0f70b42543084342affc2aa2,61d6b6dd5b15,1419697.0,1419762.0,65.0,1,30,18000.0,878.90625,15.0,MISC,2786f93fb08486f81921056fbfae7d9d743a0f70b42543084342affc2aa2,65,180.0,15.0,1419697,30
ef8b63930def8685f9d28fbb,2b01aff0aecfe92171bfe11d9baa998ba6bbccf9eeb3180dc582070f7176,61d6b6dd5b15,1443207.0,1443474.0,267.0,1,20,12000.0,1171.875,10.0,MISC,2b01aff0aecfe92171bfe11d9baa998ba6bbccf9eeb3180dc582070f7176,267,120.0,10.0,1443207,20
a13be36be9900a6cd29c6eed,ac5c076931c0fbefc654ddd6870567be32ce70c33ef7798bf2cdf5433c3a,61d6b6dd5b15,1458993.0,1461206.0,2213.0,1,20,12000.0,585.9375,10.0,MISC,ac5c076931c0fbefc654ddd6870567be32ce70c33ef7798bf2cdf5433c3a,2213,120.0,10.0,1458993,20
4f4a31644888277f956b2e4a,add462ce2094ed03a37456de0b4ffe1af5f3da9303a446d3eacbecb7901b,61d6b6dd5b15,1460304.0,1462002.0,1698.0,1,30,18000.0,878.90625,15.0,MISC,add462ce2094ed03a37456de0b4ffe1af5f3da9303a446d3eacbecb7901b,1698,180.0,15.0,1460304,30
a00495a049d2088e66527dd1,ee9e3288bc63f4cf6680dd5510e20fdaf498f6b1645f9e5c3f8b0d69c6fa,61d6b6dd5b15,1472569.0,1472971.0,402.0,1,5,3000.0,146.484375,2.5,MISC,ee9e3288bc63f4cf6680dd5510e20fdaf498f6b1645f9e5c3f8b0d69c6fa,402,30.0,2.5,1472569,5
c9e04aef5c669cac66532b24,a0da711ac1e144176384f985cdd8c310edcd588ff4a681f9a4ee64eb819d,61d6b6dd5b15,1485626.0,1485896.0,270.0,1,20,12000.0,1171.875,10.0,MISC,a0da711ac1e144176384f985cdd8c310edcd588ff4a681f9a4ee64eb819d,270,120.0,10.0,1485626,20
284c6747c701542b63a84472,4ac5b0e45fad16f0686e811ecf959c7aaf8402012074af9bc7fd1f9db2ba,61d6b6dd5b15,1489226.0,1489280.0,54.0,1,5,3000.0,146.484375,2.5,MISC,4ac5b0e45fad16f0686e811ecf959c7aaf8402012074af9bc7fd1f9db2ba,54,30.0,2.5,1489226,5
2971ded0d5db156323561b36,adb135d6fd3a9acae579267772794ffc7eb71d52a05f6875a2c5b86b7175,61d6b6dd5b15,1501522.0,1501588.0,66.0,1,30,18000.0,878.90625,15.0,MISC,adb135d6fd3a9acae579267772794ffc7eb71d52a05f6875a2c5b86b7175,66,180.0,15.0,1501522,30
4f171981a4d91657a0963457,3f92d987ea5a5e540a77b8bc4c8e592542a169efbed769f7ed651af79763,61d6b6dd5b15,1529149.0,1529382.0,233.0,1,20,12000.0,1171.875,10.0,MISC,3f92d987ea5a5e540a77b8bc4c8e592542a169efbed769f7ed651af79763,233,120.0,10.0,1529149,20
95a192dab25839e1ba0dbc6f,e98ba804c71872ee73fc93b90a7a493a27fa530de6473488ee21e2866c23,61d6b6dd5b15,1531604.0,1538045.0,6441.0,1,20,12000.0,585.9375,10.0,MISC,e98ba804c71872ee73fc93b90a7a493a27fa530de6473488ee21e2866c23,6441,120.0,10.0,1531604,20
3c41760fa70f50228ec90e42,20f24a21853a28febfc19cbf628ccaa3c25588c088d5a49af5fefac4bd0e,61d6b6dd5b15,1535758.0,1538070.0,2312.0,1,30,18000.0,878.90625,15.0,MISC,20f24a21853a28febfc19cbf628ccaa3c25588c088d5a49af5fefac4bd0e,2312,180.0,15.0,1535758,30
db257204a5a0839639fa338d,72bddb699b4b6be5e36564808310e24fa447c713eaaa9fc40593df9d1225,61d6b6dd5b15,1540931.0,1593898.0,52967.0,1,100,60000.0,2929.6875,50.0,MISC,72bddb699b4b6be5e36564808310e24fa447c713eaaa9fc40593df9d1225,52967,600.0,50.0,1540931,100
fb8b94e2b347d5c8fbc8c71e,d483eca6f096c0fe70e8192571a16a1d2b126c8b09bd89bfb5735b9ab830,61d6b6dd5b15,1560175.0,1560694.0,519.0,1,5,3000.0,146.484375,2.5,MISC,d483eca6f096c0fe70e8192571a16a1d2b126c8b09bd89bfb5735b9ab830,519,30.0,2.5,1560175,5
9fe076b1eb10c732092c525f,309907b67d6f26e64b774a3bd816e6609df6db587918ffbedb6636e666f5,61d6b6dd5b15,1572564.0,1577033.0,4469.0,1,20,12000.0,1171.875,10.0,MISC,309907b67d6f26e64b774a3bd816e6609df6db587918ffbedb6636e666f5,4469,120.0,10.0,1572564,20
41860348854fe3e95ba68307,c1bcff836de79959fd7a6d58eb6e43ef5de6c82d917cc380160f801c1acf,61d6b6dd5b15,1579844.0,1592948.0,13104.0,1,30,18000.0,878.90625,15.0,MISC,c1bcff836de79959fd7a6d58eb6e43ef5de6c82d917cc380160f801c1acf,13104,180.0,15.0,1579844,30
6d04460f259f7374ce2f800c,692d9f5adf9e69c1b3aceda3cc7710cbc85834bca3f1d38f0a1c41eb9f14,61d6b6dd5b15,1587517.0,1587852.0,335.0,1,5,3000.0,146.484375,2.5,MISC,692d9f5adf9e69c1b3aceda3cc7710cbc85834bca3f1d38f0a1c41eb9f14,335,30.0,2.5,1587517,5
11d2aebfd13143c138fd9e18,ad0d2669ea222e5a0e789715bd51ab57af453c8c128dda9b2a927a5d95ff,61d6b6dd5b15,1615602.0,1615931.0,329.0,1,20,12000.0,1171.875,10.0,MISC,ad0d2669ea222e5a0e789715bd51ab57af453c8c128dda9b2a927a5d95ff,329,120.0,10.0,1615602,20
39aac55de4f4a92390ce5ab8,2aaf75d30cb3bb0bf5c5ea48973b8fd19de2bdf0e58d10773216a4d927ad,61d6b6dd5b15,1618974.0,1622090.0,3116.0,1,20,12000.0,585.9375,10.0,MISC,2aaf75d30cb3bb0bf5c5ea48973b8fd19de2bdf0e58d10773216a4d927ad,3116,120.0,10.0,1618974,20
2bca0b5442b82144ffac20d2,0be196a16288b64cc6928c63174f3ca9a904b2b86f3714eff033d359dbd6,61d6b6dd5b15,1621641.0,1623498.0,1857.0,1,30,18000.0,878.90625,15.0,MISC,0be196a16288b64cc6928c63174f3ca9a904b2b86f3714eff033d359dbd6,1857,180.0,15.0,1621641,30
ad8bae3e5a44ffd462d582b1,9bbdb0684904e98250ef9936ea5dbf76b4fb51975499a820e14528d1720e,61d6b6dd5b15,1643287.0,1643578.0,291.0,1,5,3000.0,146.484375,2.5,MISC,9bbdb0684904e98250ef9936ea5dbf76b4fb51975499a820e14528d1720e,291,30.0,2.5,1643287,5
e195c9348162cb34a236e64e,336c1cd30a163b670803648b5aef73095bec1806f7cd2c021f89ddea9298,61d6b6dd5b15,1658945.0,1663788.0,4843.0,1,20,12000.0,1171.875,10.0,V100,336c1cd30a163b670803648b5aef73095bec1806f7cd2c021f89ddea9298,4843,120.0,10.0,1658945,20
22a84d10d99073900ab11148,cfbbd63a9c5777d209c1df721479a2d5a7aacd1330b8a807984d1f81f2d6,61d6b6dd5b15,1660497.0,1660849.0,352.0,1,5,3000.0,146.484375,2.5,MISC,cfbbd63a9c5777d209c1df721479a2d5a7aacd1330b8a807984d1f81f2d6,352,30.0,2.5,1660497,5
1620bb11d7d73321278e9aec,faaf7e67d0b0810baab485d387802b72fd641643d3c87b645fc25570df9e,61d6b6dd5b15,1674895.0,1685693.0,10798.0,1,30,18000.0,878.90625,15.0,MISC,faaf7e67d0b0810baab485d387802b72fd641643d3c87b645fc25570df9e,10798,180.0,15.0,1674895,30
771f2b6b0a3b4c2467d2b0e6,b3b2580efcca050be84b5323e3dc4801aea04ea98aaf45867814b170deb8,61d6b6dd5b15,1704119.0,1740875.0,36756.0,1,20,12000.0,1171.875,5.0,P100,b3b2580efcca050be84b5323e3dc4801aea04ea98aaf45867814b170deb8,36756,120.0,5.0,1704119,20
d8032c2ac6747c4a4e8ac2c7,0c094b050acf85a2e4683ee78058c2693c7a5e0ba2ec95e732c84266b5a6,61d6b6dd5b15,1711798.0,1749091.0,37293.0,1,30,18000.0,878.90625,15.0,MISC,0c094b050acf85a2e4683ee78058c2693c7a5e0ba2ec95e732c84266b5a6,37293,180.0,15.0,1711798,30
b4a470a33d44d130a56ed3d1,6cb52562e01f5bf7e644f6ea2226ab6a8258c826269ebe241dca12b5b3b6,61d6b6dd5b15,1719689.0,1728416.0,8727.0,1,20,12000.0,1171.875,5.0,MISC,6cb52562e01f5bf7e644f6ea2226ab6a8258c826269ebe241dca12b5b3b6,8727,120.0,5.0,1719689,20
f64c965af30da1dcd0369e34,67c53a6fe9db178bbc4836a3c2ff9b0893858df48f6d3f1799e89c3a80b3,61d6b6dd5b15,1733027.0,1785944.0,52917.0,1,20,12000.0,585.9375,5.0,MISC,67c53a6fe9db178bbc4836a3c2ff9b0893858df48f6d3f1799e89c3a80b3,52917,120.0,5.0,1733027,20
b1a66853e0832ed40f5984bc,63795be846b11e12a3419ec59c5d99070018fedeae431f070ce1a15dd584,61d6b6dd5b15,1736006.0,1736405.0,399.0,1,5,3000.0,146.484375,2.5,MISC,63795be846b11e12a3419ec59c5d99070018fedeae431f070ce1a15dd584,399,30.0,2.5,1736006,5
9fc12124fcf404c173b35f81,4863ecce7468248edef9a60ceb53a52c05c336704f5ba8d25f9eb26f10f8,61d6b6dd5b15,1757277.0,1757579.0,302.0,1,5,3000.0,146.484375,2.5,MISC,4863ecce7468248edef9a60ceb53a52c05c336704f5ba8d25f9eb26f10f8,302,30.0,2.5,1757277,5
48e27cd312f6a0645bed6879,d2119e366f7dd803986856acfabab0a10fe68c880846da655cad3ef3387f,61d6b6dd5b15,1772495.0,1915743.0,143248.0,1,30,18000.0,878.90625,30.0,P100,d2119e366f7dd803986856acfabab0a10fe68c880846da655cad3ef3387f,143248,180.0,30.0,1772495,30
b158c83e8ea4033bbdf77efd,2601d1ccc2a90898e8b8dea94af27b73606e80953c84c59bbd0dbcce66da,61d6b6dd5b15,1788601.0,1793515.0,4914.0,1,20,12000.0,1171.875,10.0,MISC,2601d1ccc2a90898e8b8dea94af27b73606e80953c84c59bbd0dbcce66da,4914,120.0,10.0,1788601,20
478a67a112e3b7b9d69c4a3c,220c5810c317294021553dfb8e3b0a2f58153317686580d98954280092f2,61d6b6dd5b15,1794226.0,1917180.0,122954.0,1,30,18000.0,878.90625,15.0,MISC,220c5810c317294021553dfb8e3b0a2f58153317686580d98954280092f2,122954,180.0,15.0,1794226,30
193b202c1bcd910723f5ac7a,632b9dd4703a46a1f310112f59a5ad042ed4ce24c887f1b1c2f586858b4b,61d6b6dd5b15,1795728.0,1808844.0,13116.0,1,20,12000.0,585.9375,10.0,MISC,632b9dd4703a46a1f310112f59a5ad042ed4ce24c887f1b1c2f586858b4b,13116,120.0,10.0,1795728,20
6bb8be5b2f727fc82cfd0e4f,d55e70c3488694d9e16a6ab84661905bd028290531a35b938646b60ec08e,61d6b6dd5b15,1816318.0,1816695.0,377.0,1,5,3000.0,146.484375,5.0,MISC,d55e70c3488694d9e16a6ab84661905bd028290531a35b938646b60ec08e,377,30.0,5.0,1816318,5
bc27784bbb1179b5c1e69811,294bb4f26765f32fb113e58b515bc2ddda70410c1620eed8094c7c4a0196,61d6b6dd5b15,1831844.0,1832548.0,704.0,1,20,12000.0,1171.875,20.0,V100,294bb4f26765f32fb113e58b515bc2ddda70410c1620eed8094c7c4a0196,704,120.0,20.0,1831844,20
b9ab2e9f06de66ccfd98bcb5,5cde0e269531548a4e25425557740f815569495d731ae27bf8931108a394,61d6b6dd5b15,1834540.0,1834897.0,357.0,1,5,3000.0,146.484375,5.0,P100,5cde0e269531548a4e25425557740f815569495d731ae27bf8931108a394,357,30.0,5.0,1834540,5
88e2e27e63a1a2c44299d8e5,fa2b91afd167c6979a2e8b56dc7fc7b495c61b67c53e28f9bebb63a764c5,61d6b6dd5b15,1870548.0,1922971.0,52423.0,1,30,18000.0,878.90625,30.0,P100,fa2b91afd167c6979a2e8b56dc7fc7b495c61b67c53e28f9bebb63a764c5,52423,180.0,30.0,1870548,30
e82778d22c6d1970f3a79c70,7521d85a5174679c711a8f44dfbb62fb6a0af2c86124caef89b276a2867e,61d6b6dd5b15,1874810.0,1875341.0,531.0,1,20,12000.0,1171.875,20.0,P100,7521d85a5174679c711a8f44dfbb62fb6a0af2c86124caef89b276a2867e,531,120.0,20.0,1874810,20
0ffd311d0745349a46ba2943,335c1c904c14e83f181af8fc3481525ff92b3aeb3cef13c1431fe56eda49,61d6b6dd5b15,1880683.0,1886004.0,5321.0,1,20,12000.0,585.9375,10.0,MISC,335c1c904c14e83f181af8fc3481525ff92b3aeb3cef13c1431fe56eda49,5321,120.0,10.0,1880683,20
44c40ac1a1981229e1290814,752b2d30601d2a622cf5f5ff1962ad5d7551080370721d2309b0979c3873,61d6b6dd5b15,1882862.0,1924571.0,41709.0,1,30,18000.0,878.90625,15.0,MISC,752b2d30601d2a622cf5f5ff1962ad5d7551080370721d2309b0979c3873,41709,180.0,15.0,1882862,30
27996c81828f82465f2b6213,948b5364f89cb945c241c45e33655fc06404413f486013f9f1a87825d2c5,61d6b6dd5b15,1918425.0,1918879.0,454.0,1,20,12000.0,1171.875,10.0,P100,948b5364f89cb945c241c45e33655fc06404413f486013f9f1a87825d2c5,454,120.0,10.0,1918425,20
43a76e09d4ea6a47eb67d866,3bfde5977acc15e706d4402b9fee7f80fc6627efb11c3698fef8a08e97c8,61d6b6dd5b15,1962126.0,1962463.0,337.0,1,20,12000.0,1171.875,5.0,MISC,3bfde5977acc15e706d4402b9fee7f80fc6627efb11c3698fef8a08e97c8,337,120.0,5.0,1962126,20
c1432cf0da127dc87962555b,6ec17c46e16a16dbb11263d1a78d28e04dc34a8c9cf7dc1377596dc749ad,61d6b6dd5b15,1969104.0,1970834.0,1730.0,1,30,18000.0,878.90625,15.0,MISC,6ec17c46e16a16dbb11263d1a78d28e04dc34a8c9cf7dc1377596dc749ad,1730,180.0,15.0,1969104,30
6df2121ea81e840f88c80eb4,0eef9382a6af4128a99867bafdb2594d452536df3a762ede6e90a8272911,61d6b6dd5b15,1974087.0,1978388.0,4301.0,1,20,12000.0,585.9375,10.0,MISC,0eef9382a6af4128a99867bafdb2594d452536df3a762ede6e90a8272911,4301,120.0,10.0,1974087,20
61e1bd458f811cdd59602f77,1323630b825a357894206ef745c1bc8abb369f9c5bf797c65021a1a78348,61d6b6dd5b15,1976426.0,1982488.0,6062.0,1,100,60000.0,2929.6875,50.0,MISC,1323630b825a357894206ef745c1bc8abb369f9c5bf797c65021a1a78348,6062,600.0,50.0,1976426,100
1d62d4d888dfdb50f8349d7d,249e11cf99d010d960e7a2c266d1496ad0912cd557dc94959917201f2faa,61d6b6dd5b15,1999565.0,1999697.0,132.0,1,30,18000.0,878.90625,15.0,P100,249e11cf99d010d960e7a2c266d1496ad0912cd557dc94959917201f2faa,132,180.0,15.0,1999565,30
8251559a5853cb599071e58f,c3889818245820bd8dc290b734bc3d15c1220915ebd6ec129e0ca3ee7916,61d6b6dd5b15,2003979.0,2004253.0,274.0,1,20,12000.0,1171.875,10.0,MISC,c3889818245820bd8dc290b734bc3d15c1220915ebd6ec129e0ca3ee7916,274,120.0,10.0,2003979,20
c3e1848eaca9e1f185e4b71f,e9923bf02f24eae7d2db9c2fa88245001989995b2c316e1f608b92f7dac3,61d6b6dd5b15,2048194.0,2048490.0,296.0,1,20,12000.0,1171.875,10.0,MISC,e9923bf02f24eae7d2db9c2fa88245001989995b2c316e1f608b92f7dac3,296,120.0,10.0,2048194,20
2a58a2f2371f06c53fe9cbe9,7769818db23910dc9b0a82b30feedeb81afe0e7ee301e5de95b9d2b8ee12,61d6b6dd5b15,2051868.0,2055833.0,3965.0,1,20,12000.0,585.9375,10.0,MISC,7769818db23910dc9b0a82b30feedeb81afe0e7ee301e5de95b9d2b8ee12,3965,120.0,10.0,2051868,20
c2adda0a270de3013464fa9b,9c9fe38b66bab862ee725575eef02f7e79d13208372729ffaed6dbc36562,61d6b6dd5b15,2053870.0,2056087.0,2217.0,1,30,18000.0,878.90625,15.0,MISC,9c9fe38b66bab862ee725575eef02f7e79d13208372729ffaed6dbc36562,2217,180.0,15.0,2053870,30
de8b0c79af703d7c5cf3bb2f,7f01b450cb1cb96eff285c6ea091b5e1b68c0497c0eff48e8452475611a6,61d6b6dd5b15,2090154.0,2090521.0,367.0,1,20,12000.0,1171.875,10.0,P100,7f01b450cb1cb96eff285c6ea091b5e1b68c0497c0eff48e8452475611a6,367,120.0,10.0,2090154,20
3e4e9725920e7dc4a7a4ebdd,ccc2b2c5742997e7ed0459efa6ec3db8b8e56e3f7fcd5f63e610e1b11cf4,61d6b6dd5b15,2134393.0,2134691.0,298.0,1,20,12000.0,1171.875,5.0,MISC,ccc2b2c5742997e7ed0459efa6ec3db8b8e56e3f7fcd5f63e610e1b11cf4,298,120.0,5.0,2134393,20
1aed3dc2ebbb4660dde67060,2f74ecf40dc8063e845801c4f04f19266a2b77150b2a5bbfb7a7ae1f755a,61d6b6dd5b15,2138122.0,2145299.0,7177.0,1,20,12000.0,585.9375,10.0,MISC,2f74ecf40dc8063e845801c4f04f19266a2b77150b2a5bbfb7a7ae1f755a,7177,120.0,10.0,2138122,20
b7469662979d1d3477c7ec8c,40e8ce316b17546abc422f433775bdcffe2f50a1213419a6da31f8c26fee,61d6b6dd5b15,2141979.0,2259720.0,117741.0,1,30,18000.0,878.90625,15.0,MISC,40e8ce316b17546abc422f433775bdcffe2f50a1213419a6da31f8c26fee,117741,180.0,15.0,2141979,30
4d95af755148cfc0b5c32aff,65a1da54c80e7eb789029bb1c7d559e1eea7040366dd27abf5964c77dc6d,61d6b6dd5b15,2176691.0,2177388.0,697.0,1,20,12000.0,1171.875,10.0,P100,65a1da54c80e7eb789029bb1c7d559e1eea7040366dd27abf5964c77dc6d,697,120.0,10.0,2176691,20
b87f926d6e6201abd32cdb9d,111f2fceccd5960e375fb373586bde11c582ebb22ff46d3c3ea7875ec39f,61d6b6dd5b15,2220254.0,2225901.0,5647.0,1,20,12000.0,1171.875,10.0,MISC,111f2fceccd5960e375fb373586bde11c582ebb22ff46d3c3ea7875ec39f,5647,120.0,10.0,2220254,20
36c3a3c519069c6331fca992,7b492de89d067a87c5583648db8c1f0c65ef2f88d4593ba3f453fe94ec09,61d6b6dd5b15,2222803.0,2252620.0,29817.0,1,20,12000.0,585.9375,10.0,MISC,7b492de89d067a87c5583648db8c1f0c65ef2f88d4593ba3f453fe94ec09,29817,120.0,10.0,2222803,20
0cfb57a8fb681d97de8127c2,174fcb095d356028713bf89a0b7a70e3544c17f900072c9611dccb7e603e,61d6b6dd5b15,2247881.0,2279875.0,31994.0,1,5,3000.0,146.484375,5.0,MISC,174fcb095d356028713bf89a0b7a70e3544c17f900072c9611dccb7e603e,31994,30.0,5.0,2247881,5
b1b070332fd7fc1125c1bfb7,4fb5714b4f55e7c0b1a178ffec11cd13822cee9b9e361bc1b1e3cab4fac9,61d6b6dd5b15,2292974.0,2293212.0,238.0,1,5,3000.0,146.484375,5.0,MISC,4fb5714b4f55e7c0b1a178ffec11cd13822cee9b9e361bc1b1e3cab4fac9,238,30.0,5.0,2292974,5
047307eb123c2bda23999188,bda8a027b6bc6edd1fd21dd270947e5ba2ef9f86ad518ab39a3db426bf88,61d6b6dd5b15,2306497.0,2310379.0,3882.0,1,20,12000.0,1171.875,10.0,MISC,bda8a027b6bc6edd1fd21dd270947e5ba2ef9f86ad518ab39a3db426bf88,3882,120.0,10.0,2306497,20
3b9b37f2824880da3c71535e,9261896d4cce21fb4c091b92dcc92d124e2de5620a8e1001062cb2794880,61d6b6dd5b15,2308546.0,2341029.0,32483.0,1,20,12000.0,585.9375,10.0,MISC,9261896d4cce21fb4c091b92dcc92d124e2de5620a8e1001062cb2794880,32483,120.0,10.0,2308546,20
184e03739a82efb139300a00,7f779421cf711907d819162d1b252e81d2003f50e2e340fc14f16323e393,61d6b6dd5b15,2332545.0,2339176.0,6631.0,1,5,3000.0,146.484375,5.0,MISC,7f779421cf711907d819162d1b252e81d2003f50e2e340fc14f16323e393,6631,30.0,5.0,2332545,5
f15af95bf7a541f6014f4cfb,4256aa1b9287ee948c285b3ca7735c662767ffe24f4a412722bed9e6514f,61d6b6dd5b15,2349359.0,2356246.0,6887.0,1,20,12000.0,1171.875,20.0,P100,4256aa1b9287ee948c285b3ca7735c662767ffe24f4a412722bed9e6514f,6887,120.0,20.0,2349359,20
6de4e7ccf4f6668e893b265b,c9cdd67fb5fe6583aca04de17d2e5c02a038cf99e5c9aad67a53f45012d9,61d6b6dd5b15,2356772.0,2357104.0,332.0,1,5,3000.0,146.484375,5.0,MISC,c9cdd67fb5fe6583aca04de17d2e5c02a038cf99e5c9aad67a53f45012d9,332,30.0,5.0,2356772,5
c3f8df4708a70d9d752b87bc,b1a52741d8ed254331b064a09407fa878fba1133ab6b91376f8fa91b58cd,61d6b6dd5b15,2393095.0,2394196.0,1101.0,1,20,12000.0,1171.875,20.0,MISC,b1a52741d8ed254331b064a09407fa878fba1133ab6b91376f8fa91b58cd,1101,120.0,20.0,2393095,20
96e1b4617deb0e5e2657e831,b34ea770dbacc07f4677482864dfddf11e5782663a8615b8f34270b49f97,61d6b6dd5b15,2394958.0,2426369.0,31411.0,1,20,12000.0,585.9375,20.0,MISC,b34ea770dbacc07f4677482864dfddf11e5782663a8615b8f34270b49f97,31411,120.0,20.0,2394958,20
1262a82a4d9a8813fa9c6e3b,f3cb8768138444f4cfba407d8090b0ed927081fcd7937572f59087f2f710,61d6b6dd5b15,2400616.0,2774697.0,374081.0,1,30,18000.0,878.90625,15.0,MISC,f3cb8768138444f4cfba407d8090b0ed927081fcd7937572f59087f2f710,374081,180.0,15.0,2400616,30
73c4dce93867762c2691764c,b805152cf12e8b411b16da2fa749d6cc7e617972f97adcea0c90373980f1,61d6b6dd5b15,2419117.0,2424735.0,5618.0,1,5,3000.0,146.484375,5.0,MISC,b805152cf12e8b411b16da2fa749d6cc7e617972f97adcea0c90373980f1,5618,30.0,5.0,2419117,5
7d0510ba5ddd487e39aa5303,e7ea82c3ea7f0ed3b0f730596202f6b2648e8aa1c885fcb4a72fb99611d1,61d6b6dd5b15,2435615.0,2440046.0,4431.0,1,20,12000.0,1171.875,20.0,MISC,e7ea82c3ea7f0ed3b0f730596202f6b2648e8aa1c885fcb4a72fb99611d1,4431,120.0,20.0,2435615,20
8bd42fb828d76d391226770f,9144e77049bb6d655696bce971da8908f44641b29e8e0e6b775c4c0655f7,61d6b6dd5b15,2439686.0,2439904.0,218.0,1,5,3000.0,146.484375,5.0,MISC,9144e77049bb6d655696bce971da8908f44641b29e8e0e6b775c4c0655f7,218,30.0,5.0,2439686,5
2016b32b2f9d940af3264dff,1272ddd0cbba9ea522455e7ad8b0c3076bf679b79c7a4222c3eb2895ad5a,61d6b6dd5b15,2479669.0,2480198.0,529.0,1,20,12000.0,1171.875,20.0,P100,1272ddd0cbba9ea522455e7ad8b0c3076bf679b79c7a4222c3eb2895ad5a,529,120.0,20.0,2479669,20
345639b21e883acb6517e1f5,72b3613f8c6e6c421126bfe1dfdcbd1a42df16f0d7704d4dd1758e26c5c8,61d6b6dd5b15,2481283.0,2492155.0,10872.0,1,20,12000.0,585.9375,10.0,MISC,72b3613f8c6e6c421126bfe1dfdcbd1a42df16f0d7704d4dd1758e26c5c8,10872,120.0,10.0,2481283,20
797f410c425257b695ca2a88,caca504892415bc304a7169337e71cf6b42c3903da2e6adbad4fe574a2ae,61d6b6dd5b15,2487600.0,2785002.0,297402.0,1,30,18000.0,878.90625,15.0,MISC,caca504892415bc304a7169337e71cf6b42c3903da2e6adbad4fe574a2ae,297402,180.0,15.0,2487600,30
e3fe25d91124c7fdc06efb6d,16eb80e74e4843dc4793d175ed28b03705322f11536260451cebf37805e6,61d6b6dd5b15,2506260.0,2512333.0,6073.0,1,5,3000.0,146.484375,5.0,MISC,16eb80e74e4843dc4793d175ed28b03705322f11536260451cebf37805e6,6073,30.0,5.0,2506260,5
2be74acd82c7fbf95e8ecd41,6e15bf332e4425ddcc89ecb1551961b726c87ca7fc76f22d28cee0e4b4cd,61d6b6dd5b15,2522177.0,2523297.0,1120.0,1,20,12000.0,1171.875,10.0,P100,6e15bf332e4425ddcc89ecb1551961b726c87ca7fc76f22d28cee0e4b4cd,1120,120.0,10.0,2522177,20
1f8f55bb39748957f5de9c1e,b23fbbf3afa47c4cfee40dc9a98e0e2db5dda473a538b033b80eb5221981,61d6b6dd5b15,2533271.0,2533496.0,225.0,1,5,3000.0,146.484375,5.0,V100M32,b23fbbf3afa47c4cfee40dc9a98e0e2db5dda473a538b033b80eb5221981,225,30.0,5.0,2533271,5
bf38872c1478a8a4e17e8b32,bca30efa9f33e644ae91bd28c000da66b624b63d487f9bcdac5a939184bf,61d6b6dd5b15,2537268.0,2806506.0,269238.0,1,30,18000.0,878.90625,30.0,MISC,bca30efa9f33e644ae91bd28c000da66b624b63d487f9bcdac5a939184bf,269238,180.0,30.0,2537268,30
c114b7d3a8873e64479dfa1c,2a384d214b8f7446397477853876d41d07129fd6b6bd195c17b949f44410,61d6b6dd5b15,2565510.0,2572072.0,6562.0,1,20,12000.0,1171.875,5.0,MISC,2a384d214b8f7446397477853876d41d07129fd6b6bd195c17b949f44410,6562,120.0,5.0,2565510,20
65ca8e5e179a381b21035f83,a9f9fc0db0516fc54cce8c954f0b777c91efc6e9d50dfd39d579dc80b142,61d6b6dd5b15,2568283.0,2608798.0,40515.0,1,20,12000.0,585.9375,10.0,MISC,a9f9fc0db0516fc54cce8c954f0b777c91efc6e9d50dfd39d579dc80b142,40515,120.0,10.0,2568283,20
2ddb933b463ec0ea4360be53,a5428b0d47f7cf4044c3c764c0810118213c263122cbabb658fd504a89ba,61d6b6dd5b15,2574814.0,2814941.0,240127.0,1,30,18000.0,878.90625,15.0,MISC,a5428b0d47f7cf4044c3c764c0810118213c263122cbabb658fd504a89ba,240127,180.0,15.0,2574814,30
8369c09af2cd51e0dd5eacc0,9f908218456ff8c66462ee627421abbc3a363db616f1df7302301289c080,61d6b6dd5b15,2595504.0,2601999.0,6495.0,1,5,3000.0,146.484375,5.0,P100,9f908218456ff8c66462ee627421abbc3a363db616f1df7302301289c080,6495,30.0,5.0,2595504,5
6fe6ce44fa2cb93d044506e7,0a372e0cb97dbc74fe7ca4cd028377910bf25659e5dc64f9368ca0d5e4aa,61d6b6dd5b15,2608580.0,2614317.0,5737.0,1,20,12000.0,1171.875,20.0,P100,0a372e0cb97dbc74fe7ca4cd028377910bf25659e5dc64f9368ca0d5e4aa,5737,120.0,20.0,2608580,20
cd4625128716613f5f063bde,8397bc50f95adcc952de8a1693e786e1832a4798e33d1d75178029ce8878,61d6b6dd5b15,2623493.0,2623777.0,284.0,1,5,3000.0,146.484375,2.5,MISC,8397bc50f95adcc952de8a1693e786e1832a4798e33d1d75178029ce8878,284,30.0,2.5,2623493,5
be003d4ea148f87577ce0b91,63bc5fdb50c2de727c64dfb5d9a5f4931ab4325498b10405322f315c5357,61d6b6dd5b15,2630594.0,2824437.0,193843.0,1,30,18000.0,878.90625,30.0,P100,63bc5fdb50c2de727c64dfb5d9a5f4931ab4325498b10405322f315c5357,193843,180.0,30.0,2630594,30
ee2265c63ffe0a84f3a9573d,852227713bd18866607acc3a88eb28f87b76e53aaec4a4f580ece6b676a3,61d6b6dd5b15,2652215.0,2653123.0,908.0,1,20,12000.0,1171.875,10.0,MISC,852227713bd18866607acc3a88eb28f87b76e53aaec4a4f580ece6b676a3,908,120.0,10.0,2652215,20
26d448d721df31b2ae865451,c9262abf5f84eb8b89e8a0fdd5466bed3f5d7833ad9f456673574507d6b6,61d6b6dd5b15,2679199.0,2684792.0,5593.0,1,5,3000.0,146.484375,5.0,MISC,c9262abf5f84eb8b89e8a0fdd5466bed3f5d7833ad9f456673574507d6b6,5593,30.0,5.0,2679199,5
715518de7fc627925df76738,17f6cc29f973ea3ef73454ddc728c74a870f0902abfa902f727aca18de16,61d6b6dd5b15,2695024.0,2695589.0,565.0,1,20,12000.0,1171.875,10.0,MISC,17f6cc29f973ea3ef73454ddc728c74a870f0902abfa902f727aca18de16,565,120.0,10.0,2695024,20
064902aaaeb9cea531e32068,340a2dc43c2f8663d3bd82361d09d28fb2e1233161178e5bcbbdc645b12a,61d6b6dd5b15,2705069.0,2705335.0,266.0,1,5,3000.0,146.484375,5.0,MISC,340a2dc43c2f8663d3bd82361d09d28fb2e1233161178e5bcbbdc645b12a,266,30.0,5.0,2705069,5
2bd14f571999c23ff9a565bc,d03f388f2537bacd2279e9cba2c3d9ee60321e5b03e9b4c619a02dcac8ac,61d6b6dd5b15,2715616.0,2825678.0,110062.0,1,30,18000.0,878.90625,30.0,MISC,d03f388f2537bacd2279e9cba2c3d9ee60321e5b03e9b4c619a02dcac8ac,110062,180.0,30.0,2715616,30
23da9e571875998bef551759,3bd9c3a22ca6de48df09240803a1d3c8ff9be0ea30e8c6d535eeb29f5ad7,61d6b6dd5b15,2738404.0,2739301.0,897.0,1,20,12000.0,1171.875,10.0,MISC,3bd9c3a22ca6de48df09240803a1d3c8ff9be0ea30e8c6d535eeb29f5ad7,897,120.0,10.0,2738404,20
dd4ffdca303673a2684d30e4,9f00e38a4e03e91ccf0939799ac0e3827a5321cde8d03474ef0f42b44342,61d6b6dd5b15,2746425.0,2828005.0,81580.0,1,30,18000.0,878.90625,15.0,MISC,9f00e38a4e03e91ccf0939799ac0e3827a5321cde8d03474ef0f42b44342,81580,180.0,15.0,2746425,30
f41837b164ef31abdb5beba7,078bcf9866ea8910b796a6f6d918e203fdf55c984d53b061d1a21566f880,61d6b6dd5b15,2765506.0,2771785.0,6279.0,1,5,3000.0,146.484375,5.0,MISC,078bcf9866ea8910b796a6f6d918e203fdf55c984d53b061d1a21566f880,6279,30.0,5.0,2765506,5
1069f057eccf57bda402065e,3e0cba1825177262789227650256d55335f2560a20e50d92d4aa86b7688a,61d6b6dd5b15,2792679.0,2792910.0,231.0,1,5,3000.0,146.484375,5.0,MISC,3e0cba1825177262789227650256d55335f2560a20e50d92d4aa86b7688a,231,30.0,5.0,2792679,5
cb1b9e74f7357c40da132cbf,0ef7555b1b486b918162faec783c9bef1843f349d6a6deb2db7f69473702,61d6b6dd5b15,2824941.0,2832882.0,7941.0,1,20,12000.0,1171.875,10.0,MISC,0ef7555b1b486b918162faec783c9bef1843f349d6a6deb2db7f69473702,7941,120.0,10.0,2824941,20
39d6ef19a7efb562677e4e48,2e067efef0d611670428b2ca7a50b0151762bcca0c66da9ca15024c652f8,61d6b6dd5b15,2828716.0,2905510.0,76794.0,1,20,12000.0,585.9375,10.0,MISC,2e067efef0d611670428b2ca7a50b0151762bcca0c66da9ca15024c652f8,76794,120.0,10.0,2828716,20
c9ecf776c70a2e02fbd59c2b,d2a08a24dcf210c5d0855f08c4ce4f2d09140d5106fd9d05d567ebf88749,61d6b6dd5b15,2831421.0,2833164.0,1743.0,1,30,18000.0,878.90625,15.0,P100,d2a08a24dcf210c5d0855f08c4ce4f2d09140d5106fd9d05d567ebf88749,1743,180.0,15.0,2831421,30
e78393ec12a9f42d0a528cd2,e6d41526d3967ba6a2c05a98735c6e2ed416b18e6ed68ae59dce9dc8c45a,61d6b6dd5b15,2832739.0,2837482.0,4743.0,1,30,18000.0,878.90625,15.0,MISC,e6d41526d3967ba6a2c05a98735c6e2ed416b18e6ed68ae59dce9dc8c45a,4743,180.0,15.0,2832739,30
aa9974f72ef0570166e73230,96247902a440662865c809b7b25d13520fafab0bd08881b3f9275059aafc,61d6b6dd5b15,2853744.0,2863214.0,9470.0,1,5,3000.0,146.484375,2.5,MISC,96247902a440662865c809b7b25d13520fafab0bd08881b3f9275059aafc,9470,30.0,2.5,2853744,5
21e1ea7526001e4ff5d06428,9eb8da71a5067199df21323a9fb89201fae412a4ce0cd85e06faf57fcece,61d6b6dd5b15,2868005.0,2874334.0,6329.0,1,20,12000.0,1171.875,10.0,MISC,9eb8da71a5067199df21323a9fb89201fae412a4ce0cd85e06faf57fcece,6329,120.0,10.0,2868005,20
272af1f24f6eff72d7a73a35,4691279270c6c844a62e257a7e0727e395ad195cbe5e5dcf44b60e8b634b,61d6b6dd5b15,2892162.0,2892237.0,75.0,1,5,3000.0,146.484375,2.5,MISC,4691279270c6c844a62e257a7e0727e395ad195cbe5e5dcf44b60e8b634b,75,30.0,2.5,2892162,5
6baf9e060636181e50de2397,a2ad37152e5e8ce168b9b1566b079aafe8234d0617aa1be8d33845e86019,61d6b6dd5b15,2911496.0,2911951.0,455.0,1,20,12000.0,1171.875,10.0,MISC,a2ad37152e5e8ce168b9b1566b079aafe8234d0617aa1be8d33845e86019,455,120.0,10.0,2911496,20
f8ceea1cbd8f40246b88f464,c778406c4ca32f68e5726efc8c1a30ddc6bb3fde77ffefe559a97998d14e,61d6b6dd5b15,2913052.0,2919307.0,6255.0,1,20,12000.0,585.9375,10.0,MISC,c778406c4ca32f68e5726efc8c1a30ddc6bb3fde77ffefe559a97998d14e,6255,120.0,10.0,2913052,20
27e4e6d5e50e7c0724e03226,da94703b9fda58dc7aeaff7611c9798ffb41a2fbf7d7f4f527b7421e9d99,61d6b6dd5b15,2918847.0,2922751.0,3904.0,1,30,18000.0,878.90625,15.0,MISC,da94703b9fda58dc7aeaff7611c9798ffb41a2fbf7d7f4f527b7421e9d99,3904,180.0,15.0,2918847,30
a096e433047c192dbe56912e,cd3621dd9d6fad235eae90844177ec50880f4ff0b218c1505d714c387b0c,61d6b6dd5b15,2925256.0,2925642.0,386.0,1,30,18000.0,878.90625,15.0,MISC,cd3621dd9d6fad235eae90844177ec50880f4ff0b218c1505d714c387b0c,386,180.0,15.0,2925256,30
a5999a2c38991c5afbc62094,9e7b597100fbee17eb959c23d0a7a40dcae9c1e51f14c74f0824a129d88a,61d6b6dd5b15,2926421.0,2931755.0,5334.0,1,20,12000.0,585.9375,10.0,MISC,9e7b597100fbee17eb959c23d0a7a40dcae9c1e51f14c74f0824a129d88a,5334,120.0,10.0,2926421,20
cc0be4f04f88fa1886038046,859a40423ac9452add4856ccdbf67ceaa071d851de20a6cf8e3374eebe13,61d6b6dd5b15,2936673.0,2942073.0,5400.0,1,5,3000.0,146.484375,2.5,MISC,859a40423ac9452add4856ccdbf67ceaa071d851de20a6cf8e3374eebe13,5400,30.0,2.5,2936673,5
9c792aa1da90d6d1526dc415,7402bdc9249d9dc9b14368d4aa230dbb8f951128d78b4a1ae0bdd9c91a4a,61d6b6dd5b15,2955162.0,2959347.0,4185.0,1,20,12000.0,1171.875,10.0,MISC,7402bdc9249d9dc9b14368d4aa230dbb8f951128d78b4a1ae0bdd9c91a4a,4185,120.0,10.0,2955162,20
6d38fdb4bd8ee5a5727fdc67,5bbe1ce44e948ef1f2749c7751a43294d1f6ae32cdd6b5af0569fdafc6b4,61d6b6dd5b15,2961161.0,2961383.0,222.0,1,5,3000.0,146.484375,2.5,MISC,5bbe1ce44e948ef1f2749c7751a43294d1f6ae32cdd6b5af0569fdafc6b4,222,30.0,2.5,2961161,5
11db815693a827f176dde324,b004b227179b2384e8a335e66e8f84cfdb4ca0b8c7924612515c377f4f0f,61d6b6dd5b15,2997452.0,2998043.0,591.0,1,20,12000.0,1171.875,10.0,MISC,b004b227179b2384e8a335e66e8f84cfdb4ca0b8c7924612515c377f4f0f,591,120.0,10.0,2997452,20
246dc66f765d26f90a9bc50f,cf7da5dd20b7db0ec23baa8a6565b76522c837b702e1a425baf1b793b68f,61d6b6dd5b15,2999574.0,3050804.0,51230.0,1,20,12000.0,585.9375,10.0,MISC,cf7da5dd20b7db0ec23baa8a6565b76522c837b702e1a425baf1b793b68f,51230,120.0,10.0,2999574,20
d3b6f7feab0c0bf50a85dd51,24acd65075d110d806548349465de43725d0b1cea3e4c0eb8292faa90a3a,61d6b6dd5b15,3000073.0,3062383.0,62310.0,1,30,18000.0,878.90625,15.0,MISC,24acd65075d110d806548349465de43725d0b1cea3e4c0eb8292faa90a3a,62310,180.0,15.0,3000073,30
f438f3d5166e323485d3466b,fae27577abdb24003db1a1aee383a04a098f4a1f494bc08375ee5ce08f9c,61d6b6dd5b15,3005826.0,3065651.0,59825.0,1,30,18000.0,878.90625,15.0,MISC,fae27577abdb24003db1a1aee383a04a098f4a1f494bc08375ee5ce08f9c,59825,180.0,15.0,3005826,30
78e509c1be1325ef490f6141,aa7746f8defaba28772f4f797a481dfcc1f8a4fc575fe6f3223e5fc9d6a9,61d6b6dd5b15,3025223.0,3030379.0,5156.0,1,5,3000.0,146.484375,2.5,MISC,aa7746f8defaba28772f4f797a481dfcc1f8a4fc575fe6f3223e5fc9d6a9,5156,30.0,2.5,3025223,5
218bd696924ba357766a7c00,a94c4e93929fd69fdd86fd592336f47a3cad1386e873f40654f55fea0569,61d6b6dd5b15,3040928.0,3045945.0,5017.0,1,20,12000.0,1171.875,10.0,P100,a94c4e93929fd69fdd86fd592336f47a3cad1386e873f40654f55fea0569,5017,120.0,10.0,3040928,20
df90cc6ace68fd8173a1459b,047b35fee35abea8dc02f7f7addb5f6693284c918f78698bbcb4bb097c13,61d6b6dd5b15,3056873.0,3057101.0,228.0,1,5,3000.0,146.484375,2.5,MISC,047b35fee35abea8dc02f7f7addb5f6693284c918f78698bbcb4bb097c13,228,30.0,2.5,3056873,5
2c917b5c87d226888ce43f75,4ccfccc18d0397bc593f3b2aa15400e7a1a606ba968b1c69f26d908ec8f1,61d6b6dd5b15,3084082.0,3084564.0,482.0,1,20,12000.0,1171.875,10.0,MISC,4ccfccc18d0397bc593f3b2aa15400e7a1a606ba968b1c69f26d908ec8f1,482,120.0,10.0,3084082,20
da8bd4e1f3be007b31650c2e,7aadca67a464791e67b2628ec1d2af97f3228d3132ab5bad6b09c54136fe,61d6b6dd5b15,3086047.0,3089137.0,3090.0,1,20,12000.0,585.9375,10.0,MISC,7aadca67a464791e67b2628ec1d2af97f3228d3132ab5bad6b09c54136fe,3090,120.0,10.0,3086047,20
f1791f5a1dea487fd4380772,b88b61c89fbcfe591da4f3b80924c4b762df289ded34d862539269e9e6e8,61d6b6dd5b15,3091580.0,3094658.0,3078.0,1,30,18000.0,878.90625,15.0,MISC,b88b61c89fbcfe591da4f3b80924c4b762df289ded34d862539269e9e6e8,3078,180.0,15.0,3091580,30
b84f7d192658771b4549205d,e8ed89b40c4999643ef42b0c3bb65ca4515109f2adb997d92e4a82ae026d,61d6b6dd5b15,3109450.0,3115388.0,5938.0,1,5,3000.0,146.484375,5.0,MISC,e8ed89b40c4999643ef42b0c3bb65ca4515109f2adb997d92e4a82ae026d,5938,30.0,5.0,3109450,5
d31193b988f336acfeda8a7b,46198f709c2f20d680b4e93b2a2f7ca656241069ffa414c22dab0bab0ef4,61d6b6dd5b15,3125440.0,3316116.0,190676.0,1,20,12000.0,585.9375,20.0,P100,46198f709c2f20d680b4e93b2a2f7ca656241069ffa414c22dab0bab0ef4,190676,120.0,20.0,3125440,20
2855a49133fe30debf28d752,2a0ba0c03083110d9262e3d9afea2b3a522ed2a80a0ae17e82ab83850257,61d6b6dd5b15,3126797.0,3127660.0,863.0,1,20,12000.0,1171.875,10.0,P100,2a0ba0c03083110d9262e3d9afea2b3a522ed2a80a0ae17e82ab83850257,863,120.0,10.0,3126797,20
f1f4255540cc7d8647454661,4f030e91ae82f48f727b45e0fdf47ec90402ab4281e12ee51227799f5117,61d6b6dd5b15,3139889.0,3140088.0,199.0,1,5,3000.0,146.484375,5.0,P100,4f030e91ae82f48f727b45e0fdf47ec90402ab4281e12ee51227799f5117,199,30.0,5.0,3139889,5
b5819975a2c8792b95aee9c9,6b33e54e044b4917451965682d22e8639f66597ce93170137ca7c0fce199,61d6b6dd5b15,3140468.0,3150344.0,9876.0,1,30,18000.0,878.90625,15.0,MISC,6b33e54e044b4917451965682d22e8639f66597ce93170137ca7c0fce199,9876,180.0,15.0,3140468,30
a08db560874c94ab0d75e3e5,ccc5b3965a5761d46a6f1ecf41b561e0fa7dcc7c790a1668fd596a774259,61d6b6dd5b15,3170506.0,3170930.0,424.0,1,20,12000.0,1171.875,10.0,MISC,ccc5b3965a5761d46a6f1ecf41b561e0fa7dcc7c790a1668fd596a774259,424,120.0,10.0,3170506,20
a147649372fd6374621228c0,d81b9b79d91289a2990f914ae2e90f9060d53548e76aa35dc5d0515e1757,61d6b6dd5b15,3172159.0,3174341.0,2182.0,1,20,12000.0,585.9375,10.0,MISC,d81b9b79d91289a2990f914ae2e90f9060d53548e76aa35dc5d0515e1757,2182,120.0,10.0,3172159,20
77f40454e14f43b3b88e2771,d1eba85a174d3abaeb676cec631dbbb034200dfaec6b4d71956de19238d5,61d6b6dd5b15,3179316.0,3181409.0,2093.0,1,30,18000.0,878.90625,15.0,MISC,d1eba85a174d3abaeb676cec631dbbb034200dfaec6b4d71956de19238d5,2093,180.0,15.0,3179316,30
488cdc410ace7de9b0cbe7ef,e0107cc61004f63ca9c59f0fd48cfce5e242406cbdd97483730187f695f7,61d6b6dd5b15,3195451.0,3200988.0,5537.0,1,5,3000.0,146.484375,2.5,MISC,e0107cc61004f63ca9c59f0fd48cfce5e242406cbdd97483730187f695f7,5537,30.0,2.5,3195451,5
a1b888e6d3d5e05d1aba94db,f7ef621e5414cea575c34efff3e95ee8e171f6d48b17f6d35dcdce18cdaf,61d6b6dd5b15,3213199.0,3213530.0,331.0,1,20,12000.0,1171.875,10.0,P100,f7ef621e5414cea575c34efff3e95ee8e171f6d48b17f6d35dcdce18cdaf,331,120.0,10.0,3213199,20
9f99eb37cf2fcecf6d00d9d0,f1845d7f0eb1c1809f7d3e990b1e37c7d45d2dd3b24ae85de6f509a78056,61d6b6dd5b15,3219555.0,3219704.0,149.0,1,30,18000.0,878.90625,15.0,MISC,f1845d7f0eb1c1809f7d3e990b1e37c7d45d2dd3b24ae85de6f509a78056,149,180.0,15.0,3219555,30
a7a97930db23dc2b82ecdb92,997f7ca5f1c17a2ad07b952a87eba540d031c212b7cb11713658d5312074,61d6b6dd5b15,3223136.0,3223201.0,65.0,1,5,3000.0,146.484375,2.5,MISC,997f7ca5f1c17a2ad07b952a87eba540d031c212b7cb11713658d5312074,65,30.0,2.5,3223136,5
5ed7c308b091ce1acb33a457,529e761fe2a733c98dd7b378c0218f9eef9b9c78fc6533b6837a164545cb,61d6b6dd5b15,3256667.0,3257026.0,359.0,1,20,12000.0,1171.875,10.0,MISC,529e761fe2a733c98dd7b378c0218f9eef9b9c78fc6533b6837a164545cb,359,120.0,10.0,3256667,20
e0ca1d8adf94204e0459cf42,3739db994c1eda49bb290976c496230e135a1d7d2b0e2f837792ec967bbc,61d6b6dd5b15,3259179.0,3261686.0,2507.0,1,20,12000.0,585.9375,10.0,MISC,3739db994c1eda49bb290976c496230e135a1d7d2b0e2f837792ec967bbc,2507,120.0,10.0,3259179,20
96b62d3ce81ff08984ee8503,9cd242e62d82e1052372a8fda659922181b2b9f7a126b7d831d0ab0c9ce4,61d6b6dd5b15,3264460.0,3267230.0,2770.0,1,30,18000.0,878.90625,15.0,MISC,9cd242e62d82e1052372a8fda659922181b2b9f7a126b7d831d0ab0c9ce4,2770,180.0,15.0,3264460,30
e575c6bb5e0ae8d826008617,40cef4a117e3682f41661159c6fd5fc2d2160960298ea13ae95fb3ceba2c,61d6b6dd5b15,3281828.0,3287041.0,5213.0,1,5,3000.0,146.484375,2.5,MISC,40cef4a117e3682f41661159c6fd5fc2d2160960298ea13ae95fb3ceba2c,5213,30.0,2.5,3281828,5
9f0563e5847ca298855f0e2f,c9689e20cb97732aa9d7497ad2256889eacaf4a1595871b3a59ec8361f76,61d6b6dd5b15,3299629.0,3304576.0,4947.0,1,20,12000.0,1171.875,10.0,MISC,c9689e20cb97732aa9d7497ad2256889eacaf4a1595871b3a59ec8361f76,4947,120.0,10.0,3299629,20
55cfa32f0c765866184793b7,d51c520c02d44ea0abc562d351ae331af747e73b028f1dfe7e2bd1fdf29f,61d6b6dd5b15,3305381.0,3305582.0,201.0,1,5,3000.0,146.484375,5.0,MISC,d51c520c02d44ea0abc562d351ae331af747e73b028f1dfe7e2bd1fdf29f,201,30.0,5.0,3305381,5
7e989b5b822d819bdba26d6b,38a7aa84335abf0b79f7b734f3b5a4f800fef18a9e27d56c2f2d5a35dec3,61d6b6dd5b15,3306625.0,3332539.0,25914.0,1,30,18000.0,878.90625,30.0,P100,38a7aa84335abf0b79f7b734f3b5a4f800fef18a9e27d56c2f2d5a35dec3,25914,180.0,30.0,3306625,30
47f31857b7d1d0c00b966635,d6acb8265d62424bdead2e5634ca119758b2ca7a46821dcad838bfa8f751,61d6b6dd5b15,3317830.0,3354991.0,37161.0,1,20,12000.0,585.9375,20.0,MISC,d6acb8265d62424bdead2e5634ca119758b2ca7a46821dcad838bfa8f751,37161,120.0,20.0,3317830,20
bfd4d78832997629a53ac02b,ff2a93dbaae2ca1c2ea7c16a31ce72513be908219e5fdf2773ff8940e2e7,61d6b6dd5b15,3343189.0,3346717.0,3528.0,1,20,12000.0,1171.875,10.0,MISC,ff2a93dbaae2ca1c2ea7c16a31ce72513be908219e5fdf2773ff8940e2e7,3528,120.0,10.0,3343189,20
20ae6e01c6c9235847ed30a2,d35cf89be322657d810ee3347a94716be4342b7b6cca0755e2b9f261908b,61d6b6dd5b15,3344550.0,3348170.0,3620.0,1,20,12000.0,585.9375,10.0,MISC,d35cf89be322657d810ee3347a94716be4342b7b6cca0755e2b9f261908b,3620,120.0,10.0,3344550,20
c35bec3e8c19ef6f0c02f1bd,b972f07206e77d1ea74c322316970415e951184b90874e8e9cb69ab36277,61d6b6dd5b15,3349916.0,3356544.0,6628.0,1,30,18000.0,878.90625,15.0,MISC,b972f07206e77d1ea74c322316970415e951184b90874e8e9cb69ab36277,6628,180.0,15.0,3349916,30
2cc5901586535dae5a9d75a1,d9e91fe9617ece3a19f48eb726c1921cdabfea57ab691fbde334c98a9a23,61d6b6dd5b15,3357489.0,3375651.0,18162.0,1,20,12000.0,585.9375,20.0,MISC,d9e91fe9617ece3a19f48eb726c1921cdabfea57ab691fbde334c98a9a23,18162,120.0,20.0,3357489,20
c3fd0409934e05eca40e88c7,397d415bda7848c145ef1ebab0f52d05319d69945c97a8231af5e588090e,61d6b6dd5b15,3368341.0,3374046.0,5705.0,1,5,3000.0,146.484375,2.5,MISC,397d415bda7848c145ef1ebab0f52d05319d69945c97a8231af5e588090e,5705,30.0,2.5,3368341,5
9c14ebd0b69519e90644d574,7568893fef448bb1c3cd47e170159220fa41a4caa790065e644617999e37,61d6b6dd5b15,3401962.0,3402118.0,156.0,1,5,3000.0,146.484375,1.25,MISC,7568893fef448bb1c3cd47e170159220fa41a4caa790065e644617999e37,156,30.0,1.25,3401962,5
5b2fb8e53a35aee4f6c86ee1,6022a78900a5b740f472cb28c5128d186891b88fec4679dcdbc9130bfd9c,61d6b6dd5b15,3414119.0,3414793.0,674.0,1,30,18000.0,878.90625,7.5,MISC,6022a78900a5b740f472cb28c5128d186891b88fec4679dcdbc9130bfd9c,674,180.0,7.5,3414119,30
af59bd6bb87049af0c4eaf6b,626c95afde699dec7fca2199a5278506bc0e54760ee28bcb5dfdc2cedf63,61d6b6dd5b15,3429805.0,3436213.0,6408.0,1,20,12000.0,1171.875,5.0,MISC,626c95afde699dec7fca2199a5278506bc0e54760ee28bcb5dfdc2cedf63,6408,120.0,5.0,3429805,20
1eb50a5b6341bf2fa9f6fce2,26bdceb5d85efd007e9fe50b24e668b38a3e13746813cf14ad5605c7e754,61d6b6dd5b15,3431701.0,3437174.0,5473.0,1,20,12000.0,585.9375,5.0,MISC,26bdceb5d85efd007e9fe50b24e668b38a3e13746813cf14ad5605c7e754,5473,120.0,5.0,3431701,20
234bae7f4836d4a55e2e1e67,8df652f2800dc0ade0034346796a84245f625eb26d2b811b801a26bd0f62,61d6b6dd5b15,3437169.0,3443511.0,6342.0,1,30,18000.0,878.90625,15.0,MISC,8df652f2800dc0ade0034346796a84245f625eb26d2b811b801a26bd0f62,6342,180.0,15.0,3437169,30
82792bd60bfb3bcf7843a90b,e9ecf4e896e18a6c35d9aa3b5dfbb0c1238e226328a8b2afdc2426bccc54,61d6b6dd5b15,3458159.0,3463809.0,5650.0,1,5,3000.0,146.484375,1.25,MISC,e9ecf4e896e18a6c35d9aa3b5dfbb0c1238e226328a8b2afdc2426bccc54,5650,30.0,1.25,3458159,5
8b9b08194e1c4ce5b0e741e9,fc0ddeac1e4d7e87ac22a268ef2d4d20a9ba4bcd88899533b025c2c51af8,61d6b6dd5b15,3472551.0,3478089.0,5538.0,1,20,12000.0,1171.875,5.0,MISC,fc0ddeac1e4d7e87ac22a268ef2d4d20a9ba4bcd88899533b025c2c51af8,5538,120.0,5.0,3472551,20
309a040d92788371e5a6ca40,488549caf20d02d3d42a535b81e2482730f57f2f50b3901f4c50ba5db5eb,61d6b6dd5b15,3484247.0,3484661.0,414.0,1,5,3000.0,146.484375,1.25,MISC,488549caf20d02d3d42a535b81e2482730f57f2f50b3901f4c50ba5db5eb,414,30.0,1.25,3484247,5
eb027c0ac9b18f1f37774c0a,c067697adfa579d05a374647436491096119f380538b8cadeb9fe5cc4b46,61d6b6dd5b15,3516063.0,3522218.0,6155.0,1,20,12000.0,1171.875,5.0,MISC,c067697adfa579d05a374647436491096119f380538b8cadeb9fe5cc4b46,6155,120.0,5.0,3516063,20
9ed4ea2afd7c9df76b688026,a73ff5548067366a72bf61d09b2149d2b298eb683f3f3ce2cd69ed1db5e3,61d6b6dd5b15,3517679.0,3542183.0,24504.0,1,20,12000.0,585.9375,5.0,MISC,a73ff5548067366a72bf61d09b2149d2b298eb683f3f3ce2cd69ed1db5e3,24504,120.0,5.0,3517679,20
8bd22ca76950ea4339923765,79c50c9fc5383d3aa2ddbcfc3d3917c17e7bbcaa04851c4c4b0586141875,61d6b6dd5b15,3523692.0,3563293.0,39601.0,1,30,18000.0,878.90625,15.0,MISC,79c50c9fc5383d3aa2ddbcfc3d3917c17e7bbcaa04851c4c4b0586141875,39601,180.0,15.0,3523692,30
69a1da60bb5f0eccb9fe1714,6357c670971a87da8dbd378a2b2329d48a30f76bd3e423f8321da13fbaea,61d6b6dd5b15,3541230.0,3547024.0,5794.0,1,5,3000.0,146.484375,1.25,MISC,6357c670971a87da8dbd378a2b2329d48a30f76bd3e423f8321da13fbaea,5794,30.0,1.25,3541230,5
315d710720fc1e99cab9ad65,420049a62e2523eef17ad9e2d4aac5b6c3413b73b583a2194c840540211f,61d6b6dd5b15,3559121.0,3564145.0,5024.0,1,20,12000.0,1171.875,5.0,P100,420049a62e2523eef17ad9e2d4aac5b6c3413b73b583a2194c840540211f,5024,120.0,5.0,3559121,20
5b36eec53ab6c82ad1b6ab18,0517aa2951485341c01e594b8d826f63dd647f83282129f4767b866b5fd6,61d6b6dd5b15,3562961.0,3563401.0,440.0,1,5,3000.0,146.484375,5.0,MISC,0517aa2951485341c01e594b8d826f63dd647f83282129f4767b866b5fd6,440,30.0,5.0,3562961,5
b25aa2aa7e3d9659f63219fa,03ad2c35c97e1b417350cdd56b812062141a967d124ed6cb212a85d65d42,61d6b6dd5b15,3602330.0,3603875.0,1545.0,1,20,12000.0,1171.875,5.0,MISC,03ad2c35c97e1b417350cdd56b812062141a967d124ed6cb212a85d65d42,1545,120.0,5.0,3602330,20
748f51e256613ccae7ef9d89,e5a85108c5fa439591fd8406679a29810de716cb57bba1851a8d242c1be6,61d6b6dd5b15,3604531.0,3607898.0,3367.0,1,20,12000.0,585.9375,5.0,MISC,e5a85108c5fa439591fd8406679a29810de716cb57bba1851a8d242c1be6,3367,120.0,5.0,3604531,20
ab745431d59a5cbedfc00946,1880333d19a47722ff4d5ad891a9b58d7200d981e65cd079edb0750bf01c,61d6b6dd5b15,3609151.0,3611541.0,2390.0,1,30,18000.0,878.90625,15.0,MISC,1880333d19a47722ff4d5ad891a9b58d7200d981e65cd079edb0750bf01c,2390,180.0,15.0,3609151,30
91131f3fc23e5f811415919b,a2329b3e2f4386ca92a7306554434febcc0549ee26b14f8e7bf194409022,61d6b6dd5b15,3628113.0,3633621.0,5508.0,1,5,3000.0,146.484375,5.0,MISC,a2329b3e2f4386ca92a7306554434febcc0549ee26b14f8e7bf194409022,5508,30.0,5.0,3628113,5
8ae82ba13bf28e4511b1fa01,e526e9de9c3b893e4ef05d46c7528082e1d897cd5c393342dc4aa9c900e7,61d6b6dd5b15,3645628.0,3646747.0,1119.0,1,20,12000.0,1171.875,5.0,P100,e526e9de9c3b893e4ef05d46c7528082e1d897cd5c393342dc4aa9c900e7,1119,120.0,5.0,3645628,20
5d956b788c1dba620f18e72a,0b44d0d91da5e60354e897d4343042d7a40112be6d19e10099cfc9c426be,61d6b6dd5b15,3651378.0,3651590.0,212.0,1,5,3000.0,146.484375,2.5,MISC,0b44d0d91da5e60354e897d4343042d7a40112be6d19e10099cfc9c426be,212,30.0,2.5,3651378,5
068e738cb67fddddd668e9ee,8a78ce1d550333d0f39b838f39caa953ee0611335a2af4ed0cefa60e84c7,61d6b6dd5b15,3695830.0,3705070.0,9240.0,1,30,18000.0,878.90625,15.0,MISC,8a78ce1d550333d0f39b838f39caa953ee0611335a2af4ed0cefa60e84c7,9240,180.0,15.0,3695830,30
fd0beb406ea31e0f0a19cb61,0b1cca74cf89dabe4c61132a29e879f78c616d471417216ad1721d98b81b,61d6b6dd5b15,3716240.0,3721966.0,5726.0,1,5,3000.0,146.484375,2.5,MISC,0b1cca74cf89dabe4c61132a29e879f78c616d471417216ad1721d98b81b,5726,30.0,2.5,3716240,5
631e73ca7833841dacb9ae4e,d20b72825ee8ba3b0669c5bd4d0a2980460cb58d58871043c0a51a2d9d90,61d6b6dd5b15,3730621.0,3731823.0,1202.0,1,20,12000.0,1171.875,20.0,MISC,d20b72825ee8ba3b0669c5bd4d0a2980460cb58d58871043c0a51a2d9d90,1202,120.0,20.0,3730621,20
fd660ebb381a5433ab9d4047,2bde389b5ca7227deb4ae56884c2efcbc9c5b6b9ada5df3adebbf911ac97,61d6b6dd5b15,3749072.0,3749130.0,58.0,1,5,3000.0,146.484375,2.5,MISC,2bde389b5ca7227deb4ae56884c2efcbc9c5b6b9ada5df3adebbf911ac97,58,30.0,2.5,3749072,5
2667bf9c42ed4f7f605db40e,de3c6f038c183993aeeaea13afc690d0db6f7c131d754b54d0d5a9f332e8,61d6b6dd5b15,3774104.0,3774924.0,820.0,1,20,12000.0,1171.875,20.0,MISC,de3c6f038c183993aeeaea13afc690d0db6f7c131d754b54d0d5a9f332e8,820,120.0,20.0,3774104,20
92ea23dd2e227d2cdc87a2d6,e99d9a8378ff0340202900f8538de7f4ad5551501e97198e0b79dce3311e,61d6b6dd5b15,3778555.0,3782902.0,4347.0,1,20,12000.0,585.9375,10.0,P100,e99d9a8378ff0340202900f8538de7f4ad5551501e97198e0b79dce3311e,4347,120.0,10.0,3778555,20
2e1dd188f6e324aa64c552ff,139b1418bb904d1d8044ad72f269e99bef623305482b86c3e7462a68818b,61d6b6dd5b15,3782020.0,3784165.0,2145.0,1,30,18000.0,878.90625,15.0,MISC,139b1418bb904d1d8044ad72f269e99bef623305482b86c3e7462a68818b,2145,180.0,15.0,3782020,30
f09f4ebb43d9e28cebc1f1bf,c78050e4cd98030d64f3dd31885db409ec1fbd78c8d3926ecfbf7e96759a,61d6b6dd5b15,3816677.0,3825046.0,8369.0,1,5,3000.0,146.484375,2.5,MISC,c78050e4cd98030d64f3dd31885db409ec1fbd78c8d3926ecfbf7e96759a,8369,30.0,2.5,3816677,5
a60d41fb8e774e74c6e0c240,fcd31da412c5199f22b5189f2e2bd0a258cfd49ed4448d1d5fd057a594a1,61d6b6dd5b15,3817110.0,3820852.0,3742.0,1,20,12000.0,1171.875,10.0,MISC,fcd31da412c5199f22b5189f2e2bd0a258cfd49ed4448d1d5fd057a594a1,3742,120.0,10.0,3817110,20
8243686fce339e0fcc75473e,78bca2fdcdb96b893a6cfcf0b93971f9cda4ad05e234f36e9b66b5f47e2f,61d6b6dd5b15,3848463.0,3848520.0,57.0,1,5,3000.0,146.484375,2.5,MISC,78bca2fdcdb96b893a6cfcf0b93971f9cda4ad05e234f36e9b66b5f47e2f,57,30.0,2.5,3848463,5
182c404a1156774581bf760e,61824039abf3b39640a377deb5d4b6f35debf5289340b247be520177042f,61d6b6dd5b15,3860359.0,3860686.0,327.0,1,20,12000.0,1171.875,10.0,MISC,61824039abf3b39640a377deb5d4b6f35debf5289340b247be520177042f,327,120.0,10.0,3860359,20
89211b2d8b9870053508d054,4e0b01019530f2bb5dd702711189fc3b159c820a59eb441ff5ded9910864,61d6b6dd5b15,3865684.0,3868316.0,2632.0,1,20,12000.0,585.9375,10.0,MISC,4e0b01019530f2bb5dd702711189fc3b159c820a59eb441ff5ded9910864,2632,120.0,10.0,3865684,20
5d35591f642281868a03f5cf,3e9ecd23e976f9f2312d08b6bcad1e316264b20f805905f6305dd3480371,61d6b6dd5b15,3878635.0,3880563.0,1928.0,1,30,18000.0,878.90625,15.0,MISC,3e9ecd23e976f9f2312d08b6bcad1e316264b20f805905f6305dd3480371,1928,180.0,15.0,3878635,30
9a3ade5c04e8f13c53080a49,a14aa1d06c2d01fb9cf42be1b358036ac64528addd17ef26eacb5a64883e,61d6b6dd5b15,3894838.0,3902017.0,7179.0,1,5,3000.0,146.484375,2.5,MISC,a14aa1d06c2d01fb9cf42be1b358036ac64528addd17ef26eacb5a64883e,7179,30.0,2.5,3894838,5
39038bd463fa888a300bbc05,0d04cd1e4d467f808ae9ce34fe776fc864e76ba7724cdf6f4cd0f59c997d,61d6b6dd5b15,3903394.0,3909578.0,6184.0,1,20,12000.0,1171.875,10.0,MISC,0d04cd1e4d467f808ae9ce34fe776fc864e76ba7724cdf6f4cd0f59c997d,6184,120.0,10.0,3903394,20
41ee944d46ab17a54bfa1ebe,5f140055f3c8f2c84e21dd334941e386d88870bc84ae7d87e0eadbfe266f,61d6b6dd5b15,3923793.0,3924885.0,1092.0,1,20,12000.0,1171.875,10.0,MISC,5f140055f3c8f2c84e21dd334941e386d88870bc84ae7d87e0eadbfe266f,1092,120.0,10.0,3923793,20
eb884ca83b4991c350ed6d74,4cef3e9913dc0b2114f2203ee132727907b69d7d8938c42d36c4ebc080ba,61d6b6dd5b15,3927710.0,3927800.0,90.0,1,5,3000.0,146.484375,2.5,MISC,4cef3e9913dc0b2114f2203ee132727907b69d7d8938c42d36c4ebc080ba,90,30.0,2.5,3927710,5
575afc3085beeb404cf213e5,7a6eaa87ab132d419ad8b65ffe43614659b089f960868084bc09673c76ff,61d6b6dd5b15,3946692.0,3946991.0,299.0,1,20,12000.0,1171.875,10.0,P100,7a6eaa87ab132d419ad8b65ffe43614659b089f960868084bc09673c76ff,299,120.0,10.0,3946692,20
aeadaa4f8bd639fcf03ec5ae,e713d8f5f38d9e1461941f5e289d3fdc9d16d64555bca557bf3ec602d3ff,61d6b6dd5b15,3950074.0,3953171.0,3097.0,1,20,12000.0,585.9375,10.0,MISC,e713d8f5f38d9e1461941f5e289d3fdc9d16d64555bca557bf3ec602d3ff,3097,120.0,10.0,3950074,20
97632ac4d62ba615b8942e28,17d1ffd9e0d0baf1dece4f2e8eca5bdb0d9fd97030f700718ef21f85d53c,61d6b6dd5b15,3955242.0,3957715.0,2473.0,1,30,18000.0,878.90625,15.0,MISC,17d1ffd9e0d0baf1dece4f2e8eca5bdb0d9fd97030f700718ef21f85d53c,2473,180.0,15.0,3955242,30
5f96fd34b4af244f675e5cd2,168c616a818a96c2acc1bb9514237426cf987926c424e12a90a4c3a0f7a5,61d6b6dd5b15,3973746.0,3978634.0,4888.0,1,5,3000.0,146.484375,2.5,MISC,168c616a818a96c2acc1bb9514237426cf987926c424e12a90a4c3a0f7a5,4888,30.0,2.5,3973746,5
94ab287d8479a5d134d67fd6,f739a4d26cb773e078d5b066f2f0752294b5dd177fde7f85a49b5679e9e9,61d6b6dd5b15,3989751.0,3990555.0,804.0,1,20,12000.0,1171.875,10.0,P100,f739a4d26cb773e078d5b066f2f0752294b5dd177fde7f85a49b5679e9e9,804,120.0,10.0,3989751,20
978b944dd806380087e45f25,9d7c66f97028cebdb3fa3eb401a2308f04dcbd45fa7590040a045bbb34d0,61d6b6dd5b15,4002801.0,4003159.0,358.0,1,5,3000.0,146.484375,2.5,MISC,9d7c66f97028cebdb3fa3eb401a2308f04dcbd45fa7590040a045bbb34d0,358,30.0,2.5,4002801,5
21845ec09ed4253e47b1226f,e745502160001014b7973536498644180a92ec7b8a55edbc86e8035da99e,61d6b6dd5b15,4004759.0,4004962.0,203.0,1,5,3000.0,146.484375,2.5,MISC,e745502160001014b7973536498644180a92ec7b8a55edbc86e8035da99e,203,30.0,2.5,4004759,5
398fa17bf67670ca5571b2b6,4652118f1390f1d15fd33c6589b60b0ac15680d66186b9e7094292a92f16,61d6b6dd5b15,4033136.0,4035922.0,2786.0,1,20,12000.0,1171.875,5.0,MISC,4652118f1390f1d15fd33c6589b60b0ac15680d66186b9e7094292a92f16,2786,120.0,5.0,4033136,20
e63c253c3d414f0b1ccc2a3c,e6ded59616018975c1bbcfd2de2a5b4f47ccea77bbe4ddc9de02b61b6250,61d6b6dd5b15,4038495.0,4089117.0,50622.0,1,20,12000.0,585.9375,5.0,MISC,e6ded59616018975c1bbcfd2de2a5b4f47ccea77bbe4ddc9de02b61b6250,50622,120.0,5.0,4038495,20
bba7d79df3c83f96c58607a4,311b2cd23c384e94e5db19ed283910b7f303e9e99ba3b90ead8a8622611b,61d6b6dd5b15,4041338.0,4083437.0,42099.0,1,30,18000.0,878.90625,15.0,P100,311b2cd23c384e94e5db19ed283910b7f303e9e99ba3b90ead8a8622611b,42099,180.0,15.0,4041338,30
a09bbbec0ee6f85c94938d34,cbb2255ea379d39022aa61a15203f9f058517991455a41721e5b53a539d2,61d6b6dd5b15,4060786.0,4066652.0,5866.0,1,5,3000.0,146.484375,2.5,MISC,cbb2255ea379d39022aa61a15203f9f058517991455a41721e5b53a539d2,5866,30.0,2.5,4060786,5
970f972c4ae6453d8fd3fc25,401dea2b424193bf3b531c24105c1bbbb9ce09c0fc830bd75faebaff92af,61d6b6dd5b15,4076954.0,4080578.0,3624.0,1,20,12000.0,1171.875,20.0,MISC,401dea2b424193bf3b531c24105c1bbbb9ce09c0fc830bd75faebaff92af,3624,120.0,20.0,4076954,20
3fbcd796dc784fc45966311a,ee45cba7489031ec4dbf8f85eb9d0d64747da6b99a189362f70ec92bbac4,61d6b6dd5b15,4086948.0,4087355.0,407.0,1,5,3000.0,146.484375,5.0,MISC,ee45cba7489031ec4dbf8f85eb9d0d64747da6b99a189362f70ec92bbac4,407,30.0,5.0,4086948,5
1e518ca5e0e046d1d1772d9b,0577ada090cf600f109e5121adf9301287fc446b0d24feb5ed2660ef159f,61d6b6dd5b15,4104798.0,4134429.0,29631.0,1,30,18000.0,878.90625,30.0,P100,0577ada090cf600f109e5121adf9301287fc446b0d24feb5ed2660ef159f,29631,180.0,30.0,4104798,30
90e6f9ce8199be2d630cc851,70264dd36489e7ab5def9a25661f57bb9b9d4493134a0a91bce85bdec1dd,61d6b6dd5b15,4109866.0,4134503.0,24637.0,1,30,18000.0,878.90625,30.0,MISC,70264dd36489e7ab5def9a25661f57bb9b9d4493134a0a91bce85bdec1dd,24637,180.0,30.0,4109866,30
c8a8ebbbbd94dfd7756dcae8,3277a860259563fbda755bd86ae20d866e3447a393c309f43dd0db16b368,61d6b6dd5b15,4115173.0,4134594.0,19421.0,1,30,18000.0,878.90625,30.0,V100M32,3277a860259563fbda755bd86ae20d866e3447a393c309f43dd0db16b368,19421,180.0,30.0,4115173,30
99b7fcc7600a3f7db1d393ae,3d775d3f6911359e2933500a53d4728921c2c496d51e227db6c75e22d91f,61d6b6dd5b15,4118192.0,4134648.0,16456.0,1,30,18000.0,878.90625,30.0,P100,3d775d3f6911359e2933500a53d4728921c2c496d51e227db6c75e22d91f,16456,180.0,30.0,4118192,30
1d3b286f1451f9b09ea1ade3,8b8135ebd9d5fe999eb92fd5e86535d31b845493d728c4e08fe6c948d1ea,61d6b6dd5b15,4119605.0,4123534.0,3929.0,1,20,12000.0,1171.875,20.0,MISC,8b8135ebd9d5fe999eb92fd5e86535d31b845493d728c4e08fe6c948d1ea,3929,120.0,20.0,4119605,20
1a5d61d8fabf8c624565fe88,a7e95f4e41b196f3704b0b05736ad1dae60a39dce7ac8217532766e4307f,61d6b6dd5b15,4123894.0,4161176.0,37282.0,1,20,12000.0,585.9375,20.0,MISC,a7e95f4e41b196f3704b0b05736ad1dae60a39dce7ac8217532766e4307f,37282,120.0,20.0,4123894,20
f2964bd22f700e3c166feabb,88b49b8906b583d858df7d17479d0bbaab7735203b8ebc52fc3d02307cc5,61d6b6dd5b15,4127605.0,4136288.0,8683.0,1,30,18000.0,878.90625,15.0,MISC,88b49b8906b583d858df7d17479d0bbaab7735203b8ebc52fc3d02307cc5,8683,180.0,15.0,4127605,30
2706cf2d28aff71d27abaffb,0e849f5f65a75f43cedba74a4b4720ea63e7cbcb3c688994f880e91ec041,61d6b6dd5b15,4134545.0,4136475.0,1930.0,1,30,18000.0,878.90625,30.0,MISC,0e849f5f65a75f43cedba74a4b4720ea63e7cbcb3c688994f880e91ec041,1930,180.0,30.0,4134545,30
76fcf0dd41257a7862184e15,92410c4cd47f2da60e7dbe280b1c125b8b99eb44856dea0033ea0680e3f9,61d6b6dd5b15,4138518.0,4141436.0,2918.0,1,30,18000.0,878.90625,30.0,MISC,92410c4cd47f2da60e7dbe280b1c125b8b99eb44856dea0033ea0680e3f9,2918,180.0,30.0,4138518,30
0b24fc012c98e52365433c0d,a9336363c46538c5c203c104e086afa1a354fc8083c918e80961db478fb4,61d6b6dd5b15,4146632.0,4152346.0,5714.0,1,5,3000.0,146.484375,5.0,MISC,a9336363c46538c5c203c104e086afa1a354fc8083c918e80961db478fb4,5714,30.0,5.0,4146632,5
fffd3a7ccc3dd38c2e01e490,1a0655b9f414c3d87685bf6f5b203ed048a918277696af93f0a485883494,61d6b6dd5b15,4162619.0,4163318.0,699.0,1,20,12000.0,1171.875,20.0,V100M32,1a0655b9f414c3d87685bf6f5b203ed048a918277696af93f0a485883494,699,120.0,20.0,4162619,20
08a0c3213820f52edb228ec8,764ca1f0a26b773d1e27c1f722415fcd7b2faedee8f64387dbc95b4cf26c,61d6b6dd5b15,4169302.0,4187330.0,18028.0,1,30,18000.0,878.90625,30.0,MISC,764ca1f0a26b773d1e27c1f722415fcd7b2faedee8f64387dbc95b4cf26c,18028,180.0,30.0,4169302,30
3134acfa54a851b507de07f0,408a7c679db0777cb6d03d4815715885729a79ec2d9cc750e452f7d3b8ad,61d6b6dd5b15,4170357.0,4170542.0,185.0,1,5,3000.0,146.484375,5.0,P100,408a7c679db0777cb6d03d4815715885729a79ec2d9cc750e452f7d3b8ad,185,30.0,5.0,4170357,5
cf55c79a20554d0f9858b339,8b89429992119dc93a7eb077e53501ce1558138f710c11931637d9d09eda,61d6b6dd5b15,4190103.0,4192121.0,2018.0,1,30,18000.0,878.90625,30.0,MISC,8b89429992119dc93a7eb077e53501ce1558138f710c11931637d9d09eda,2018,180.0,30.0,4190103,30
fe3f757514891331cd0ba0a0,c4f55b65b7703113e3f180714113dc3e2808d433310348f6cbe943c7570a,61d6b6dd5b15,4193418.0,4197240.0,3822.0,1,30,18000.0,878.90625,30.0,P100,c4f55b65b7703113e3f180714113dc3e2808d433310348f6cbe943c7570a,3822,180.0,30.0,4193418,30
4f93e41292ba780d8d7a9ccb,4a93bf754863a83c1f4d1ab0db54cbbe2fba9180482f997afdf454c2ccba,61d6b6dd5b15,4205970.0,4206359.0,389.0,1,20,12000.0,1171.875,10.0,MISC,4a93bf754863a83c1f4d1ab0db54cbbe2fba9180482f997afdf454c2ccba,389,120.0,10.0,4205970,20
8dd7bd08db81c49ba7eea5d6,67726022669ab56c6294e3b4e964d24cf3f534b126272329324c51cceb19,61d6b6dd5b15,4210093.0,4213933.0,3840.0,1,20,12000.0,585.9375,10.0,MISC,67726022669ab56c6294e3b4e964d24cf3f534b126272329324c51cceb19,3840,120.0,10.0,4210093,20
934c348ba72884d43dcee228,619503b3548f37b0f6947b6b17be06768a01f5c30d69ecde70059f6bdca0,61d6b6dd5b15,4214553.0,4217617.0,3064.0,1,30,18000.0,878.90625,15.0,P100,619503b3548f37b0f6947b6b17be06768a01f5c30d69ecde70059f6bdca0,3064,180.0,15.0,4214553,30
a7535d583ce4e5456f74f048,f11a63947c550389f5c2ebdce8697d2d424c412c52c1d7242f3daaa5d0e4,61d6b6dd5b15,4233491.0,4239402.0,5911.0,1,5,3000.0,146.484375,5.0,MISC,f11a63947c550389f5c2ebdce8697d2d424c412c52c1d7242f3daaa5d0e4,5911,30.0,5.0,4233491,5
b6d59feeb9822e6319aca201,b4f78132d691d3f4edb99cd4800174891af8ec9db338e7678d820cbaa26c,61d6b6dd5b15,4249762.0,4251109.0,1347.0,1,20,12000.0,1171.875,10.0,P100,b4f78132d691d3f4edb99cd4800174891af8ec9db338e7678d820cbaa26c,1347,120.0,10.0,4249762,20
3958454a4fa5d907d1d414cd,7cc3af5b1059ce469b82c93773acea5ea31e4e144caa53505f89e8c1c37f,61d6b6dd5b15,4254796.0,4255513.0,717.0,1,5,3000.0,146.484375,5.0,MISC,7cc3af5b1059ce469b82c93773acea5ea31e4e144caa53505f89e8c1c37f,717,30.0,5.0,4254796,5
97b4a756eef054da556b7a35,ed016e2f4b78e98d7096cd2f7ec346d8f03df08291e4702e1d7117ae194f,61d6b6dd5b15,4259894.0,4280059.0,20165.0,1,30,18000.0,878.90625,30.0,MISC,ed016e2f4b78e98d7096cd2f7ec346d8f03df08291e4702e1d7117ae194f,20165,180.0,30.0,4259894,30
f063d489e5424d8243821084,25309cc05d5574ab30f35e3805812370163cd969c0a20c31fec9b14ac40d,61d6b6dd5b15,4293017.0,4294292.0,1275.0,1,20,12000.0,1171.875,10.0,MISC,25309cc05d5574ab30f35e3805812370163cd969c0a20c31fec9b14ac40d,1275,120.0,10.0,4293017,20
cc6c0e5f5e7a032b622e9632,ba4001c4502726ae3821570edf25a177799dc1dd20558b2cd5dbe9e17a38,61d6b6dd5b15,4300473.0,4303732.0,3259.0,1,20,12000.0,585.9375,10.0,MISC,ba4001c4502726ae3821570edf25a177799dc1dd20558b2cd5dbe9e17a38,3259,120.0,10.0,4300473,20
cc05e9b5c6ca3d47af573ddd,c0f0c5537f05fc9a257b7ec9b8ffff4c66bb91166e807b788acb896e7221,61d6b6dd5b15,4302104.0,4305223.0,3119.0,1,30,18000.0,878.90625,15.0,MISC,c0f0c5537f05fc9a257b7ec9b8ffff4c66bb91166e807b788acb896e7221,3119,180.0,15.0,4302104,30
4680aabf73c2848ebf156e5e,81ef74aca261b183147923ed6e48b876e38e4561c005401b8e8caa4e3e53,61d6b6dd5b15,4320263.0,4325205.0,4942.0,1,5,3000.0,146.484375,5.0,MISC,81ef74aca261b183147923ed6e48b876e38e4561c005401b8e8caa4e3e53,4942,30.0,5.0,4320263,5
468d7858486d70a04eac7b5e,81f0b1bd33370efe5a3d96cb2f1654bad140c336c22f0bb0aee55b7bf402,61d6b6dd5b15,4335287.0,4336221.0,934.0,1,20,12000.0,1171.875,10.0,V100M32,81f0b1bd33370efe5a3d96cb2f1654bad140c336c22f0bb0aee55b7bf402,934,120.0,10.0,4335287,20
221a179f6ae42c39d3697b2d,c6af973dd47837546156d0eda9d36ea4601fa5f12316085161c14270690a,61d6b6dd5b15,4336268.0,4375276.0,39008.0,1,30,18000.0,878.90625,15.0,MISC,c6af973dd47837546156d0eda9d36ea4601fa5f12316085161c14270690a,39008,180.0,15.0,4336268,30
6ad2adfb3ac5b639931a66c2,2cb64b2ed70e2758c35c5683cac305329195c9f288f0b8116365a5cc3e53,61d6b6dd5b15,4340761.0,4341140.0,379.0,1,5,3000.0,146.484375,2.5,MISC,2cb64b2ed70e2758c35c5683cac305329195c9f288f0b8116365a5cc3e53,379,30.0,2.5,4340761,5
2ad7aadeabc4ebcb6ffecccb,0da35ffe22c88f5e395f349de3319ccf697f15aa010a816166170cedd9b6,61d6b6dd5b15,4378881.0,4379319.0,438.0,1,20,12000.0,1171.875,5.0,P100,0da35ffe22c88f5e395f349de3319ccf697f15aa010a816166170cedd9b6,438,120.0,5.0,4378881,20
a8814bd8058fe0203503901d,fd746be10c2b9ac98c8e1c2a94df9928f4bf914db53e35d0587d1f9e7e41,61d6b6dd5b15,4382800.0,4386327.0,3527.0,1,20,12000.0,585.9375,10.0,MISC,fd746be10c2b9ac98c8e1c2a94df9928f4bf914db53e35d0587d1f9e7e41,3527,120.0,10.0,4382800,20
04d2c0c8d287a4ef8bedff21,4b75f8e352882e3efef798d7c94e001a656703ee351ad2282975af229e51,61d6b6dd5b15,4387532.0,4390044.0,2512.0,1,30,18000.0,878.90625,15.0,MISC,4b75f8e352882e3efef798d7c94e001a656703ee351ad2282975af229e51,2512,180.0,15.0,4387532,30
49417ab78ded73eb2c472e69,8bad7084bd026c2e50d42ff8a4b4809dbbe4ad38221c4c45c53d6141992b,61d6b6dd5b15,4407869.0,4413170.0,5301.0,1,5,3000.0,146.484375,2.5,MISC,8bad7084bd026c2e50d42ff8a4b4809dbbe4ad38221c4c45c53d6141992b,5301,30.0,2.5,4407869,5
e853687ac68475d6dcf5308c,00170d5827f0ea6fecae6fb2a8c755d3e8e3c830c0c03f3b07344b16bdfd,61d6b6dd5b15,4419018.0,4442829.0,23811.0,1,30,18000.0,878.90625,15.0,MISC,00170d5827f0ea6fecae6fb2a8c755d3e8e3c830c0c03f3b07344b16bdfd,23811,180.0,15.0,4419018,30
99f3619d2cb1490a67cf24dc,1854423808ae5c0cae4436a77eac9950eea6a39e62a05f447bc8b1451115,61d6b6dd5b15,4421829.0,4428033.0,6204.0,1,20,12000.0,1171.875,10.0,P100,1854423808ae5c0cae4436a77eac9950eea6a39e62a05f447bc8b1451115,6204,120.0,10.0,4421829,20
4592cba89b0418da01fe91cc,32f539a8c4b94d57f226c1149f3635315d48e5040efc07cc1ca30f90d192,61d6b6dd5b15,4430737.0,4431103.0,366.0,1,5,3000.0,146.484375,2.5,MISC,32f539a8c4b94d57f226c1149f3635315d48e5040efc07cc1ca30f90d192,366,30.0,2.5,4430737,5
4849c39a708cd00dc671764b,35e7298f4ca395205ee994b3df1872f661b8e0c05c7394988cc6fafe4772,61d6b6dd5b15,4465290.0,4495851.0,30561.0,1,20,12000.0,1171.875,5.0,MISC,35e7298f4ca395205ee994b3df1872f661b8e0c05c7394988cc6fafe4772,30561,120.0,5.0,4465290,20
2b0f9692fd6c3810d8be00e1,2f9b678d28e2382c4d0b9fae5836c513ab863726c25d38e371107c384a03,61d6b6dd5b15,4468880.0,4518877.0,49997.0,1,20,12000.0,585.9375,5.0,MISC,2f9b678d28e2382c4d0b9fae5836c513ab863726c25d38e371107c384a03,49997,120.0,5.0,4468880,20
2130b9ab0fb3bb9e9ed81676,eeb6bd59ae1f0aa94f6dd6c892a1e0a2e5dbe22b58a8b697549197633062,61d6b6dd5b15,4473391.0,4499178.0,25787.0,1,30,18000.0,878.90625,15.0,MISC,eeb6bd59ae1f0aa94f6dd6c892a1e0a2e5dbe22b58a8b697549197633062,25787,180.0,15.0,4473391,30
eab2de245afca96c959bf734,72e2affe781eec4d41b495d5a1df0e18f39c62ebb0a2c86c63ae05c970b8,61d6b6dd5b15,4494876.0,4500596.0,5720.0,1,5,3000.0,146.484375,2.5,P100,72e2affe781eec4d41b495d5a1df0e18f39c62ebb0a2c86c63ae05c970b8,5720,30.0,2.5,4494876,5
f1e3b9739e09b54536204dd5,8fda2cd627a9d64ebc2663d0db68c25004d1bd3c8f3e537f3834e2b106f7,61d6b6dd5b15,4508066.0,4508806.0,740.0,1,20,12000.0,1171.875,5.0,MISC,8fda2cd627a9d64ebc2663d0db68c25004d1bd3c8f3e537f3834e2b106f7,740,120.0,5.0,4508066,20
9bdc356217cd838a5c6f7cee,cd8dbd4395feb764003a74b01dda8997b9461a7704120ae90d7712d431e0,61d6b6dd5b15,4510267.0,4540516.0,30249.0,1,30,18000.0,878.90625,7.5,MISC,cd8dbd4395feb764003a74b01dda8997b9461a7704120ae90d7712d431e0,30249,180.0,7.5,4510267,30
958d6a88663fd3cb8619fc8e,d507d5ad2060c5e22e53ee50a38d29fb4495b63b1080da767588f5aa446f,61d6b6dd5b15,4516200.0,4516564.0,364.0,1,5,3000.0,146.484375,1.25,MISC,d507d5ad2060c5e22e53ee50a38d29fb4495b63b1080da767588f5aa446f,364,30.0,1.25,4516200,5
f35122f5f9abd02beb624785,a6e0604dc530b5a0f14c2ceb0aa23a1468a277186e8c40d084a9ceabee3a,61d6b6dd5b15,4551492.0,4552804.0,1312.0,1,20,12000.0,1171.875,5.0,MISC,a6e0604dc530b5a0f14c2ceb0aa23a1468a277186e8c40d084a9ceabee3a,1312,120.0,5.0,4551492,20
e6256f08a6babb0d8cd0b0c0,cbf5f37157d1e3b800b500afa141b7c68fb17de23e28128af0c44d7515e6,61d6b6dd5b15,4556266.0,4560661.0,4395.0,1,20,12000.0,585.9375,5.0,MISC,cbf5f37157d1e3b800b500afa141b7c68fb17de23e28128af0c44d7515e6,4395,120.0,5.0,4556266,20
f2d9f43cd12793e761ab2a54,7c7a818f2cd5c144b439bde45497cd7fd84296419d5d186fc5a208a56c90,61d6b6dd5b15,4560326.0,4563149.0,2823.0,1,30,18000.0,878.90625,15.0,MISC,7c7a818f2cd5c144b439bde45497cd7fd84296419d5d186fc5a208a56c90,2823,180.0,15.0,4560326,30
a475703257522ef315e14a86,5b35c1c5bb06f53a15b117ebd20efde2bc1580810f82df0d324829af375a,61d6b6dd5b15,4578133.0,4584250.0,6117.0,1,5,3000.0,146.484375,1.25,MISC,5b35c1c5bb06f53a15b117ebd20efde2bc1580810f82df0d324829af375a,6117,30.0,1.25,4578133,5
9c94947d341be1580d299e92,f1b522ac1af60b8662fe795312d09c264d35ebcb6b42a83e292f1a3c7bb4,61d6b6dd5b15,4604962.0,4641524.0,36562.0,1,30,18000.0,878.90625,7.5,MISC,f1b522ac1af60b8662fe795312d09c264d35ebcb6b42a83e292f1a3c7bb4,36562,180.0,7.5,4604962,30
d988dbf22cae80e51182a89e,2ee0a0caa34115a54cd1b122522124f0200840f7e79be75c8bb218d47033,61d6b6dd5b15,4606444.0,4606666.0,222.0,1,5,3000.0,146.484375,1.25,MISC,2ee0a0caa34115a54cd1b122522124f0200840f7e79be75c8bb218d47033,222,30.0,1.25,4606444,5
0d0f2578d01cad8f9840cce5,b9c84b64abb41c4a5e54b44bf9c40162de7a1de14a7b943bff092924eb6f,61d6b6dd5b15,4638293.0,4644470.0,6177.0,1,20,12000.0,1171.875,10.0,MISC,b9c84b64abb41c4a5e54b44bf9c40162de7a1de14a7b943bff092924eb6f,6177,120.0,10.0,4638293,20
c1dd7ecec93e23673e0fcde3,7c4abe916ad513c66074cf49e6f543d319d6dd817f2372aa23a62ffd8486,61d6b6dd5b15,4642862.0,4646202.0,3340.0,1,20,12000.0,585.9375,10.0,MISC,7c4abe916ad513c66074cf49e6f543d319d6dd817f2372aa23a62ffd8486,3340,120.0,10.0,4642862,20
569b19bb0c4ab24a7439b95e,37c3ec6e8be6195dced383ba7b6e7aedd9ed2a215206ca8ff2a4ec536922,61d6b6dd5b15,4646724.0,4650868.0,4144.0,1,30,18000.0,878.90625,15.0,MISC,37c3ec6e8be6195dced383ba7b6e7aedd9ed2a215206ca8ff2a4ec536922,4144,180.0,15.0,4646724,30
5d24d221b40c8212506cef8a,a7107562b8c42a1f0bfeb99543eda3ae6fc75028d292843cef747edaa38f,61d6b6dd5b15,4664494.0,4670189.0,5695.0,1,5,3000.0,146.484375,2.5,MISC,a7107562b8c42a1f0bfeb99543eda3ae6fc75028d292843cef747edaa38f,5695,30.0,2.5,4664494,5
0389dad2ff4c89b3d5bffc4f,0aadc2fb21b490a92beb4f90354b9f8d78fbe6cb595c5acb2dc601fbb521,61d6b6dd5b15,4680971.0,4711027.0,30056.0,1,30,18000.0,878.90625,15.0,P100,0aadc2fb21b490a92beb4f90354b9f8d78fbe6cb595c5acb2dc601fbb521,30056,180.0,15.0,4680971,30
3ebdcd80dcf9969830180ef6,a07b0bda4b90c27ce5e813620c3a2fd663b56ad1328ea1ef0842d7b9feac,61d6b6dd5b15,4680986.0,4686721.0,5735.0,1,20,12000.0,1171.875,10.0,MISC,a07b0bda4b90c27ce5e813620c3a2fd663b56ad1328ea1ef0842d7b9feac,5735,120.0,10.0,4680986,20
188236fff056eb4e125d1cbd,73784323c4f726a5b30add280e117c0e4bd4c14ea1a72a4e84cf91305740,61d6b6dd5b15,4690269.0,4690725.0,456.0,1,5,3000.0,146.484375,2.5,MISC,73784323c4f726a5b30add280e117c0e4bd4c14ea1a72a4e84cf91305740,456,30.0,2.5,4690269,5
ccd2bdcf266f5133d5eca3d7,04523e18fb3f9fc8cdeb472be8f56ead1fd3953901e5551bf29d39d29b94,61d6b6dd5b15,4728774.0,4730064.0,1290.0,1,20,12000.0,1171.875,10.0,MISC,04523e18fb3f9fc8cdeb472be8f56ead1fd3953901e5551bf29d39d29b94,1290,120.0,10.0,4728774,20
5afbbb2c09753ccff4c3e130,7b66e358264bd9be95d8f1a742d60d06355405782730f32abdc6a5ee9345,61d6b6dd5b15,4732545.0,4734325.0,1780.0,1,30,18000.0,878.90625,15.0,P100,7b66e358264bd9be95d8f1a742d60d06355405782730f32abdc6a5ee9345,1780,180.0,15.0,4732545,30
efb617f011b0bd10a042d27d,b2e853280d780d7f722a49452a8bb3ea2a6fcdfdc10528adf6236f2ceb64,61d6b6dd5b15,4738022.0,4738510.0,488.0,1,20,12000.0,1171.875,10.0,MISC,b2e853280d780d7f722a49452a8bb3ea2a6fcdfdc10528adf6236f2ceb64,488,120.0,10.0,4738022,20
a7fb0fb973e1ba07682a2d02,f71bcdf11ca9161fa5f66f5c70279db5e1c849f7afd7dcc53c0cab1727ce,61d6b6dd5b15,4767490.0,4772900.0,5410.0,1,20,12000.0,1171.875,10.0,MISC,f71bcdf11ca9161fa5f66f5c70279db5e1c849f7afd7dcc53c0cab1727ce,5410,120.0,10.0,4767490,20
0b21fd498030a856adca4dcd,e719ff161f78ee52d2b154515974c3bf11f5d811ca34078fa4d8242c57e7,61d6b6dd5b15,4767828.0,4773155.0,5327.0,1,5,3000.0,146.484375,2.5,MISC,e719ff161f78ee52d2b154515974c3bf11f5d811ca34078fa4d8242c57e7,5327,30.0,2.5,4767828,5
1a93f260b986b6326c464fbf,8b0d30e870aab1e26a3c96cf52a0081c03b6442378c9b0166c7fe6093f65,61d6b6dd5b15,4771133.0,4815882.0,44749.0,1,20,12000.0,585.9375,20.0,P100,8b0d30e870aab1e26a3c96cf52a0081c03b6442378c9b0166c7fe6093f65,44749,120.0,20.0,4771133,20
24e1a0b0d5d4cb1aa098cc20,bdb36b5dc9410bebf61cca8e45fec0f3debc5c6878bddd037387fddd03b1,61d6b6dd5b15,4797132.0,4797347.0,215.0,1,5,3000.0,146.484375,2.5,MISC,bdb36b5dc9410bebf61cca8e45fec0f3debc5c6878bddd037387fddd03b1,215,30.0,2.5,4797132,5
8902f7ba6b889ba173da4527,c5986559363c6d89143b241b14c378507131adce59305a7106631e3f0f2a,61d6b6dd5b15,4804936.0,4806208.0,1272.0,1,30,18000.0,878.90625,15.0,P100,c5986559363c6d89143b241b14c378507131adce59305a7106631e3f0f2a,1272,180.0,15.0,4804936,30
99366270757ac0627994a78c,392125419b32452c0195c96b38256e0fa801506f564ed6e58c90a25029fe,61d6b6dd5b15,4811149.0,4812050.0,901.0,1,20,12000.0,1171.875,10.0,V100M32,392125419b32452c0195c96b38256e0fa801506f564ed6e58c90a25029fe,901,120.0,10.0,4811149,20
eadd3afe50edc197e9fbd735,3b84e82b557f1fec6b093130ef7142be4cb0c3360b2cb4f2f57feef551f7,61d6b6dd5b15,4815024.0,4821277.0,6253.0,1,20,12000.0,585.9375,5.0,MISC,3b84e82b557f1fec6b093130ef7142be4cb0c3360b2cb4f2f57feef551f7,6253,120.0,5.0,4815024,20
b5e411a72c9203340ed63366,9c689224f0262c4d6dcf14798dcfc3726f556d980a1690d9cc28c0761c34,61d6b6dd5b15,4820663.0,4822632.0,1969.0,1,30,18000.0,878.90625,15.0,MISC,9c689224f0262c4d6dcf14798dcfc3726f556d980a1690d9cc28c0761c34,1969,180.0,15.0,4820663,30
68151cb04c1e6fe01bfa6224,02dce6fa2df4629662268b69bee0dfbf2f6944172d2ad0c1e5de5f4692ed,61d6b6dd5b15,4838054.0,4844419.0,6365.0,1,5,3000.0,146.484375,2.5,MISC,02dce6fa2df4629662268b69bee0dfbf2f6944172d2ad0c1e5de5f4692ed,6365,30.0,2.5,4838054,5
daee38d9374839cfaf2f2545,8b5e374d66f215ca01e7df93e611dc82f2f9f68d7ce265e5e791113ab013,61d6b6dd5b15,4853293.0,4892791.0,39498.0,1,30,18000.0,878.90625,15.0,P100,8b5e374d66f215ca01e7df93e611dc82f2f9f68d7ce265e5e791113ab013,39498,180.0,15.0,4853293,30
b1f519f177f16b42216a1aaa,f86d6615f55830030e4df86edd5bc4ea0a556ec5d7d52b63747af64557eb,61d6b6dd5b15,4853625.0,4854675.0,1050.0,1,20,12000.0,1171.875,5.0,P100,f86d6615f55830030e4df86edd5bc4ea0a556ec5d7d52b63747af64557eb,1050,120.0,5.0,4853625,20
44c34e6ab2a86315715e0060,618ec494a26ef96d77f6f2a405e14eb6a0681007df7000cc04e4c4a9062c,61d6b6dd5b15,4876142.0,4876575.0,433.0,1,5,3000.0,146.484375,2.5,MISC,618ec494a26ef96d77f6f2a405e14eb6a0681007df7000cc04e4c4a9062c,433,30.0,2.5,4876142,5
a026c04a379c3e11b0da78e1,2695492e9cc36680aee96d62e8547e1738dee42765aa60d4a78baad83a00,61d6b6dd5b15,4897252.0,4901115.0,3863.0,1,20,12000.0,1171.875,5.0,MISC,2695492e9cc36680aee96d62e8547e1738dee42765aa60d4a78baad83a00,3863,120.0,5.0,4897252,20
ddeadc7080adcfdc38ad9e19,f95df17c9d5280d93f8564384242df7c01ec7ce117084c9eefe29d5a4545,61d6b6dd5b15,4900555.0,4916803.0,16248.0,1,20,12000.0,585.9375,10.0,MISC,f95df17c9d5280d93f8564384242df7c01ec7ce117084c9eefe29d5a4545,16248,120.0,10.0,4900555,20
27e188d53dd2fa51c7742a28,7d61ef6dafceb329ba0d7a3761065941cfbe3cb0abc2eb31e3af85e231fb,61d6b6dd5b15,4906568.0,4912744.0,6176.0,1,30,18000.0,878.90625,15.0,MISC,7d61ef6dafceb329ba0d7a3761065941cfbe3cb0abc2eb31e3af85e231fb,6176,180.0,15.0,4906568,30
7bacb4500ff558851c8f74d6,cce3bcc0dde0f2719adc5bbf3eeae89cb3ea4d567ab00e06faf2b02d0782,61d6b6dd5b15,4923629.0,4946501.0,22872.0,1,5,3000.0,146.484375,5.0,MISC,cce3bcc0dde0f2719adc5bbf3eeae89cb3ea4d567ab00e06faf2b02d0782,22872,30.0,5.0,4923629,5
3d1e757102801cbe46e93f53,ccc7866538829a9d09dfe5c8f6cb0c1ced57d93ea5e2d23933fe6aede3b8,61d6b6dd5b15,4946143.0,4947007.0,864.0,1,20,12000.0,1171.875,20.0,MISC,ccc7866538829a9d09dfe5c8f6cb0c1ced57d93ea5e2d23933fe6aede3b8,864,120.0,20.0,4946143,20
7984f9156772d1b6531e3b84,da6b08e071140bcdfb4e176a75835f186629b47a73be3974449ab611fb4f,61d6b6dd5b15,4970289.0,4970693.0,404.0,1,5,3000.0,146.484375,2.5,MISC,da6b08e071140bcdfb4e176a75835f186629b47a73be3974449ab611fb4f,404,30.0,2.5,4970289,5
88c3808ec0f1962289918fbe,20180ecc20713b51dd574102072f535b6658dc276533a168aa2d3f1c51a4,61d6b6dd5b15,4971201.0,5125258.0,154057.0,1,30,18000.0,878.90625,15.0,MISC,20180ecc20713b51dd574102072f535b6658dc276533a168aa2d3f1c51a4,154057,180.0,15.0,4971201,30
094984ad1340fe49f16ee2e7,76d1ea5015b1f9373f4cb0224df66a03c5452c4cf9f0b3983e81e11879a5,61d6b6dd5b15,4983748.0,4990304.0,6556.0,1,20,12000.0,1171.875,20.0,MISC,76d1ea5015b1f9373f4cb0224df66a03c5452c4cf9f0b3983e81e11879a5,6556,120.0,20.0,4983748,20
23e67927ba95aa78c39fa52c,39cfc9954e152c1ec94aa604034f0191a6eddcfaad75d7114d784da719a2,61d6b6dd5b15,4986883.0,4989596.0,2713.0,1,20,12000.0,585.9375,20.0,V100,39cfc9954e152c1ec94aa604034f0191a6eddcfaad75d7114d784da719a2,2713,120.0,20.0,4986883,20
82a5c2c397a4fcad36d5112c,6a20bdbb7b01cc30f5b916f39b1d536b4b440b01940b90c01ea74c0ed4d6,61d6b6dd5b15,4992708.0,5136958.0,144250.0,1,30,18000.0,878.90625,15.0,MISC,6a20bdbb7b01cc30f5b916f39b1d536b4b440b01940b90c01ea74c0ed4d6,144250,180.0,15.0,4992708,30
80a1f794a98096785ccd5694,f981df6f23b0d295ac6f5da616e047ca5ac8241b22345f0b3c6df6e260ab,61d6b6dd5b15,5010769.0,5017269.0,6500.0,1,5,3000.0,146.484375,2.5,MISC,f981df6f23b0d295ac6f5da616e047ca5ac8241b22345f0b3c6df6e260ab,6500,30.0,2.5,5010769,5
d667e0903c0c7df390b60611,69848493ca6861d6f39bf6767b2515a7b3eea6c6e8115669864c8c54779c,61d6b6dd5b15,5026642.0,5030066.0,3424.0,1,20,12000.0,1171.875,10.0,P100,69848493ca6861d6f39bf6767b2515a7b3eea6c6e8115669864c8c54779c,3424,120.0,10.0,5026642,20
2bda2714be645ea66120b2d6,744f64f54dc741da6a4c6d0c088a2383f4377323ec82499750b9c8342165,61d6b6dd5b15,5044541.0,5044903.0,362.0,1,5,3000.0,146.484375,2.5,MISC,744f64f54dc741da6a4c6d0c088a2383f4377323ec82499750b9c8342165,362,30.0,2.5,5044541,5
73a60519c7e56dee6b87816a,2f00907a1b1f1a1b3dacb1fed4e05b37bcaaa92820d62675bd9b3b212078,61d6b6dd5b15,5070481.0,5075163.0,4682.0,1,20,12000.0,1171.875,10.0,MISC,2f00907a1b1f1a1b3dacb1fed4e05b37bcaaa92820d62675bd9b3b212078,4682,120.0,10.0,5070481,20
c78455852ebd8e114ed0adb6,f8aff532191f7e9a2bf3f38b1fcf13597fad6b57fd9e3e694a8d9afb4b93,61d6b6dd5b15,5074634.0,5108837.0,34203.0,1,20,12000.0,585.9375,10.0,MISC,f8aff532191f7e9a2bf3f38b1fcf13597fad6b57fd9e3e694a8d9afb4b93,34203,120.0,10.0,5074634,20
28962b98b7973bb50d22a7be,54e82f2cb3e97b79a9eab778f195ad46df81299ddb7c0bbf63e24028f035,61d6b6dd5b15,5080007.0,5381602.0,301595.0,1,30,18000.0,878.90625,15.0,MISC,54e82f2cb3e97b79a9eab778f195ad46df81299ddb7c0bbf63e24028f035,301595,180.0,15.0,5080007,30
b4078c43c6c7a2845ba5c244,eea0ac6f1cbb5fcbc8f7ba6262e1fe114b4d5b4c5791aaaac1f0e9595a0a,61d6b6dd5b15,5156599.0,5157867.0,1268.0,1,20,12000.0,1171.875,10.0,MISC,eea0ac6f1cbb5fcbc8f7ba6262e1fe114b4d5b4c5791aaaac1f0e9595a0a,1268,120.0,10.0,5156599,20
daf4783b95ab78eb6f6114df,40a5ea3c205e5f5a0ea391c5d6e5656533e3cc5a236317dcdf75d52e3ff4,61d6b6dd5b15,5159222.0,5169733.0,10511.0,1,20,12000.0,585.9375,10.0,MISC,40a5ea3c205e5f5a0ea391c5d6e5656533e3cc5a236317dcdf75d52e3ff4,10511,120.0,10.0,5159222,20
db25c4d39465360f5001a8cf,15cd395cce7577397a6a71ae94e0485f9b1e27fb46f16b19999bd0a0d706,61d6b6dd5b15,5164436.0,5381779.0,217343.0,1,30,18000.0,878.90625,15.0,MISC,15cd395cce7577397a6a71ae94e0485f9b1e27fb46f16b19999bd0a0d706,217343,180.0,15.0,5164436,30
f1b8e2867d70776a2638554f,546b09c9c4150ea2361d5e5c50f1dce3d9e873be0977ccd6450a1d1d9cf7,61d6b6dd5b15,5182586.0,5192422.0,9836.0,1,5,3000.0,146.484375,2.5,MISC,546b09c9c4150ea2361d5e5c50f1dce3d9e873be0977ccd6450a1d1d9cf7,9836,30.0,2.5,5182586,5
021763b0e5fdd86d86785ce0,e5e72c4c3eb23ba86f534327085d915b59993d1be2a419bc33f3bdc68a74,61d6b6dd5b15,5218822.0,5219361.0,539.0,1,5,3000.0,146.484375,2.5,MISC,e5e72c4c3eb23ba86f534327085d915b59993d1be2a419bc33f3bdc68a74,539,30.0,2.5,5218822,5
13279d6f26bb1abb6e6e1fc1,8df967e6d23eb04c6695a0ce0bfac7a3c2ec817ff4514bb3d18081e5fd54,61d6b6dd5b15,5242667.0,5247488.0,4821.0,1,20,12000.0,1171.875,10.0,MISC,8df967e6d23eb04c6695a0ce0bfac7a3c2ec817ff4514bb3d18081e5fd54,4821,120.0,10.0,5242667,20
d33e8e4866252cfe35e0511e,d44aa61e4ec0c1ea55cb92012d40eaf74821ebdc705a5c92f7603bac42fc,61d6b6dd5b15,5246323.0,5278270.0,31947.0,1,20,12000.0,585.9375,10.0,MISC,d44aa61e4ec0c1ea55cb92012d40eaf74821ebdc705a5c92f7603bac42fc,31947,120.0,10.0,5246323,20
1e78b7c220c74bd1cb7b6cf2,7b47be22b49f93c3474abd454ee4fbaaaef65b921cfda7a843be877cd81b,61d6b6dd5b15,5252760.0,5379091.0,126331.0,1,30,18000.0,878.90625,15.0,MISC,7b47be22b49f93c3474abd454ee4fbaaaef65b921cfda7a843be877cd81b,126331,180.0,15.0,5252760,30
586b57dc59d97fe6d24ec62a,b1a0ce91dbf1461b9a73ce588711b98a4f16c5f42b16917d387816d97e1f,61d6b6dd5b15,5285595.0,5286230.0,635.0,1,20,12000.0,1171.875,10.0,V100,b1a0ce91dbf1461b9a73ce588711b98a4f16c5f42b16917d387816d97e1f,635,120.0,10.0,5285595,20
5608c47199dd9a579a2b91d5,575381ff9f464817c48a71e764ac11d9b52e38a7052be1dfae6fe211e5ad,61d6b6dd5b15,5332558.0,5352682.0,20124.0,1,20,12000.0,585.9375,10.0,V100,575381ff9f464817c48a71e764ac11d9b52e38a7052be1dfae6fe211e5ad,20124,120.0,10.0,5332558,20
580187c748d187c58e17ec0c,dc053521baae9ac0eb070771db4a8a9d9e8eeccf1e67510e94cc120f7035,61d6b6dd5b15,5340094.0,5380725.0,40631.0,1,30,18000.0,878.90625,15.0,MISC,dc053521baae9ac0eb070771db4a8a9d9e8eeccf1e67510e94cc120f7035,40631,180.0,15.0,5340094,30
8878cc63dbf98d49583dce38,52c9e2f5d758944f88f6841fa79bcabf6bc96d2211bbfb1673d88e035d75,61d6b6dd5b15,5355204.0,5360421.0,5217.0,1,5,3000.0,146.484375,5.0,V100,52c9e2f5d758944f88f6841fa79bcabf6bc96d2211bbfb1673d88e035d75,5217,30.0,5.0,5355204,5
8ee12097326f256bf5e9c474,138fb8c88db9cec1a373a3c01b972003fd305f70909f3dd3adda79fa2bde,61d6b6dd5b15,5372950.0,5380118.0,7168.0,1,20,12000.0,1171.875,5.0,MISC,138fb8c88db9cec1a373a3c01b972003fd305f70909f3dd3adda79fa2bde,7168,120.0,5.0,5372950,20
228e0281adc1b9ab664e117b,8b434c1e75f3647f791082386b2ae159bc73b4c2227c2dd42df4baf980bf,61d6b6dd5b15,5391564.0,5391649.0,85.0,1,5,3000.0,146.484375,2.5,MISC,8b434c1e75f3647f791082386b2ae159bc73b4c2227c2dd42df4baf980bf,85,30.0,2.5,5391564,5
4a34f3957a43cc43cbfa3ab0,d81c9b26abfafe18359a6743eaa61dec5cb02dc081f35d3bf79b70b6ac4e,61d6b6dd5b15,5415689.0,5416061.0,372.0,1,20,12000.0,1171.875,10.0,MISC,d81c9b26abfafe18359a6743eaa61dec5cb02dc081f35d3bf79b70b6ac4e,372,120.0,10.0,5415689,20
1b1f4a76cb8d0a0875672a96,a48da7e13dd816932837182b893903e5d72ef53f84470e09bd1925ad0212,61d6b6dd5b15,5419055.0,5423800.0,4745.0,1,20,12000.0,585.9375,10.0,MISC,a48da7e13dd816932837182b893903e5d72ef53f84470e09bd1925ad0212,4745,120.0,10.0,5419055,20
84b34bc08ad1bc47933a2a94,9585d2e4bb84d5351036d0d397428422dd66c5d27134f29b048bab4c3638,61d6b6dd5b15,5424576.0,5426534.0,1958.0,1,30,18000.0,878.90625,15.0,MISC,9585d2e4bb84d5351036d0d397428422dd66c5d27134f29b048bab4c3638,1958,180.0,15.0,5424576,30
00a9714506541d9240b45dc4,73ac38c3ba08042b7a7a53479659fc2715b8e0632b4dbf6b8cd28bb11f9d,61d6b6dd5b15,5445625.0,5451518.0,5893.0,1,5,3000.0,146.484375,2.5,MISC,73ac38c3ba08042b7a7a53479659fc2715b8e0632b4dbf6b8cd28bb11f9d,5893,30.0,2.5,5445625,5
1fb5b81d68f635826ad2f4d4,0053839b1290ca0aa92799e4d1bcce393567b795dccb21407ff0972b7b70,61d6b6dd5b15,5458966.0,5459333.0,367.0,1,20,12000.0,1171.875,10.0,MISC,0053839b1290ca0aa92799e4d1bcce393567b795dccb21407ff0972b7b70,367,120.0,10.0,5458966,20
7de3deff39eef23698adc8a1,1713d39781ed239bcaf912c41227717a81ce7ab7554215ea31a5f524645c,61d6b6dd5b15,5472407.0,5473139.0,732.0,1,5,3000.0,146.484375,2.5,MISC,1713d39781ed239bcaf912c41227717a81ce7ab7554215ea31a5f524645c,732,30.0,2.5,5472407,5
9ed80ea5ee81e7738d786d51,3178ccb6725ee8386ec546d6a8f9b4c85238624da60142e24d4d8b9dee4d,61d6b6dd5b15,5502727.0,5503548.0,821.0,1,20,12000.0,1171.875,10.0,P100,3178ccb6725ee8386ec546d6a8f9b4c85238624da60142e24d4d8b9dee4d,821,120.0,10.0,5502727,20
67e7fb684f1dd30c3bb3a0bf,622eddbc289a1301bbd86da9c0b6e82c07f867b581ac73670deda10e4014,61d6b6dd5b15,5505596.0,5509239.0,3643.0,1,20,12000.0,585.9375,10.0,MISC,622eddbc289a1301bbd86da9c0b6e82c07f867b581ac73670deda10e4014,3643,120.0,10.0,5505596,20
b8121f2c2b1725beabbff04f,1b475848e015c8dd5866b79afe49be46470cff1f49d99ba63e6d2218f14a,61d6b6dd5b15,5511022.0,5513577.0,2555.0,1,30,18000.0,878.90625,15.0,MISC,1b475848e015c8dd5866b79afe49be46470cff1f49d99ba63e6d2218f14a,2555,180.0,15.0,5511022,30
ef35d1393b6890c800aef294,25b8a8f67fb80987fe612681ffe04f603e02ef4168d748025dfbd7043b2e,61d6b6dd5b15,5529431.0,5534703.0,5272.0,1,5,3000.0,146.484375,2.5,MISC,25b8a8f67fb80987fe612681ffe04f603e02ef4168d748025dfbd7043b2e,5272,30.0,2.5,5529431,5
777d7044f16892db1be19964,bbf55d893c30c2daa5d2596f3d68da2af2f6a3b4f9994325dbded88d9de5,61d6b6dd5b15,5545214.0,5545603.0,389.0,1,20,12000.0,1171.875,10.0,MISC,bbf55d893c30c2daa5d2596f3d68da2af2f6a3b4f9994325dbded88d9de5,389,120.0,10.0,5545214,20
72be39f2d428f59c8c3678e3,f0fa539877d6e021d3e22a5ede6a6659f3409602ef68bf25244083e826d4,61d6b6dd5b15,5557153.0,5557219.0,66.0,1,5,3000.0,146.484375,2.5,MISC,f0fa539877d6e021d3e22a5ede6a6659f3409602ef68bf25244083e826d4,66,30.0,2.5,5557153,5
38ca37ca02b37136eafa74e2,14916cce3da12cde9b6114bd88052f535a80c01f3543a7fadbed0fba0894,61d6b6dd5b15,5574189.0,5574283.0,94.0,1,30,18000.0,878.90625,15.0,MISC,14916cce3da12cde9b6114bd88052f535a80c01f3543a7fadbed0fba0894,94,180.0,15.0,5574189,30
311815a4a18ad01289024971,7076e9d6b4923cafb81bb6c858b35403d3af19dc230005ca965160641f66,61d6b6dd5b15,5577270.0,5577349.0,79.0,1,30,18000.0,878.90625,15.0,MISC,7076e9d6b4923cafb81bb6c858b35403d3af19dc230005ca965160641f66,79,180.0,15.0,5577270,30
88fbcf5b39501618943fa2a3,8e8b9fc6a074ed4b8328410a5a7e1f88a27c87349805666273671889aab8,61d6b6dd5b15,5589160.0,5589732.0,572.0,1,20,12000.0,1171.875,10.0,MISC,8e8b9fc6a074ed4b8328410a5a7e1f88a27c87349805666273671889aab8,572,120.0,10.0,5589160,20
0274b3f77a4c63f53f27d9f4,febee72e102e6332683b145bde538bfe99c80a966469b41f97e84134260e,61d6b6dd5b15,5591640.0,5594719.0,3079.0,1,20,12000.0,585.9375,10.0,P100,febee72e102e6332683b145bde538bfe99c80a966469b41f97e84134260e,3079,120.0,10.0,5591640,20
d004f3c70592e53975d572e0,a367bcce0c248c5ef22401221f5c1a708d8d510777b89631c1c097e05661,61d6b6dd5b15,5597542.0,5599780.0,2238.0,1,30,18000.0,878.90625,15.0,MISC,a367bcce0c248c5ef22401221f5c1a708d8d510777b89631c1c097e05661,2238,180.0,15.0,5597542,30
8db72fa7646d86795090b65b,90e96e416b93b8c676f74c283b4f47fc0f2db6ae7fd174088e6a0671ffe4,61d6b6dd5b15,5618260.0,5622958.0,4698.0,1,5,3000.0,146.484375,2.5,MISC,90e96e416b93b8c676f74c283b4f47fc0f2db6ae7fd174088e6a0671ffe4,4698,30.0,2.5,5618260,5
a44d657e73884bf8847de810,6c02197ff2aec10779a2f2110a16e565217d1dbb29bcd9b75e0a16b12e2a,61d6b6dd5b15,5631447.0,5631827.0,380.0,1,20,12000.0,1171.875,10.0,MISC,6c02197ff2aec10779a2f2110a16e565217d1dbb29bcd9b75e0a16b12e2a,380,120.0,10.0,5631447,20
8f6e0a10d08a72e2fb6bd14f,4ef29a82a85b4e13632e25a352b1cbfb4aef4e8a5df0bd5f310d4097aaed,61d6b6dd5b15,5644357.0,5644442.0,85.0,1,5,3000.0,146.484375,2.5,MISC,4ef29a82a85b4e13632e25a352b1cbfb4aef4e8a5df0bd5f310d4097aaed,85,30.0,2.5,5644357,5
9bdbed976fae42cae1894b6d,06b35c298f9e21a855488349afa3dbfad043b61bb10bd81c7506463d83b3,61d6b6dd5b15,5674881.0,5675300.0,419.0,1,20,12000.0,1171.875,10.0,MISC,06b35c298f9e21a855488349afa3dbfad043b61bb10bd81c7506463d83b3,419,120.0,10.0,5674881,20
69d524321cc26dc35fe2a7ae,37a7d95183bb3f01407fa2e4e749e04ac1371bdf247464b92c334025f06b,61d6b6dd5b15,5677878.0,5680359.0,2481.0,1,20,12000.0,585.9375,10.0,MISC,37a7d95183bb3f01407fa2e4e749e04ac1371bdf247464b92c334025f06b,2481,120.0,10.0,5677878,20
ff4242d1ce82ba4189bed6d1,4d75f57f4d8bea5dd46064cf781436b21bd420d237760533d584f52f70ab,61d6b6dd5b15,5683718.0,5686784.0,3066.0,1,30,18000.0,878.90625,15.0,MISC,4d75f57f4d8bea5dd46064cf781436b21bd420d237760533d584f52f70ab,3066,180.0,15.0,5683718,30
968824cd196099122a3e760d,8aa6954cc5c017287ac9bd95069689fd9486fa037af8be23d979388e9dbe,61d6b6dd5b15,5701964.0,5707510.0,5546.0,1,5,3000.0,146.484375,2.5,MISC,8aa6954cc5c017287ac9bd95069689fd9486fa037af8be23d979388e9dbe,5546,30.0,2.5,5701964,5
6ee6426f3cc5e406ea993c5a,8c7ba44fe70a5e81d92550556637c85687a8b93f4704d2ed61f22e46b4f7,61d6b6dd5b15,5717867.0,5718388.0,521.0,1,20,12000.0,1171.875,10.0,MISC,8c7ba44fe70a5e81d92550556637c85687a8b93f4704d2ed61f22e46b4f7,521,120.0,10.0,5717867,20
c5e57a5baa15ca607e2bfba1,b12bc5d1d5d6ef56c7f4e38c9fe794e776c80d23060dbd4280aa2c7e0643,61d6b6dd5b15,5731673.0,5731741.0,68.0,1,5,3000.0,146.484375,2.5,MISC,b12bc5d1d5d6ef56c7f4e38c9fe794e776c80d23060dbd4280aa2c7e0643,68,30.0,2.5,5731673,5
d98b6728845fcc21de396a5c,75b8934f80fe7065b817b755ee627c01a458581fac83bd38982d554df6e0,61d6b6dd5b15,5761068.0,5761421.0,353.0,1,20,12000.0,1171.875,10.0,MISC,75b8934f80fe7065b817b755ee627c01a458581fac83bd38982d554df6e0,353,120.0,10.0,5761068,20
d1ec650c87e83f420260841a,083be895f8b2fffa5bdb3b310666c35807c10a883fa68d501a41722b0018,61d6b6dd5b15,5764306.0,5766550.0,2244.0,1,20,12000.0,585.9375,10.0,MISC,083be895f8b2fffa5bdb3b310666c35807c10a883fa68d501a41722b0018,2244,120.0,10.0,5764306,20
da9412c3cc3bd5826d789d23,07aa5098cfaf1e16d4193e8fee20cd8f760c998dec5f70ce5eef64ba7e45,61d6b6dd5b15,5770574.0,5772448.0,1874.0,1,30,18000.0,878.90625,15.0,MISC,07aa5098cfaf1e16d4193e8fee20cd8f760c998dec5f70ce5eef64ba7e45,1874,180.0,15.0,5770574,30
fd5e3dcb74fc214b542fb896,4b24d9a2147da2e65dc95b58c383a20cf79384e22a250b5b6b9606126fc8,61d6b6dd5b15,5788560.0,5794353.0,5793.0,1,5,3000.0,146.484375,2.5,MISC,4b24d9a2147da2e65dc95b58c383a20cf79384e22a250b5b6b9606126fc8,5793,30.0,2.5,5788560,5
7bdb93be38b2194031bfb7d9,9b9d9da983aa14c30c79f4b46e564707dbc2de9bfecc3ce532d446fe4b02,61d6b6dd5b15,5804066.0,5804474.0,408.0,1,20,12000.0,1171.875,10.0,MISC,9b9d9da983aa14c30c79f4b46e564707dbc2de9bfecc3ce532d446fe4b02,408,120.0,10.0,5804066,20
6b46ac698fa1278ddba04dad,e01c1db39fea7cab350594f23d3a3e4105494e5a03c7b27d4178f82f61b0,61d6b6dd5b15,5819776.0,5819846.0,70.0,1,5,3000.0,146.484375,2.5,MISC,e01c1db39fea7cab350594f23d3a3e4105494e5a03c7b27d4178f82f61b0,70,30.0,2.5,5819776,5
e9a36d7a8686b9ae3dbe7645,1a8ad7340d167f7b31320dbe704e2d6cbd575bd56e9ecc04bbcab735d1b7,61d6b6dd5b15,5820704.0,5821691.0,987.0,1,30,18000.0,878.90625,15.0,MISC,1a8ad7340d167f7b31320dbe704e2d6cbd575bd56e9ecc04bbcab735d1b7,987,180.0,15.0,5820704,30
4577a1ec7e9efd09c33a89ec,61c32168e3ef145c5f24205a06027b737114b23c9841e18d719540e45168,61d6b6dd5b15,5847708.0,5848076.0,368.0,1,20,12000.0,1171.875,10.0,MISC,61c32168e3ef145c5f24205a06027b737114b23c9841e18d719540e45168,368,120.0,10.0,5847708,20
83b19fea39da33951da911b5,b58d3a75b76d88f95641a3aac8153de771f22f4a8b0e7524a7e46a8ce569,61d6b6dd5b15,5850858.0,5853810.0,2952.0,1,20,12000.0,585.9375,10.0,MISC,b58d3a75b76d88f95641a3aac8153de771f22f4a8b0e7524a7e46a8ce569,2952,120.0,10.0,5850858,20
dc05bba4cb44fd85469b7704,2b6184ac3a5b7322574850f3450fd6157f57e865e2af4a2b6f40528fd029,61d6b6dd5b15,5857254.0,5859086.0,1832.0,1,30,18000.0,878.90625,15.0,MISC,2b6184ac3a5b7322574850f3450fd6157f57e865e2af4a2b6f40528fd029,1832,180.0,15.0,5857254,30
443b3b3dde2c761c2be3a333,9b3935384a2f83af7074452774f41082fd062c887c2ef229948fc1aa5d0f,61d6b6dd5b15,5876952.0,5881523.0,4571.0,1,5,3000.0,146.484375,2.5,MISC,9b3935384a2f83af7074452774f41082fd062c887c2ef229948fc1aa5d0f,4571,30.0,2.5,5876952,5
e79c9374cb920220b63b6eb1,1cfbf58b0a34f046806f637f6ad7b990a9b85ec043d564a33db80c2f2d21,61d6b6dd5b15,5876972.0,5877039.0,67.0,1,30,18000.0,878.90625,15.0,MISC,1cfbf58b0a34f046806f637f6ad7b990a9b85ec043d564a33db80c2f2d21,67,180.0,15.0,5876972,30
da510551145aae8f08bcd548,e035e602d77c6fc393b6843e25d9dc484b07c06f3c14bb1d918dd60932ec,61d6b6dd5b15,5914657.0,5915167.0,510.0,1,5,3000.0,146.484375,2.5,MISC,e035e602d77c6fc393b6843e25d9dc484b07c06f3c14bb1d918dd60932ec,510,30.0,2.5,5914657,5
6b0a3d4a308440df176df867,4f6931ab1f1faea4e9aaace6578ab071cdf48644c54aabda971d0766de50,61d6b6dd5b15,5934159.0,5934559.0,400.0,1,20,12000.0,1171.875,10.0,MISC,4f6931ab1f1faea4e9aaace6578ab071cdf48644c54aabda971d0766de50,400,120.0,10.0,5934159,20
f560bc5f03e4d2b02cc0f6cb,817d490815ad0f8a1799ca0019ee775ae69fca9271d5a515da7f44633e25,61d6b6dd5b15,5942014.0,5944634.0,2620.0,1,20,12000.0,585.9375,10.0,MISC,817d490815ad0f8a1799ca0019ee775ae69fca9271d5a515da7f44633e25,2620,120.0,10.0,5942014,20
caf452a4fbfefa852de3e188,c5fc92b90b33db48c21a7b8bc17953d6bf82c9fef0bf2a53677ec5166ab6,61d6b6dd5b15,5943236.0,5946287.0,3051.0,1,30,18000.0,878.90625,15.0,MISC,c5fc92b90b33db48c21a7b8bc17953d6bf82c9fef0bf2a53677ec5166ab6,3051,180.0,15.0,5943236,30
f042a26df4a3d56b2da838b6,2e502089ed2099dede7cde4dea730fd5ab26a35ec516eaec1c9b0216ea48,61d6b6dd5b15,5964487.0,5964567.0,80.0,1,30,18000.0,878.90625,15.0,MISC,2e502089ed2099dede7cde4dea730fd5ab26a35ec516eaec1c9b0216ea48,80,180.0,15.0,5964487,30
73af7440151c173ab8837175,c896933767fc9d41ee3575d20ba94176c11bd66595f768c7d370795f9a24,61d6b6dd5b15,5964737.0,5970089.0,5352.0,1,5,3000.0,146.484375,2.5,MISC,c896933767fc9d41ee3575d20ba94176c11bd66595f768c7d370795f9a24,5352,30.0,2.5,5964737,5
94ad3147fbc8cfbb3017d4e2,f9c0e42db61fa6c8bf001e64caf72f5290e25d7967bc761330140ac0f400,61d6b6dd5b15,5977799.0,5978156.0,357.0,1,20,12000.0,1171.875,10.0,P100,f9c0e42db61fa6c8bf001e64caf72f5290e25d7967bc761330140ac0f400,357,120.0,10.0,5977799,20
066e70287add0846b5db746a,5f589ba3d73d7b5c70c90999dd7ad46a56a4ec4e0b3092e93ed2a8da3d6c,61d6b6dd5b15,5998578.0,5998654.0,76.0,1,5,3000.0,146.484375,2.5,MISC,5f589ba3d73d7b5c70c90999dd7ad46a56a4ec4e0b3092e93ed2a8da3d6c,76,30.0,2.5,5998578,5
d780aad1676b2a5ebcc76506,fadae903d8312df40c83fe4bd95a451474684996b7e7601765c769304e8b,61d6b6dd5b15,6020515.0,6021007.0,492.0,1,20,12000.0,1171.875,10.0,MISC,fadae903d8312df40c83fe4bd95a451474684996b7e7601765c769304e8b,492,120.0,10.0,6020515,20
6a2bbfb86d27c98f0f7a1285,9a1157f97c8894ff4c1e3646f877bdeabb4c6ce8f62ecc12d7dc31276aef,61d6b6dd5b15,6025729.0,6029917.0,4188.0,1,20,12000.0,585.9375,10.0,MISC,9a1157f97c8894ff4c1e3646f877bdeabb4c6ce8f62ecc12d7dc31276aef,4188,120.0,10.0,6025729,20
f6cf05d8bad964be09757efb,ae176672a8bfd7223d01d564048949db0b05b2ac089302d886cf2b8dcb6b,61d6b6dd5b15,6029088.0,6031575.0,2487.0,1,30,18000.0,878.90625,15.0,MISC,ae176672a8bfd7223d01d564048949db0b05b2ac089302d886cf2b8dcb6b,2487,180.0,15.0,6029088,30
21f6281cd0deb590603bc079,eb939a631e77472f31e81ec0e3f5a2b930077dc7adfcc56c08d118e9be20,61d6b6dd5b15,6047436.0,6047503.0,67.0,1,30,18000.0,878.90625,15.0,MISC,eb939a631e77472f31e81ec0e3f5a2b930077dc7adfcc56c08d118e9be20,67,180.0,15.0,6047436,30
66c64f1200b48b77b264204b,e7fc23080c6d69d58188eae6e66fc24d87ffb372e243e2f37fccf6424e3d,61d6b6dd5b15,6047481.0,6052621.0,5140.0,1,5,3000.0,146.484375,2.5,MISC,e7fc23080c6d69d58188eae6e66fc24d87ffb372e243e2f37fccf6424e3d,5140,30.0,2.5,6047481,5
98acbcc793a06649e2262a12,9dcd5d003a5d08a77525d58c2ec1387646742ed4e4c5f204ccc3a3cadedc,61d6b6dd5b15,6063725.0,6065948.0,2223.0,1,20,12000.0,1171.875,10.0,MISC,9dcd5d003a5d08a77525d58c2ec1387646742ed4e4c5f204ccc3a3cadedc,2223,120.0,10.0,6063725,20
5928a31edee2cbfec41e2799,91cb0c0f0564b6581f32db7593507b7aa2ea9733dc5eaf3667ccce74ab28,61d6b6dd5b15,6071854.0,6071921.0,67.0,1,5,3000.0,146.484375,2.5,MISC,91cb0c0f0564b6581f32db7593507b7aa2ea9733dc5eaf3667ccce74ab28,67,30.0,2.5,6071854,5
2524725ddb8865364a3826b2,b88f34dad5dff225b1169e90a8df3bd56df9be38ab53e25ec18bf48d1231,61d6b6dd5b15,6106951.0,6107335.0,384.0,1,20,12000.0,1171.875,10.0,MISC,b88f34dad5dff225b1169e90a8df3bd56df9be38ab53e25ec18bf48d1231,384,120.0,10.0,6106951,20
9340f9d62d9744648664ad16,c6d27f3e23c267dfa634b4b877413d1a7bdb860bfd270dcadfaecfb5d7df,61d6b6dd5b15,6110993.0,6114591.0,3598.0,1,20,12000.0,585.9375,10.0,MISC,c6d27f3e23c267dfa634b4b877413d1a7bdb860bfd270dcadfaecfb5d7df,3598,120.0,10.0,6110993,20
86a35ae574c5f67695447cad,942ffb6456203bd9b515ce8c7103ccd1172b4c531b62d8ca23e0272fb9c6,61d6b6dd5b15,6117149.0,6120349.0,3200.0,1,30,18000.0,878.90625,15.0,MISC,942ffb6456203bd9b515ce8c7103ccd1172b4c531b62d8ca23e0272fb9c6,3200,180.0,15.0,6117149,30
209676bedede6582ba4df797,4e2cc040612259cee127e5d4bb03243d9541189aaf1578c74c67abd2e946,61d6b6dd5b15,6133418.0,6138357.0,4939.0,1,5,3000.0,146.484375,2.5,MISC,4e2cc040612259cee127e5d4bb03243d9541189aaf1578c74c67abd2e946,4939,30.0,2.5,6133418,5
a41c447f7565e567cc0d5dcc,d4d02b920fe143373aaf464ee14fbff2a61062daafc7c76be01e42091da7,61d6b6dd5b15,6133541.0,6133762.0,221.0,1,30,18000.0,878.90625,15.0,MISC,d4d02b920fe143373aaf464ee14fbff2a61062daafc7c76be01e42091da7,221,180.0,15.0,6133541,30
ccc7fc264944f820780ae48f,a31b07b46241290139954a882d5652fc805deade65912ad565f379a712e1,61d6b6dd5b15,6149857.0,6151314.0,1457.0,1,20,12000.0,1171.875,10.0,MISC,a31b07b46241290139954a882d5652fc805deade65912ad565f379a712e1,1457,120.0,10.0,6149857,20
de2e6787c311ee7cb899fdea,25f9b1a761343d65a0d021cc4ee07f1e0161acc18ec97b8e97acda8f0296,61d6b6dd5b15,6165269.0,6165338.0,69.0,1,5,3000.0,146.484375,2.5,MISC,25f9b1a761343d65a0d021cc4ee07f1e0161acc18ec97b8e97acda8f0296,69,30.0,2.5,6165269,5
761e493170d2b1594dfa1e07,c86ee2ef8bf742470f1520861b9b703e26b2455ffcb00707b5f03295d197,61d6b6dd5b15,6194918.0,6195271.0,353.0,1,20,12000.0,1171.875,10.0,MISC,c86ee2ef8bf742470f1520861b9b703e26b2455ffcb00707b5f03295d197,353,120.0,10.0,6194918,20
2cdde67b87f11a79fe5f689c,7ef42cb09587ff464021d1243e7080116ee5dfdcc81d25d80557867db1d6,61d6b6dd5b15,6199993.0,6204791.0,4798.0,1,20,12000.0,585.9375,10.0,MISC,7ef42cb09587ff464021d1243e7080116ee5dfdcc81d25d80557867db1d6,4798,120.0,10.0,6199993,20
123cf7abd8bbae1ef204073a,ee5955af3c728bae46e003e385fac1d3d400754a702647bf72421f61d325,61d6b6dd5b15,6223252.0,6229416.0,6164.0,1,5,3000.0,146.484375,2.5,MISC,ee5955af3c728bae46e003e385fac1d3d400754a702647bf72421f61d325,6164,30.0,2.5,6223252,5
89877d88e29ba577abeaf6b8,a40a1309820579facc1cd6612a8bd491b72154bc5006f0101b8e10a908a9,61d6b6dd5b15,6223257.0,6223372.0,115.0,1,30,18000.0,878.90625,15.0,MISC,a40a1309820579facc1cd6612a8bd491b72154bc5006f0101b8e10a908a9,115,180.0,15.0,6223257,30
f00f3daedab56bec3933a4af,e5a5520d96bc5033d62af35ff526d9c60cc261a42f3e32d59339fa02449a,61d6b6dd5b15,6236575.0,6237600.0,1025.0,1,20,12000.0,1171.875,10.0,MISC,e5a5520d96bc5033d62af35ff526d9c60cc261a42f3e32d59339fa02449a,1025,120.0,10.0,6236575,20
f866df1cf49c9602dd8288f6,a2ce0d58537c9926472fb651533f6ee8a3b3c76690253fa7f1aef93c4834,61d6b6dd5b15,6260903.0,6260982.0,79.0,1,5,3000.0,146.484375,2.5,MISC,a2ce0d58537c9926472fb651533f6ee8a3b3c76690253fa7f1aef93c4834,79,30.0,2.5,6260903,5
b2e463b71ca51f352d5bdb6f,4f53972c6f88e245ac60839e2d2b79732ec994454c387d809f6b7b6e71e8,61d6b6dd5b15,6279678.0,6281880.0,2202.0,1,20,12000.0,1171.875,10.0,MISC,4f53972c6f88e245ac60839e2d2b79732ec994454c387d809f6b7b6e71e8,2202,120.0,10.0,6279678,20
ed2a45dc32c989015f213799,dd878a5b6029e32989156ff58bcaf4c3b3dd723c91d1250a4d0c2f56368b,61d6b6dd5b15,6285640.0,6288132.0,2492.0,1,20,12000.0,585.9375,10.0,MISC,dd878a5b6029e32989156ff58bcaf4c3b3dd723c91d1250a4d0c2f56368b,2492,120.0,10.0,6285640,20
f9c9611a2d7af3fe915a41c6,e8fd3669f5ce5c89474a164103a9ba4dc0a33a479179abc4350f4ac9b82e,61d6b6dd5b15,6306641.0,6311909.0,5268.0,1,5,3000.0,146.484375,2.5,MISC,e8fd3669f5ce5c89474a164103a9ba4dc0a33a479179abc4350f4ac9b82e,5268,30.0,2.5,6306641,5
7f43ea003bdff602c81194d7,aa8bdc99d4e41ec2e7baacac3dc67777bceff04c650dde280052ecc7d51e,61d6b6dd5b15,6306708.0,6306913.0,205.0,1,30,18000.0,878.90625,15.0,MISC,aa8bdc99d4e41ec2e7baacac3dc67777bceff04c650dde280052ecc7d51e,205,180.0,15.0,6306708,30
becbd4fe31b3957d39130745,a011bb5c0b973e8e650ff722d0e5bb0403c4d400fcaeea24a9fe1333fa37,61d6b6dd5b15,6322537.0,6323022.0,485.0,1,20,12000.0,1171.875,10.0,MISC,a011bb5c0b973e8e650ff722d0e5bb0403c4d400fcaeea24a9fe1333fa37,485,120.0,10.0,6322537,20
7be64295702294d6e88311e9,4a7db01fdc170bc9675d76e4922fa0900be1060e20d50629d42efe7b42e0,61d6b6dd5b15,6336563.0,6336643.0,80.0,1,5,3000.0,146.484375,2.5,MISC,4a7db01fdc170bc9675d76e4922fa0900be1060e20d50629d42efe7b42e0,80,30.0,2.5,6336563,5
72efdffdd51a8f10953e5821,1d8b2d4250aaf95ebed028e47d61e813586e45282bb1d4de44f4e2b59ab0,61d6b6dd5b15,6366112.0,6366515.0,403.0,1,20,12000.0,1171.875,10.0,MISC,1d8b2d4250aaf95ebed028e47d61e813586e45282bb1d4de44f4e2b59ab0,403,120.0,10.0,6366112,20
3737e7358d6694396738af92,b3599a1d84c82dce541dce3411a451f8416f0278ab43efec91b2d2115c61,61d6b6dd5b15,6369126.0,6371747.0,2621.0,1,20,12000.0,585.9375,10.0,MISC,b3599a1d84c82dce541dce3411a451f8416f0278ab43efec91b2d2115c61,2621,120.0,10.0,6369126,20
03985755b752ba8d33dac00f,9f4b1d8c9d76aa406038bfab09e657946ee9ed09a79579f7e829c75dde5a,61d6b6dd5b15,6392647.0,6392728.0,81.0,1,30,18000.0,878.90625,15.0,MISC,9f4b1d8c9d76aa406038bfab09e657946ee9ed09a79579f7e829c75dde5a,81,180.0,15.0,6392647,30
d05cde7b26ce49d7e98f1592,39d7e327c1c7eeef6fdc886f5870747eae68b424ac7e267f941f3b2fc438,61d6b6dd5b15,6392788.0,6398353.0,5565.0,1,5,3000.0,146.484375,2.5,MISC,39d7e327c1c7eeef6fdc886f5870747eae68b424ac7e267f941f3b2fc438,5565,30.0,2.5,6392788,5
507d243160a7d898fe026d21,5197dedccc6099c1665fc696d5c19a086c1b40c4c31d1973dd64add235ca,61d6b6dd5b15,6405323.0,6407233.0,1910.0,1,30,18000.0,878.90625,15.0,MISC,5197dedccc6099c1665fc696d5c19a086c1b40c4c31d1973dd64add235ca,1910,180.0,15.0,6405323,30
958bf6853da98e112921b85f,3af02cf0498e50cdb6467849c10132bdb16fb8ab514d30bb906a5978f21e,61d6b6dd5b15,6409000.0,6409434.0,434.0,1,20,12000.0,1171.875,10.0,MISC,3af02cf0498e50cdb6467849c10132bdb16fb8ab514d30bb906a5978f21e,434,120.0,10.0,6409000,20
d35b678e770809dc7615fee0,edc017ddeb49732521b3a1870ab9fcf4d0dbe5c37a043c450c3670f39ab0,61d6b6dd5b15,6411949.0,6412027.0,78.0,1,30,18000.0,878.90625,15.0,MISC,edc017ddeb49732521b3a1870ab9fcf4d0dbe5c37a043c450c3670f39ab0,78,180.0,15.0,6411949,30
d5e6651f1c48990ba2763bf3,00cf84c9032a1713020d3441cd79062cbf6b36275cc7aa0674fb54524b19,61d6b6dd5b15,6422542.0,6422605.0,63.0,1,5,3000.0,146.484375,2.5,MISC,00cf84c9032a1713020d3441cd79062cbf6b36275cc7aa0674fb54524b19,63,30.0,2.5,6422542,5
9717b24b4b152931e04f9d9a,a92ba50cc3a1e6a3a532f6510888f7d77ee7b6f4818c1513c9b0b4d00d1e,61d6b6dd5b15,6428002.0,6428121.0,119.0,1,30,18000.0,878.90625,15.0,MISC,a92ba50cc3a1e6a3a532f6510888f7d77ee7b6f4818c1513c9b0b4d00d1e,119,180.0,15.0,6428002,30
7541293825fd517eb079c789,d1c907cbfb6dedba7b5ab16cb22a7a758d33fcce72c3031e72bc62f12361,61d6b6dd5b15,6440577.0,6441570.0,993.0,1,30,18000.0,878.90625,15.0,MISC,d1c907cbfb6dedba7b5ab16cb22a7a758d33fcce72c3031e72bc62f12361,993,180.0,15.0,6440577,30
0e0e802b2999b3521ee0da35,e1a449f8a6e7a0b881f9a6423b936ad2a941df60d0ed676097e056cb63e6,61d6b6dd5b15,6444534.0,6444639.0,105.0,1,30,18000.0,878.90625,15.0,MISC,e1a449f8a6e7a0b881f9a6423b936ad2a941df60d0ed676097e056cb63e6,105,180.0,15.0,6444534,30
5af4fc2c9d224c23ed59a231,f191d725d3bd879b8cfd0f066d2d74b787dafdfa11e615889ad4272f8135,61d6b6dd5b15,6450571.0,6450793.0,222.0,1,30,18000.0,878.90625,15.0,MISC,f191d725d3bd879b8cfd0f066d2d74b787dafdfa11e615889ad4272f8135,222,180.0,15.0,6450571,30
dcc165ff5e9602d3d8100a84,2cebfdd1ceb7a00a3f4bb5c0d19f7eb1a233e4d14690faf0b031f64e7d69,0bfd5acc65c0,1513353.0,1584424.0,71071.0,1,40,24000.0,1171.875,40.0,MISC,2cebfdd1ceb7a00a3f4bb5c0d19f7eb1a233e4d14690faf0b031f64e7d69,71071,240.0,40.0,1513353,40
45fc4acaabc14c05476fa2d6,8be1fb7e97764e59a8843f1243b6df1216c473f69543a14e012fa10b050b,0bfd5acc65c0,1590827.0,1620476.0,29649.0,1,40,24000.0,1171.875,40.0,MISC,8be1fb7e97764e59a8843f1243b6df1216c473f69543a14e012fa10b050b,29649,240.0,40.0,1590827,40
e245e66e28b558f25ce6b4c5,af68ac870a6144e24495b633f24a43d6c2655df0c8b73de7dc7d283e1b68,0bfd5acc65c0,1651056.0,1652196.0,1140.0,1,10,6000.0,292.96875,10.0,MISC,af68ac870a6144e24495b633f24a43d6c2655df0c8b73de7dc7d283e1b68,1140,60.0,10.0,1651056,10
b1bff1d97ddc505e5c5199b0,162d7f99b970dc100bec436b26409669fd86f67fee5518e8d74748dff0c2,0bfd5acc65c0,1744672.0,1747146.0,2474.0,1,40,24000.0,1171.875,40.0,MISC,162d7f99b970dc100bec436b26409669fd86f67fee5518e8d74748dff0c2,2474,240.0,40.0,1744672,40
dcacc279556e266d4ffd1e2f,a6fa368705f087aee0787d329b42df6972ef033e8a5818b6327c502b7e5a,0bfd5acc65c0,1769441.0,1769687.0,246.0,1,40,24000.0,1171.875,40.0,P100,a6fa368705f087aee0787d329b42df6972ef033e8a5818b6327c502b7e5a,246,240.0,40.0,1769441,40
7c22c1fb40f2e7554224e970,f1a2baf368d34d8e8e3de94ccfcff2e7415790b02339b967320540d71884,0bfd5acc65c0,1836427.0,1854295.0,17868.0,1,40,24000.0,1171.875,40.0,MISC,f1a2baf368d34d8e8e3de94ccfcff2e7415790b02339b967320540d71884,17868,240.0,40.0,1836427,40
0c858f572e450fefc4cf86a0,8ae0e82adfa040554f6580da9414ca08964a5f845355b9aa03abc8603b5c,0bfd5acc65c0,2078448.0,2095688.0,17240.0,1,40,24000.0,1171.875,40.0,P100,8ae0e82adfa040554f6580da9414ca08964a5f845355b9aa03abc8603b5c,17240,240.0,40.0,2078448,40
6c52d6319d8d984a0fef6f9c,f6251880bd07ec7d8e4c738629568a517688792c93ab2580990afeb200d0,0bfd5acc65c0,2119967.0,2145809.0,25842.0,1,40,24000.0,1171.875,40.0,MISC,f6251880bd07ec7d8e4c738629568a517688792c93ab2580990afeb200d0,25842,240.0,40.0,2119967,40
077bc32234f11585790faf97,23eebe90a3e8559594816f94c9959d347025edda38d80e094c468ed750b5,0bfd5acc65c0,2168340.0,2185008.0,16668.0,1,40,24000.0,1171.875,40.0,MISC,23eebe90a3e8559594816f94c9959d347025edda38d80e094c468ed750b5,16668,240.0,40.0,2168340,40
faf9e9c9f90a3b0920df98e3,e8cc5f78aeb6021da81df5a844df1e9bc5210e5eb42cad3dc234df8031f0,0bfd5acc65c0,2438012.0,2438386.0,374.0,1,10,6000.0,292.96875,10.0,P100,e8cc5f78aeb6021da81df5a844df1e9bc5210e5eb42cad3dc234df8031f0,374,60.0,10.0,2438012,10
e480eaafac0891b37ee16833,ee7884d335fab649fc9ed0c9a19cc07dc07b523f91a577866bf400ed2869,0bfd5acc65c0,3652900.0,3713022.0,60122.0,1,40,24000.0,1171.875,40.0,MISC,ee7884d335fab649fc9ed0c9a19cc07dc07b523f91a577866bf400ed2869,60122,240.0,40.0,3652900,40
201846cfee37eb28682188a5,eedfe1994d2a07f9c7908995f5927c01bc0238eeed37d68d728321da6869,0bfd5acc65c0,3725733.0,3727190.0,1457.0,1,10,6000.0,292.96875,10.0,P100,eedfe1994d2a07f9c7908995f5927c01bc0238eeed37d68d728321da6869,1457,60.0,10.0,3725733,10
230990e2b967ce2f2df3228c,ed3e9fda49e9d925a5eb6da859ff589095a07e26f39d1a14828f74669b6c,0bfd5acc65c0,3740350.0,3741402.0,1052.0,1,2,1200.0,58.59375,2.0,MISC,ed3e9fda49e9d925a5eb6da859ff589095a07e26f39d1a14828f74669b6c,1052,12.0,2.0,3740350,2
7106143fd37c3c1048e7caf8,8bf9c0aa55e8553657b358e5a2f281841783533bff6f004416d6c992cc43,0bfd5acc65c0,3741961.0,3742752.0,791.0,1,2,1200.0,58.59375,2.0,V100M32,8bf9c0aa55e8553657b358e5a2f281841783533bff6f004416d6c992cc43,791,12.0,2.0,3741961,2
79daff418e8f0d6c31094840,e5e70165e7c8ee9c02d4c2a8a3229612dabc282f032515f59f346850c045,0bfd5acc65c0,3745111.0,3745756.0,645.0,1,2,1200.0,58.59375,2.0,MISC,e5e70165e7c8ee9c02d4c2a8a3229612dabc282f032515f59f346850c045,645,12.0,2.0,3745111,2
85297b6f6b60319449c0224b,8cf69a7353158fdba9cee7f3aee26b0acc3fa30439b5dcaadd577d807d56,0bfd5acc65c0,3745873.0,3746934.0,1061.0,1,2,1200.0,58.59375,2.0,V100,8cf69a7353158fdba9cee7f3aee26b0acc3fa30439b5dcaadd577d807d56,1061,12.0,2.0,3745873,2
6a0adf89907d7492ed60f262,0b0adb2e39860b16937d61b4d92fa2bf97ed8501371f7fe8dada25252959,0bfd5acc65c0,3750503.0,3750786.0,283.0,1,2,1200.0,58.59375,2.0,MISC,0b0adb2e39860b16937d61b4d92fa2bf97ed8501371f7fe8dada25252959,283,12.0,2.0,3750503,2
b19323fe0d0ff115f7b540ff,cbdb68bd9ec040ce3fec1f8cb6390d04beab51b959f780582a15b705f8c6,0bfd5acc65c0,3816501.0,3852507.0,36006.0,1,30,18000.0,878.90625,30.0,MISC,cbdb68bd9ec040ce3fec1f8cb6390d04beab51b959f780582a15b705f8c6,36006,180.0,30.0,3816501,30
397ab5d5b7c16ba38cedbf77,a868d61ecfa57a333b000c49ad944afdbad3d88ac7c4f7567dbdce27c063,0bfd5acc65c0,3816679.0,3841478.0,24799.0,1,40,24000.0,1171.875,40.0,MISC,a868d61ecfa57a333b000c49ad944afdbad3d88ac7c4f7567dbdce27c063,24799,240.0,40.0,3816679,40
9d6f0a4184ebfe0d109f975a,a66d062fbf2d2f7c3cacb4f918a596409aa8a7539bef6f4ca91efdf66180,0bfd5acc65c0,3923327.0,3944804.0,21477.0,1,40,24000.0,1171.875,40.0,MISC,a66d062fbf2d2f7c3cacb4f918a596409aa8a7539bef6f4ca91efdf66180,21477,240.0,40.0,3923327,40
d6c29b118c71bfdf863a9288,e41bc8dac408a36d4d19bee8e6a0eb7320d9ca1f9b4d394884a26f97e451,0bfd5acc65c0,3926557.0,3959064.0,32507.0,1,30,18000.0,878.90625,30.0,MISC,e41bc8dac408a36d4d19bee8e6a0eb7320d9ca1f9b4d394884a26f97e451,32507,180.0,30.0,3926557,30
3b800e12994b3bbb5644700c,889941b3c09afaf416b567ba4a41a9b6c3f1a28aca1bf03366f9557951c3,0bfd5acc65c0,4153548.0,4173171.0,19623.0,1,50,30000.0,1464.84375,50.0,V100,889941b3c09afaf416b567ba4a41a9b6c3f1a28aca1bf03366f9557951c3,19623,300.0,50.0,4153548,50
65422c83197f90f12bbcd28b,387cb34431aa12aafd04e7ac5b9a44812803fd9c7c6834b2bae3068ad0ac,0bfd5acc65c0,4243268.0,4258247.0,14979.0,1,30,18000.0,878.90625,30.0,MISC,387cb34431aa12aafd04e7ac5b9a44812803fd9c7c6834b2bae3068ad0ac,14979,180.0,30.0,4243268,30
10a31d2daa67a601f2482de2,4a36cb426069811366ba07c2c59d0fd4f7a61de4dfd959c3070677c462be,0bfd5acc65c0,4262107.0,4262890.0,783.0,1,5,3000.0,146.484375,5.0,V100,4a36cb426069811366ba07c2c59d0fd4f7a61de4dfd959c3070677c462be,783,30.0,5.0,4262107,5
91aa23dca8269de2aacb1314,3db60bfa1b551fdffa8cc4e79ecea091b7150bb704dc457229e29f66bd8f,0bfd5acc65c0,4336685.0,4353382.0,16697.0,1,20,12000.0,585.9375,20.0,V100M32,3db60bfa1b551fdffa8cc4e79ecea091b7150bb704dc457229e29f66bd8f,16697,120.0,20.0,4336685,20
04a2c806bb203c28a479c3c4,65826120bb561c58156b4a8ec1aec4c98d572980fc25e010472494cc0315,0bfd5acc65c0,4547219.0,4584700.0,37481.0,1,50,30000.0,1464.84375,50.0,MISC,65826120bb561c58156b4a8ec1aec4c98d572980fc25e010472494cc0315,37481,300.0,50.0,4547219,50
bd3eb5f702ecbbefa336bfd7,fdeafdd9ae9b55ecf1c6d5f3bc01832465b276c4158b76c50a3ca3ed9cd5,0bfd5acc65c0,4757175.0,4759151.0,1976.0,1,10,6000.0,292.96875,10.0,P100,fdeafdd9ae9b55ecf1c6d5f3bc01832465b276c4158b76c50a3ca3ed9cd5,1976,60.0,10.0,4757175,10
5dc8e4896aba6b52e3314c76,b46a6810d073b79237b8908ac0fa2b5f05d701c90f2e9ee83080273fc4da,0bfd5acc65c0,4782163.0,4785314.0,3151.0,1,10,6000.0,292.96875,10.0,V100M32,b46a6810d073b79237b8908ac0fa2b5f05d701c90f2e9ee83080273fc4da,3151,60.0,10.0,4782163,10
97189baeeda552f16b83bb2b,fa90a447dbc6eef66cb146cf0d1aa68f69477d802e2cbb96f6b559556da4,0bfd5acc65c0,5311011.0,5350643.0,39632.0,1,29,17400.0,849.609375,29.0,V100,fa90a447dbc6eef66cb146cf0d1aa68f69477d802e2cbb96f6b559556da4,39632,174.0,29.0,5311011,29
5c69dd716653aa7be6ee77d3,83a28b86769dfb487f5eea1589862ac8269280a11f819184d78f9c1a8f71,33e4fcf3d314,5452836.0,5452939.0,103.0,1,2,1200.0,58.59375,2.0,V100,83a28b86769dfb487f5eea1589862ac8269280a11f819184d78f9c1a8f71,103,12.0,2.0,5452836,2
45bfe885631d2fc0f67c2b87,d61dd48fcecea78ffce62735d6b728371fa35a5697f1b19339a5ac57cecf,33e4fcf3d314,5461078.0,5461299.0,221.0,1,5,3000.0,146.484375,5.0,MISC,d61dd48fcecea78ffce62735d6b728371fa35a5697f1b19339a5ac57cecf,221,30.0,5.0,5461078,5
762dade1375e5d7f06c3d637,23d6227dd31bb8affa714bb4ecacaa58d489aabb4a69c45a2a6b636087e0,33e4fcf3d314,5474754.0,5476760.0,2006.0,1,8,4800.0,234.375,8.0,MISC,23d6227dd31bb8affa714bb4ecacaa58d489aabb4a69c45a2a6b636087e0,2006,48.0,8.0,5474754,8
c02782cd8ecf667bb02d8f18,12d37dd426ae609212918e0b4a1ee3c8ccf5134f569359d041bad825f163,c25b3844c8a1,5477261.0,5654245.0,176984.0,1,1,600.0,29.296875,2.0,P100,12d37dd426ae609212918e0b4a1ee3c8ccf5134f569359d041bad825f163,176984,6.0,2.0,5477261,1
97e5a2ad30c9e4d17731d8ff,9913f5150cfd37b2f7d867fe85fa4c7f9cdfc4bf3ea70cc0b4fa4158278d,c25b3844c8a1,5477940.0,5647079.0,169139.0,1,1,600.0,29.296875,2.0,P100,9913f5150cfd37b2f7d867fe85fa4c7f9cdfc4bf3ea70cc0b4fa4158278d,169139,6.0,2.0,5477940,1
490fa420639aa44fd5b5b463,ae24a5194751c539ed3602978ecfab45eb1f6cb757c0b6e3145f2cdf3b4a,33e4fcf3d314,5482097.0,5482459.0,362.0,1,30,18000.0,878.90625,30.0,MISC,ae24a5194751c539ed3602978ecfab45eb1f6cb757c0b6e3145f2cdf3b4a,362,180.0,30.0,5482097,30
f24b418960c0f671a7966499,a79834dd88d13c47ca49c2b8544ccd529fa1a4598ead63ec845e4bec873a,33e4fcf3d314,5483829.0,5484732.0,903.0,1,30,18000.0,878.90625,30.0,MISC,a79834dd88d13c47ca49c2b8544ccd529fa1a4598ead63ec845e4bec873a,903,180.0,30.0,5483829,30
a9edfb85c3ebcf92ca42e14f,cefca56fc445ba60ff7d0daab88765034cfdf4ad4ecdac2fc1c0312a53fc,33e4fcf3d314,5493668.0,5495855.0,2187.0,1,30,18000.0,878.90625,30.0,MISC,cefca56fc445ba60ff7d0daab88765034cfdf4ad4ecdac2fc1c0312a53fc,2187,180.0,30.0,5493668,30
20a4154d4d464e51ffaeb059,54e9c287d14c2d87691ab4a5617e09154b07ee819a93fdc4ffdbce3e2994,33e4fcf3d314,5496237.0,5497207.0,970.0,1,30,18000.0,878.90625,30.0,MISC,54e9c287d14c2d87691ab4a5617e09154b07ee819a93fdc4ffdbce3e2994,970,180.0,30.0,5496237,30
75e3266edb80bc016c76b9f0,0793a2310a3ccb637ae1cda4a2ede3490307fd4f4f914d14d234d20e9938,c25b3844c8a1,5564387.0,5737976.0,173589.0,1,1,600.0,29.296875,2.0,P100,0793a2310a3ccb637ae1cda4a2ede3490307fd4f4f914d14d234d20e9938,173589,6.0,2.0,5564387,1
1ed015336a01f9bd96f6a41f,d4589b80353641de4dada213b04946148e18ee34013b919fd9dde4d87a49,c25b3844c8a1,5564912.0,5743417.0,178505.0,1,1,600.0,29.296875,2.0,P100,d4589b80353641de4dada213b04946148e18ee34013b919fd9dde4d87a49,178505,6.0,2.0,5564912,1
d647b6165f5db15f6e4d64b6,b491b15b75acea713c40d69e39e2e833c450aedb0127ff7df98e1d87dbaa,0bfd5acc65c0,5740392.0,5771925.0,31533.0,1,30,18000.0,878.90625,30.0,P100,b491b15b75acea713c40d69e39e2e833c450aedb0127ff7df98e1d87dbaa,31533,180.0,30.0,5740392,30
eb06a57e536868978584e61b,efac921157e8559c3734df93ba652d5fd8d225ce25c80b1ca3953dd3628f,c25b3844c8a1,5815713.0,5979777.0,164064.0,1,1,600.0,29.296875,2.0,P100,efac921157e8559c3734df93ba652d5fd8d225ce25c80b1ca3953dd3628f,164064,6.0,2.0,5815713,1
19c72a384a22f8e9e9f1c4e8,0c3c1bdd065843a02407973a510f36178798b137c31f58173b1bccc433fc,c25b3844c8a1,5816806.0,5990211.0,173405.0,1,1,600.0,29.296875,3.0,MISC,0c3c1bdd065843a02407973a510f36178798b137c31f58173b1bccc433fc,173405,6.0,3.0,5816806,1
b1e2f009aa4cbacfc52aa1ec,62ab1804f225f0a98c18ff1565dfe07871b862de785f37a54c5fab1963b6,c25b3844c8a1,5831857.0,6011779.0,179922.0,1,1,600.0,29.296875,3.0,MISC,62ab1804f225f0a98c18ff1565dfe07871b862de785f37a54c5fab1963b6,179922,6.0,3.0,5831857,1
48ce8efff2e46533faa54de0,e6c33a136153c65aa07ef49c3cd117335d49fefc145838ea7ef76a943060,c25b3844c8a1,5832053.0,6004082.0,172029.0,1,1,600.0,29.296875,3.0,MISC,e6c33a136153c65aa07ef49c3cd117335d49fefc145838ea7ef76a943060,172029,6.0,3.0,5832053,1
efe2e8354c39dc6f4946a51d,85ac44e97e00bb693d6da3e0e3d146deae7f11a355da900a0cd48b666302,0bfd5acc65c0,5832474.0,5867886.0,35412.0,1,30,18000.0,878.90625,30.0,P100,85ac44e97e00bb693d6da3e0e3d146deae7f11a355da900a0cd48b666302,35412,180.0,30.0,5832474,30
c54b32770dd5692d5ac8404b,6c6428f17244794d1b6eda376b5295809fd8cc44e94f671430323916132c,33e4fcf3d314,5909589.0,5909716.0,127.0,1,1,600.0,29.296875,1.0,MISC,6c6428f17244794d1b6eda376b5295809fd8cc44e94f671430323916132c,127,6.0,1.0,5909589,1
65085e02314df7b84560d5f4,7f271d6d0ea94f0de604a0cdd1e36df5cba7b696f9382845e6c96f9fa3b0,857a81714e9f,6425777.0,6425907.0,130.0,1,1,600.0,29.296875,1.0,MISC,7f271d6d0ea94f0de604a0cdd1e36df5cba7b696f9382845e6c96f9fa3b0,130,6.0,1.0,6425777,1
5f14bd733240e0b937fd11c6,3e039171f6257dbdaa91fd59435b36ea6e2da979ac1ea3e04fa7c7c2229c,857a81714e9f,6426648.0,6426812.0,164.0,1,1,600.0,29.296875,1.0,MISC,3e039171f6257dbdaa91fd59435b36ea6e2da979ac1ea3e04fa7c7c2229c,164,6.0,1.0,6426648,1
91d32189351f4721b6bb0e99,e1cb8de0a0423802bea1293eba5c62017b5f995d8bfb950e24a714e28c93,33e4fcf3d314,6429167.0,6429284.0,117.0,1,1,600.0,29.296875,1.0,MISC,e1cb8de0a0423802bea1293eba5c62017b5f995d8bfb950e24a714e28c93,117,6.0,1.0,6429167,1
415cb4a9d985bea0ee80f94b,6de56d4c316cf2ec63c8fd0b5ed719e94890623450aea1aa18bb407be333,857a81714e9f,6429497.0,6429653.0,156.0,1,1,600.0,29.296875,1.0,MISC,6de56d4c316cf2ec63c8fd0b5ed719e94890623450aea1aa18bb407be333,156,6.0,1.0,6429497,1
f92eff9824837558a972da2c,47b74cacafae3fed5e56b3973570c9d73a422ba01c743423b92603e6a920,74238accb90b,1022721.0,1104672.0,81951.0,1,1,600.0,29.296875,0.25,MISC,47b74cacafae3fed5e56b3973570c9d73a422ba01c743423b92603e6a920,81951,6.0,0.25,1022721,1
c12e7cb33240390a36408807,6270e740f55e2e498fb54b29efea18a1f58cd3faa58e582ea4bf8c33b8f3,74238accb90b,1082476.0,1100234.0,17758.0,1,1,600.0,29.296875,0.25,MISC,6270e740f55e2e498fb54b29efea18a1f58cd3faa58e582ea4bf8c33b8f3,17758,6.0,0.25,1082476,1
e6dfac78ef28bd7c1bfec3de,dabef9958b7b0f29a44ae91c16b4515dc7fa003120b54d49f8763fc31547,74238accb90b,1085182.0,1121555.0,36373.0,1,4,7200.0,234.375,4.0,MISC,dabef9958b7b0f29a44ae91c16b4515dc7fa003120b54d49f8763fc31547,36373,72.0,4.0,1085182,4
7ee3b799f201c332547315b9,dd0577ce16593b38a18ed0f4f1675d5055b1b486bec4a778c35c48889569,74238accb90b,1093464.0,1096971.0,3507.0,1,5,1000.0,146.484375,5.0,MISC,dd0577ce16593b38a18ed0f4f1675d5055b1b486bec4a778c35c48889569,3507,10.0,5.0,1093464,5
8775244bde3046fbf32189dd,631f7283a884e59c8036a4cfbad53328dedc57a282b1e93876830d9306f1,c677a0acf7c0,1097155.0,1100639.0,3484.0,1,5,1000.0,146.484375,5.0,MISC,631f7283a884e59c8036a4cfbad53328dedc57a282b1e93876830d9306f1,3484,10.0,5.0,1097155,5
6896681e34ea1b575721ef94,39aaa6c96a4de186e597ee8d8a1f78ef4e7228a8c211e619dfcc0ad19c1f,c677a0acf7c0,1099556.0,1100771.0,1215.0,1,1,600.0,29.296875,0.25,MISC,39aaa6c96a4de186e597ee8d8a1f78ef4e7228a8c211e619dfcc0ad19c1f,1215,6.0,0.25,1099556,1
1eddf7b5ca4f019ad44d453b,17cd160c202b28fac59727dfd5fccbaf9597803c41f6b0bc8b60c6d310cf,c677a0acf7c0,1099975.0,1122112.0,22137.0,1,1,600.0,29.296875,0.25,MISC,17cd160c202b28fac59727dfd5fccbaf9597803c41f6b0bc8b60c6d310cf,22137,6.0,0.25,1099975,1
be78ef75e0b9980837fba83e,353fbdc58c7ba4b5bd7529082cb21ec95606ce1813b74d835cd2325300c5,c677a0acf7c0,1100228.0,1102324.0,2096.0,1,1,600.0,29.296875,0.25,MISC,353fbdc58c7ba4b5bd7529082cb21ec95606ce1813b74d835cd2325300c5,2096,6.0,0.25,1100228,1
5ee66a86752f1b599b90f75a,03e1e41b21887e13dc3492311938109edc458076e78defca607a6766ab76,c677a0acf7c0,1100763.0,1107941.0,7178.0,1,10,12000.0,292.96875,2.5,MISC,03e1e41b21887e13dc3492311938109edc458076e78defca607a6766ab76,7178,120.0,2.5,1100763,10
ea4914e43f66d007a78d182f,3795a7bd8ba478f2070ab501e9a5466a6511494d3fc5eea2b8bbd36f8c86,c677a0acf7c0,1100783.0,1104887.0,4104.0,1,5,1000.0,146.484375,5.0,MISC,3795a7bd8ba478f2070ab501e9a5466a6511494d3fc5eea2b8bbd36f8c86,4104,10.0,5.0,1100783,5
e834d65c8ce734c28629d53f,60a88579101b89e004f0141174acad75c2927fa8939a86ee6f94064f446c,c677a0acf7c0,1100984.0,1108089.0,7105.0,1,20,24000.0,585.9375,5.0,MISC,60a88579101b89e004f0141174acad75c2927fa8939a86ee6f94064f446c,7105,240.0,5.0,1100984,20
04f063763bc19f71b02abf82,8021f18e5341e5b9e1ebfb991bf96a2123d037a5b5b779063d70a396b195,c677a0acf7c0,1101619.0,1102862.0,1243.0,1,1,600.0,29.296875,0.25,MISC,8021f18e5341e5b9e1ebfb991bf96a2123d037a5b5b779063d70a396b195,1243,6.0,0.25,1101619,1
39918f2c42382a0a255427d4,420bc14772cec4fc327bc16a767b48902bc7c8d5f0c416cf333bc5c6b7a2,c677a0acf7c0,1101624.0,1102014.0,390.0,1,1,600.0,29.296875,0.25,MISC,420bc14772cec4fc327bc16a767b48902bc7c8d5f0c416cf333bc5c6b7a2,390,6.0,0.25,1101624,1
0a452cbc9faa72961e26fa7c,fa7b86b9216ead7014c4a3e82b3bc4e2ab782c9372a7a9c4e6bb1681f376,c677a0acf7c0,1101628.0,1106913.0,5285.0,1,1,600.0,29.296875,0.25,MISC,fa7b86b9216ead7014c4a3e82b3bc4e2ab782c9372a7a9c4e6bb1681f376,5285,6.0,0.25,1101628,1
83470146eccc44ae0abb8c2a,043c3002ddbb62006694c65111229df1f404002ca8fe180bef893b9cbb39,c677a0acf7c0,1101637.0,1106298.0,4661.0,1,1,600.0,29.296875,0.25,MISC,043c3002ddbb62006694c65111229df1f404002ca8fe180bef893b9cbb39,4661,6.0,0.25,1101637,1
095125a66f8215c317a9dcaa,5d0efc760f958f50bdfbc71fa3edad00ac35f995f3858eaa5a2e75adf219,c677a0acf7c0,1102215.0,1108351.0,6136.0,1,1,600.0,29.296875,0.25,MISC,5d0efc760f958f50bdfbc71fa3edad00ac35f995f3858eaa5a2e75adf219,6136,6.0,0.25,1102215,1
c96b2419caa110f04853168d,57d02feb3b11d20b021448f70218a43c031e6785c192b01938d544b3d1a5,c677a0acf7c0,1102231.0,1108745.0,6514.0,1,1,600.0,29.296875,0.25,MISC,57d02feb3b11d20b021448f70218a43c031e6785c192b01938d544b3d1a5,6514,6.0,0.25,1102231,1
1de9de8d5f8c3e170531fd4c,eabeb64e2da62df0766c4c5b54467bb02dfca7c2aa6e567962851a9d38c6,c677a0acf7c0,1102239.0,1108536.0,6297.0,1,8,4800.0,234.375,2.0,MISC,eabeb64e2da62df0766c4c5b54467bb02dfca7c2aa6e567962851a9d38c6,6297,48.0,2.0,1102239,8
7e784f0b71eacc0288a75949,4d4e89bea0f26bdc5967519bbd91bffe07c9f30a89e1c7947a2cce84cb61,c677a0acf7c0,1102273.0,1103019.0,746.0,1,8,4800.0,234.375,2.0,MISC,4d4e89bea0f26bdc5967519bbd91bffe07c9f30a89e1c7947a2cce84cb61,746,48.0,2.0,1102273,8
b4c1b1fec0995fc0dd8718f8,05b501223b1241cf4e227f873831885ae38a337bc5f2205042fc8a8a51da,c677a0acf7c0,1102328.0,1116720.0,14392.0,1,30,15000.0,1171.875,7.5,MISC,05b501223b1241cf4e227f873831885ae38a337bc5f2205042fc8a8a51da,14392,150.0,7.5,1102328,30
dcf1359e1e0067b417f41052,1e8dae642ee2b337ea64a346994575b78e9c3d5f2acf0e9795b8c3ccfe49,c677a0acf7c0,1103391.0,1103651.0,260.0,1,20,4000.0,390.625,5.0,MISC,1e8dae642ee2b337ea64a346994575b78e9c3d5f2acf0e9795b8c3ccfe49,260,40.0,5.0,1103391,20
102eaadfb3d3ff4086e3b9d8,e025c2e84c81573ec99e9fb35691b88ca62a1961310d56d05171d32f1a9c,c677a0acf7c0,1103396.0,1103782.0,386.0,1,20,4000.0,1562.5,5.0,MISC,e025c2e84c81573ec99e9fb35691b88ca62a1961310d56d05171d32f1a9c,386,40.0,5.0,1103396,20
12d244e115d56e5ef0f86db0,72e0f674b43e57a4fd305b3f5641b4e81906f519eff52e6ce45deff07801,c677a0acf7c0,1103811.0,1107580.0,3769.0,1,20,4000.0,390.625,5.0,MISC,72e0f674b43e57a4fd305b3f5641b4e81906f519eff52e6ce45deff07801,3769,40.0,5.0,1103811,20
c332b07f2b07525d76ec70cb,8d7938f8c28ae0e868a4a8c1a44dc5fa039ea0dd9d7d7609a35617541cca,c677a0acf7c0,1103818.0,1103884.0,66.0,1,1,600.0,29.296875,1.0,MISC,8d7938f8c28ae0e868a4a8c1a44dc5fa039ea0dd9d7d7609a35617541cca,66,6.0,1.0,1103818,1
739af3dc1c31e45a438f484d,6d988180d4fc3da8451056a83790e380341fba209b36930fada1470136f5,c677a0acf7c0,1103918.0,1103943.0,25.0,1,1,600.0,29.296875,1.0,MISC,6d988180d4fc3da8451056a83790e380341fba209b36930fada1470136f5,25,6.0,1.0,1103918,1
955d81e3ae82c97398a54a13,654943caa8fa605614c563fe8fc1a1d06cc0e77c61dc02d81cd75ca19878,c677a0acf7c0,1104021.0,1109854.0,5833.0,1,1,600.0,29.296875,0.25,MISC,654943caa8fa605614c563fe8fc1a1d06cc0e77c61dc02d81cd75ca19878,5833,6.0,0.25,1104021,1
1746bf059860cf1d19a6d8ca,309fec0ea76aec5909297113205eee0dee33013eb32ecb248689faa750b5,c677a0acf7c0,1104150.0,1114326.0,10176.0,1,1,600.0,29.296875,0.25,MISC,309fec0ea76aec5909297113205eee0dee33013eb32ecb248689faa750b5,10176,6.0,0.25,1104150,1
557fc8f771b6844b08199fc6,341b9a7befc490435e72ec6743eba3910bcdb5276b652bdb529382e4c11a,c677a0acf7c0,1104259.0,1129999.0,25740.0,1,1,600.0,29.296875,0.25,MISC,341b9a7befc490435e72ec6743eba3910bcdb5276b652bdb529382e4c11a,25740,6.0,0.25,1104259,1
5d3d133697b366568e825c52,e67d1c522064af97c91770d8b79d43637bc4e676cbc5591de189234572a8,c677a0acf7c0,1104284.0,1115015.0,10731.0,1,1,600.0,29.296875,0.25,MISC,e67d1c522064af97c91770d8b79d43637bc4e676cbc5591de189234572a8,10731,6.0,0.25,1104284,1
b1ef4648f0b1c49a8aaaecca,bd78f43e6b820c8bd6fb09f1b205567db41107c9de5c1f333f0662c0e32c,c677a0acf7c0,1104310.0,1125270.0,20960.0,1,10,1000.0,292.96875,2.5,MISC,bd78f43e6b820c8bd6fb09f1b205567db41107c9de5c1f333f0662c0e32c,20960,10.0,2.5,1104310,10
bd7d086a4971ca3accb4fad8,589166784ba61ed9c5d067277545e55bed01189a6d41c836860cbc7d189e,c677a0acf7c0,1104308.0,1104335.0,27.0,1,1,600.0,29.296875,1.0,MISC,589166784ba61ed9c5d067277545e55bed01189a6d41c836860cbc7d189e,27,6.0,1.0,1104308,1
243b82e490873becbf64e860,deabfabf07ec3913d26437be887d677a33a5be849fd41f285b7b77aca1cb,c677a0acf7c0,1104368.0,1129568.0,25200.0,1,10,1000.0,292.96875,2.5,MISC,deabfabf07ec3913d26437be887d677a33a5be849fd41f285b7b77aca1cb,25200,10.0,2.5,1104368,10
4732e42132cc626264e9789a,04fa2b6a1a7c2de40d8038682a0b534207767f8a888c3516095924691c82,c677a0acf7c0,1104493.0,1113536.0,9043.0,1,30,15000.0,1171.875,7.5,MISC,04fa2b6a1a7c2de40d8038682a0b534207767f8a888c3516095924691c82,9043,150.0,7.5,1104493,30
20854478e871332f62d2a722,301853f40b6eac506986a0c90bb97ed1690f2a06f0bf62024b7127bf5da5,c677a0acf7c0,1104967.0,1134238.0,29271.0,1,1,600.0,29.296875,0.25,MISC,301853f40b6eac506986a0c90bb97ed1690f2a06f0bf62024b7127bf5da5,29271,6.0,0.25,1104967,1
451fd8efd64c3802b3f6eb22,104efbeaff9653be89c3d97c1e074ff94fd934bedf2f78900ae35c23d2f1,c677a0acf7c0,1105049.0,1108495.0,3446.0,1,5,1000.0,146.484375,5.0,MISC,104efbeaff9653be89c3d97c1e074ff94fd934bedf2f78900ae35c23d2f1,3446,10.0,5.0,1105049,5
45e15aba9dde58672c4ee2d5,dc7f50ae1b2661640e83051e86967a27a679b3f1a7494a9f2dfa209cd69c,c677a0acf7c0,1105560.0,1110155.0,4595.0,1,20,10000.0,781.25,5.0,MISC,dc7f50ae1b2661640e83051e86967a27a679b3f1a7494a9f2dfa209cd69c,4595,100.0,5.0,1105560,20
27ae836036899070bfe9ac51,2c20e0f4c237f6e605700eea930c039d811a547888ce36acf8a6d9698a61,c677a0acf7c0,1105789.0,1180518.0,74729.0,1,1,600.0,29.296875,0.25,MISC,2c20e0f4c237f6e605700eea930c039d811a547888ce36acf8a6d9698a61,74729,6.0,0.25,1105789,1
924cc41571c240eddad3002e,a2ad39011aaa7082105cb8a248378bffbef988f09f9669a46c47648d73d0,c677a0acf7c0,1105831.0,1129680.0,23849.0,1,10,1000.0,292.96875,2.5,MISC,a2ad39011aaa7082105cb8a248378bffbef988f09f9669a46c47648d73d0,23849,10.0,2.5,1105831,10
9018f28b4c6ab79046369c0d,71004333bd099d43a06286f5577bb0fdfa4827552c9fde53947d48117bc3,c677a0acf7c0,1107623.0,1107704.0,81.0,1,1,600.0,29.296875,1.0,MISC,71004333bd099d43a06286f5577bb0fdfa4827552c9fde53947d48117bc3,81,6.0,1.0,1107623,1
d48357467cfad854dff450c8,61a251919b3b7887dbf04f7062436e4b3c36a1250fab411e39c04df137b8,c677a0acf7c0,1107711.0,1113761.0,6050.0,1,1,600.0,29.296875,0.25,MISC,61a251919b3b7887dbf04f7062436e4b3c36a1250fab411e39c04df137b8,6050,6.0,0.25,1107711,1
4400dcd452afbc326bdb04d9,c9c09c7bbcdb97bae5678a7cdae7888d688226338706b01019ee1bab91ba,c677a0acf7c0,1107736.0,1107804.0,68.0,1,1,600.0,29.296875,1.0,MISC,c9c09c7bbcdb97bae5678a7cdae7888d688226338706b01019ee1bab91ba,68,6.0,1.0,1107736,1
8d90592ea660dadf6471aaaa,044a2f86d0dbc56b2fe20bca509f470cc3ac80114896a2964b7ac5600289,c677a0acf7c0,1107977.0,1108081.0,104.0,1,1,600.0,29.296875,1.0,MISC,044a2f86d0dbc56b2fe20bca509f470cc3ac80114896a2964b7ac5600289,104,6.0,1.0,1107977,1
fd819e56c392db4a4199d46d,79bb443fdb82179341bb840f0a71dc454e730b8b4de60d18a404ae8f2141,c677a0acf7c0,1108118.0,1108151.0,33.0,1,1,600.0,29.296875,1.0,MISC,79bb443fdb82179341bb840f0a71dc454e730b8b4de60d18a404ae8f2141,33,6.0,1.0,1108118,1
5cef80778b23c36dc2d96cc1,43ca257f6730a40c94611dc6868aa8769b5876a8e9dc33518ae5ff212a62,c677a0acf7c0,1108124.0,1108222.0,98.0,1,1,600.0,29.296875,1.0,MISC,43ca257f6730a40c94611dc6868aa8769b5876a8e9dc33518ae5ff212a62,98,6.0,1.0,1108124,1
b9a9d9e1ba9c456b5a555290,89ee9cadf5063e1fdfb28e8aa70e9953059111a79e39761a3a75b281aad8,c677a0acf7c0,1108254.0,1108277.0,23.0,1,1,600.0,29.296875,1.0,MISC,89ee9cadf5063e1fdfb28e8aa70e9953059111a79e39761a3a75b281aad8,23,6.0,1.0,1108254,1
8a57435dccbbbe3203ab4ef3,f3363379fdb1b0ee06160344258013f221cbf41ef667c475b2696d926ea3,c677a0acf7c0,1108664.0,1111493.0,2829.0,1,5,1000.0,146.484375,5.0,MISC,f3363379fdb1b0ee06160344258013f221cbf41ef667c475b2696d926ea3,2829,10.0,5.0,1108664,5
d3a3e10eeebf9c49db438557,cc9dc1003cd48e047c42775c516129123009104b11989efab3175bf1ed5b,c677a0acf7c0,1109063.0,1115438.0,6375.0,1,1,600.0,29.296875,0.25,MISC,cc9dc1003cd48e047c42775c516129123009104b11989efab3175bf1ed5b,6375,6.0,0.25,1109063,1
db336d5d7e1a0e72c9b9f39d,06c9d3514c443e190d7bd0a16d13aee84365a320d4cedcd708a260990ab4,c677a0acf7c0,1110190.0,1110271.0,81.0,1,1,600.0,29.296875,1.0,MISC,06c9d3514c443e190d7bd0a16d13aee84365a320d4cedcd708a260990ab4,81,6.0,1.0,1110190,1
90c55ad47442c393cc7259cc,dfc0551ac19a41c2e95bb8eda076a4bd8db3753e3b26de9dabdd8988a1bf,c677a0acf7c0,1111328.0,1114166.0,2838.0,1,20,10000.0,781.25,5.0,MISC,dfc0551ac19a41c2e95bb8eda076a4bd8db3753e3b26de9dabdd8988a1bf,2838,100.0,5.0,1111328,20
326800af3bb46528ff16b247,71f4541bf58477cc18394a05fe1fe8ba358e6279972423007456cfbbb863,c677a0acf7c0,1111632.0,1114554.0,2922.0,1,5,1000.0,146.484375,5.0,MISC,71f4541bf58477cc18394a05fe1fe8ba358e6279972423007456cfbbb863,2922,10.0,5.0,1111632,5
bd4aaf43e87dfaa4160a73b1,aaccc2b642b43a63a3683e40e25bb4edd8c90f299185360ce014a8d654e0,c677a0acf7c0,1113095.0,1123937.0,10842.0,1,30,9000.0,878.90625,7.5,MISC,aaccc2b642b43a63a3683e40e25bb4edd8c90f299185360ce014a8d654e0,10842,90.0,7.5,1113095,30
33115064534ed7b6a1ddde9e,1d90154c39c127c73a2fea6f740b9e5e53282ae5f5fd5cc07abb8bb3a41c,c677a0acf7c0,1113568.0,1113650.0,82.0,1,1,600.0,29.296875,1.0,MISC,1d90154c39c127c73a2fea6f740b9e5e53282ae5f5fd5cc07abb8bb3a41c,82,6.0,1.0,1113568,1
8456a6a68684e0c17fef691d,318f955e6a9e5d26086e9975367079899f35ff44fb185ed69838e09d28ba,c677a0acf7c0,1113665.0,1129894.0,16229.0,1,30,3000.0,1171.875,7.5,MISC,318f955e6a9e5d26086e9975367079899f35ff44fb185ed69838e09d28ba,16229,30.0,7.5,1113665,30
725db7dddfaa165941b61bc7,fea071cd287303068804d62fbe51b05b77e41ce6fa080f9d60fefcf958fb,c677a0acf7c0,1114198.0,1114275.0,77.0,1,1,600.0,29.296875,1.0,MISC,fea071cd287303068804d62fbe51b05b77e41ce6fa080f9d60fefcf958fb,77,6.0,1.0,1114198,1
c60199aac167c9ca006a2256,ec1b43968044193782bbaeb0973583006f9cf42484adf1a1201957f17ee2,c677a0acf7c0,1114688.0,1117636.0,2948.0,1,5,1000.0,146.484375,5.0,MISC,ec1b43968044193782bbaeb0973583006f9cf42484adf1a1201957f17ee2,2948,10.0,5.0,1114688,5
f76535168908e44dfc8c0636,fc8c1941334ff82e0c96e5a51dc16a8381989cb8737d198c2697bb05f27a,c677a0acf7c0,1115088.0,1121640.0,6552.0,1,1,600.0,29.296875,0.25,MISC,fc8c1941334ff82e0c96e5a51dc16a8381989cb8737d198c2697bb05f27a,6552,6.0,0.25,1115088,1
39c733b8f5b5b93a4c866dcf,a6ba456dee8c8e7c426f715610baa37c7995da9fd27760c06bde85c49164,c677a0acf7c0,1115247.0,1117474.0,2227.0,1,1,600.0,29.296875,0.25,MISC,a6ba456dee8c8e7c426f715610baa37c7995da9fd27760c06bde85c49164,2227,6.0,0.25,1115247,1
69fbccc3312b9555cc0d1fc8,31d693aba2224006b820aed532433b0833f05d498c3a0db796a1fa61a4c0,c677a0acf7c0,1116755.0,1116841.0,86.0,1,1,600.0,29.296875,1.0,MISC,31d693aba2224006b820aed532433b0833f05d498c3a0db796a1fa61a4c0,86,6.0,1.0,1116755,1
4f61940d7edf6d70880c2861,7a5e40115b8a1ac44f95da4bf17fb58a30e8d45a5709010ecbf312a56916,c677a0acf7c0,1117780.0,1120684.0,2904.0,1,5,1000.0,146.484375,5.0,MISC,7a5e40115b8a1ac44f95da4bf17fb58a30e8d45a5709010ecbf312a56916,2904,10.0,5.0,1117780,5
dcebbc2b214202e61b000ff0,c9da905bb480290a990335cafcfa12ebf3416d903b1965f46611755c4b3d,c677a0acf7c0,1120820.0,1123800.0,2980.0,1,5,1000.0,146.484375,5.0,MISC,c9da905bb480290a990335cafcfa12ebf3416d903b1965f46611755c4b3d,2980,10.0,5.0,1120820,5
4b6300e1ba81b2aa132abcd4,aefa4144bb53ede7231d8fcfd74bb7ea19be199cfb0199dcc444e0e386f9,c677a0acf7c0,1123933.0,1127219.0,3286.0,1,5,1000.0,146.484375,5.0,MISC,aefa4144bb53ede7231d8fcfd74bb7ea19be199cfb0199dcc444e0e386f9,3286,10.0,5.0,1123933,5
bc488db450fdc4d73813f6c4,9b57fa01b15094644240bdc08dc38d47c969ecfa1345371aca80c9294446,c677a0acf7c0,1123965.0,1124001.0,36.0,1,1,600.0,29.296875,1.0,MISC,9b57fa01b15094644240bdc08dc38d47c969ecfa1345371aca80c9294446,36,6.0,1.0,1123965,1
5be64259df11847030950b21,a1e69cb1e0a51a8c806ed8d36f76aa45ffd8d4b880e31a97bf08ccdd2cd3,c677a0acf7c0,1124028.0,1124615.0,587.0,1,1,600.0,29.296875,0.25,MISC,a1e69cb1e0a51a8c806ed8d36f76aa45ffd8d4b880e31a97bf08ccdd2cd3,587,6.0,0.25,1124028,1
7177cabed137c60dbe9177de,d317e8bd1fabb84edacbe5376dd49531979cdeec4b859fa03ede438c120e,c677a0acf7c0,1127364.0,1130863.0,3499.0,1,5,1000.0,146.484375,5.0,MISC,d317e8bd1fabb84edacbe5376dd49531979cdeec4b859fa03ede438c120e,3499,10.0,5.0,1127364,5
47376b6fc4effe24599dc852,a34c5bc1999c59821f28df3d9d5385acb1d32284f33c2cb425ad0e9ceb46,c677a0acf7c0,1129602.0,1129644.0,42.0,1,1,600.0,29.296875,1.0,MISC,a34c5bc1999c59821f28df3d9d5385acb1d32284f33c2cb425ad0e9ceb46,42,6.0,1.0,1129602,1
12cbecc5df8a0ca1c9bfd023,d04fec05bc1c91b9f88fe8a0e6a39cd5458344d38868880708d24698c916,c677a0acf7c0,1129677.0,1129714.0,37.0,1,1,600.0,29.296875,1.0,MISC,d04fec05bc1c91b9f88fe8a0e6a39cd5458344d38868880708d24698c916,37,6.0,1.0,1129677,1
6a39e6b40323abbc0bf74fda,4abe5fc6d8c0d0a4252beccd59cd92c176bf7c608f93c28d5cf72f267f70,c677a0acf7c0,1129924.0,1129956.0,32.0,1,1,600.0,29.296875,1.0,MISC,4abe5fc6d8c0d0a4252beccd59cd92c176bf7c608f93c28d5cf72f267f70,32,6.0,1.0,1129924,1
3e66e10168556b0638f60c8a,50f483e8be591330308af4616d92d4e2645405c140a0ba541032908f1cde,c677a0acf7c0,1129983.0,1130296.0,313.0,1,1,600.0,29.296875,0.25,MISC,50f483e8be591330308af4616d92d4e2645405c140a0ba541032908f1cde,313,6.0,0.25,1129983,1
09d5eed2ae1f2f2af958aac7,50cb1874fd6ec5ee238ba8b96466d67b4e4a2b030b6ccc9265186792e716,c677a0acf7c0,1130337.0,1144755.0,14418.0,1,1,600.0,29.296875,0.25,MISC,50cb1874fd6ec5ee238ba8b96466d67b4e4a2b030b6ccc9265186792e716,14418,6.0,0.25,1130337,1
9578ba6f9f147ee4b61a050d,f761d4a3fcacb07377e6fd970b4e88d6e6469af9166ad4a02613a2086866,c677a0acf7c0,1131091.0,1134739.0,3648.0,1,5,1000.0,146.484375,5.0,MISC,f761d4a3fcacb07377e6fd970b4e88d6e6469af9166ad4a02613a2086866,3648,10.0,5.0,1131091,5
16e7f0b9d51d181a49fb1e66,8930a2fe025ca2d4eae305f3e0467033ae5d21e1d588e82a83451d7a9697,c677a0acf7c0,1134942.0,1138172.0,3230.0,1,5,1000.0,146.484375,5.0,MISC,8930a2fe025ca2d4eae305f3e0467033ae5d21e1d588e82a83451d7a9697,3230,10.0,5.0,1134942,5
b18520c910cf128153f311ab,3af2330b313a9b771963684d09fd15ca590b6f19f9fe63d3feb6916efa31,c677a0acf7c0,1136562.0,1164842.0,28280.0,1,40,8000.0,1953.125,10.0,MISC,3af2330b313a9b771963684d09fd15ca590b6f19f9fe63d3feb6916efa31,28280,80.0,10.0,1136562,40
308257e502bbab8fe0e549b7,2369d3d941f24c7fbca9888b61be8aec0c0bf193295f3ae6a90ebfad768a,c677a0acf7c0,1138333.0,1142022.0,3689.0,1,5,1000.0,146.484375,5.0,MISC,2369d3d941f24c7fbca9888b61be8aec0c0bf193295f3ae6a90ebfad768a,3689,10.0,5.0,1138333,5
0ff743e3f9021e4700dc7cc5,de963773ed281c94e7e47492fc66234b9bfaaf762607934078acb9eff216,c677a0acf7c0,1142169.0,1145827.0,3658.0,1,5,1000.0,146.484375,5.0,MISC,de963773ed281c94e7e47492fc66234b9bfaaf762607934078acb9eff216,3658,10.0,5.0,1142169,5
27d320121c0dbe9d45b9aa62,4b07e8d89ab9f89f1e1f93d5437b2ac072774fb0f5e8877bf94764bd60d9,c677a0acf7c0,1142312.0,1161687.0,19375.0,1,40,12000.0,1562.5,10.0,MISC,4b07e8d89ab9f89f1e1f93d5437b2ac072774fb0f5e8877bf94764bd60d9,19375,120.0,10.0,1142312,40
08567f21593223b537fd02ff,9a81adf0a4309049bad418564a5986c86f327effd446896a69799aa7480a,c677a0acf7c0,1145177.0,1153668.0,8491.0,1,4,400.0,15.625,4.0,MISC,9a81adf0a4309049bad418564a5986c86f327effd446896a69799aa7480a,8491,4.0,4.0,1145177,4
87fbc02a86d13744e91a2d91,998751f1f7601ba27aef543a3d8728dc25d0f01dff06c82fdbe7380085a3,c677a0acf7c0,1145940.0,1155217.0,9277.0,1,1,600.0,29.296875,0.25,MISC,998751f1f7601ba27aef543a3d8728dc25d0f01dff06c82fdbe7380085a3,9277,6.0,0.25,1145940,1
367770cebbc28d2dd601e34d,8b13e398f7279207bc5497b80b00516e57afbdd886b6af60886079f48575,c677a0acf7c0,1145953.0,1153537.0,7584.0,1,1,600.0,29.296875,0.25,MISC,8b13e398f7279207bc5497b80b00516e57afbdd886b6af60886079f48575,7584,6.0,0.25,1145953,1
e7dbc31c705bbdb629fbf540,af1a2e408c9dc139771891dc0a0475693e5417c70a893dcae2fde8778586,c677a0acf7c0,1145965.0,1149297.0,3332.0,1,5,1000.0,146.484375,5.0,MISC,af1a2e408c9dc139771891dc0a0475693e5417c70a893dcae2fde8778586,3332,10.0,5.0,1145965,5
1989f4f85e8ec1899414e739,6374f9a2f1c1dd6e7e83439d4f308e31f6317f301b1a173239524b088704,c677a0acf7c0,1145967.0,1153868.0,7901.0,1,1,600.0,29.296875,0.25,MISC,6374f9a2f1c1dd6e7e83439d4f308e31f6317f301b1a173239524b088704,7901,6.0,0.25,1145967,1
36ae417e334f6d0f15652e20,080225bc9530845245f92488aaca8d0085027fa1e4b8d334498ebdd70fa0,c677a0acf7c0,1146004.0,1153690.0,7686.0,1,1,600.0,29.296875,0.25,MISC,080225bc9530845245f92488aaca8d0085027fa1e4b8d334498ebdd70fa0,7686,6.0,0.25,1146004,1
3bd7dacc8cfe81afcb4b25e6,184c55166c8b46e6a790c3f3f8d1ac22c34a06790d36f9949b10c98171f8,c677a0acf7c0,1146309.0,1154804.0,8495.0,1,1,600.0,29.296875,0.25,MISC,184c55166c8b46e6a790c3f3f8d1ac22c34a06790d36f9949b10c98171f8,8495,6.0,0.25,1146309,1
1c6eb16d3210184e7104edf1,96d430758710227ac0f3d4160e2bcb3652e9c475b8f177a5fffb77764e3d,c677a0acf7c0,1147506.0,1147603.0,97.0,1,1,600.0,29.296875,0.25,MISC,96d430758710227ac0f3d4160e2bcb3652e9c475b8f177a5fffb77764e3d,97,6.0,0.25,1147506,1
4ca0d05bab2af565295bc3da,bc5568814f60ff9e55e71238c31f05bbd6b587fe835d6e94f5a408857e90,c677a0acf7c0,1147741.0,1148597.0,856.0,1,2,1000.0,78.125,0.5,MISC,bc5568814f60ff9e55e71238c31f05bbd6b587fe835d6e94f5a408857e90,856,10.0,0.5,1147741,2
1ae1f3b88b0d7857d2992fa6,4149a74ea6223c74c33aa207d957f2fcb850c40462a9530da6af91a4c3b7,c677a0acf7c0,1147783.0,1154899.0,7116.0,1,6,6000.0,175.78125,0.9,MISC,4149a74ea6223c74c33aa207d957f2fcb850c40462a9530da6af91a4c3b7,7116,60.0,0.9,1147783,6
2003a14f37a0f8512889fd7d,7e2d76f343c4809752281362bc4bbf859cdc61b21c2bae8d14e2e0dae101,c677a0acf7c0,1148632.0,1148661.0,29.0,1,1,600.0,29.296875,1.0,MISC,7e2d76f343c4809752281362bc4bbf859cdc61b21c2bae8d14e2e0dae101,29,6.0,1.0,1148632,1
8e677c3cb11ae249067fad4b,d5370a94292166e926ca34408d18bc4d7925c43ae3aff16606a7520fef7b,c677a0acf7c0,1148956.0,1155580.0,6624.0,1,28,16800.0,820.3125,7.0,MISC,d5370a94292166e926ca34408d18bc4d7925c43ae3aff16606a7520fef7b,6624,168.0,7.0,1148956,28
1559362fb4529b0e52f0df62,31ea5a544f27c57c832be1f00307b91c9f1f76014b45e5332fd1944c544a,c677a0acf7c0,1149108.0,1149183.0,75.0,1,1,600.0,29.296875,1.0,MISC,31ea5a544f27c57c832be1f00307b91c9f1f76014b45e5332fd1944c544a,75,6.0,1.0,1149108,1
752c7ffde171404341508140,c671aec5e730a40da18fbc0dc2639648501e977542f16e9e5cf8736dc594,c677a0acf7c0,1149219.0,1151766.0,2547.0,1,20,2000.0,585.9375,5.0,MISC,c671aec5e730a40da18fbc0dc2639648501e977542f16e9e5cf8736dc594,2547,20.0,5.0,1149219,20
5538f4d06726b3743ba248a7,3274ca01d290a156e0f080dc52322a507734b9d2b7ecdc5a76416930ddc3,c677a0acf7c0,1149465.0,1152782.0,3317.0,1,5,1000.0,146.484375,5.0,MISC,3274ca01d290a156e0f080dc52322a507734b9d2b7ecdc5a76416930ddc3,3317,10.0,5.0,1149465,5
fa98cebf6abb7abdd81580ad,de70b937789573957139a3465538f741eaa334a82dfe8504b051ea023408,c677a0acf7c0,1151706.0,1168844.0,17138.0,1,10,6000.0,292.96875,2.5,MISC,de70b937789573957139a3465538f741eaa334a82dfe8504b051ea023408,17138,60.0,2.5,1151706,10
0d83e7ca62f7c9f529efdf6b,91e635ab80e4e1da1fd4f76f36cd02d5e1f26f484490b9c9e896719640f0,c677a0acf7c0,1151798.0,1151868.0,70.0,1,1,600.0,29.296875,1.0,MISC,91e635ab80e4e1da1fd4f76f36cd02d5e1f26f484490b9c9e896719640f0,70,6.0,1.0,1151798,1
8098330986be0d779360e1c9,712f34e7defe790ec7d85096a8f1b5ccee5d933de576face0710c88d603a,c677a0acf7c0,1151899.0,1151955.0,56.0,1,1,600.0,29.296875,1.0,MISC,712f34e7defe790ec7d85096a8f1b5ccee5d933de576face0710c88d603a,56,6.0,1.0,1151899,1
334d4e89fdb5d3b5f9639d3f,bb569575db5ee83e0fb616cbc6e31eb6eac31063b1890f2122b310127da9,c677a0acf7c0,1152956.0,1156813.0,3857.0,1,5,1000.0,146.484375,5.0,MISC,bb569575db5ee83e0fb616cbc6e31eb6eac31063b1890f2122b310127da9,3857,10.0,5.0,1152956,5
ebdd3ca8f2e1ddfc793b523a,96025a9eb3d3c42281d9789d52ae192cb70b1f4f432ab5a8f9d31b5d35a8,c677a0acf7c0,1155622.0,1155782.0,160.0,1,1,600.0,29.296875,1.0,MISC,96025a9eb3d3c42281d9789d52ae192cb70b1f4f432ab5a8f9d31b5d35a8,160,6.0,1.0,1155622,1
657f6819ed98518bf51f867e,27a233e72179dc25d2027ac8d704c5313c75ba305bb21bfadb5e2bb43d6a,c677a0acf7c0,1157067.0,1160550.0,3483.0,1,5,1000.0,146.484375,5.0,MISC,27a233e72179dc25d2027ac8d704c5313c75ba305bb21bfadb5e2bb43d6a,3483,10.0,5.0,1157067,5
abc35fbd1dad66fa3a3d9e5a,5728ad702b7e96ae65f789daa30b0df92aee2b6c931990bf9989f2d7f563,c677a0acf7c0,1160707.0,1164562.0,3855.0,1,5,1000.0,146.484375,5.0,MISC,5728ad702b7e96ae65f789daa30b0df92aee2b6c931990bf9989f2d7f563,3855,10.0,5.0,1160707,5
6a02065667623e53041eb334,3c82d9f25ec10d42f6fa5ce72ad61061f07ae39f3c49037b36818245171c,c677a0acf7c0,1161725.0,1161808.0,83.0,1,1,600.0,29.296875,1.0,MISC,3c82d9f25ec10d42f6fa5ce72ad61061f07ae39f3c49037b36818245171c,83,6.0,1.0,1161725,1
d85f64138edfb6c5a9ae49f5,a05bbc8fb29ba161ee210fe1024a01d423d3f50fc1b8bba6d2ba44444416,c677a0acf7c0,1162488.0,1166309.0,3821.0,1,5,1000.0,146.484375,5.0,MISC,a05bbc8fb29ba161ee210fe1024a01d423d3f50fc1b8bba6d2ba44444416,3821,10.0,5.0,1162488,5
4c20cefaf4384a97aaa23915,d2736eff845a936696cd5c3088a8193e13da7d8b54c590117bd0d57eb8e1,c677a0acf7c0,1164716.0,1168323.0,3607.0,1,5,1000.0,146.484375,5.0,MISC,d2736eff845a936696cd5c3088a8193e13da7d8b54c590117bd0d57eb8e1,3607,10.0,5.0,1164716,5
b2f9462bc113d4a777caaed0,ae933091101334b67c9bf82d2cf8807f9958db4be8a6dfdbb06a8de86099,c677a0acf7c0,1164876.0,1165013.0,137.0,1,1,600.0,29.296875,0.25,MISC,ae933091101334b67c9bf82d2cf8807f9958db4be8a6dfdbb06a8de86099,137,6.0,0.25,1164876,1
e887b1405e5862519901eee2,9c11e12760e86909af0130601f2375d24611618e6996ce553de285512038,bc44a9a328f8,1166869.0,1171491.0,4622.0,1,1,600.0,29.296875,0.25,MISC,9c11e12760e86909af0130601f2375d24611618e6996ce553de285512038,4622,6.0,0.25,1166869,1
ff20732c0003fae982cb7bbf,29670c4c8fae3dca13124226470d327cd9fe36f830e4d6a3a6677e29ae1a,c677a0acf7c0,1168506.0,1172087.0,3581.0,1,5,1000.0,146.484375,5.0,MISC,29670c4c8fae3dca13124226470d327cd9fe36f830e4d6a3a6677e29ae1a,3581,10.0,5.0,1168506,5
e4cb4602c540b659bb32d69c,37cd4351254997661fb0461b194952aff0071f977cc848b199ad3f7a2766,bc44a9a328f8,1168843.0,1187341.0,18498.0,1,1,600.0,29.296875,0.25,MISC,37cd4351254997661fb0461b194952aff0071f977cc848b199ad3f7a2766,18498,6.0,0.25,1168843,1
4120cff5ad9d6f33d4bc3cef,a29b24b848b317afceab842096f01ca708b6b7058753a1bcc2a7f2abc5da,c677a0acf7c0,1172150.0,1199155.0,27005.0,1,40,8000.0,1953.125,10.0,MISC,a29b24b848b317afceab842096f01ca708b6b7058753a1bcc2a7f2abc5da,27005,80.0,10.0,1172150,40
4b28290c1121b9e5362f1c83,4769c30f8157a5e3a184c08f43d73a7e8b840d5a13dfbee33c7850ada056,c677a0acf7c0,1172221.0,1175956.0,3735.0,1,5,1000.0,146.484375,5.0,MISC,4769c30f8157a5e3a184c08f43d73a7e8b840d5a13dfbee33c7850ada056,3735,10.0,5.0,1172221,5
4ff652dabfb91cca5b031f99,ddd765319135ceec280ffb16eb45035eca9f725d3c8c79e648f62e7c5d41,c677a0acf7c0,1173397.0,1177329.0,3932.0,1,1,1800.0,58.59375,1.0,MISC,ddd765319135ceec280ffb16eb45035eca9f725d3c8c79e648f62e7c5d41,3932,18.0,1.0,1173397,1
bf3eefaecb0c87e559802d34,1ac65ce17341ce729861361024afe4c96cb29cfa06b5d6d4d0e5c2f2cf5d,c677a0acf7c0,1173489.0,1211997.0,38508.0,1,4,7200.0,234.375,4.0,MISC,1ac65ce17341ce729861361024afe4c96cb29cfa06b5d6d4d0e5c2f2cf5d,38508,72.0,4.0,1173489,4
14e3477f888eb6371f04fea4,fd47dd9d194d11df19a0f1aa8383ea9735685630155f45c25fc44b0a22b0,c677a0acf7c0,1174341.0,1180177.0,5836.0,1,1,600.0,29.296875,0.25,MISC,fd47dd9d194d11df19a0f1aa8383ea9735685630155f45c25fc44b0a22b0,5836,6.0,0.25,1174341,1
527d25e08e910130aed44755,d5e6f5f487248698b92fe7b67c544df7e3f8faade6afc2824c31af54f29c,c677a0acf7c0,1176088.0,1189883.0,13795.0,1,40,8000.0,1953.125,10.0,MISC,d5e6f5f487248698b92fe7b67c544df7e3f8faade6afc2824c31af54f29c,13795,80.0,10.0,1176088,40
d640492c5536547415c263ab,110d7c64892fbd43c6da404041b4534aceb66ec8293737a2d3492b2f6635,c677a0acf7c0,1176108.0,1179951.0,3843.0,1,5,1000.0,146.484375,5.0,MISC,110d7c64892fbd43c6da404041b4534aceb66ec8293737a2d3492b2f6635,3843,10.0,5.0,1176108,5
91bc85dc67d78434cf67cdc2,0dc9a84a537dd9ce4e41c2aece35fd28cf5f6c75b95227c5b03a111b2a38,c677a0acf7c0,1176457.0,1181688.0,5231.0,1,40,24000.0,1171.875,32.0,P100,0dc9a84a537dd9ce4e41c2aece35fd28cf5f6c75b95227c5b03a111b2a38,5231,240.0,32.0,1176457,40
cfeb6bf6eee6bf3501e31306,f5b41bee88aa9c09d9c440f6213762df606ba1b59d91b415ce3522c00b31,c677a0acf7c0,1180094.0,1183543.0,3449.0,1,5,1000.0,146.484375,5.0,MISC,f5b41bee88aa9c09d9c440f6213762df606ba1b59d91b415ce3522c00b31,3449,10.0,5.0,1180094,5
16955c42eba844c611e5e823,89fe8e7a070b2e5208712dcf56ca84c2f6a45d713b9eb0eb7685cd1bb4f8,c677a0acf7c0,1183688.0,1187352.0,3664.0,1,5,1000.0,146.484375,5.0,MISC,89fe8e7a070b2e5208712dcf56ca84c2f6a45d713b9eb0eb7685cd1bb4f8,3664,10.0,5.0,1183688,5
20ec8a1acb6d16fc02131323,a38ff70af6c0262b41eeaa8f568df2c4b51319727a1beabcddcc35f32629,c677a0acf7c0,1184601.0,1185397.0,796.0,1,2,400.0,58.59375,2.0,MISC,a38ff70af6c0262b41eeaa8f568df2c4b51319727a1beabcddcc35f32629,796,4.0,2.0,1184601,2
0e00b8f0657263b2582bea61,6171d64f703724bdbc510982d79d0172c872d5cf6aafddef54935ffa11cd,c677a0acf7c0,1184675.0,1185557.0,882.0,1,2,2000.0,58.59375,2.0,P100,6171d64f703724bdbc510982d79d0172c872d5cf6aafddef54935ffa11cd,882,20.0,2.0,1184675,2
08cffe16c359af4eb0c1c970,5345f6daa480a94c31cae94136502a3dd6494d52dc6fae2d6337170c67c0,c677a0acf7c0,1184681.0,1185553.0,872.0,1,2,2000.0,58.59375,2.0,P100,5345f6daa480a94c31cae94136502a3dd6494d52dc6fae2d6337170c67c0,872,20.0,2.0,1184681,2
8981a500431087a25c1dd8b2,2b2a3aab7f15f6533a2307dcd6f1fee7fbd7bda2e47ef8c829c0e9e4ec7e,c677a0acf7c0,1184676.0,1185570.0,894.0,1,2,2000.0,58.59375,2.0,P100,2b2a3aab7f15f6533a2307dcd6f1fee7fbd7bda2e47ef8c829c0e9e4ec7e,894,20.0,2.0,1184676,2
0861ea5850055f305ec9f81f,71a9cfe9ac0d959b323c3a7ceba6b1fcc1fabfd1f92b88e26ba13920276a,c677a0acf7c0,1184678.0,1185552.0,874.0,1,2,2000.0,58.59375,2.0,P100,71a9cfe9ac0d959b323c3a7ceba6b1fcc1fabfd1f92b88e26ba13920276a,874,20.0,2.0,1184678,2
e117bbf46023eea13020a473,014a8c80ae50a0f431ad25287d4f2638a6bf28a44955026ec98acc595adb,c677a0acf7c0,1184688.0,1185546.0,858.0,1,2,2000.0,58.59375,2.0,P100,014a8c80ae50a0f431ad25287d4f2638a6bf28a44955026ec98acc595adb,858,20.0,2.0,1184688,2
2608a0da3e3750900722c4f5,1af55c630917961132f1bc14920eb59dd4134ef71ed7084af879faff25cc,c677a0acf7c0,1184683.0,1185553.0,870.0,1,2,2000.0,58.59375,2.0,P100,1af55c630917961132f1bc14920eb59dd4134ef71ed7084af879faff25cc,870,20.0,2.0,1184683,2
59f6edc9290ffa2bbd59cd2d,3af265490512a478c12f1cd335a8db324c8604171acf955f41e5f869face,c677a0acf7c0,1185309.0,1188837.0,3528.0,1,1,600.0,29.296875,0.25,MISC,3af265490512a478c12f1cd335a8db324c8604171acf955f41e5f869face,3528,6.0,0.25,1185309,1
6acb346ba236ba9727a53a32,511e85a1abbf6d56be4637ef34d2ff1b5f9eade4b41ed531a780d2632cdb,c677a0acf7c0,1185314.0,1186142.0,828.0,1,1,600.0,29.296875,0.25,MISC,511e85a1abbf6d56be4637ef34d2ff1b5f9eade4b41ed531a780d2632cdb,828,6.0,0.25,1185314,1
6748c85579695d4a20caec3a,2f22785923baa26c7ae6e8aa5f5d7d059677a41bd4bbde65a3227edb4c0e,c677a0acf7c0,1185318.0,1185811.0,493.0,1,1,600.0,29.296875,0.25,MISC,2f22785923baa26c7ae6e8aa5f5d7d059677a41bd4bbde65a3227edb4c0e,493,6.0,0.25,1185318,1
327580600c8ae1aee1ab7fb9,0a8a3a9f03b856100c4f4d43c6319653f492b4bff3b5fa8e2dfdd037b12c,c677a0acf7c0,1185329.0,1189456.0,4127.0,1,1,600.0,29.296875,0.25,MISC,0a8a3a9f03b856100c4f4d43c6319653f492b4bff3b5fa8e2dfdd037b12c,4127,6.0,0.25,1185329,1
abcf4478396febd60cb7622c,2cdadd7b0ec827471a782cd4324aed718259d097acdf465808d4498c6d5d,c677a0acf7c0,1185570.0,1186282.0,712.0,1,2,3200.0,58.59375,2.0,MISC,2cdadd7b0ec827471a782cd4324aed718259d097acdf465808d4498c6d5d,712,32.0,2.0,1185570,2
2750301038a10e412e17cb9b,a831518c94ea8fdb69fff8905b571ae50b2926d6e0862aea2ad764fb2298,c677a0acf7c0,1185612.0,1186110.0,498.0,1,2,3200.0,58.59375,2.0,MISC,a831518c94ea8fdb69fff8905b571ae50b2926d6e0862aea2ad764fb2298,498,32.0,2.0,1185612,2
bd0fbd0e494647a4e8c5ac72,6e172f7b77ace7bac4676181f6e38607c40708087a9b733af088f99a9fe1,c677a0acf7c0,1189911.0,1190139.0,228.0,1,1,600.0,29.296875,0.25,MISC,6e172f7b77ace7bac4676181f6e38607c40708087a9b733af088f99a9fe1,228,6.0,0.25,1189911,1
2e0cc688b33933bbc38f39b9,e64df1c51392a258683f437c10bf169c70169e2fb4c276108611a88368b4,c677a0acf7c0,1189953.0,1197139.0,7186.0,1,10,12000.0,292.96875,2.5,MISC,e64df1c51392a258683f437c10bf169c70169e2fb4c276108611a88368b4,7186,120.0,2.5,1189953,10
12381732c3e13554eea2f917,2ade095c612b4fec865ad80c3410653f57c0612b94ef24eaaeaa21aff7d4,c677a0acf7c0,1190061.0,1196728.0,6667.0,1,20,24000.0,585.9375,5.0,MISC,2ade095c612b4fec865ad80c3410653f57c0612b94ef24eaaeaa21aff7d4,6667,240.0,5.0,1190061,20
ef474c735d1090d6767fb844,b34c53d4d3aae25385fa1e80db0bb082896eb410eee5141def8dc1a1255a,c677a0acf7c0,1190968.0,1208164.0,17196.0,1,40,8000.0,1953.125,10.0,MISC,b34c53d4d3aae25385fa1e80db0bb082896eb410eee5141def8dc1a1255a,17196,80.0,10.0,1190968,40
2bdd076e41e8b401b86746f9,8318eead265d73621b84f7665dc654d42845c99e6c32b056f3c5e4825ada,c677a0acf7c0,1196759.0,1196872.0,113.0,1,1,600.0,29.296875,1.0,MISC,8318eead265d73621b84f7665dc654d42845c99e6c32b056f3c5e4825ada,113,6.0,1.0,1196759,1
e7ff7ae94ca5bd54e20e34f9,bcc57f05a455f7d29495ab1cd7a526f4695f406026213d3b328c2294e232,c677a0acf7c0,1196907.0,1196953.0,46.0,1,1,600.0,29.296875,1.0,MISC,bcc57f05a455f7d29495ab1cd7a526f4695f406026213d3b328c2294e232,46,6.0,1.0,1196907,1
4a4e6951fef240d5610eb905,ac5412f35035fa5262a74a7d3073dd428c4cbf532c99bd5e26a95248cfbf,c677a0acf7c0,1197012.0,1214833.0,17821.0,1,10,1000.0,292.96875,2.5,MISC,ac5412f35035fa5262a74a7d3073dd428c4cbf532c99bd5e26a95248cfbf,17821,10.0,2.5,1197012,10
aa04b80a096b9d7f98d9c24b,15adcb4246a3bdc1904e270d92d59a3a20c433a792c6fc46ead55eec1a0a,c677a0acf7c0,1197172.0,1215635.0,18463.0,1,10,1000.0,292.96875,2.5,MISC,15adcb4246a3bdc1904e270d92d59a3a20c433a792c6fc46ead55eec1a0a,18463,10.0,2.5,1197172,10
2f8704673c8e9dd009938add,198c0347cc2c8790dd2b7c28a6a9a0cd19f55fbac9eeb1a8c86b4aa5473b,c677a0acf7c0,1197170.0,1197240.0,70.0,1,1,600.0,29.296875,1.0,MISC,198c0347cc2c8790dd2b7c28a6a9a0cd19f55fbac9eeb1a8c86b4aa5473b,70,6.0,1.0,1197170,1
8369417e3966bf53ccf8ad09,641f2e03e58576e92015cb58598efc5b040f8cd37848fbffb2a9a8055beb,c677a0acf7c0,1197172.0,1197201.0,29.0,1,1,600.0,29.296875,1.0,MISC,641f2e03e58576e92015cb58598efc5b040f8cd37848fbffb2a9a8055beb,29,6.0,1.0,1197172,1
46726992f05562f87b77ea21,a628c39bb22d8df0720a4e91ce33fa74efb49b3afaa60df5541e01a5b8fd,c677a0acf7c0,1197238.0,1217900.0,20662.0,1,10,1000.0,292.96875,2.5,MISC,a628c39bb22d8df0720a4e91ce33fa74efb49b3afaa60df5541e01a5b8fd,20662,10.0,2.5,1197238,10
6cff281459ea97a990227597,b44ac68190ea635c38e36495a0287f046fb96285959181d3fe22cc7cc4fe,c677a0acf7c0,1197276.0,1197312.0,36.0,1,1,600.0,29.296875,1.0,MISC,b44ac68190ea635c38e36495a0287f046fb96285959181d3fe22cc7cc4fe,36,6.0,1.0,1197276,1
61e7012947c2f61f4659d9b6,6db6a643247dcdf3fdce0c910c6e4bd55716f11e0853331b4821d1414e11,c677a0acf7c0,1197594.0,1198276.0,682.0,1,1,600.0,29.296875,0.25,MISC,6db6a643247dcdf3fdce0c910c6e4bd55716f11e0853331b4821d1414e11,682,6.0,0.25,1197594,1
28238345741c154c0eea9521,5618839cc502ce5f02d0765290ef0c5936081a37b3b3c121a70c4dc77949,c677a0acf7c0,1198450.0,1199705.0,1255.0,1,1,600.0,29.296875,0.25,MISC,5618839cc502ce5f02d0765290ef0c5936081a37b3b3c121a70c4dc77949,1255,6.0,0.25,1198450,1
d02bc57c8ca32b71301bd28a,7ea9ad69c9912a43d4694590c2d963f1ec69f949c5d0f7cb4ea0c8848023,c677a0acf7c0,1199351.0,1204067.0,4716.0,1,8,4800.0,234.375,2.0,MISC,7ea9ad69c9912a43d4694590c2d963f1ec69f949c5d0f7cb4ea0c8848023,4716,48.0,2.0,1199351,8
04d15cfb2eafc8023c902b94,bfe5499eb4b622c33e65cf0efecb4e3406071a4a0da9c3afac25c0cf843f,c677a0acf7c0,1199515.0,1200070.0,555.0,1,8,4800.0,234.375,2.0,MISC,bfe5499eb4b622c33e65cf0efecb4e3406071a4a0da9c3afac25c0cf843f,555,48.0,2.0,1199515,8
30b624117efc8116bce0528f,d18ea82bbcad36cfdba6c9e314d07dc9681cca170aad32db349e57df7823,c677a0acf7c0,1200095.0,1213072.0,12977.0,1,16,9600.0,468.75,4.0,MISC,d18ea82bbcad36cfdba6c9e314d07dc9681cca170aad32db349e57df7823,12977,96.0,4.0,1200095,16
5daa2056b89d4ba3831bd184,68647b517f6bbc227d35d05d6806a6f9bd90f1664f4ca7b5e9b63bbd5e0e,c677a0acf7c0,1201334.0,1271233.0,69899.0,1,20,4000.0,1562.5,5.0,MISC,68647b517f6bbc227d35d05d6806a6f9bd90f1664f4ca7b5e9b63bbd5e0e,69899,40.0,5.0,1201334,20
0ba30b9388420d1472c41862,e7205cf2707884724e040df23a3978a53fbf53bf8355910c56dbc75bf045,c677a0acf7c0,1201334.0,1271101.0,69767.0,1,20,4000.0,390.625,5.0,MISC,e7205cf2707884724e040df23a3978a53fbf53bf8355910c56dbc75bf045,69767,40.0,5.0,1201334,20
f09390a91f60e9849de5930f,6f6255880ddb68a5841fc415c5ed41f15b250f04c74155995f0d1c01889e,c677a0acf7c0,1201351.0,1230516.0,29165.0,1,1,600.0,29.296875,0.25,MISC,6f6255880ddb68a5841fc415c5ed41f15b250f04c74155995f0d1c01889e,29165,6.0,0.25,1201351,1
89ce5058940c861a5ee4c407,4839dd6acf233bf2c80bf778d399a30d3b935eb20e32ba7c9b1d134b0a46,c677a0acf7c0,1201541.0,1212722.0,11181.0,1,1,600.0,29.296875,0.25,MISC,4839dd6acf233bf2c80bf778d399a30d3b935eb20e32ba7c9b1d134b0a46,11181,6.0,0.25,1201541,1
a2cb226cc58211a6d05bb362,bb66d8367662040bb1ad9e74ddbb09b6b9071421dc93da5fa8d4f98ed775,c677a0acf7c0,1201746.0,1205365.0,3619.0,1,20,4000.0,390.625,5.0,MISC,bb66d8367662040bb1ad9e74ddbb09b6b9071421dc93da5fa8d4f98ed775,3619,40.0,5.0,1201746,20
c92d195646f5a9d637e142c3,d454911e4b3c009d8bc7196767b93b8d316d43e34f3763588fb06e58782d,c677a0acf7c0,1201817.0,1207084.0,5267.0,1,1,600.0,29.296875,0.25,MISC,d454911e4b3c009d8bc7196767b93b8d316d43e34f3763588fb06e58782d,5267,6.0,0.25,1201817,1
e9df8b6924c1e6ff6ebd9ee8,3192c336bf723eda91f013685e7b9ceba5b5da14c984d79582fbf898609e,c677a0acf7c0,1201879.0,1227385.0,25506.0,1,1,600.0,29.296875,0.25,MISC,3192c336bf723eda91f013685e7b9ceba5b5da14c984d79582fbf898609e,25506,6.0,0.25,1201879,1
be7c8291428a30546dde0efd,a1aca4dfac8555e0340c3b3ed347fdec6bb2aebd96d366ed4b7f903cdada,c677a0acf7c0,1201984.0,1212695.0,10711.0,1,1,600.0,29.296875,0.25,MISC,a1aca4dfac8555e0340c3b3ed347fdec6bb2aebd96d366ed4b7f903cdada,10711,6.0,0.25,1201984,1
b8af377205798d9aa32f97a5,c6b7be34f45df54c9b26e0967b09ec2826b93d464ab1bbf3385186c01822,c677a0acf7c0,1202194.0,1214423.0,12229.0,1,30,15000.0,1171.875,7.5,MISC,c6b7be34f45df54c9b26e0967b09ec2826b93d464ab1bbf3385186c01822,12229,150.0,7.5,1202194,30
1455d9fa022cf9e716d52350,7df58b8180312764b9e32c366329f07182260f7eed6205dc7348fc76478f,c677a0acf7c0,1202779.0,1204499.0,1720.0,1,20,10000.0,781.25,5.0,MISC,7df58b8180312764b9e32c366329f07182260f7eed6205dc7348fc76478f,1720,100.0,5.0,1202779,20
c746be30ea641babf7206459,c7890c4e3b6133efd132f37d455e4dc987bbc0c23fa1e93c30c29cba74e9,c677a0acf7c0,1204532.0,1204609.0,77.0,1,1,600.0,29.296875,1.0,MISC,c7890c4e3b6133efd132f37d455e4dc987bbc0c23fa1e93c30c29cba74e9,77,6.0,1.0,1204532,1
d2204bbb646f1a1d5b5ac6bd,220e588d7e3b2fb8d59b6b156cb3c531e4a15eb4f96528548af634a920f8,c677a0acf7c0,1205216.0,1211748.0,6532.0,1,1,600.0,29.296875,0.25,MISC,220e588d7e3b2fb8d59b6b156cb3c531e4a15eb4f96528548af634a920f8,6532,6.0,0.25,1205216,1
1e990bdd2d8d58e5e5582828,d3e97c4f46af5357057e7788995bc2b14bd577efe459807075556750bb27,c677a0acf7c0,1205407.0,1205491.0,84.0,1,1,600.0,29.296875,1.0,MISC,d3e97c4f46af5357057e7788995bc2b14bd577efe459807075556750bb27,84,6.0,1.0,1205407,1
644542b8193170a80fe03027,87dae2ad67494750f6d5a7eb093e6cf09a82b8db3e370f40963ed23c9a81,c677a0acf7c0,1205535.0,1205561.0,26.0,1,1,600.0,29.296875,1.0,MISC,87dae2ad67494750f6d5a7eb093e6cf09a82b8db3e370f40963ed23c9a81,26,6.0,1.0,1205535,1
98872051066a6169ffda1146,beb46bf5a948f4f716ba7833a05b7eede71abe43f308bebaef3589fea5b8,c677a0acf7c0,1206708.0,1217635.0,10927.0,1,40,12000.0,1562.5,10.0,MISC,beb46bf5a948f4f716ba7833a05b7eede71abe43f308bebaef3589fea5b8,10927,120.0,10.0,1206708,40
f2f499ea475a68a2626e41f4,8ae9921e53e1cbbda95e2d997897b86dc5feca45f59947634d8ad8051cf4,c677a0acf7c0,1208194.0,1208454.0,260.0,1,1,600.0,29.296875,0.25,MISC,8ae9921e53e1cbbda95e2d997897b86dc5feca45f59947634d8ad8051cf4,260,6.0,0.25,1208194,1
834163e54bf1e497261a843e,d61f85c000536c5c17667735d5480be93fdf2ba389653a158e2178a05201,c677a0acf7c0,1208623.0,1210482.0,1859.0,1,20,10000.0,781.25,5.0,P100,d61f85c000536c5c17667735d5480be93fdf2ba389653a158e2178a05201,1859,100.0,5.0,1208623,20
29998d170d7562bfa8e87488,c3d86d7cf6b1beba51229832539d3f9b6cded04f836fb6c66725dc2f1c69,c677a0acf7c0,1209078.0,1223938.0,14860.0,1,40,8000.0,1953.125,10.0,MISC,c3d86d7cf6b1beba51229832539d3f9b6cded04f836fb6c66725dc2f1c69,14860,80.0,10.0,1209078,40
de6b6eead84c950a6e96b589,88d544851f8adfc95d76290ef6df1f4a4f0a0f54222dbfa8094674e23a9b,c677a0acf7c0,1210024.0,1233199.0,23175.0,1,30,9000.0,878.90625,7.5,MISC,88d544851f8adfc95d76290ef6df1f4a4f0a0f54222dbfa8094674e23a9b,23175,90.0,7.5,1210024,30
08d4dd7b679d4d5022a0870f,a77bf4fdfeb1345dfaad35e10042c9119a7dcfc301253eb0596a2694b954,c677a0acf7c0,1210364.0,1221764.0,11400.0,1,30,3000.0,1171.875,7.5,MISC,a77bf4fdfeb1345dfaad35e10042c9119a7dcfc301253eb0596a2694b954,11400,30.0,7.5,1210364,30
15a55520a15d45d41161560a,c1621e19e0d6bf0f3049a0a6de43ff0711cc1e1a75018a452c35db3f6a21,c677a0acf7c0,1210510.0,1210594.0,84.0,1,1,600.0,29.296875,1.0,MISC,c1621e19e0d6bf0f3049a0a6de43ff0711cc1e1a75018a452c35db3f6a21,84,6.0,1.0,1210510,1
79b676cc5628af6d56464a2c,32dc672e863a525c4ad06479ea30f829dc569b00229493008d87a3b72942,c677a0acf7c0,1212802.0,1219522.0,6720.0,1,1,600.0,29.296875,0.25,MISC,32dc672e863a525c4ad06479ea30f829dc569b00229493008d87a3b72942,6720,6.0,0.25,1212802,1
9ebfcd6cf9c7efe740c56be7,f4bc1b1567eb6d6a8957b56e4c599921b653bb3bfa362988e37ccc155f77,c677a0acf7c0,1212968.0,1215309.0,2341.0,1,1,600.0,29.296875,0.25,MISC,f4bc1b1567eb6d6a8957b56e4c599921b653bb3bfa362988e37ccc155f77,2341,6.0,0.25,1212968,1
a9c1edd781dfff0229c4009c,8526b5b576df9ee11e490325ebddcac5aa1c8fcacdec443aad388bb80a44,c677a0acf7c0,1214461.0,1214565.0,104.0,1,1,600.0,29.296875,1.0,MISC,8526b5b576df9ee11e490325ebddcac5aa1c8fcacdec443aad388bb80a44,104,6.0,1.0,1214461,1
5515942b3ec7ac393569cb4f,553eefc771ff2ea27d8b68ba3b0a1fe0140099339ec6ee07f89932ab2ab8,c677a0acf7c0,1214577.0,1224774.0,10197.0,1,28,16800.0,820.3125,7.0,MISC,553eefc771ff2ea27d8b68ba3b0a1fe0140099339ec6ee07f89932ab2ab8,10197,168.0,7.0,1214577,28
801d14d3f9bc9fef7b55610e,7d35b7cfc19fdfeb6d41c253f336f50a5a8534ef4a91deb215a6ca1f02b7,c677a0acf7c0,1217670.0,1217959.0,289.0,1,1,600.0,29.296875,1.0,V100M32,7d35b7cfc19fdfeb6d41c253f336f50a5a8534ef4a91deb215a6ca1f02b7,289,6.0,1.0,1217670,1
fd19ad4f1be46173386e3413,3f4f236b5665307092c823f11167f72444c3f7c32243e6fea1ee06226914,c677a0acf7c0,1217778.0,1222927.0,5149.0,1,5,1000.0,146.484375,5.0,MISC,3f4f236b5665307092c823f11167f72444c3f7c32243e6fea1ee06226914,5149,10.0,5.0,1217778,5
3c5691e6a2f11692fecd66d8,3a77965df41b0286ef0af76c186504697ed0c3e896120292915f94b3ba89,c677a0acf7c0,1217938.0,1218070.0,132.0,1,1,600.0,29.296875,1.0,V100M32,3a77965df41b0286ef0af76c186504697ed0c3e896120292915f94b3ba89,132,6.0,1.0,1217938,1
18407ee50911eb7fe42d5c0f,63ee3e75294b29abdfc8a2955b1506ea733675df574da29a018e67b60182,c677a0acf7c0,1218106.0,1218224.0,118.0,1,1,600.0,29.296875,1.0,MISC,63ee3e75294b29abdfc8a2955b1506ea733675df574da29a018e67b60182,118,6.0,1.0,1218106,1
aaa59d930042410ac9e23c0b,08c425970e5a34a5a9e06a85b3a088609a95cc36c41a02d44466850331e3,c677a0acf7c0,1218730.0,1226599.0,7869.0,1,1,600.0,29.296875,0.25,MISC,08c425970e5a34a5a9e06a85b3a088609a95cc36c41a02d44466850331e3,7869,6.0,0.25,1218730,1
febbdee5a8aceb2cb1173790,d8a9b78d7cee4d45f15aa349cfade7e96512ef10e71a56ee5563b23026fd,c677a0acf7c0,1221797.0,1221833.0,36.0,1,1,600.0,29.296875,1.0,MISC,d8a9b78d7cee4d45f15aa349cfade7e96512ef10e71a56ee5563b23026fd,36,6.0,1.0,1221797,1
6fa795cfcd0384847c527003,8fa116a64f06509b633a5d6ccc10a8a15da7ea3f1c1e079adb5ac12c485e,c677a0acf7c0,1221986.0,1222259.0,273.0,1,1,600.0,29.296875,0.25,MISC,8fa116a64f06509b633a5d6ccc10a8a15da7ea3f1c1e079adb5ac12c485e,273,6.0,0.25,1221986,1
4d2d7ed08fabdadb14663d6e,f1e7126bc1e6883f63daffc7f1d86a25ee2f9d1508e80aeebf448ce5f3f3,c677a0acf7c0,1223074.0,1226402.0,3328.0,1,5,1000.0,146.484375,5.0,MISC,f1e7126bc1e6883f63daffc7f1d86a25ee2f9d1508e80aeebf448ce5f3f3,3328,10.0,5.0,1223074,5
0c62c2839ef669159d98979d,acc58f8ef28cfd8a2a0c0397787e8d375b2d4fda6aacea27773247a448e9,c677a0acf7c0,1223969.0,1224839.0,870.0,1,1,600.0,29.296875,0.25,MISC,acc58f8ef28cfd8a2a0c0397787e8d375b2d4fda6aacea27773247a448e9,870,6.0,0.25,1223969,1
38257e94cba5ec4e45163f9b,95dda875e33f1bdaff3d7dce25a5570f35f6e6cef5fe5e4b71f7a837201a,c677a0acf7c0,1224812.0,1224941.0,129.0,1,1,600.0,29.296875,1.0,MISC,95dda875e33f1bdaff3d7dce25a5570f35f6e6cef5fe5e4b71f7a837201a,129,6.0,1.0,1224812,1
cf21c6fd136f51a2f6820648,fe7dd7a269b7e92307f820294a0bec9bcd17c71fe40c7a5b72813e189ec1,c677a0acf7c0,1226706.0,1226799.0,93.0,1,1,600.0,29.296875,0.25,MISC,fe7dd7a269b7e92307f820294a0bec9bcd17c71fe40c7a5b72813e189ec1,93,6.0,0.25,1226706,1
fb2463fdf3c468941d3400a2,26fd7815a8c10fafb7f34794d94657777574df2e62e806aa11d461faf484,c677a0acf7c0,1226772.0,1238029.0,11257.0,1,40,8000.0,1953.125,10.0,MISC,26fd7815a8c10fafb7f34794d94657777574df2e62e806aa11d461faf484,11257,80.0,10.0,1226772,40
c73479593a3ce294983d25aa,872e2868ebd4abbc1a31ef31c5890b518f92a9873ab7aebb6a13a9646d83,c677a0acf7c0,1226901.0,1235648.0,8747.0,1,6,6000.0,175.78125,0.9,MISC,872e2868ebd4abbc1a31ef31c5890b518f92a9873ab7aebb6a13a9646d83,8747,60.0,0.9,1226901,6
87f6e786ff88409a8b7c64a7,1efca5dc518b95a50ee54fc668667abaa68797b3e18181e14bc0e4a139d7,c677a0acf7c0,1226950.0,1227557.0,607.0,1,2,1000.0,78.125,0.5,MISC,1efca5dc518b95a50ee54fc668667abaa68797b3e18181e14bc0e4a139d7,607,10.0,0.5,1226950,2
2eecfff7293dd6d619c9b61f,05a7b34f733866b8623204dee5632d6a8b2872126ab44e516d5fa1b2281d,c677a0acf7c0,1227588.0,1227616.0,28.0,1,1,600.0,29.296875,1.0,MISC,05a7b34f733866b8623204dee5632d6a8b2872126ab44e516d5fa1b2281d,28,6.0,1.0,1227588,1
3db7f857c0a00f3370620f37,c2304b474d695e9b5b8e1ebba0b156f41c7d83a113ccb6fc0bace588dadb,c677a0acf7c0,1228645.0,1250118.0,21473.0,1,4,400.0,15.625,4.0,MISC,c2304b474d695e9b5b8e1ebba0b156f41c7d83a113ccb6fc0bace588dadb,21473,4.0,4.0,1228645,4
b0897c58f9ea92806a7e93d5,905d9f01be211f1ebb98a286a351b4114ee11df2d82cff25f2a30796c591,c677a0acf7c0,1228790.0,1228836.0,46.0,1,1,600.0,29.296875,1.0,MISC,905d9f01be211f1ebb98a286a351b4114ee11df2d82cff25f2a30796c591,46,6.0,1.0,1228790,1
1f4b8598e8502e7aac62275d,cf819e40f7d99feeb7f6e4559dd2e273cf9cae6f92bbae9a3042e0ddfe70,c677a0acf7c0,1228875.0,1231215.0,2340.0,1,20,2000.0,585.9375,5.0,MISC,cf819e40f7d99feeb7f6e4559dd2e273cf9cae6f92bbae9a3042e0ddfe70,2340,20.0,5.0,1228875,20
82f592075239f0064532b6ce,48e63be965f9154556f897a215bea37730673ff512ac31a03a57ce491696,c677a0acf7c0,1230742.0,1248163.0,17421.0,1,10,6000.0,292.96875,2.5,MISC,48e63be965f9154556f897a215bea37730673ff512ac31a03a57ce491696,17421,60.0,2.5,1230742,10
d9eea8b4af1ccd96e5018bff,6b3a82771948ad266bdd3485a0122299aa83b819bc7798c3bce495ed912d,c677a0acf7c0,1231250.0,1231280.0,30.0,1,1,600.0,29.296875,1.0,MISC,6b3a82771948ad266bdd3485a0122299aa83b819bc7798c3bce495ed912d,30,6.0,1.0,1231250,1
1fcd04a7f22ce3eb61a567f7,a4ff40499ad483baf129f7499be1845244580011c683848f34f42b83724b,c677a0acf7c0,1231335.0,1231401.0,66.0,1,1,600.0,29.296875,1.0,MISC,a4ff40499ad483baf129f7499be1845244580011c683848f34f42b83724b,66,6.0,1.0,1231335,1
fef62d42d4d4e70f61edef42,76373042334f5739fc34b45a54483a276bbbca359becf70e4548405334bf,c677a0acf7c0,1233231.0,1233266.0,35.0,1,1,600.0,29.296875,1.0,MISC,76373042334f5739fc34b45a54483a276bbbca359becf70e4548405334bf,35,6.0,1.0,1233231,1
485ae399ae30b1fc59cd7509,2601680b3485b2299be698c68c8e283cd5819e51a6df470ec95649babc8d,c677a0acf7c0,1233303.0,1233792.0,489.0,1,1,600.0,29.296875,0.25,MISC,2601680b3485b2299be698c68c8e283cd5819e51a6df470ec95649babc8d,489,6.0,0.25,1233303,1
670ca296cd96e4e3dd625717,1665ef8707284160b6562c362970e96f1058c4e6589114d424c95e77b9e6,c677a0acf7c0,1235443.0,1253404.0,17961.0,1,1,600.0,29.296875,0.25,MISC,1665ef8707284160b6562c362970e96f1058c4e6589114d424c95e77b9e6,17961,6.0,0.25,1235443,1
19ac40f0cda7cbd1c989c159,ac0c72f49409b8a196fcad7ce730c5fc3f392cf5cf53df5d72bd9bf201d3,c677a0acf7c0,1238060.0,1238252.0,192.0,1,1,600.0,29.296875,0.25,MISC,ac0c72f49409b8a196fcad7ce730c5fc3f392cf5cf53df5d72bd9bf201d3,192,6.0,0.25,1238060,1
cd052df037b8fefb80963d7c,63d0033608de525415e892740ba071178d70c16b3279e00a2c67e1ef5892,c677a0acf7c0,1245140.0,1258505.0,13365.0,1,10,6000.0,292.96875,2.5,MISC,63d0033608de525415e892740ba071178d70c16b3279e00a2c67e1ef5892,13365,60.0,2.5,1245140,10
e94d07abfb8738eea0991c39,080d755a4402e0ac0921eb551eb8e2b5869fec947246620f7ede4e604c17,c677a0acf7c0,1248521.0,1287498.0,38977.0,1,5,1000.0,146.484375,5.0,MISC,080d755a4402e0ac0921eb551eb8e2b5869fec947246620f7ede4e604c17,38977,10.0,5.0,1248521,5
6e4af3697439e5c38b59eb48,a25c527aaecf5771e063e3afe84552559cced097164b6519782ddc178bca,bc44a9a328f8,1253261.0,1259803.0,6542.0,1,1,600.0,29.296875,0.25,MISC,a25c527aaecf5771e063e3afe84552559cced097164b6519782ddc178bca,6542,6.0,0.25,1253261,1
99da16f7776c5f4bf678a461,0480541b2027f0a4d6392feffca86a178e103a49b51805aaaa12dbd1d7a3,bc44a9a328f8,1253927.0,1274274.0,20347.0,1,1,600.0,29.296875,0.25,MISC,0480541b2027f0a4d6392feffca86a178e103a49b51805aaaa12dbd1d7a3,20347,6.0,0.25,1253927,1
1e6c5854af88136b8134b45a,cd620db830e57e4e2afff5b298c8468c2b080a859aed9ff77c2bf6e7a662,c677a0acf7c0,1257028.0,1259645.0,2617.0,1,1,1800.0,58.59375,1.0,MISC,cd620db830e57e4e2afff5b298c8468c2b080a859aed9ff77c2bf6e7a662,2617,18.0,1.0,1257028,1
117a4fba4ca5b479ce3f0cf7,6c10ffc3cb8a3dc38ff41399a135aca9d138b032bdbff59d33e9ef46479a,c677a0acf7c0,1258557.0,1265771.0,7214.0,1,1,600.0,29.296875,0.25,MISC,6c10ffc3cb8a3dc38ff41399a135aca9d138b032bdbff59d33e9ef46479a,7214,6.0,0.25,1258557,1
43f9c9b98e86c024e8e8736d,7dfffa08ab77e1615186f9a6e728ec8775787c7ab7af7c10933fd6cfa330,c677a0acf7c0,1260096.0,1260937.0,841.0,1,2,400.0,58.59375,2.0,MISC,7dfffa08ab77e1615186f9a6e728ec8775787c7ab7af7c10933fd6cfa330,841,4.0,2.0,1260096,2
5aef12852f45914144475531,3c89c60aa511c349d009b626ff419c81e49802bb99ee4d25b0ab7b0acd0f,c677a0acf7c0,1260091.0,1311458.0,51367.0,1,4,7200.0,234.375,4.0,MISC,3c89c60aa511c349d009b626ff419c81e49802bb99ee4d25b0ab7b0acd0f,51367,72.0,4.0,1260091,4
b82e6b054ab6cc5f0f6e51ea,0377157b1286302487736485c0e0bd4bf320e97eb22869cbbdaff1a4ae93,c677a0acf7c0,1260124.0,1262374.0,2250.0,1,2,2000.0,58.59375,2.0,MISC,0377157b1286302487736485c0e0bd4bf320e97eb22869cbbdaff1a4ae93,2250,20.0,2.0,1260124,2
88a6e5872114912e3f97f2eb,0d415f7dc51b8e5bcdd78ea4baf7bbe8cd4b43f13d86783b274c9479a8ca,c677a0acf7c0,1260129.0,1262902.0,2773.0,1,2,2000.0,58.59375,2.0,MISC,0d415f7dc51b8e5bcdd78ea4baf7bbe8cd4b43f13d86783b274c9479a8ca,2773,20.0,2.0,1260129,2
305e3c31f39262379890970d,710f95070de9427d025fc95014219c1a7a69254dac6774cef49487edcc20,c677a0acf7c0,1261159.0,1261768.0,609.0,1,2,3200.0,58.59375,2.0,MISC,710f95070de9427d025fc95014219c1a7a69254dac6774cef49487edcc20,609,32.0,2.0,1261159,2
477766611ac6e6039bf7e24b,6ecdf64f4cd32169acd6b839eef2037a017a9fb693a6fae56fd7a5468383,c677a0acf7c0,1261160.0,1261759.0,599.0,1,2,3200.0,58.59375,2.0,MISC,6ecdf64f4cd32169acd6b839eef2037a017a9fb693a6fae56fd7a5468383,599,32.0,2.0,1261160,2
ab32cf8b82ac63924353c914,26aba66d5c77b36a5696190b11042e1e0ddb373d335b5c716454dfc37dd2,c677a0acf7c0,1262922.0,1263148.0,226.0,1,5,6000.0,146.484375,1.25,MISC,26aba66d5c77b36a5696190b11042e1e0ddb373d335b5c716454dfc37dd2,226,60.0,1.25,1262922,5
a211d74f2937e505c3a00e7e,e9beeee4a64ff00718b064f65f450cade84636cd4804241f501010e68775,c677a0acf7c0,1268505.0,1269393.0,888.0,1,1,600.0,29.296875,0.25,MISC,e9beeee4a64ff00718b064f65f450cade84636cd4804241f501010e68775,888,6.0,0.25,1268505,1
a7d605472e43223570655c5e,8afd52272db267e7c48a78176e0fee0e4cdba3191b42906096f8188ef44c,c677a0acf7c0,1268502.0,1273012.0,4510.0,1,1,600.0,29.296875,0.25,MISC,8afd52272db267e7c48a78176e0fee0e4cdba3191b42906096f8188ef44c,4510,6.0,0.25,1268502,1
0ebcb542eaa5ec38973e7838,de9f3534eef4fb69ce33c757b4b53d0fee024fcdd3a86e0c6dafcb6fded9,c677a0acf7c0,1268501.0,1269794.0,1293.0,1,1,600.0,29.296875,0.25,MISC,de9f3534eef4fb69ce33c757b4b53d0fee024fcdd3a86e0c6dafcb6fded9,1293,6.0,0.25,1268501,1
9f8eeb34e4997c004f198afc,838349a1439f9508ee688b8cc9ebb0de6073d7bb9d80e719e56cc8eb03aa,c677a0acf7c0,1268517.0,1273044.0,4527.0,1,1,600.0,29.296875,0.25,MISC,838349a1439f9508ee688b8cc9ebb0de6073d7bb9d80e719e56cc8eb03aa,4527,6.0,0.25,1268517,1
97a66b8b71a918618a17b83b,11a8debde18005564f4b83d0f3ef5e8ea7f77f79caefaa35669f3da69405,c677a0acf7c0,1278930.0,1280415.0,1485.0,1,1,600.0,29.296875,0.25,MISC,11a8debde18005564f4b83d0f3ef5e8ea7f77f79caefaa35669f3da69405,1485,6.0,0.25,1278930,1
606dea1785573c2412cde246,4d7c39030e045b3209ddc689dce10387ada2f271eb9eb595734b73236bb8,c677a0acf7c0,1279613.0,1280520.0,907.0,1,1,600.0,29.296875,0.25,MISC,4d7c39030e045b3209ddc689dce10387ada2f271eb9eb595734b73236bb8,907,6.0,0.25,1279613,1
eac41f99ac957a085cb90d7c,6484e385a073d462849aa6b80e457a9ba86f29365edb08e3aea472c35ae2,c677a0acf7c0,1281537.0,1282243.0,706.0,1,8,4800.0,234.375,2.0,MISC,6484e385a073d462849aa6b80e457a9ba86f29365edb08e3aea472c35ae2,706,48.0,2.0,1281537,8
447bb79bf324a33b20d50d56,9d66bf26c9d2d0152d9825f626275d313782b95798e8ef6549c4c857b64c,c677a0acf7c0,1281657.0,1289903.0,8246.0,1,8,4800.0,234.375,2.0,MISC,9d66bf26c9d2d0152d9825f626275d313782b95798e8ef6549c4c857b64c,8246,48.0,2.0,1281657,8
69098a63d1eb52c6fa0e2118,1251eea7f3dc484c149c7512ba3d7d141fa2d53439069a7753b2c6602422,c677a0acf7c0,1281930.0,1293537.0,11607.0,1,10,12000.0,292.96875,2.5,MISC,1251eea7f3dc484c149c7512ba3d7d141fa2d53439069a7753b2c6602422,11607,120.0,2.5,1281930,10
60cc7a77dbf12ff9efeb83e2,ce80f77d6e4723508496fc028690bc2b358ef77883bb5e2aa37b309b08cf,c677a0acf7c0,1281941.0,1295910.0,13969.0,1,20,24000.0,585.9375,5.0,MISC,ce80f77d6e4723508496fc028690bc2b358ef77883bb5e2aa37b309b08cf,13969,240.0,5.0,1281941,20
5c68359f816fbc4069d65921,02c879530d834b5975937e6effb678beecd38a49f1fa1b029bf759a1a89c,c677a0acf7c0,1282797.0,1282914.0,117.0,1,1,600.0,29.296875,1.0,MISC,02c879530d834b5975937e6effb678beecd38a49f1fa1b029bf759a1a89c,117,6.0,1.0,1282797,1
a7bd5e8181de5febc20bb3eb,1f87f537bf43f06d427b13d76a1e6803857737ff669281ef01ba361875d4,c677a0acf7c0,1282955.0,1312998.0,30043.0,1,10,1000.0,292.96875,2.5,MISC,1f87f537bf43f06d427b13d76a1e6803857737ff669281ef01ba361875d4,30043,10.0,2.5,1282955,10
a394cca89f50e8043d9c38f9,80e19e1abd3d013e70ac110be9419f468b5e74b30c826ae126bd48ee5d41,c677a0acf7c0,1284818.0,1295648.0,10830.0,1,20,4000.0,1562.5,5.0,MISC,80e19e1abd3d013e70ac110be9419f468b5e74b30c826ae126bd48ee5d41,10830,40.0,5.0,1284818,20
ed640e9a3736ba1302573e0a,3bc2b696cd19f45823dea6275925b47bc2ca2c54a49a27e7374806cd09f7,c677a0acf7c0,1284825.0,1293317.0,8492.0,1,20,4000.0,390.625,5.0,MISC,3bc2b696cd19f45823dea6275925b47bc2ca2c54a49a27e7374806cd09f7,8492,40.0,5.0,1284825,20
7541e20760b895ff452aa63f,79c071698857a675f0a2cc4f87c960b86e1c3875627554e0d94784bee1cc,c677a0acf7c0,1284987.0,1294948.0,9961.0,1,20,4000.0,390.625,5.0,MISC,79c071698857a675f0a2cc4f87c960b86e1c3875627554e0d94784bee1cc,9961,40.0,5.0,1284987,20
1dd8cc15ff7c05e7f1fa78bb,61eb9362156e18da1e33a4e25abf29d296be3ca8191670273f0f7196b410,c677a0acf7c0,1285873.0,1328826.0,42953.0,1,30,15000.0,1171.875,7.5,MISC,61eb9362156e18da1e33a4e25abf29d296be3ca8191670273f0f7196b410,42953,150.0,7.5,1285873,30
e5deee219ad1cec8a13d85d1,7df876e17cb0706f9be80e36dd5dfa0f879b6068f7f5ad20414dc6538dae,c677a0acf7c0,1286084.0,1317851.0,31767.0,1,4,400.0,15.625,4.0,MISC,7df876e17cb0706f9be80e36dd5dfa0f879b6068f7f5ad20414dc6538dae,31767,4.0,4.0,1286084,4
9df02d2419fc117096d3856d,9fed7a7e92600305de615e55361820971fc895c8e658daf7bde237ad25d6,c677a0acf7c0,1286244.0,1320147.0,33903.0,1,40,8000.0,1953.125,10.0,MISC,9fed7a7e92600305de615e55361820971fc895c8e658daf7bde237ad25d6,33903,80.0,10.0,1286244,40
f8d8fcc1607a9092998c512d,db312cda6edcdc9eeac9dc5f65799ee7ef09570598f953e93a14ee075b03,c677a0acf7c0,1288755.0,1310340.0,21585.0,1,40,12000.0,1562.5,10.0,MISC,db312cda6edcdc9eeac9dc5f65799ee7ef09570598f953e93a14ee075b03,21585,120.0,10.0,1288755,40
6b62b505624f3d399855b5c5,48713357aafa62821f6ae5f1bb6a63e51a2ad0a7157bac87edb0f6f6ffe3,c677a0acf7c0,1289179.0,1293539.0,4360.0,1,20,10000.0,781.25,5.0,MISC,48713357aafa62821f6ae5f1bb6a63e51a2ad0a7157bac87edb0f6f6ffe3,4360,100.0,5.0,1289179,20
58eb04c5ad3b689fcc675f91,2156acd4d554c305c1e5af500ccebc6871ed9c4038a79a97b1a22eb0836c,c677a0acf7c0,1292046.0,1331098.0,39052.0,1,30,9000.0,878.90625,7.5,MISC,2156acd4d554c305c1e5af500ccebc6871ed9c4038a79a97b1a22eb0836c,39052,90.0,7.5,1292046,30
56b9fd4c27d21580b6bf5260,aec6a34711cb4e96c9d64a769de64d4eb38138b9cece7525e22796fa1f56,c677a0acf7c0,1292721.0,1329768.0,37047.0,1,30,3000.0,1171.875,7.5,MISC,aec6a34711cb4e96c9d64a769de64d4eb38138b9cece7525e22796fa1f56,37047,30.0,7.5,1292721,30
a57777846c7edc0c358e2352,e6494d22514f87f31b61d7189cfa2ff315d5a90ad9254d3328cd7829b643,c677a0acf7c0,1293575.0,1293827.0,252.0,1,1,600.0,29.296875,1.0,MISC,e6494d22514f87f31b61d7189cfa2ff315d5a90ad9254d3328cd7829b643,252,6.0,1.0,1293575,1
f9527cdfe3fa1b4ff8a8c838,25c372e679a16618c965a0c397bd50b2ce0fe31824188cba5dd3ca256b0c,c677a0acf7c0,1293575.0,1293766.0,191.0,1,1,600.0,29.296875,1.0,MISC,25c372e679a16618c965a0c397bd50b2ce0fe31824188cba5dd3ca256b0c,191,6.0,1.0,1293575,1
f6fe591e8b533bbc335e3aa3,08b7878ccf69f856113b7e0d54cfa1a2d0018c5f7d2d8c1d37f532e14364,c677a0acf7c0,1293857.0,1293980.0,123.0,1,1,600.0,29.296875,1.0,MISC,08b7878ccf69f856113b7e0d54cfa1a2d0018c5f7d2d8c1d37f532e14364,123,6.0,1.0,1293857,1
1d4b9b965cfa4689cd9114a7,e92cec9b294a94f3a38bcc05fee3fca50b20645f092165c849e04c2e8aff,c677a0acf7c0,1294987.0,1295195.0,208.0,1,1,600.0,29.296875,1.0,MISC,e92cec9b294a94f3a38bcc05fee3fca50b20645f092165c849e04c2e8aff,208,6.0,1.0,1294987,1
c65b213d3d3e5dfddbb1a8a5,26ccafe109ad3c2e533b3fcaa43a17da970fbc179eb670b3783cfc22c6cf,c677a0acf7c0,1295233.0,1295365.0,132.0,1,1,600.0,29.296875,1.0,MISC,26ccafe109ad3c2e533b3fcaa43a17da970fbc179eb670b3783cfc22c6cf,132,6.0,1.0,1295233,1
f1bcaff2c4f6a266f3049d01,bfe0536a8b35e8e1faa8ea8e4bcf770d5a932756e122f22417356a8f712a,c677a0acf7c0,1295679.0,1295915.0,236.0,1,1,600.0,29.296875,1.0,MISC,bfe0536a8b35e8e1faa8ea8e4bcf770d5a932756e122f22417356a8f712a,236,6.0,1.0,1295679,1
cdf2b14d5a01b36a69ea1aa3,3d1a92ee89bc2448cb6e8e51e5414535229582c6cbbd42666e646a2a8c3c,c677a0acf7c0,1295972.0,1296289.0,317.0,1,1,600.0,29.296875,1.0,MISC,3d1a92ee89bc2448cb6e8e51e5414535229582c6cbbd42666e646a2a8c3c,317,6.0,1.0,1295972,1
75b24b0563b070f87d3666c7,ef03596efc5f4168e2cd4dd41e1f051adc0e5333b93c377491b6d1415150,c677a0acf7c0,1295989.0,1296118.0,129.0,1,1,600.0,29.296875,1.0,MISC,ef03596efc5f4168e2cd4dd41e1f051adc0e5333b93c377491b6d1415150,129,6.0,1.0,1295989,1
be899bcbd22cf2080cdd205d,91acc7ff23fa0bcba34406be9d1735a7b8ec7733ca2b365763c59949cd99,c677a0acf7c0,1298396.0,1320340.0,21944.0,1,40,8000.0,1953.125,10.0,MISC,91acc7ff23fa0bcba34406be9d1735a7b8ec7733ca2b365763c59949cd99,21944,80.0,10.0,1298396,40
10c4db12517ab0d302bac274,169b646b9b386f334aaa6572004bd4a52a7d3846b15aa8dbce1ca77749de,c677a0acf7c0,1305141.0,1315554.0,10413.0,1,28,16800.0,820.3125,7.0,MISC,169b646b9b386f334aaa6572004bd4a52a7d3846b15aa8dbce1ca77749de,10413,168.0,7.0,1305141,28
d314ac8ecf861613d61feba4,3b36920025080c994935444c0179b945b830fe5c2142cd4579d019fdcc83,c677a0acf7c0,1310372.0,1311090.0,718.0,1,1,600.0,29.296875,1.0,MISC,3b36920025080c994935444c0179b945b830fe5c2142cd4579d019fdcc83,718,6.0,1.0,1310372,1
1e54c530801f9427e377a3e8,81b3b99564e2653bbb5775573e9c59a95a9fe80f7c1c72c9934ba5bd76f5,c677a0acf7c0,1313035.0,1313071.0,36.0,1,1,600.0,29.296875,1.0,P100,81b3b99564e2653bbb5775573e9c59a95a9fe80f7c1c72c9934ba5bd76f5,36,6.0,1.0,1313035,1
8bfc64ba50039b35849a5c8b,2c366d1988c66534caa6fc85268cc78fe774f977ceadf0ed3a2aa7bc95f4,c677a0acf7c0,1313102.0,1313140.0,38.0,1,1,600.0,29.296875,1.0,MISC,2c366d1988c66534caa6fc85268cc78fe774f977ceadf0ed3a2aa7bc95f4,38,6.0,1.0,1313102,1
4870e414933390822824f018,181f55ddf340e4be7319189e0096d61cd9f974d2a125d7f3304b755e6e90,c677a0acf7c0,1313839.0,1332991.0,19152.0,1,1,600.0,29.296875,0.25,MISC,181f55ddf340e4be7319189e0096d61cd9f974d2a125d7f3304b755e6e90,19152,6.0,0.25,1313839,1
51d94ec2a4e2f3ce5146164c,0ae2e8423ff123ec6816d5b119ae1041723a2caa188e6c6c1e22447c32db,c677a0acf7c0,1315588.0,1315860.0,272.0,1,1,600.0,29.296875,1.0,MISC,0ae2e8423ff123ec6816d5b119ae1041723a2caa188e6c6c1e22447c32db,272,6.0,1.0,1315588,1
f06256cce89dc8141d44c7da,6821b59e9b75f091b74e7a8b64b17fe53e9024c6b05890904dd099d46ca9,c677a0acf7c0,1318443.0,1318514.0,71.0,1,1,600.0,29.296875,0.25,MISC,6821b59e9b75f091b74e7a8b64b17fe53e9024c6b05890904dd099d46ca9,71,6.0,0.25,1318443,1
e396d536d6b532dad47d2ab3,6a56d4fd5f3e255553319dd969f44312a86e18e9618128238b880d8d289d,c677a0acf7c0,1318655.0,1319223.0,568.0,1,2,1000.0,78.125,0.5,MISC,6a56d4fd5f3e255553319dd969f44312a86e18e9618128238b880d8d289d,568,10.0,0.5,1318655,2
53941ee068858b3576fd18c8,b52ea7f8b706492ffcead8c55ddc98042b313c5508dbcae3406b5e099aa9,c677a0acf7c0,1319256.0,1319287.0,31.0,1,1,600.0,29.296875,1.0,MISC,b52ea7f8b706492ffcead8c55ddc98042b313c5508dbcae3406b5e099aa9,31,6.0,1.0,1319256,1
6a9ccd87d1896d3a18b08f3f,23c6b18eadcd94a94fd2fbec997f77b2ed5d83de1516c1105b78872bd56f,c677a0acf7c0,1319738.0,1319779.0,41.0,1,1,600.0,29.296875,1.0,MISC,23c6b18eadcd94a94fd2fbec997f77b2ed5d83de1516c1105b78872bd56f,41,6.0,1.0,1319738,1
4522f800318716052fe95b1a,418af64a7ffccf97c1817bf973c1cb636be0367058edea5ad9f3724be649,c677a0acf7c0,1319814.0,1322440.0,2626.0,1,20,2000.0,585.9375,5.0,MISC,418af64a7ffccf97c1817bf973c1cb636be0367058edea5ad9f3724be649,2626,20.0,5.0,1319814,20
c3412d62e729f7924c658736,c968806bc4273b0e4dd94de579a84acadddcaab6bd9c1b786a6c9522fd06,c677a0acf7c0,1320368.0,1320803.0,435.0,1,1,600.0,29.296875,0.25,MISC,c968806bc4273b0e4dd94de579a84acadddcaab6bd9c1b786a6c9522fd06,435,6.0,0.25,1320368,1
5389bc1f6b5ecba81d9323b7,d611ecd4c597f0fccf4d81b0023543b2007f681fabd55bbeb7b8fb302785,c677a0acf7c0,1322477.0,1322497.0,20.0,1,1,600.0,29.296875,1.0,P100,d611ecd4c597f0fccf4d81b0023543b2007f681fabd55bbeb7b8fb302785,20,6.0,1.0,1322477,1
70991c6b8db5a7e5c5902927,c502aa56fbe1df5ee1e44ff733d958d2705abbcc8eb171571ecf06753310,c677a0acf7c0,1322681.0,1322739.0,58.0,1,1,600.0,29.296875,1.0,MISC,c502aa56fbe1df5ee1e44ff733d958d2705abbcc8eb171571ecf06753310,58,6.0,1.0,1322681,1
4095ceb8c712faa55130ff1a,ed3e852b70c9f4af05a48ff612936321b194ebf700833ec69c948a62cd1f,c677a0acf7c0,1324724.0,1330700.0,5976.0,1,6,6000.0,175.78125,0.9,MISC,ed3e852b70c9f4af05a48ff612936321b194ebf700833ec69c948a62cd1f,5976,60.0,0.9,1324724,6
c7d95f638fe0efaec36c695d,3b7aef9b6f60b09ded1979a9e0296ee6caa656cd3c67fc681ea54bc4b45b,c677a0acf7c0,1326010.0,1347317.0,21307.0,1,1,600.0,29.296875,0.25,MISC,3b7aef9b6f60b09ded1979a9e0296ee6caa656cd3c67fc681ea54bc4b45b,21307,6.0,0.25,1326010,1
b5d7b507e24cfe794e583ff6,c1ca8b31e8f491c9ad0f89ea70d7c3252fb2913b0f11b459cd272bab29e3,c677a0acf7c0,1326849.0,1335565.0,8716.0,1,1,600.0,29.296875,0.25,MISC,c1ca8b31e8f491c9ad0f89ea70d7c3252fb2913b0f11b459cd272bab29e3,8716,6.0,0.25,1326849,1
cbd7895dd1c2d2969ee94183,a222a7febd1bd39af1315fa65981f3f9e5da39d902b09d7c9a9922cb5621,c677a0acf7c0,1327181.0,1345390.0,18209.0,1,10,6000.0,292.96875,2.5,MISC,a222a7febd1bd39af1315fa65981f3f9e5da39d902b09d7c9a9922cb5621,18209,60.0,2.5,1327181,10
d1041104439bc4176d44abda,1d46f108dbb54ee0fd045aa1718cc1f4dc2760654106073f96d0deeff70f,c677a0acf7c0,1327221.0,1337582.0,10361.0,1,1,600.0,29.296875,0.25,MISC,1d46f108dbb54ee0fd045aa1718cc1f4dc2760654106073f96d0deeff70f,10361,6.0,0.25,1327221,1
c4480b7c317cd642ad5e2498,b66c98567fccee8a8fb0028ab1e77187a682414cc9712ab31223b24684f7,c677a0acf7c0,1327291.0,1336766.0,9475.0,1,20,12000.0,585.9375,20.0,P100,b66c98567fccee8a8fb0028ab1e77187a682414cc9712ab31223b24684f7,9475,120.0,20.0,1327291,20
6b2ce32086b9b5aa3a97ad0e,9d6000d59e7b5df5429cfa75239865e8498567b5d806c03ca7fe00c427d5,c677a0acf7c0,1328865.0,1329091.0,226.0,1,1,600.0,29.296875,1.0,MISC,9d6000d59e7b5df5429cfa75239865e8498567b5d806c03ca7fe00c427d5,226,6.0,1.0,1328865,1
4db651c16268a638090ea2e9,cd6f4eef957929a85448f7ca04fac0cdab60c90205c84902cab1db1355ac,c677a0acf7c0,1329809.0,1329832.0,23.0,1,1,600.0,29.296875,1.0,MISC,cd6f4eef957929a85448f7ca04fac0cdab60c90205c84902cab1db1355ac,23,6.0,1.0,1329809,1
0d84d944609efcd4a299101c,f2e8e25a391ce700fe90c2c32fbda4e1c03ae91161b746e05d621108b600,c677a0acf7c0,1329866.0,1330304.0,438.0,1,1,600.0,29.296875,0.25,MISC,f2e8e25a391ce700fe90c2c32fbda4e1c03ae91161b746e05d621108b600,438,6.0,0.25,1329866,1
db2228a6ce4c82a05b698b9a,b38ed49f7eb057bdebd375113a7b42cc314479d7b18a59981aabb965a6a1,c677a0acf7c0,1330451.0,1340526.0,10075.0,1,10,6000.0,292.96875,2.5,MISC,b38ed49f7eb057bdebd375113a7b42cc314479d7b18a59981aabb965a6a1,10075,60.0,2.5,1330451,10
766fb907e4c321d303190364,52d5018a8eccc32aa8c42f73ff130ce6d92677150bbec732e50d3be82b0d,c677a0acf7c0,1331131.0,1331166.0,35.0,1,1,600.0,29.296875,1.0,MISC,52d5018a8eccc32aa8c42f73ff130ce6d92677150bbec732e50d3be82b0d,35,6.0,1.0,1331131,1
996133118a3d12222ecf2aae,d05210777a6a25eef0719867ab3c6cbd63be06da3595d9b99402ca74168f,c677a0acf7c0,1331203.0,1331492.0,289.0,1,1,600.0,29.296875,0.25,MISC,d05210777a6a25eef0719867ab3c6cbd63be06da3595d9b99402ca74168f,289,6.0,0.25,1331203,1
ab71da42575eae65c9b61d37,5ee3a7c088b6c4f076b5c7171d64247668380b2a60949dbb775faceda407,c677a0acf7c0,1335409.0,1339612.0,4203.0,1,5,1000.0,146.484375,5.0,MISC,5ee3a7c088b6c4f076b5c7171d64247668380b2a60949dbb775faceda407,4203,10.0,5.0,1335409,5
99ef6e3bb1c1f2541a7c6e23,95efdaeec4be102c1150f5a15241c54675ffb6a3184fe1cea390066e1b63,c677a0acf7c0,1337186.0,1340869.0,3683.0,1,40,24000.0,1171.875,32.0,P100,95efdaeec4be102c1150f5a15241c54675ffb6a3184fe1cea390066e1b63,3683,240.0,32.0,1337186,40
0a78aaea46bba6d0fe5df60d,000ac4d92db1525859bf8d84f6baf429f0f5376d2995f6bcd0ed9f429d56,bc44a9a328f8,1339664.0,1344565.0,4901.0,1,1,600.0,29.296875,0.25,MISC,000ac4d92db1525859bf8d84f6baf429f0f5376d2995f6bcd0ed9f429d56,4901,6.0,0.25,1339664,1
b294225aa3c1a99e614eea29,6b2dd34b41c4b310e2414ff2daf82a0f4be1e3523bc020ed64145cb827bf,bc44a9a328f8,1342498.0,1361611.0,19113.0,1,1,600.0,29.296875,0.25,MISC,6b2dd34b41c4b310e2414ff2daf82a0f4be1e3523bc020ed64145cb827bf,19113,6.0,0.25,1342498,1
8a56612d57237fd7a5f6508a,47f55becac375b3742be700c92571842673a1f79dda05968f268162b2c62,c677a0acf7c0,1344985.0,1349633.0,4648.0,1,1,600.0,29.296875,0.25,MISC,47f55becac375b3742be700c92571842673a1f79dda05968f268162b2c62,4648,6.0,0.25,1344985,1
707cbf92cb1b59cffb1311d1,57c87d2f577d5f32e40edd1a51dda6688bbdd9e54cb1aa1d4cda7de98456,c677a0acf7c0,1345540.0,1346855.0,1315.0,1,1,1800.0,58.59375,1.0,MISC,57c87d2f577d5f32e40edd1a51dda6688bbdd9e54cb1aa1d4cda7de98456,1315,18.0,1.0,1345540,1
09ed3323f0e23cce33be7d57,d0db6da3cc9b62520db8dbfd5905dddae0b13bd1e459da193d190ce819be,c677a0acf7c0,1345560.0,1384329.0,38769.0,1,4,7200.0,234.375,4.0,MISC,d0db6da3cc9b62520db8dbfd5905dddae0b13bd1e459da193d190ce819be,38769,72.0,4.0,1345560,4
781041e87e150ade265421af,8afc79bafbcf1c653df8eace7822dae02a43a5ef766465c0fb887f45b4b9,c677a0acf7c0,1347320.0,1348160.0,840.0,1,2,400.0,58.59375,2.0,MISC,8afc79bafbcf1c653df8eace7822dae02a43a5ef766465c0fb887f45b4b9,840,4.0,2.0,1347320,2
a6b5f2d434555d995aa5f2ce,4b3a7f3918add8fa79a77b2b30bfc0bae154def700b5ea787d7da76a3a81,c677a0acf7c0,1347354.0,1352667.0,5313.0,1,2,2000.0,58.59375,2.0,MISC,4b3a7f3918add8fa79a77b2b30bfc0bae154def700b5ea787d7da76a3a81,5313,20.0,2.0,1347354,2
1bfd33a31d7ac4e8fb97b590,1c7b6b102e8b1856e917f6b5c20364098e3518b8efdf67b847f06eb9a533,c677a0acf7c0,1347359.0,1353432.0,6073.0,1,2,2000.0,58.59375,2.0,MISC,1c7b6b102e8b1856e917f6b5c20364098e3518b8efdf67b847f06eb9a533,6073,20.0,2.0,1347359,2
7ee5ba5ce54374d66bdb52a6,7ff4689ea8484199287984f1080ec5e9876ba4ec05530feebddb32bdff5c,c677a0acf7c0,1347364.0,1349440.0,2076.0,1,2,2000.0,58.59375,2.0,MISC,7ff4689ea8484199287984f1080ec5e9876ba4ec05530feebddb32bdff5c,2076,20.0,2.0,1347364,2
b7f3ba0b90b4790d8f41ae8f,47621e034c1969507f3f8ce521c5c854edb73f91a8e0bf086948558c0e2b,c677a0acf7c0,1347364.0,1350673.0,3309.0,1,2,2000.0,58.59375,2.0,MISC,47621e034c1969507f3f8ce521c5c854edb73f91a8e0bf086948558c0e2b,3309,20.0,2.0,1347364,2
8cad0e12eddb27db366c4220,167d6ed2c8be8ef0ee1097a908e89f10e09d5dd64d218bca0fbbf13c4ca7,c677a0acf7c0,1347365.0,1349995.0,2630.0,1,2,2000.0,58.59375,2.0,MISC,167d6ed2c8be8ef0ee1097a908e89f10e09d5dd64d218bca0fbbf13c4ca7,2630,20.0,2.0,1347365,2
4ea1f6eef3a24c920ed2ec22,ed50f598a08fe3497a8a150697a2e8e0c379f5751cc5d776af90cf97c1f9,c677a0acf7c0,1347364.0,1349579.0,2215.0,1,2,2000.0,58.59375,2.0,MISC,ed50f598a08fe3497a8a150697a2e8e0c379f5751cc5d776af90cf97c1f9,2215,20.0,2.0,1347364,2
e3762120fa5cc016b4c39054,7153f944e845c1db20abef23552950eaa96459009fcc819c00b288404d1b,c677a0acf7c0,1348312.0,1348686.0,374.0,1,2,3200.0,58.59375,2.0,MISC,7153f944e845c1db20abef23552950eaa96459009fcc819c00b288404d1b,374,32.0,2.0,1348312,2
85da3c13db823909c5941ae1,9b97563c8c35a8731a3c673cfb3f51a93bc18ff88ecd68444585b8f3ff29,c677a0acf7c0,1348314.0,1348798.0,484.0,1,2,3200.0,58.59375,2.0,MISC,9b97563c8c35a8731a3c673cfb3f51a93bc18ff88ecd68444585b8f3ff29,484,32.0,2.0,1348314,2
1514194d9f717dcaae2857b4,2538871651defcf447e98cae1bc9013e98be782039fdfa911eb195ece206,c677a0acf7c0,1348880.0,1354006.0,5126.0,1,40,24000.0,1171.875,32.0,MISC,2538871651defcf447e98cae1bc9013e98be782039fdfa911eb195ece206,5126,240.0,32.0,1348880,40
2ee3d17d4cd2be608e2cda5f,2f90ce1e37d7d8e116fb5b86d3f9495716e8a9120d9d4a371f2facefc299,c677a0acf7c0,1350142.0,1350369.0,227.0,1,5,6000.0,146.484375,1.25,MISC,2f90ce1e37d7d8e116fb5b86d3f9495716e8a9120d9d4a371f2facefc299,227,60.0,1.25,1350142,5
7eeae903c8ecca973ca02834,35fe5a2cb1b7c07149fd770dc09179b002c764dc220ddcd9af5bed7604fb,c677a0acf7c0,1350313.0,1362408.0,12095.0,1,1,600.0,29.296875,0.25,MISC,35fe5a2cb1b7c07149fd770dc09179b002c764dc220ddcd9af5bed7604fb,12095,6.0,0.25,1350313,1
45803dc3bf83d22359ccad84,369178f7d4e840a3c4f6226862a5dea3e14fe925e8840ca13774b3fd90b9,c677a0acf7c0,1355874.0,1356364.0,490.0,1,1,600.0,29.296875,0.25,MISC,369178f7d4e840a3c4f6226862a5dea3e14fe925e8840ca13774b3fd90b9,490,6.0,0.25,1355874,1
abd69cd2707decbfe773b80f,e497c66df67119f97546d52d5f808d7416819a06fd8b75a4deeccfa15c94,c677a0acf7c0,1355875.0,1369537.0,13662.0,1,1,600.0,29.296875,0.25,MISC,e497c66df67119f97546d52d5f808d7416819a06fd8b75a4deeccfa15c94,13662,6.0,0.25,1355875,1
1a79f951c1262e5631249b2f,e283f936faa6acb89b352eee72745d41051d1651d4daba8f563ed7e91665,c677a0acf7c0,1355884.0,1356675.0,791.0,1,1,600.0,29.296875,0.25,MISC,e283f936faa6acb89b352eee72745d41051d1651d4daba8f563ed7e91665,791,6.0,0.25,1355884,1
024eb420d62ef2dc66c5706e,f7d1cd96b920e2a4c166a5dd5dfd2a7bc6cf4d276fba1a608672844faadd,c677a0acf7c0,1355884.0,1359040.0,3156.0,1,1,600.0,29.296875,0.25,MISC,f7d1cd96b920e2a4c166a5dd5dfd2a7bc6cf4d276fba1a608672844faadd,3156,6.0,0.25,1355884,1
0aab57a44429f3b60c9ec04f,390d4e4b424db8e70f4d7bd249dfd4714aa5c6f8f557e3473f268bdc18ba,c677a0acf7c0,1359386.0,1360018.0,632.0,1,1,600.0,29.296875,0.25,MISC,390d4e4b424db8e70f4d7bd249dfd4714aa5c6f8f557e3473f268bdc18ba,632,6.0,0.25,1359386,1
eed956c0969a7e30b60acecc,434fd16a735f3c37be88542627baf5e266a530b1b2e6fecadbe5558caaf8,c677a0acf7c0,1359407.0,1361543.0,2136.0,1,1,600.0,29.296875,0.25,MISC,434fd16a735f3c37be88542627baf5e266a530b1b2e6fecadbe5558caaf8,2136,6.0,0.25,1359407,1
7e6a36c1e75f405edafeee2a,5dbb6adad602f92387e33b662d311f1fc39f225824c69918d4a2f468bdb6,c677a0acf7c0,1361956.0,1366283.0,4327.0,1,8,4800.0,234.375,2.0,MISC,5dbb6adad602f92387e33b662d311f1fc39f225824c69918d4a2f468bdb6,4327,48.0,2.0,1361956,8
263e8de2599e3493a0d68623,5a3a61413441472fc6345d78cefe7148e18b3479d2bf624a71b4f0614f40,c677a0acf7c0,1362023.0,1362479.0,456.0,1,8,4800.0,234.375,2.0,MISC,5a3a61413441472fc6345d78cefe7148e18b3479d2bf624a71b4f0614f40,456,48.0,2.0,1362023,8
160c49c1ff273dcf5a11d8b1,a502c2d677328a4ebf317ec946224a2d2e331228406ebefe1505b103ac63,c677a0acf7c0,1362045.0,1376180.0,14135.0,1,16,9600.0,468.75,4.0,MISC,a502c2d677328a4ebf317ec946224a2d2e331228406ebefe1505b103ac63,14135,96.0,4.0,1362045,16
1e69dc217a4d48b93ed4d0b7,91f65dba27732881a1c6aa7ecfd6db9a9eef7c9acc0ae501d90effdbea1f,c677a0acf7c0,1362499.0,1370409.0,7910.0,1,1,600.0,29.296875,0.25,MISC,91f65dba27732881a1c6aa7ecfd6db9a9eef7c9acc0ae501d90effdbea1f,7910,6.0,0.25,1362499,1
a0d17692eea6a026bec2ff19,87247e37ec003ff5644f3284bbcb13693b81af4d92a43effc4fe033b376c,c677a0acf7c0,1362752.0,1366087.0,3335.0,1,1,600.0,29.296875,0.25,MISC,87247e37ec003ff5644f3284bbcb13693b81af4d92a43effc4fe033b376c,3335,6.0,0.25,1362752,1
690e671758cdb651ea881f88,127f9948e278795981649fe5360e578d884edc17687d5a72362418e7fb9b,c677a0acf7c0,1363257.0,1435948.0,72691.0,1,20,4000.0,1562.5,5.0,MISC,127f9948e278795981649fe5360e578d884edc17687d5a72362418e7fb9b,72691,40.0,5.0,1363257,20
9ffcfe9227812d8aa1765518,f7f49724d04ad8ac76c8c62bc7155bf3c57b8560baf44b1bfa06fe7dd442,c677a0acf7c0,1363257.0,1436042.0,72785.0,1,20,4000.0,390.625,5.0,MISC,f7f49724d04ad8ac76c8c62bc7155bf3c57b8560baf44b1bfa06fe7dd442,72785,40.0,5.0,1363257,20
4f8cc9106e814bde75b59d71,c60247e3064d2e4ddca7074492222514dcb9f7756448d31eea7ad1bd4974,c677a0acf7c0,1363859.0,1368491.0,4632.0,1,20,4000.0,390.625,5.0,MISC,c60247e3064d2e4ddca7074492222514dcb9f7756448d31eea7ad1bd4974,4632,40.0,5.0,1363859,20
2cef8a23f5a99e5add5e4b47,64948577c6629c1af9e62d8621879dda74582a6d6e269d47960cdb145675,c677a0acf7c0,1363924.0,1392142.0,28218.0,1,1,600.0,29.296875,0.25,MISC,64948577c6629c1af9e62d8621879dda74582a6d6e269d47960cdb145675,28218,6.0,0.25,1363924,1
ab3515c601223420ad45c96b,77501585c91f4dfe77072b85c6e1912f5e50fb16b4ce3f3348bc1cae5903,c677a0acf7c0,1364194.0,1378455.0,14261.0,1,1,600.0,29.296875,0.25,MISC,77501585c91f4dfe77072b85c6e1912f5e50fb16b4ce3f3348bc1cae5903,14261,6.0,0.25,1364194,1
ab34d07e91ff255856c047b8,b7911707933dc54e2ba22381ea6a4eef88b63d85f79340ad972228171a76,c677a0acf7c0,1364485.0,1375735.0,11250.0,1,1,600.0,29.296875,0.25,MISC,b7911707933dc54e2ba22381ea6a4eef88b63d85f79340ad972228171a76,11250,6.0,0.25,1364485,1
effb36bce3ba78ba48863a0e,e805379f830d142dae89474196478bf1459e33f974d0b4d98da66e86aea1,c677a0acf7c0,1364542.0,1391762.0,27220.0,1,1,600.0,29.296875,0.25,MISC,e805379f830d142dae89474196478bf1459e33f974d0b4d98da66e86aea1,27220,6.0,0.25,1364542,1
bc7b3cef845c590cf0967b45,dea1453b9dde91ea6adb68f81d46f7f6be50165830b428230071a7fc055a,c677a0acf7c0,1364794.0,1366690.0,1896.0,1,20,10000.0,781.25,5.0,MISC,dea1453b9dde91ea6adb68f81d46f7f6be50165830b428230071a7fc055a,1896,100.0,5.0,1364794,20
846edee4443e757bb3cf6c09,43770a1602adbecbb80275f6a3f41fedeb147ec1b9a147f0bc504ed2081c,c677a0acf7c0,1365316.0,1370471.0,5155.0,1,1,600.0,29.296875,0.25,MISC,43770a1602adbecbb80275f6a3f41fedeb147ec1b9a147f0bc504ed2081c,5155,6.0,0.25,1365316,1
589b7464e44be41fd9fceb7e,613b451c357b18a902ed4bf752d11b5927e12f09e7943cd4b0cadd0a80d6,c677a0acf7c0,1365593.0,1375109.0,9516.0,1,40,8000.0,1953.125,10.0,MISC,613b451c357b18a902ed4bf752d11b5927e12f09e7943cd4b0cadd0a80d6,9516,80.0,10.0,1365593,40
19820303216a6dc87dce28a6,5a3989d73829a49ca66b812d631e743f5542eab9abd41825e6ebe17a91d2,c677a0acf7c0,1365718.0,1380652.0,14934.0,1,30,15000.0,1171.875,7.5,MISC,5a3989d73829a49ca66b812d631e743f5542eab9abd41825e6ebe17a91d2,14934,150.0,7.5,1365718,30
6559332b9b7b403a8e0c0c5f,2482396a45a9c2d74c27e26eecb590f17b9ed4ac08f80a345a7671d8721b,c677a0acf7c0,1366142.0,1371767.0,5625.0,1,10,12000.0,292.96875,2.5,MISC,2482396a45a9c2d74c27e26eecb590f17b9ed4ac08f80a345a7671d8721b,5625,120.0,2.5,1366142,10
70a0c8a1697a2a185c93d8d3,e24720b0adb3f7f745cdc0c1d2eb8724c693566d67a246609823e7fa75b1,c677a0acf7c0,1366253.0,1372508.0,6255.0,1,20,24000.0,585.9375,5.0,MISC,e24720b0adb3f7f745cdc0c1d2eb8724c693566d67a246609823e7fa75b1,6255,240.0,5.0,1366253,20
cdce25f53b838f8c6a1fd4a2,e3f2b0204782b782542614aad457f82ef9ba50b1c37f457a4198ee953e48,c677a0acf7c0,1366722.0,1366797.0,75.0,1,1,600.0,29.296875,1.0,MISC,e3f2b0204782b782542614aad457f82ef9ba50b1c37f457a4198ee953e48,75,6.0,1.0,1366722,1
d48d85f90359afc89167d37a,09182670b8362d79a1006ecb0abc3388443257fed0f872e21dde7d752a2f,c677a0acf7c0,1367266.0,1386304.0,19038.0,1,10,1000.0,292.96875,2.5,MISC,09182670b8362d79a1006ecb0abc3388443257fed0f872e21dde7d752a2f,19038,10.0,2.5,1367266,10
c4ccc2408a493a6a79b8097c,8c975c29d6151038360efe33fb8fac7b48f4ee57886e252bcfa8e38b1154,c677a0acf7c0,1367707.0,1367740.0,33.0,1,1,600.0,29.296875,1.0,MISC,8c975c29d6151038360efe33fb8fac7b48f4ee57886e252bcfa8e38b1154,33,6.0,1.0,1367707,1
09bfc5d274c5ef5258dac1b3,e3a78779abf8e5b2e9f2a48aee2a9213953fd139caf8845558dce4618505,c677a0acf7c0,1367781.0,1392976.0,25195.0,1,10,1000.0,292.96875,2.5,MISC,e3a78779abf8e5b2e9f2a48aee2a9213953fd139caf8845558dce4618505,25195,10.0,2.5,1367781,10
1f0c98a75ea19be6efef0879,d8053b0f70f19458b5b0a656241ee875465fa873dd80cbfa50df78997bb5,c677a0acf7c0,1368527.0,1368607.0,80.0,1,1,600.0,29.296875,1.0,MISC,d8053b0f70f19458b5b0a656241ee875465fa873dd80cbfa50df78997bb5,80,6.0,1.0,1368527,1
fea9386c10a79aac523bbf29,f31e4e22c5490328a9cdf0c64ade9ae63fd8c4d0ff264dcbf9a82b0fb091,c677a0acf7c0,1368646.0,1368675.0,29.0,1,1,600.0,29.296875,1.0,MISC,f31e4e22c5490328a9cdf0c64ade9ae63fd8c4d0ff264dcbf9a82b0fb091,29,6.0,1.0,1368646,1
9deedb025c8f48c5fbd466d4,175a7066ad2f048a148a14cfd4b4381a17f667a4108c07ab1bd380f5d418,c677a0acf7c0,1369184.0,1374966.0,5782.0,1,1,600.0,29.296875,0.25,MISC,175a7066ad2f048a148a14cfd4b4381a17f667a4108c07ab1bd380f5d418,5782,6.0,0.25,1369184,1
bdfba0091ab0311764cddbe1,0d8894c5d29955971bc4291441736a1e043415962a791f208e8dde4b9f1d,c677a0acf7c0,1369841.0,1392471.0,22630.0,1,4,400.0,15.625,4.0,MISC,0d8894c5d29955971bc4291441736a1e043415962a791f208e8dde4b9f1d,22630,4.0,4.0,1369841,4
e45af9872391a0649358170a,ff9a220d257cf6c4a78b147e705a0bd649fd73b7f5e5f77021063c2e59af,c677a0acf7c0,1370526.0,1381020.0,10494.0,1,40,12000.0,1562.5,10.0,MISC,ff9a220d257cf6c4a78b147e705a0bd649fd73b7f5e5f77021063c2e59af,10494,120.0,10.0,1370526,40
f778a38b1c261bacb25cb584,24f10ecaeefdad78176c012a00ac2bba568e988a034fee4ddc92556ea507,c677a0acf7c0,1371420.0,1376099.0,4679.0,1,20,10000.0,781.25,5.0,MISC,24f10ecaeefdad78176c012a00ac2bba568e988a034fee4ddc92556ea507,4679,100.0,5.0,1371420,20
47bbf4fe31eb2ca55ac84bc9,bbc1f973ef3a513fc069312bc28c93ee0ed7fddff454cc3dcf8a891075ac,c677a0acf7c0,1371800.0,1371888.0,88.0,1,1,600.0,29.296875,1.0,MISC,bbc1f973ef3a513fc069312bc28c93ee0ed7fddff454cc3dcf8a891075ac,88,6.0,1.0,1371800,1
5ca58b13bc5ac614f8b2fcf9,3e73edf9c62479ebdd0d3ef1e8b21b4ea39037760657bd2df47d52ea5e3c,c677a0acf7c0,1371918.0,1371949.0,31.0,1,1,600.0,29.296875,1.0,MISC,3e73edf9c62479ebdd0d3ef1e8b21b4ea39037760657bd2df47d52ea5e3c,31,6.0,1.0,1371918,1
c51650dcca574e29eacba4ce,643fc31a8d91ea08b5a259aef7f0f7439151da463583a997de002848591b,c677a0acf7c0,1372539.0,1372611.0,72.0,1,1,600.0,29.296875,1.0,MISC,643fc31a8d91ea08b5a259aef7f0f7439151da463583a997de002848591b,72,6.0,1.0,1372539,1
c513ee146cfb18f9628f3dd8,e3038fb9e23ea4450e641b4072cbb4e64ff8584f7619ba982e98f7497df1,c677a0acf7c0,1372645.0,1372702.0,57.0,1,1,600.0,29.296875,1.0,MISC,e3038fb9e23ea4450e641b4072cbb4e64ff8584f7619ba982e98f7497df1,57,6.0,1.0,1372645,1
13401007c88038a325039b84,83018cf46ce835f99c397c0eaa48076e17e129294ffe60ac1161b38e28f5,c677a0acf7c0,1375566.0,1392810.0,17244.0,1,30,9000.0,878.90625,7.5,MISC,83018cf46ce835f99c397c0eaa48076e17e129294ffe60ac1161b38e28f5,17244,90.0,7.5,1375566,30
588ca9640504420d9e9ddf1d,cbec9a964e02ff7593573aed15c5938946b88bca0dfba0321559449817dc,c677a0acf7c0,1376130.0,1376243.0,113.0,1,1,600.0,29.296875,1.0,MISC,cbec9a964e02ff7593573aed15c5938946b88bca0dfba0321559449817dc,113,6.0,1.0,1376130,1
d32f455d57ee313449e717a7,afa402aea8502d89edb58a4b6c6f07f44122deb00b592a26bc9e787b762f,c677a0acf7c0,1377735.0,1384509.0,6774.0,1,1,600.0,29.296875,0.25,MISC,afa402aea8502d89edb58a4b6c6f07f44122deb00b592a26bc9e787b762f,6774,6.0,0.25,1377735,1
70ddbfb8d8b00151f5bf64df,885d1eaa45dcc0d2aba9550590b3266debde0b9f09faee92b7db8ee68643,c677a0acf7c0,1378241.0,1391749.0,13508.0,1,40,8000.0,1953.125,10.0,MISC,885d1eaa45dcc0d2aba9550590b3266debde0b9f09faee92b7db8ee68643,13508,80.0,10.0,1378241,40
deab79e1dbbfc844282fe395,9b6a876b06af1871dc00d058259e7701c00bc4bc46cc47d287063c7bd292,c677a0acf7c0,1378562.0,1385032.0,6470.0,1,1,600.0,29.296875,0.25,MISC,9b6a876b06af1871dc00d058259e7701c00bc4bc46cc47d287063c7bd292,6470,6.0,0.25,1378562,1
9e6de0f7ef7306344c928a83,f1a884684c6d88368dfe43b102fe3cb9ee852ad598e03b0d3f2f9783da04,c677a0acf7c0,1378687.0,1380784.0,2097.0,1,1,600.0,29.296875,0.25,MISC,f1a884684c6d88368dfe43b102fe3cb9ee852ad598e03b0d3f2f9783da04,2097,6.0,0.25,1378687,1
6be67c3de57727a88af3a5f0,8735fef0788f6b9801e15cb9b18db2f5dd5871ef5e32672bf387234ca9e5,c677a0acf7c0,1380683.0,1380774.0,91.0,1,1,600.0,29.296875,1.0,MISC,8735fef0788f6b9801e15cb9b18db2f5dd5871ef5e32672bf387234ca9e5,91,6.0,1.0,1380683,1
15000fbd2e3b277626381d38,4d013f9daaa7aaf5fa9aaed509f5070367ae2df29febd2b9a07b0853bd8f,c677a0acf7c0,1381054.0,1381157.0,103.0,1,1,600.0,29.296875,1.0,MISC,4d013f9daaa7aaf5fa9aaed509f5070367ae2df29febd2b9a07b0853bd8f,103,6.0,1.0,1381054,1
a9a10bffcf03147187ec47d7,d0e3deece9abb21e9e9a3a7b7c41d74ec62fad6de2978cd3f99cefbf5e2c,c677a0acf7c0,1390028.0,1396155.0,6127.0,1,28,16800.0,820.3125,7.0,MISC,d0e3deece9abb21e9e9a3a7b7c41d74ec62fad6de2978cd3f99cefbf5e2c,6127,168.0,7.0,1390028,28
0e4aa3324e077544062151da,9adf7741d7617232fa76f393dabce827377a1c461f5d414bebd9628fa586,c677a0acf7c0,1391779.0,1392299.0,520.0,1,1,600.0,29.296875,0.25,MISC,9adf7741d7617232fa76f393dabce827377a1c461f5d414bebd9628fa586,520,6.0,0.25,1391779,1
f3d3e32e61198b86612b956f,f6c18e3d6c64192b2667af939ce8341b692abfe57190a9cb322762a002d0,c677a0acf7c0,1392447.0,1392527.0,80.0,1,1,600.0,29.296875,0.25,MISC,f6c18e3d6c64192b2667af939ce8341b692abfe57190a9cb322762a002d0,80,6.0,0.25,1392447,1
9bc6f516b4faaa7c01fa8bfa,caf845a1d6f8e5de3065ced44d7c1dee9c1e7b0b4ad37a87afef9f28ba06,c677a0acf7c0,1392673.0,1393277.0,604.0,1,2,1000.0,78.125,0.5,MISC,caf845a1d6f8e5de3065ced44d7c1dee9c1e7b0b4ad37a87afef9f28ba06,604,10.0,0.5,1392673,2
c588e01c38cb1a9f6a516790,a260689345531c087cfb3f2a83385315eb40814402f9a47c43f21ef8b60d,c677a0acf7c0,1392841.0,1392867.0,26.0,1,1,600.0,29.296875,1.0,MISC,a260689345531c087cfb3f2a83385315eb40814402f9a47c43f21ef8b60d,26,6.0,1.0,1392841,1
b23310191cb70ca3eb46b3ac,a9dec5377fb29680465acaf66c1bed83bb6ad78cf3aa4081d9f1f34b47bd,c677a0acf7c0,1392899.0,1393180.0,281.0,1,1,600.0,29.296875,0.25,MISC,a9dec5377fb29680465acaf66c1bed83bb6ad78cf3aa4081d9f1f34b47bd,281,6.0,0.25,1392899,1
cc6002123d901a7141072e47,551ef6a85484fc1e1bc20d87d874ce5e02e42b4f7e77622158f5dcd95798,c677a0acf7c0,1392962.0,1398849.0,5887.0,1,6,6000.0,175.78125,0.9,MISC,551ef6a85484fc1e1bc20d87d874ce5e02e42b4f7e77622158f5dcd95798,5887,60.0,0.9,1392962,6
1d92fc35ab8f7f2553fa5935,0002ae7a2670989018a384fda36ed203810afea1cee0c25093c7cfad2da7,c677a0acf7c0,1393013.0,1393039.0,26.0,1,1,600.0,29.296875,1.0,MISC,0002ae7a2670989018a384fda36ed203810afea1cee0c25093c7cfad2da7,26,6.0,1.0,1393013,1
5f004d9cb8c8bb70e94a3485,54b1d98ca24c4a97604c3dba0ab6db25912f3aee3b3699437c9e7bac58cf,c677a0acf7c0,1393077.0,1393120.0,43.0,1,1,600.0,29.296875,1.0,MISC,54b1d98ca24c4a97604c3dba0ab6db25912f3aee3b3699437c9e7bac58cf,43,6.0,1.0,1393077,1
d390195c1af547487fa0f5d6,98de89799dfb5b650009bf2d614f6d6efd048891950f2cf8393cd7bc0b55,c677a0acf7c0,1393310.0,1393349.0,39.0,1,1,600.0,29.296875,1.0,MISC,98de89799dfb5b650009bf2d614f6d6efd048891950f2cf8393cd7bc0b55,39,6.0,1.0,1393310,1
af9930333304895e3dc11a76,c704caa1ff5d0b70f6656dc3a7dac5d51200920f9ca7c4b444ad32997ee9,c677a0acf7c0,1393827.0,1418465.0,24638.0,1,1,600.0,29.296875,0.25,MISC,c704caa1ff5d0b70f6656dc3a7dac5d51200920f9ca7c4b444ad32997ee9,24638,6.0,0.25,1393827,1
d841f0ed4d7b097606c7a601,c11feead2f47aa743ae3cfa065d0c4250dde9789a0936a2cbb3c6d6203f5,c677a0acf7c0,1393897.0,1393943.0,46.0,1,1,600.0,29.296875,1.0,MISC,c11feead2f47aa743ae3cfa065d0c4250dde9789a0936a2cbb3c6d6203f5,46,6.0,1.0,1393897,1
b2e57abbd9b21dce94da5b8a,c086c05c7d105297ad315d5d874d5272bdd8e8f8165a5e946499e1d18b98,c677a0acf7c0,1393981.0,1396521.0,2540.0,1,20,2000.0,585.9375,5.0,MISC,c086c05c7d105297ad315d5d874d5272bdd8e8f8165a5e946499e1d18b98,2540,20.0,5.0,1393981,20
cd7eaa6fb521659acb3e74ab,5831fdf36673c3a0d80b731276d9866b8fe98d763b7b6ea0a781b6ae6629,c677a0acf7c0,1396217.0,1413173.0,16956.0,1,10,6000.0,292.96875,2.5,MISC,5831fdf36673c3a0d80b731276d9866b8fe98d763b7b6ea0a781b6ae6629,16956,60.0,2.5,1396217,10
1463eed1fb90f21d4da1dfc7,e3142d35745c4029aa055372c6532c32025b50f01842b755e541751ccfe8,c677a0acf7c0,1396198.0,1396268.0,70.0,1,1,600.0,29.296875,1.0,MISC,e3142d35745c4029aa055372c6532c32025b50f01842b755e541751ccfe8,70,6.0,1.0,1396198,1
dd34e5719043aed1253f6ec5,8ad62ace69a89fad206537845197b934b60cc38f21ad2d30e799e430958b,c677a0acf7c0,1396558.0,1396590.0,32.0,1,1,600.0,29.296875,1.0,MISC,8ad62ace69a89fad206537845197b934b60cc38f21ad2d30e799e430958b,32,6.0,1.0,1396558,1
4149d54c06dafa49d79d8087,1d36efdf5823d6509b9bc919e9b117fa5555e71c0a47b48ce6319e1bfd9d,c677a0acf7c0,1396629.0,1396802.0,173.0,1,1,600.0,29.296875,1.0,MISC,1d36efdf5823d6509b9bc919e9b117fa5555e71c0a47b48ce6319e1bfd9d,173,6.0,1.0,1396629,1
8b8e8ebb209f354a2bb5bbc4,38a864b84664050ea337b33b1d9c308c21dc24c062b3d5f28d06120aeb90,c677a0acf7c0,1398667.0,1414552.0,15885.0,1,1,600.0,29.296875,0.25,MISC,38a864b84664050ea337b33b1d9c308c21dc24c062b3d5f28d06120aeb90,15885,6.0,0.25,1398667,1
c8d4286dbebc713e739e1772,a2295e4a2202be203937cd852226100a020cb9651a93f40dd3361ed71553,c677a0acf7c0,1416788.0,1435473.0,18685.0,1,10,6000.0,292.96875,2.5,MISC,a2295e4a2202be203937cd852226100a020cb9651a93f40dd3361ed71553,18685,60.0,2.5,1416788,10
41102d6f15528862173d83c6,9e74ea9c6e0eb23107f0eab76f475b52f521297de2d2e339f75274e0ce27,c677a0acf7c0,1421371.0,1425144.0,3773.0,1,5,1000.0,146.484375,5.0,MISC,9e74ea9c6e0eb23107f0eab76f475b52f521297de2d2e339f75274e0ce27,3773,10.0,5.0,1421371,5
32f26ac9b69d4d7d399ed5cf,bf0524d25a58d24d31b470356cda8017bbccc5e0834f709a9c43d15d088c,bc44a9a328f8,1426059.0,1430644.0,4585.0,1,1,600.0,29.296875,0.25,MISC,bf0524d25a58d24d31b470356cda8017bbccc5e0834f709a9c43d15d088c,4585,6.0,0.25,1426059,1
e4eb2925250929e2aaf61a00,6580842f8489015270d25574d3baf08bfb4d1713f82f5de60705769635f0,bc44a9a328f8,1426979.0,1445896.0,18917.0,1,1,600.0,29.296875,0.25,MISC,6580842f8489015270d25574d3baf08bfb4d1713f82f5de60705769635f0,18917,6.0,0.25,1426979,1
a43ac9972ff792eb609f7e19,f6bcc7568c8d736b94c1bff41bcd6896d78a6ec8b2678a7f9bac5f203756,c677a0acf7c0,1429196.0,1431078.0,1882.0,1,1,1800.0,58.59375,1.0,MISC,f6bcc7568c8d736b94c1bff41bcd6896d78a6ec8b2678a7f9bac5f203756,1882,18.0,1.0,1429196,1
8429599a9b7ff96780126fa2,f64e0a88bd7ee016340456368e43f3c6e3fb56aff526d2cca10c71fb6b0d,c677a0acf7c0,1429221.0,1468907.0,39686.0,1,4,7200.0,234.375,4.0,MISC,f64e0a88bd7ee016340456368e43f3c6e3fb56aff526d2cca10c71fb6b0d,39686,72.0,4.0,1429221,4
7799d3b91193f869c019490c,f9b783197673693e0ae84bb4eedaf32b56d9bdde366e98e85bada8421637,c677a0acf7c0,1430620.0,1435886.0,5266.0,1,1,600.0,29.296875,0.25,MISC,f9b783197673693e0ae84bb4eedaf32b56d9bdde366e98e85bada8421637,5266,6.0,0.25,1430620,1
67e94baf874cc36f425f7e39,fd325b2385757684a244fcd6240b004da6ab28c0c59d749c254befaa40c8,c677a0acf7c0,1431003.0,1435291.0,4288.0,1,40,24000.0,1171.875,32.0,MISC,fd325b2385757684a244fcd6240b004da6ab28c0c59d749c254befaa40c8,4288,240.0,32.0,1431003,40
6b65054053c943f1f9783185,da125413cc91ae7fc5c37439525b0ec9462f5eda588a7ae91c4bf211fc59,c677a0acf7c0,1431764.0,1432589.0,825.0,1,2,400.0,58.59375,2.0,MISC,da125413cc91ae7fc5c37439525b0ec9462f5eda588a7ae91c4bf211fc59,825,4.0,2.0,1431764,2
043dada0ad20604c5a9abf2f,7e79a62e63602bf00ced2816c1f8b9f944a2963be1b90238d7fb8de80f11,c677a0acf7c0,1431777.0,1432851.0,1074.0,1,2,2000.0,58.59375,2.0,MISC,7e79a62e63602bf00ced2816c1f8b9f944a2963be1b90238d7fb8de80f11,1074,20.0,2.0,1431777,2
74a8b4564e0f11db95c540a0,4af14beca8e8f7d123b88ec93b60e5bf643fb13b3f1ff9e086b7029a8791,c677a0acf7c0,1431779.0,1433695.0,1916.0,1,2,2000.0,58.59375,2.0,MISC,4af14beca8e8f7d123b88ec93b60e5bf643fb13b3f1ff9e086b7029a8791,1916,20.0,2.0,1431779,2
1f4499461bb38095138f9ac7,c535224542e21693314e184655a9cb2ae27e903a882f5553ee928a9aed79,c677a0acf7c0,1431780.0,1433775.0,1995.0,1,2,2000.0,58.59375,2.0,MISC,c535224542e21693314e184655a9cb2ae27e903a882f5553ee928a9aed79,1995,20.0,2.0,1431780,2
9d9f8397a0fba8d50c755810,bf57ed26c43bf43e67cff66fe5442cd1fd6f520923ed3be1d4db13b43a42,c677a0acf7c0,1431778.0,1433507.0,1729.0,1,2,2000.0,58.59375,2.0,MISC,bf57ed26c43bf43e67cff66fe5442cd1fd6f520923ed3be1d4db13b43a42,1729,20.0,2.0,1431778,2
200305b9dbb248ad79e2f3df,1f5ac1eecfe8f9874d7d449d9bf2421e34a2067b5899502f123998c9a55a,c677a0acf7c0,1431783.0,1433210.0,1427.0,1,2,2000.0,58.59375,2.0,MISC,1f5ac1eecfe8f9874d7d449d9bf2421e34a2067b5899502f123998c9a55a,1427,20.0,2.0,1431783,2
6d330f581c830a06aed863b9,335e0880473750ba6367af7f8d0a330186bdd92462c63f0caea2a537cf34,c677a0acf7c0,1431802.0,1433219.0,1417.0,1,2,2000.0,58.59375,2.0,MISC,335e0880473750ba6367af7f8d0a330186bdd92462c63f0caea2a537cf34,1417,20.0,2.0,1431802,2
0f41cb17f5165c29efd81c56,3b09678cfb70193af66262cc2cba00afb3aec5da5478509a2ecb168f72f3,c677a0acf7c0,1432756.0,1433155.0,399.0,1,2,3200.0,58.59375,2.0,MISC,3b09678cfb70193af66262cc2cba00afb3aec5da5478509a2ecb168f72f3,399,32.0,2.0,1432756,2
c57b818e559d930e3c964cc0,01e5b5937b5eb48b71bb6cefdc98b0ca8269a474fbf4da230f1cebe62d5e,c677a0acf7c0,1432774.0,1433203.0,429.0,1,2,3200.0,58.59375,2.0,MISC,01e5b5937b5eb48b71bb6cefdc98b0ca8269a474fbf4da230f1cebe62d5e,429,32.0,2.0,1432774,2
29ba8f1ac17c084d33d22af7,cc8df413130b01ed6a561e7e0ff1929cabb0e27c65a4a1c5ea255cce48f2,c677a0acf7c0,1435981.0,1436009.0,28.0,1,1,600.0,29.296875,1.0,MISC,cc8df413130b01ed6a561e7e0ff1929cabb0e27c65a4a1c5ea255cce48f2,28,6.0,1.0,1435981,1
da849014b67a811f3eb60fa8,2cd711bdfce7d82ea973b3ba3d0f57c4a9157ee329153d49ecd7164f053c,c677a0acf7c0,1436040.0,1436068.0,28.0,1,1,600.0,29.296875,1.0,MISC,2cd711bdfce7d82ea973b3ba3d0f57c4a9157ee329153d49ecd7164f053c,28,6.0,1.0,1436040,1
d44a8845a735e2f4eded5542,283d0e40e1f2aef5a339909d0d9c8540326e45be74404b6699f73e196f78,c677a0acf7c0,1436319.0,1436516.0,197.0,1,5,6000.0,146.484375,1.25,MISC,283d0e40e1f2aef5a339909d0d9c8540326e45be74404b6699f73e196f78,197,60.0,1.25,1436319,5
b8456f97379ed261937892ce,1d26d44671b619fd6352ec9d4b286384bda03c1fc0d5119511e62929fa56,c677a0acf7c0,1440239.0,1443828.0,3589.0,1,1,600.0,29.296875,0.25,MISC,1d26d44671b619fd6352ec9d4b286384bda03c1fc0d5119511e62929fa56,3589,6.0,0.25,1440239,1
a308dbc6687b51434e72030d,8804829da6d5981904df5f08572856107c0178a032dcef38349659869ca0,c677a0acf7c0,1440239.0,1441119.0,880.0,1,1,600.0,29.296875,0.25,MISC,8804829da6d5981904df5f08572856107c0178a032dcef38349659869ca0,880,6.0,0.25,1440239,1
8e5f1402cf1b7c4b065ca8d5,8cb1b41522e20ecbd80bc39c38c59d27ca7043ca93a26958a0a18c0302ae,c677a0acf7c0,1440243.0,1446410.0,6167.0,1,1,600.0,29.296875,0.25,MISC,8cb1b41522e20ecbd80bc39c38c59d27ca7043ca93a26958a0a18c0302ae,6167,6.0,0.25,1440243,1
45efbdd819755210cab16780,9c8c866ee1d0f02cbe3dd39852eab74119b752f5ae93df76e9e472e68274,c677a0acf7c0,1440243.0,1440499.0,256.0,1,1,600.0,29.296875,0.25,MISC,9c8c866ee1d0f02cbe3dd39852eab74119b752f5ae93df76e9e472e68274,256,6.0,0.25,1440243,1
082cac6ce48493db5b059ca7,f3e751b1298ba182b98d4d68072de2535736037223c01cd476586f37f149,c677a0acf7c0,1444267.0,1450494.0,6227.0,1,10,12000.0,292.96875,2.5,MISC,f3e751b1298ba182b98d4d68072de2535736037223c01cd476586f37f149,6227,120.0,2.5,1444267,10
37567867a0fcd81144cdc4b1,d5305a942c485ceddb61bb44b735b56d69b4f4da0d8f86adde5426faf094,c677a0acf7c0,1444391.0,1450026.0,5635.0,1,20,24000.0,585.9375,5.0,MISC,d5305a942c485ceddb61bb44b735b56d69b4f4da0d8f86adde5426faf094,5635,240.0,5.0,1444391,20
15fc3a265d1b6403075323db,cf511d16555e81bfde4cfcc4988c1f1eb8cd4743f3111d3835b7a5571e29,c677a0acf7c0,1445527.0,1446333.0,806.0,1,1,600.0,29.296875,0.25,MISC,cf511d16555e81bfde4cfcc4988c1f1eb8cd4743f3111d3835b7a5571e29,806,6.0,0.25,1445527,1
b6c3f94de71dfad6ce6d3be8,a2138c73bc3e7e3bca66e56ff939512c2772b0e2e96cbc4196f039765a72,c677a0acf7c0,1445540.0,1447481.0,1941.0,1,1,600.0,29.296875,0.25,MISC,a2138c73bc3e7e3bca66e56ff939512c2772b0e2e96cbc4196f039765a72,1941,6.0,0.25,1445540,1
8d67fe9a017406df9fc55c3b,4cfa63709f349db4731503bdc47e5a445d25c918c7e78dea14c3490ee32f,c677a0acf7c0,1446039.0,1467751.0,21712.0,1,1,600.0,29.296875,0.25,MISC,4cfa63709f349db4731503bdc47e5a445d25c918c7e78dea14c3490ee32f,21712,6.0,0.25,1446039,1
b5d74b98a76aa973d483efb8,4fc82f67f3419b1963e8e7c99b4505b23b0180e2ad5b5ec4ead442b2efa8,c677a0acf7c0,1446995.0,1454061.0,7066.0,1,8,4800.0,234.375,2.0,MISC,4fc82f67f3419b1963e8e7c99b4505b23b0180e2ad5b5ec4ead442b2efa8,7066,48.0,2.0,1446995,8
fbc20c2e7cab5418facc07b6,dcf8ddc322ddf32e88d665673281b180c4247b9a780f731e5063b53a48f7,c677a0acf7c0,1447336.0,1448090.0,754.0,1,8,4800.0,234.375,2.0,MISC,dcf8ddc322ddf32e88d665673281b180c4247b9a780f731e5063b53a48f7,754,48.0,2.0,1447336,8
232afa77ecc285caf2c5c878,0f7ce7deb48ed8d3bad4da5f130f2e89e375dc0a3c5a44f4f85f6cdbdcdd,c677a0acf7c0,1447562.0,1461158.0,13596.0,1,16,9600.0,468.75,4.0,MISC,0f7ce7deb48ed8d3bad4da5f130f2e89e375dc0a3c5a44f4f85f6cdbdcdd,13596,96.0,4.0,1447562,16
a4e11ffb6f5a4c4f0ae1d228,bd58a496aa3fd28614042d7dd715943af9d43894c8376c37c752dc575382,c677a0acf7c0,1448430.0,1448838.0,408.0,1,20,4000.0,1562.5,5.0,MISC,bd58a496aa3fd28614042d7dd715943af9d43894c8376c37c752dc575382,408,40.0,5.0,1448430,20
67629ae9ecfdfd0717112bb6,358d6fd75dc9f42bb74796547bb16ab5666d728a43976bfabb5939d5ecc6,c677a0acf7c0,1448430.0,1534482.0,86052.0,1,20,4000.0,390.625,5.0,MISC,358d6fd75dc9f42bb74796547bb16ab5666d728a43976bfabb5939d5ecc6,86052,40.0,5.0,1448430,20
45ade3f3f67b40b1d27a00b8,2cae3fb1a31aa51106666287d675459bd8671330791456b152ce4f457151,c677a0acf7c0,1448875.0,1448922.0,47.0,1,1,600.0,29.296875,1.0,MISC,2cae3fb1a31aa51106666287d675459bd8671330791456b152ce4f457151,47,6.0,1.0,1448875,1
e41b41917312ebfef77d5029,a9b0537f00412862a07b67d5769f704979bfb6047a44a5ad423869f44a21,c677a0acf7c0,1448926.0,1454886.0,5960.0,1,20,4000.0,390.625,5.0,MISC,a9b0537f00412862a07b67d5769f704979bfb6047a44a5ad423869f44a21,5960,40.0,5.0,1448926,20
0c1edc63333de9a63227eb12,de9628918c36459fc692234f6fbdbb0dce2f9ab733271d6931a14610449e,c677a0acf7c0,1448953.0,1449001.0,48.0,1,1,600.0,29.296875,1.0,MISC,de9628918c36459fc692234f6fbdbb0dce2f9ab733271d6931a14610449e,48,6.0,1.0,1448953,1
dc757be5645bc12eaa43154f,3c15c7da935842b90bc950ec83451d28d89758c9f8d874f74b7258ad92a9,c677a0acf7c0,1449953.0,1451763.0,1810.0,1,20,10000.0,781.25,5.0,MISC,3c15c7da935842b90bc950ec83451d28d89758c9f8d874f74b7258ad92a9,1810,100.0,5.0,1449953,20
4eca62e424e5cf9e46090db4,fa28ff78c709dfe0e00cf772c6a8c141783c7b765c0a8975ea1a8aa7cfa0,c677a0acf7c0,1450040.0,1455430.0,5390.0,1,1,600.0,29.296875,0.25,MISC,fa28ff78c709dfe0e00cf772c6a8c141783c7b765c0a8975ea1a8aa7cfa0,5390,6.0,0.25,1450040,1
9d3ae10e63f35ab76ae3c9ea,8ed3e73b2de33c4ac35cf3721fdc3f1ce08ae66c60214197a9402bb87b2d,c677a0acf7c0,1450063.0,1450181.0,118.0,1,1,600.0,29.296875,1.0,MISC,8ed3e73b2de33c4ac35cf3721fdc3f1ce08ae66c60214197a9402bb87b2d,118,6.0,1.0,1450063,1
ba1142d532e43d4f3965787a,6a43a44cfa625d55f562d7f65f1efa6e8cc8881613d3802186ce6064e644,c677a0acf7c0,1450209.0,1450252.0,43.0,1,1,600.0,29.296875,1.0,MISC,6a43a44cfa625d55f562d7f65f1efa6e8cc8881613d3802186ce6064e644,43,6.0,1.0,1450209,1
779c4750b70ef24b04c04e0a,ecdf6acc8568dad937bc7828203d6105da964e79e648c3e89b02d7825a1f,c677a0acf7c0,1450266.0,1462722.0,12456.0,1,30,15000.0,1171.875,7.5,MISC,ecdf6acc8568dad937bc7828203d6105da964e79e648c3e89b02d7825a1f,12456,150.0,7.5,1450266,30
f4c89b43453f18c89f688268,b7b5a8f4a6336365ead164ab5087106f2b66b1272e6c36413b9dd6a9c4a5,c677a0acf7c0,1450524.0,1450640.0,116.0,1,1,600.0,29.296875,1.0,MISC,b7b5a8f4a6336365ead164ab5087106f2b66b1272e6c36413b9dd6a9c4a5,116,6.0,1.0,1450524,1
8919fa329e40bc1e7e2791d1,2fa163d1fcee57e010e11a7439c368d79c2696078c96ada9914a45d05dc2,c677a0acf7c0,1450674.0,1450723.0,49.0,1,1,600.0,29.296875,1.0,MISC,2fa163d1fcee57e010e11a7439c368d79c2696078c96ada9914a45d05dc2,49,6.0,1.0,1450674,1
adc35f673208abeffd038926,99cd48dca48eaf376aab7c0dbbfe1dedea319db4f22c00a34078985b5553,c677a0acf7c0,1450734.0,1483132.0,32398.0,1,1,600.0,29.296875,0.25,MISC,99cd48dca48eaf376aab7c0dbbfe1dedea319db4f22c00a34078985b5553,32398,6.0,0.25,1450734,1
3c55e12e6612df63c6a83125,a5621246cac6c9568310377d14fe15df863cde8c9dbf4e05e5d8758e66f5,c677a0acf7c0,1450853.0,1462752.0,11899.0,1,1,600.0,29.296875,0.25,MISC,a5621246cac6c9568310377d14fe15df863cde8c9dbf4e05e5d8758e66f5,11899,6.0,0.25,1450853,1
ed7284f487247df22e92a958,756d34fc0d4b153150bc7cb7ff66f4fd5dc5238c7eddbd6e3bd1b02d36db,c677a0acf7c0,1451183.0,1461724.0,10541.0,1,1,600.0,29.296875,0.25,MISC,756d34fc0d4b153150bc7cb7ff66f4fd5dc5238c7eddbd6e3bd1b02d36db,10541,6.0,0.25,1451183,1
ab291c73587df67be8f03bd2,da5f8e695d06ad9647f654e6f8600086581a8497db277c2e74def27033ed,c677a0acf7c0,1451571.0,1451602.0,31.0,1,1,600.0,29.296875,1.0,MISC,da5f8e695d06ad9647f654e6f8600086581a8497db277c2e74def27033ed,31,6.0,1.0,1451571,1
6ec307a87d54a9d729baea41,29811fb974bcdaa44cdf496c8bde0f4b9ca56c6b7fc04020cd7691a15a7f,c677a0acf7c0,1451636.0,1477262.0,25626.0,1,10,1000.0,292.96875,2.5,MISC,29811fb974bcdaa44cdf496c8bde0f4b9ca56c6b7fc04020cd7691a15a7f,25626,10.0,2.5,1451636,10
fe7cb5edbc6858ee9788d895,621ca05ea0903817aaab19ee5c38306b8be67069925414224ad151a68232,c677a0acf7c0,1451802.0,1451906.0,104.0,1,1,600.0,29.296875,1.0,MISC,621ca05ea0903817aaab19ee5c38306b8be67069925414224ad151a68232,104,6.0,1.0,1451802,1
0bda1dc4c48d7a3a844ca733,c8bc46d475b0b9a3d0341e03f150aa65a12a41f76db3314a27a4221f33dc,c677a0acf7c0,1451896.0,1476922.0,25026.0,1,10,1000.0,292.96875,2.5,MISC,c8bc46d475b0b9a3d0341e03f150aa65a12a41f76db3314a27a4221f33dc,25026,10.0,2.5,1451896,10
f25badca455af4c87f76bbf3,63803114d4c6ec5d57d8b415a063dd2ec793785734a43740c95de42f70e1,c677a0acf7c0,1452513.0,1525761.0,73248.0,1,1,600.0,29.296875,0.25,MISC,63803114d4c6ec5d57d8b415a063dd2ec793785734a43740c95de42f70e1,73248,6.0,0.25,1452513,1
c0a8d3593b42cc8f5bb3f09f,95a5fe7074ca0a364491ba5f8a51b21a45718222548d5484f651e5b4b06d,c677a0acf7c0,1453247.0,1459179.0,5932.0,1,1,600.0,29.296875,0.25,MISC,95a5fe7074ca0a364491ba5f8a51b21a45718222548d5484f651e5b4b06d,5932,6.0,0.25,1453247,1
30c8e4145effd6c024cc5233,fd8c704585c9eb8a1b83540766850d698eb50e051ea14b2087b45f8c0d57,c677a0acf7c0,1454918.0,1454983.0,65.0,1,1,600.0,29.296875,1.0,MISC,fd8c704585c9eb8a1b83540766850d698eb50e051ea14b2087b45f8c0d57,65,6.0,1.0,1454918,1
e30468bb6b04fefc0bb98f75,c4da6bcd1b483524b6b1af6b67fa316e20d00ec79a01c98901cc79435eb3,c677a0acf7c0,1455015.0,1455043.0,28.0,1,1,600.0,29.296875,1.0,MISC,c4da6bcd1b483524b6b1af6b67fa316e20d00ec79a01c98901cc79435eb3,28,6.0,1.0,1455015,1
ffc95d35592bcf2127402ed1,388c9603e240581e5772b54c1d440f5d4b27cee3e73e491524138f9e271a,c677a0acf7c0,1455262.0,1464471.0,9209.0,1,40,12000.0,1562.5,10.0,MISC,388c9603e240581e5772b54c1d440f5d4b27cee3e73e491524138f9e271a,9209,120.0,10.0,1455262,40
b66aec1330cdcd8ff2def39a,5729548d83b3d8bcd643c63cc086a9cd84abd16ab5c5e107c65aeb717936,c677a0acf7c0,1455577.0,1467804.0,12227.0,1,4,400.0,15.625,4.0,MISC,5729548d83b3d8bcd643c63cc086a9cd84abd16ab5c5e107c65aeb717936,12227,4.0,4.0,1455577,4
b7cfbe9f075001ee67ff0369,9952183b8f230384c39aaf379a7cdbd543730da7b64d29c422ddb703bc40,c677a0acf7c0,1456161.0,1458738.0,2577.0,1,20,10000.0,781.25,5.0,MISC,9952183b8f230384c39aaf379a7cdbd543730da7b64d29c422ddb703bc40,2577,100.0,5.0,1456161,20
d0e013538ebc20af6e2b1c24,3655f0d39fb5b218e8caf53b9af8c1ac9b200a66755d06fcd491003f738b,c677a0acf7c0,1457515.0,1476827.0,19312.0,1,30,3000.0,1171.875,7.5,MISC,3655f0d39fb5b218e8caf53b9af8c1ac9b200a66755d06fcd491003f738b,19312,30.0,7.5,1457515,30
bb34b025b734d06f7b9b40a2,3464d3ec899b04f5e3d71613641a15b89f97327d63f5d24e28123b2e670f,c677a0acf7c0,1458769.0,1458846.0,77.0,1,1,600.0,29.296875,1.0,MISC,3464d3ec899b04f5e3d71613641a15b89f97327d63f5d24e28123b2e670f,77,6.0,1.0,1458769,1
9e2618690d52fefc5f011a2f,78fc3567e49636d74bb6823da76c7f0f156959b6481181943da17ec69c06,c677a0acf7c0,1462754.0,1462950.0,196.0,1,1,600.0,29.296875,1.0,MISC,78fc3567e49636d74bb6823da76c7f0f156959b6481181943da17ec69c06,196,6.0,1.0,1462754,1
da0ab040f3dcb6dc87298266,25cb119785d75e69532912f1dc889dbd70c3d1c52dbf55d8da0712b5c00b,c677a0acf7c0,1462840.0,1469770.0,6930.0,1,1,600.0,29.296875,0.25,MISC,25cb119785d75e69532912f1dc889dbd70c3d1c52dbf55d8da0712b5c00b,6930,6.0,0.25,1462840,1
d16632838cdc2be49e711287,fae862c44ac5fe26d3da3469170b27303828f2b625a737ea2fcdc7f17219,c677a0acf7c0,1462980.0,1465144.0,2164.0,1,1,600.0,29.296875,0.25,MISC,fae862c44ac5fe26d3da3469170b27303828f2b625a737ea2fcdc7f17219,2164,6.0,0.25,1462980,1
80ce7c3ffe1dce05452c534d,7e7a5f9ae645354b316316fb34aeb28b4f48e5309815fc57d1d65aee3a06,c677a0acf7c0,1463252.0,1476650.0,13398.0,1,40,8000.0,1953.125,10.0,MISC,7e7a5f9ae645354b316316fb34aeb28b4f48e5309815fc57d1d65aee3a06,13398,80.0,10.0,1463252,40
7bcb5f90d1521cb18dd00211,ea4cc68119ae5646cdeac72232da0341c2a1253184f5c9edfcc2f499a46d,c677a0acf7c0,1464501.0,1464603.0,102.0,1,1,600.0,29.296875,1.0,MISC,ea4cc68119ae5646cdeac72232da0341c2a1253184f5c9edfcc2f499a46d,102,6.0,1.0,1464501,1
e64d42ff0e899071b5d0f2bc,fad3937e15c63bed87bd15896cc55b7b56c8612a07930b0ee07f32f58354,c677a0acf7c0,1471661.0,1471728.0,67.0,1,1,600.0,29.296875,0.25,MISC,fad3937e15c63bed87bd15896cc55b7b56c8612a07930b0ee07f32f58354,67,6.0,0.25,1471661,1
7e0b0183782054fab254b5e0,2ac99819a6c2ace3535e0441244612884d484716d17c5dff61008a7093c7,c677a0acf7c0,1471853.0,1472401.0,548.0,1,2,1000.0,78.125,0.5,MISC,2ac99819a6c2ace3535e0441244612884d484716d17c5dff61008a7093c7,548,10.0,0.5,1471853,2
4e093e754ddf53a24236969e,6aefdb0019718e0d4fe8f5d280e8d70f75532acf764dd1dace27e90344c7,c677a0acf7c0,1472338.0,1478485.0,6147.0,1,6,6000.0,175.78125,0.9,MISC,6aefdb0019718e0d4fe8f5d280e8d70f75532acf764dd1dace27e90344c7,6147,60.0,0.9,1472338,6
6d6eb52f7618421148856fc7,6e535d21e57bed99d4f5a8ebde91ea67514938cbf36141fa074c8e05d07f,c677a0acf7c0,1472435.0,1472469.0,34.0,1,1,600.0,29.296875,1.0,P100,6e535d21e57bed99d4f5a8ebde91ea67514938cbf36141fa074c8e05d07f,34,6.0,1.0,1472435,1
4025f035473cf290cddb400a,ae1b54a305b21e12e23a00b8f4089107b9d0bb556607eec73effc7950da1,c677a0acf7c0,1472681.0,1478128.0,5447.0,1,28,16800.0,820.3125,7.0,MISC,ae1b54a305b21e12e23a00b8f4089107b9d0bb556607eec73effc7950da1,5447,168.0,7.0,1472681,28
af3182b8ae5e4b28b6f96b30,9f8803574a449293161f282eacbb7d6bcdf5c4f772e7ddb85d0c3cf77af1,c677a0acf7c0,1473595.0,1473633.0,38.0,1,1,600.0,29.296875,1.0,MISC,9f8803574a449293161f282eacbb7d6bcdf5c4f772e7ddb85d0c3cf77af1,38,6.0,1.0,1473595,1
449e1a0caddf66814ec751cd,2f89393b6fdcde76bf27f492b49f9140daad79d0488e49de2bcc720fed3e,c677a0acf7c0,1473668.0,1476346.0,2678.0,1,20,2000.0,585.9375,5.0,MISC,2f89393b6fdcde76bf27f492b49f9140daad79d0488e49de2bcc720fed3e,2678,20.0,5.0,1473668,20
057070f3604c31edf9251874,71dbd75dd7f1cd5aba0d2920e73915b0f0da05bc6b692976c742d1246389,c677a0acf7c0,1475491.0,1492847.0,17356.0,1,10,6000.0,292.96875,2.5,MISC,71dbd75dd7f1cd5aba0d2920e73915b0f0da05bc6b692976c742d1246389,17356,60.0,2.5,1475491,10
5d213eae857606ecb639678d,c903c268b5515aadbdf7805c1e2177ae3f15dfd92c55c1bb62cf64b4f09e,c677a0acf7c0,1476374.0,1476411.0,37.0,1,1,600.0,29.296875,1.0,MISC,c903c268b5515aadbdf7805c1e2177ae3f15dfd92c55c1bb62cf64b4f09e,37,6.0,1.0,1476374,1
b042afd1d24fb7361af83caa,d421ecd7f0ee5a4c47c548ed97d49a0caac77a98d4ea62c925faf0e1ed91,c677a0acf7c0,1476441.0,1476479.0,38.0,1,1,600.0,29.296875,1.0,MISC,d421ecd7f0ee5a4c47c548ed97d49a0caac77a98d4ea62c925faf0e1ed91,38,6.0,1.0,1476441,1
22d99988cc3674be2094077b,b0bc21ec053f89d7ff4e7fb40d209c82de45dedc263aaf528cf9efb2b9c2,c677a0acf7c0,1476681.0,1476840.0,159.0,1,1,600.0,29.296875,0.25,MISC,b0bc21ec053f89d7ff4e7fb40d209c82de45dedc263aaf528cf9efb2b9c2,159,6.0,0.25,1476681,1
39ebccb191ce8fac17e1f179,ef88934a7c5de293461bb0f1b661a0268b874dc3558cee3211d27a314347,c677a0acf7c0,1476860.0,1476891.0,31.0,1,1,600.0,29.296875,1.0,MISC,ef88934a7c5de293461bb0f1b661a0268b874dc3558cee3211d27a314347,31,6.0,1.0,1476860,1
75be04662212d769c0755306,c3cb7c46661003f430d2caea104fd304d6f2ea6d24e669ba1ae063a5495d,c677a0acf7c0,1476921.0,1477172.0,251.0,1,1,600.0,29.296875,0.25,MISC,c3cb7c46661003f430d2caea104fd304d6f2ea6d24e669ba1ae063a5495d,251,6.0,0.25,1476921,1
220cc3b1203b7607e910aba2,212fdbadb29abe7cedc3bb21b11cfb8f5d2fc05676d653117756e790c9cf,c677a0acf7c0,1477293.0,1477323.0,30.0,1,1,600.0,29.296875,1.0,MISC,212fdbadb29abe7cedc3bb21b11cfb8f5d2fc05676d653117756e790c9cf,30,6.0,1.0,1477293,1
e68b6c282daf8801cd2b2b39,e228c518539704fc390f80d54822b2c265e6a883e34f5d8de71d9d4fdc04,c677a0acf7c0,1477352.0,1477414.0,62.0,1,1,600.0,29.296875,1.0,MISC,e228c518539704fc390f80d54822b2c265e6a883e34f5d8de71d9d4fdc04,62,6.0,1.0,1477352,1
1804be2e7cb74813f9400d67,4d8567586eeea3cbebed5c4db89dedb690846e5047203f1256549c2547a8,c677a0acf7c0,1477998.0,1499035.0,21037.0,1,1,600.0,29.296875,0.25,MISC,4d8567586eeea3cbebed5c4db89dedb690846e5047203f1256549c2547a8,21037,6.0,0.25,1477998,1
15e4204807c2d53110f3c634,92f02b7169b8c3f8a22bd45bcaee56d940983fe2f8ca69311f9bd3c5777b,c677a0acf7c0,1478165.0,1478244.0,79.0,1,1,600.0,29.296875,1.0,MISC,92f02b7169b8c3f8a22bd45bcaee56d940983fe2f8ca69311f9bd3c5777b,79,6.0,1.0,1478165,1
75c04ed0a644842f957644d5,5d5e1000386b4fb3ff08bd2b7664a53d83e52d118492fe34fe8fe752e262,c677a0acf7c0,1485595.0,1501147.0,15552.0,1,4,400.0,15.625,4.0,MISC,5d5e1000386b4fb3ff08bd2b7664a53d83e52d118492fe34fe8fe752e262,15552,4.0,4.0,1485595,4
3d824ed172a1d8f507d9265c,ae09d75904212c96014e4a378ccf3e6db1e4eb39b42a71f1d9e36c84246d,c677a0acf7c0,1503266.0,1527864.0,24598.0,1,10,6000.0,292.96875,2.5,MISC,ae09d75904212c96014e4a378ccf3e6db1e4eb39b42a71f1d9e36c84246d,24598,60.0,2.5,1503266,10
aef792cd7d09b9a980631c18,047af486353d65b579aee5c821f886b1d3e3bf616653b09cccaceecbbd9a,c677a0acf7c0,1507568.0,1512336.0,4768.0,1,5,1000.0,146.484375,5.0,MISC,047af486353d65b579aee5c821f886b1d3e3bf616653b09cccaceecbbd9a,4768,10.0,5.0,1507568,5
0dc7555f0ba8dd91d65266cd,ba0aabff83a14dc2046ed1e1b7e83aab6a26ce88758fdfc504dc5d8f0ab7,bc44a9a328f8,1512765.0,1517876.0,5111.0,1,1,600.0,29.296875,0.25,MISC,ba0aabff83a14dc2046ed1e1b7e83aab6a26ce88758fdfc504dc5d8f0ab7,5111,6.0,0.25,1512765,1
e594c794d7e6fe6ddea1d6e8,7fe66c2c31ae79b64c2ef38fc79f509dc9ae10528fd7282fb949e7af80d8,bc44a9a328f8,1514445.0,1534424.0,19979.0,1,1,600.0,29.296875,0.25,MISC,7fe66c2c31ae79b64c2ef38fc79f509dc9ae10528fd7282fb949e7af80d8,19979,6.0,0.25,1514445,1
8a6b818cd2880ca39101f0e9,480bdba571e0c65579cc486fbf7fa8a77ed4c416ca2e71814fe3ca2c3b3e,c677a0acf7c0,1516829.0,1552475.0,35646.0,1,4,7200.0,234.375,4.0,MISC,480bdba571e0c65579cc486fbf7fa8a77ed4c416ca2e71814fe3ca2c3b3e,35646,72.0,4.0,1516829,4
be2b451918bdce1cdeb862d5,a5306ab1d693d2aaad1dcb460cd7269a24f2df13b692a2045ee840418a01,c677a0acf7c0,1517143.0,1518436.0,1293.0,1,1,1800.0,58.59375,1.0,MISC,a5306ab1d693d2aaad1dcb460cd7269a24f2df13b692a2045ee840418a01,1293,18.0,1.0,1517143,1
3e3a3a0228a7521253db6bb7,70f5d2ca44ec8bb5c7485c35314d22073569cb81e46d51c2a3b8fc379729,c677a0acf7c0,1517238.0,1522129.0,4891.0,1,1,600.0,29.296875,0.25,MISC,70f5d2ca44ec8bb5c7485c35314d22073569cb81e46d51c2a3b8fc379729,4891,6.0,0.25,1517238,1
e4acd25a5974a317d50a9939,ece7777f1d51fc8e8b04c36ba2a8321eb8f2138b38ef004ed171fc0d7aa2,c677a0acf7c0,1518760.0,1519487.0,727.0,1,2,400.0,58.59375,2.0,MISC,ece7777f1d51fc8e8b04c36ba2a8321eb8f2138b38ef004ed171fc0d7aa2,727,4.0,2.0,1518760,2
1950df5d6f67aedd500ff89a,4a76c040f0e88fd4b9d32202bfe990a6254d73082322b081cbed9c5ddd78,c677a0acf7c0,1518764.0,1520262.0,1498.0,1,2,2000.0,58.59375,2.0,MISC,4a76c040f0e88fd4b9d32202bfe990a6254d73082322b081cbed9c5ddd78,1498,20.0,2.0,1518764,2
fb6d93ce08803bdac6fecedc,beec3f3fc8b4dab50a092933d64bbb153298db271a3d86bf3ca7668e6204,c677a0acf7c0,1518763.0,1519910.0,1147.0,1,2,2000.0,58.59375,2.0,MISC,beec3f3fc8b4dab50a092933d64bbb153298db271a3d86bf3ca7668e6204,1147,20.0,2.0,1518763,2
337a5931cb6cddbf69243ed0,b161027a93c46e949f81f3c48ff4c0350e821b65af14e9241401499dd698,c677a0acf7c0,1518767.0,1519740.0,973.0,1,2,2000.0,58.59375,2.0,MISC,b161027a93c46e949f81f3c48ff4c0350e821b65af14e9241401499dd698,973,20.0,2.0,1518767,2
c8e40ae9b72f7aa738f9ed7e,50388b7f339b413f4377818398bd67855d0917ab65bd925c853f99ed9a8a,c677a0acf7c0,1518765.0,1520139.0,1374.0,1,2,2000.0,58.59375,2.0,MISC,50388b7f339b413f4377818398bd67855d0917ab65bd925c853f99ed9a8a,1374,20.0,2.0,1518765,2
28a414bca7888ccefbf14a40,6f2b30d1fce19b152f2c3fd6e390627d7574227204378836bac60207d0e8,c677a0acf7c0,1518772.0,1519503.0,731.0,1,2,2000.0,58.59375,2.0,MISC,6f2b30d1fce19b152f2c3fd6e390627d7574227204378836bac60207d0e8,731,20.0,2.0,1518772,2
c66b96ae058f9d420b94329e,00928214069f2f2fc7f00a8298d77d3868a54eb91381d83280d78904152f,c677a0acf7c0,1518808.0,1519503.0,695.0,1,2,2000.0,58.59375,2.0,MISC,00928214069f2f2fc7f00a8298d77d3868a54eb91381d83280d78904152f,695,20.0,2.0,1518808,2
017ad3c4519ea0dbea3a2d69,b10390426ed4ad2430bdfe063771e2281724d24a118c44480713e04f8103,c677a0acf7c0,1519672.0,1520017.0,345.0,1,2,3200.0,58.59375,2.0,MISC,b10390426ed4ad2430bdfe063771e2281724d24a118c44480713e04f8103,345,32.0,2.0,1519672,2
df2348253b9054040d4b2ee4,d8489411b3e0b75a2064138fd338480478fa0032581f4f7e387e1e6bd69e,c677a0acf7c0,1519672.0,1520127.0,455.0,1,2,3200.0,58.59375,2.0,MISC,d8489411b3e0b75a2064138fd338480478fa0032581f4f7e387e1e6bd69e,455,32.0,2.0,1519672,2
0b238685ce16770e03fbcdf2,d8f63bb165aeec494e213a685f5ea82484daababf0fff3968af0968db1f4,c677a0acf7c0,1519955.0,1525335.0,5380.0,1,40,24000.0,1171.875,32.0,MISC,d8f63bb165aeec494e213a685f5ea82484daababf0fff3968af0968db1f4,5380,240.0,32.0,1519955,40
e387b004db564aa56c97e8ae,2aa4fe4a66e87dd02b9a7dc6a2a849c85f1cf2f6325e4c2914b3251a529b,c677a0acf7c0,1527157.0,1527701.0,544.0,1,1,600.0,29.296875,0.25,MISC,2aa4fe4a66e87dd02b9a7dc6a2a849c85f1cf2f6325e4c2914b3251a529b,544,6.0,0.25,1527157,1
4b2b82696d56d90b884dd467,7f7ec450f030e04b8cab76b47773a9221681f440f58601b0486b7e6fe93e,c677a0acf7c0,1527157.0,1529959.0,2802.0,1,1,600.0,29.296875,0.25,MISC,7f7ec450f030e04b8cab76b47773a9221681f440f58601b0486b7e6fe93e,2802,6.0,0.25,1527157,1
a2c7f1b3bc06b1c5d6f9459f,1ba82e33079803aec4057bf9687fd22a5b783d09bbc7e8feebc8fa0e4aed,c677a0acf7c0,1527160.0,1528956.0,1796.0,1,1,600.0,29.296875,0.25,MISC,1ba82e33079803aec4057bf9687fd22a5b783d09bbc7e8feebc8fa0e4aed,1796,6.0,0.25,1527160,1
c7dd03b32113997a26a9a0b5,0455adc0e8866c8c531f988ada99562141b5b80f70f57d34d0bd88940231,c677a0acf7c0,1527165.0,1529480.0,2315.0,1,1,600.0,29.296875,0.25,MISC,0455adc0e8866c8c531f988ada99562141b5b80f70f57d34d0bd88940231,2315,6.0,0.25,1527165,1
03393ee0047eff0cd99a5cef,50916800fab48ab0fd2fa4715089cff9cae9f492aa0627900a8a0b8fa8c6,c677a0acf7c0,1529079.0,1530748.0,1669.0,1,1,600.0,29.296875,0.25,MISC,50916800fab48ab0fd2fa4715089cff9cae9f492aa0627900a8a0b8fa8c6,1669,6.0,0.25,1529079,1
e8325f0d88ec9b3bd5ae82d7,6facdef60320e507d542558847356fd6cc22ce35b6d2d2fd5974f0c4914e,c677a0acf7c0,1529458.0,1530362.0,904.0,1,1,600.0,29.296875,0.25,MISC,6facdef60320e507d542558847356fd6cc22ce35b6d2d2fd5974f0c4914e,904,6.0,0.25,1529458,1
cab73993b1d3134f7bdf94e6,5a54c5557ab1754980baf481aa9f81bcbd3ea2d0ace85f0ea8afb238f6f0,c677a0acf7c0,1529590.0,1529634.0,44.0,1,1,600.0,29.296875,1.0,MISC,5a54c5557ab1754980baf481aa9f81bcbd3ea2d0ace85f0ea8afb238f6f0,44,6.0,1.0,1529590,1
16e12b27a153442f7eba0de9,9c722095a59c4d5b01fd7104b850fa502e7da4024402ce7cf2cfbdd5f1da,c677a0acf7c0,1529669.0,1538386.0,8717.0,1,10,12000.0,292.96875,2.5,MISC,9c722095a59c4d5b01fd7104b850fa502e7da4024402ce7cf2cfbdd5f1da,8717,120.0,2.5,1529669,10
2c59f37f15160ec627df974f,fd38640182cb8c9706acb4049acea37c0e76767de9ca008b7887cdb0f17c,c677a0acf7c0,1531804.0,1532479.0,675.0,1,8,4800.0,234.375,2.0,MISC,fd38640182cb8c9706acb4049acea37c0e76767de9ca008b7887cdb0f17c,675,48.0,2.0,1531804,8
b684b942dff7ad4d14afa749,9ef06d73e1edd38e6e0e0833589841f7354418bf6544de6ddd2ff182503c,c677a0acf7c0,1531865.0,1535571.0,3706.0,1,8,4800.0,234.375,2.0,MISC,9ef06d73e1edd38e6e0e0833589841f7354418bf6544de6ddd2ff182503c,3706,48.0,2.0,1531865,8
627cfad96bf6a56b1707f464,22891ea734023fa2ac9807da2892b369cf6e3ce2d12423f1febac19f3861,c677a0acf7c0,1531984.0,1544720.0,12736.0,1,16,9600.0,468.75,4.0,MISC,22891ea734023fa2ac9807da2892b369cf6e3ce2d12423f1febac19f3861,12736,96.0,4.0,1531984,16
2eff3b438295a53146421489,a9d3053a11bcfb00caa555859b752403a249d9dad9fd149c059122b0ac92,c677a0acf7c0,1532066.0,1555501.0,23435.0,1,1,600.0,29.296875,0.25,MISC,a9d3053a11bcfb00caa555859b752403a249d9dad9fd149c059122b0ac92,23435,6.0,0.25,1532066,1
63855ba9b0ece54784868991,efdc166554cc6f24a8b99a45a46bb13a3507386ab5b83fd385cbb85e505b,c677a0acf7c0,1532851.0,1560614.0,27763.0,1,1,600.0,29.296875,0.25,MISC,efdc166554cc6f24a8b99a45a46bb13a3507386ab5b83fd385cbb85e505b,27763,6.0,0.25,1532851,1
a72af453ac6a16ae8d67192b,4d43e5ae1a5b204775362d82850d09637d291916c338e3465251674297ab,c677a0acf7c0,1532873.0,1546144.0,13271.0,1,1,600.0,29.296875,0.25,MISC,4d43e5ae1a5b204775362d82850d09637d291916c338e3465251674297ab,13271,6.0,0.25,1532873,1
bb66eb58faa9c01aa46a7bc6,bb3a37d7f3ca9851c77dc3bb0273fe031b89d273d4ad92d783e208028260,c677a0acf7c0,1532886.0,1564169.0,31283.0,1,1,600.0,29.296875,0.25,MISC,bb3a37d7f3ca9851c77dc3bb0273fe031b89d273d4ad92d783e208028260,31283,6.0,0.25,1532886,1
ab178cf775c419f6bc16c3c1,a32ac38f62ae124961d2ca3d1aa6cbaf23ff714c583c9f6e891dbfa3f195,c677a0acf7c0,1533227.0,1546536.0,13309.0,1,1,600.0,29.296875,0.25,MISC,a32ac38f62ae124961d2ca3d1aa6cbaf23ff714c583c9f6e891dbfa3f195,13309,6.0,0.25,1533227,1
f1b9b30e565a3fc70c58ec0d,db91ffa58dc1c532f370ac567a3717f00d89481dba7fa6d992fe9f4c30f9,c677a0acf7c0,1533731.0,1540519.0,6788.0,1,10,12000.0,292.96875,2.5,MISC,db91ffa58dc1c532f370ac567a3717f00d89481dba7fa6d992fe9f4c30f9,6788,120.0,2.5,1533731,10
70166eb07a8742ae5a6681b6,f0ff8bb43de27e5f932a621737dfde9e8aeca4685ce6720625622349c773,c677a0acf7c0,1533764.0,1535704.0,1940.0,1,20,10000.0,781.25,5.0,MISC,f0ff8bb43de27e5f932a621737dfde9e8aeca4685ce6720625622349c773,1940,100.0,5.0,1533764,20
511e66cace111906d3e840d3,14c8a817b8319bb09e082c48f9a0dee824260c9d36b1430a86856e8432a8,c677a0acf7c0,1533941.0,1539590.0,5649.0,1,20,24000.0,585.9375,5.0,MISC,14c8a817b8319bb09e082c48f9a0dee824260c9d36b1430a86856e8432a8,5649,240.0,5.0,1533941,20
539eff81491d8e27dff674eb,352d6699a34b26d7e62cfb2a1e4a7eb1578ae32101214168a81bd4e8ebab,c677a0acf7c0,1534167.0,1613004.0,78837.0,1,1,600.0,29.296875,0.25,MISC,352d6699a34b26d7e62cfb2a1e4a7eb1578ae32101214168a81bd4e8ebab,78837,6.0,0.25,1534167,1
7e095241640370c1b8276bd5,98320c393cd7a5568d30735def43a15ade00e2c8dccb5fba874543c0243d,c677a0acf7c0,1534494.0,1540468.0,5974.0,1,20,4000.0,390.625,5.0,MISC,98320c393cd7a5568d30735def43a15ade00e2c8dccb5fba874543c0243d,5974,40.0,5.0,1534494,20
1b36d67b0d0d428282396ef2,a442139d0e65aaab1694b27c5862bd57a0771296054f15a609ad5a74b57a,c677a0acf7c0,1535758.0,1535852.0,94.0,1,1,600.0,29.296875,1.0,MISC,a442139d0e65aaab1694b27c5862bd57a0771296054f15a609ad5a74b57a,94,6.0,1.0,1535758,1
c44209f9a08299664cbb2480,d2d5a1f700b9da86c486ad1dace293301172100066105f21cbece756ae94,c677a0acf7c0,1536560.0,1545558.0,8998.0,1,4,400.0,15.625,4.0,MISC,d2d5a1f700b9da86c486ad1dace293301172100066105f21cbece756ae94,8998,4.0,4.0,1536560,4
3d285917dc6112249b4497d5,c06c5b59881d77cbd3cf16279f7a048669060475a248b42a6ab61519c905,c677a0acf7c0,1537372.0,1542357.0,4985.0,1,1,600.0,29.296875,0.25,MISC,c06c5b59881d77cbd3cf16279f7a048669060475a248b42a6ab61519c905,4985,6.0,0.25,1537372,1
1caafe5b51587a7286cb3c33,35c521f0365ce0f26fba6da8b9f8a80decd858bd63abd26758243c1bfc68,c677a0acf7c0,1537764.0,1551091.0,13327.0,1,30,15000.0,1171.875,7.5,MISC,35c521f0365ce0f26fba6da8b9f8a80decd858bd63abd26758243c1bfc68,13327,150.0,7.5,1537764,30
0336ad5f3f0c1979c1df008d,03e5673e5a10e991281f1d3023039a1d8d27b084d361e65b79d670fa4c6b,c677a0acf7c0,1538240.0,1551704.0,13464.0,1,40,8000.0,1953.125,10.0,MISC,03e5673e5a10e991281f1d3023039a1d8d27b084d361e65b79d670fa4c6b,13464,80.0,10.0,1538240,40
9a0193847aea31382a89563a,ac5948e17d420924941ac9eae5afffe6467022bebbc11a4587ee30e1d9cf,c677a0acf7c0,1538243.0,1558032.0,19789.0,1,10,1000.0,292.96875,2.5,MISC,ac5948e17d420924941ac9eae5afffe6467022bebbc11a4587ee30e1d9cf,19789,10.0,2.5,1538243,10
f92deff3651ea77ccdfd3c4c,fdaaa23aefc461dad113969421c5c355252176bccdd5de857ef523b0d811,c677a0acf7c0,1538478.0,1538655.0,177.0,1,5,6000.0,146.484375,1.25,MISC,fdaaa23aefc461dad113969421c5c355252176bccdd5de857ef523b0d811,177,60.0,1.25,1538478,5
75ec58797be917aa451b7a9b,842ab11efb955d457158a4ac7b04cd4f71a25382a83c2537a845633a742b,c677a0acf7c0,1539452.0,1541121.0,1669.0,1,20,10000.0,781.25,5.0,MISC,842ab11efb955d457158a4ac7b04cd4f71a25382a83c2537a845633a742b,1669,100.0,5.0,1539452,20
f37560deb52a318646b7794f,e4eed362fe57c371764b981bdfbac8113ca8312f7e9e9d85864e88066d66,c677a0acf7c0,1539621.0,1539737.0,116.0,1,1,600.0,29.296875,1.0,MISC,e4eed362fe57c371764b981bdfbac8113ca8312f7e9e9d85864e88066d66,116,6.0,1.0,1539621,1
7a14243db657e63d52f6f4f3,3a7bd2ff1240be299f8c9ce8c8aa4295e2ed2eb64b1c9ac477f64d40213d,c677a0acf7c0,1539766.0,1539818.0,52.0,1,1,600.0,29.296875,1.0,MISC,3a7bd2ff1240be299f8c9ce8c8aa4295e2ed2eb64b1c9ac477f64d40213d,52,6.0,1.0,1539766,1
7aa5c71c0a3398b8e4597f94,0dab00186b53cdaeec9184ed6e20385a73f7ef5b14c59b3de70352188da6,c677a0acf7c0,1540501.0,1540590.0,89.0,1,1,600.0,29.296875,1.0,MISC,0dab00186b53cdaeec9184ed6e20385a73f7ef5b14c59b3de70352188da6,89,6.0,1.0,1540501,1
fd7bfab2d68090f396d62234,5c2f7e634c38d9cfec6890e97d7786407085ca38ab69f187855a8d1e746a,c677a0acf7c0,1540547.0,1540653.0,106.0,1,1,600.0,29.296875,1.0,MISC,5c2f7e634c38d9cfec6890e97d7786407085ca38ab69f187855a8d1e746a,106,6.0,1.0,1540547,1
75be449b6afc585aa317c35e,b8b72b2c588ca928b2e719ab13620b6fe1e3b6d71b371c168c1cf647b1a3,c677a0acf7c0,1540619.0,1540654.0,35.0,1,1,600.0,29.296875,1.0,MISC,b8b72b2c588ca928b2e719ab13620b6fe1e3b6d71b371c168c1cf647b1a3,35,6.0,1.0,1540619,1
def0af228dbbb12225c12098,b76142889f21063508fc7597590cb76b9d0f8f510745ba570144e9f17bb8,c677a0acf7c0,1540681.0,1540713.0,32.0,1,1,600.0,29.296875,1.0,MISC,b76142889f21063508fc7597590cb76b9d0f8f510745ba570144e9f17bb8,32,6.0,1.0,1540681,1
df027e1a818b816787af0bb8,19f32aa5eb0f15d031745f44ce06fc7e37b1c53486f805491dddbac38ba2,c677a0acf7c0,1541151.0,1541224.0,73.0,1,1,600.0,29.296875,1.0,MISC,19f32aa5eb0f15d031745f44ce06fc7e37b1c53486f805491dddbac38ba2,73,6.0,1.0,1541151,1
11dbf2f00778d97b0672c3b9,f96d1e90078595b32ce44b665fb1d73c37250c8702f2c52807ac66914d9d,c677a0acf7c0,1541974.0,1542007.0,33.0,1,1,600.0,29.296875,1.0,MISC,f96d1e90078595b32ce44b665fb1d73c37250c8702f2c52807ac66914d9d,33,6.0,1.0,1541974,1
150f195f4434683ef8ca14c5,6d6ab30f78622c04d7f7bf0be0b3caf3359de02f9040dedb8a1c84646691,c677a0acf7c0,1542047.0,1560479.0,18432.0,1,10,1000.0,292.96875,2.5,MISC,6d6ab30f78622c04d7f7bf0be0b3caf3359de02f9040dedb8a1c84646691,18432,10.0,2.5,1542047,10
93f4039437a7121ca1ee9988,8bb6ed46b453eb52e4535ca3410c0b93f08f1fe0a321a4b245b714c4512b,c677a0acf7c0,1543428.0,1554398.0,10970.0,1,30,3000.0,1171.875,7.5,MISC,8bb6ed46b453eb52e4535ca3410c0b93f08f1fe0a321a4b245b714c4512b,10970,30.0,7.5,1543428,30
5647691a3918427d0aba0b57,1b2d821c3b3ab3fa98f305628591daa4b63b3c7309e493491b61ac9b9a91,c677a0acf7c0,1544563.0,1550841.0,6278.0,1,1,600.0,29.296875,0.25,MISC,1b2d821c3b3ab3fa98f305628591daa4b63b3c7309e493491b61ac9b9a91,6278,6.0,0.25,1544563,1
288c521df3c69fa0848093d3,50d873e809c3ea59dc81cc5fe9291492acc15148a65e115c0662c76760d8,c677a0acf7c0,1544883.0,1556523.0,11640.0,1,40,12000.0,1562.5,10.0,MISC,50d873e809c3ea59dc81cc5fe9291492acc15148a65e115c0662c76760d8,11640,120.0,10.0,1544883,40
ab9a03732e512a34a112a7f2,63131e69d9d6e6c07511839f84e0b31225c94fa7a7243203474bcd19da65,c677a0acf7c0,1546230.0,1552796.0,6566.0,1,1,600.0,29.296875,0.25,MISC,63131e69d9d6e6c07511839f84e0b31225c94fa7a7243203474bcd19da65,6566,6.0,0.25,1546230,1
02f72de48f39ec17608e04a5,6d5c640ca85beb2319c751a82f20022cd1ce84f9b3b7f5376701464e7476,c677a0acf7c0,1546382.0,1548459.0,2077.0,1,1,600.0,29.296875,0.25,MISC,6d5c640ca85beb2319c751a82f20022cd1ce84f9b3b7f5376701464e7476,2077,6.0,0.25,1546382,1
5a6ecb96e79955db83039eb9,434c4c6e250b30f1c3487cbfe7d187afffec249cbd57668e6617fad8d269,c677a0acf7c0,1547609.0,1547672.0,63.0,1,1,600.0,29.296875,0.25,MISC,434c4c6e250b30f1c3487cbfe7d187afffec249cbd57668e6617fad8d269,63,6.0,0.25,1547609,1
ac37ea98a5b792a8eec10c61,b122cd59b73ea09fa85daa272080bf3ef0b1a2fbc6dac69a742dafa54e0a,c677a0acf7c0,1547666.0,1553344.0,5678.0,1,6,6000.0,175.78125,0.9,MISC,b122cd59b73ea09fa85daa272080bf3ef0b1a2fbc6dac69a742dafa54e0a,5678,60.0,0.9,1547666,6
0a5d4a1d6251b2484991d204,a682bf41cd4143876cbccfd1db72bd15f0f0f17810bccb21c28825c04504,c677a0acf7c0,1548464.0,1549835.0,1371.0,1,2,1000.0,78.125,0.5,MISC,a682bf41cd4143876cbccfd1db72bd15f0f0f17810bccb21c28825c04504,1371,10.0,0.5,1548464,2
e934679a5a1ec58bd1d5952c,4b20e3107a9c764546c44d6c4f981d3f9e871ce9602e074da28b3f4821d3,c677a0acf7c0,1548492.0,1555592.0,7100.0,1,28,16800.0,820.3125,7.0,MISC,4b20e3107a9c764546c44d6c4f981d3f9e871ce9602e074da28b3f4821d3,7100,168.0,7.0,1548492,28
013012ac5182e2271991b4a1,7775b954501a98c90dd793dadbe6af6b869b8af8462b3e89077de78f83eb,c677a0acf7c0,1548704.0,1553900.0,5196.0,1,28,16800.0,820.3125,7.0,MISC,7775b954501a98c90dd793dadbe6af6b869b8af8462b3e89077de78f83eb,5196,168.0,7.0,1548704,28
e04b83c632587977709b07f2,226777ada423a56095b7916a132cd238976a6ac67cc2ad0969e4a46d5e41,c677a0acf7c0,1549863.0,1549935.0,72.0,1,1,600.0,29.296875,1.0,MISC,226777ada423a56095b7916a132cd238976a6ac67cc2ad0969e4a46d5e41,72,6.0,1.0,1549863,1
5473ad0b840f058058d8ee97,ac765fbfa8af183a7a50faf6e54e12880e3e7e7da4fc887914bf8ce6240b,c677a0acf7c0,1551121.0,1551269.0,148.0,1,1,600.0,29.296875,1.0,MISC,ac765fbfa8af183a7a50faf6e54e12880e3e7e7da4fc887914bf8ce6240b,148,6.0,1.0,1551121,1
371212b93392467af6762f08,3007a7276a2d354ccaac4cefc3ac0b15671585a77b2d41de0adabecce7ca,c677a0acf7c0,1553934.0,1554002.0,68.0,1,1,600.0,29.296875,1.0,MISC,3007a7276a2d354ccaac4cefc3ac0b15671585a77b2d41de0adabecce7ca,68,6.0,1.0,1553934,1
42692c98dfeb3a55d184fb2f,63ea2b41afaa7c48ab912bd593d0bda24b65a8adad767619a16351323cd1,c677a0acf7c0,1554065.0,1568383.0,14318.0,1,10,6000.0,292.96875,2.5,MISC,63ea2b41afaa7c48ab912bd593d0bda24b65a8adad767619a16351323cd1,14318,60.0,2.5,1554065,10
5b62c415b8b4fbcaf7ff05f8,ecd28d830dc0c6843368a4653dd2519cc9a0db271234037330211caf6297,c677a0acf7c0,1554431.0,1554452.0,21.0,1,1,600.0,29.296875,1.0,MISC,ecd28d830dc0c6843368a4653dd2519cc9a0db271234037330211caf6297,21,6.0,1.0,1554431,1
382f69f51f5f7d2a2a446b38,c1572b8d440a6cf63ccffa1230ed53a84bdea36415ff2fe79c65390604b1,c677a0acf7c0,1554481.0,1554734.0,253.0,1,1,600.0,29.296875,0.25,MISC,c1572b8d440a6cf63ccffa1230ed53a84bdea36415ff2fe79c65390604b1,253,6.0,0.25,1554481,1
fb8e709147da54867db62dd9,2ee62024d7dd6c28a47dbbc556f86e07e6251298a4b61e6188ea3aa1ef3b,c677a0acf7c0,1555626.0,1555715.0,89.0,1,1,600.0,29.296875,1.0,MISC,2ee62024d7dd6c28a47dbbc556f86e07e6251298a4b61e6188ea3aa1ef3b,89,6.0,1.0,1555626,1
3d727bb2ef953e8800f6000b,87a11b81d4440a73784fc38fca6acdc339e7612ebfbd275767e94881180a,c677a0acf7c0,1556560.0,1556647.0,87.0,1,1,600.0,29.296875,1.0,MISC,87a11b81d4440a73784fc38fca6acdc339e7612ebfbd275767e94881180a,87,6.0,1.0,1556560,1
0be1752c407c48b457ce0a16,d1a76ca21b3424bcd060c68091153e8c31a3f76dae688a18433a4e68aea4,c677a0acf7c0,1557714.0,1564682.0,6968.0,1,1,600.0,29.296875,0.25,MISC,d1a76ca21b3424bcd060c68091153e8c31a3f76dae688a18433a4e68aea4,6968,6.0,0.25,1557714,1
bd52e33ac3859c03225ae1e7,019af545e43e42d4e7a883434a9013e2095ad963b092503aeb846cca703f,c677a0acf7c0,1558036.0,1572400.0,14364.0,1,40,8000.0,1953.125,10.0,MISC,019af545e43e42d4e7a883434a9013e2095ad963b092503aeb846cca703f,14364,80.0,10.0,1558036,40
1377f2fce29fb9844c33ab61,b5236c20301b306842013f06abf5f0899529ef422a26daaaba7c6e7143e3,c677a0acf7c0,1558428.0,1567808.0,9380.0,1,40,8000.0,1953.125,10.0,MISC,b5236c20301b306842013f06abf5f0899529ef422a26daaaba7c6e7143e3,9380,80.0,10.0,1558428,40
9676b383a5c68f94e86a219c,7dfb82e16486623e771c09c9685a027cb9692f1b9e934d8ab52dc8b9cea2,c677a0acf7c0,1560231.0,1560276.0,45.0,1,1,600.0,29.296875,1.0,MISC,7dfb82e16486623e771c09c9685a027cb9692f1b9e934d8ab52dc8b9cea2,45,6.0,1.0,1560231,1
841d1debbc425ee3eecdb3ff,1b2de8e3320132fd0281932b466a825323e43e2fdeecb7616b22f86dae94,c677a0acf7c0,1560509.0,1560528.0,19.0,1,1,600.0,29.296875,1.0,MISC,1b2de8e3320132fd0281932b466a825323e43e2fdeecb7616b22f86dae94,19,6.0,1.0,1560509,1
7706edbe92af4a0ba0cdceec,59dc994cd722b87c3e59652896e41c229137fe98d7f453b5289fe1023d09,c677a0acf7c0,1560564.0,1560607.0,43.0,1,1,600.0,29.296875,1.0,MISC,59dc994cd722b87c3e59652896e41c229137fe98d7f453b5289fe1023d09,43,6.0,1.0,1560564,1
13db53466641acf60ff75003,9f2cc9c79f7ad382aa2c5643653463d2108916059107ce09556c71947718,c677a0acf7c0,1561235.0,1581944.0,20709.0,1,1,600.0,29.296875,0.25,MISC,9f2cc9c79f7ad382aa2c5643653463d2108916059107ce09556c71947718,20709,6.0,0.25,1561235,1
08523421c845d617ca0de7b0,9a462c958b00e0902488eebebb6f29f335325d030f2e5202a6d0c8ed871a,c677a0acf7c0,1563064.0,1566939.0,3875.0,1,5,1000.0,146.484375,5.0,MISC,9a462c958b00e0902488eebebb6f29f335325d030f2e5202a6d0c8ed871a,3875,10.0,5.0,1563064,5
c33f4ff9f472535782ea4c17,17fbfddbb41c46da81b623ced331284bbf16051e092a3d9f85306173d14b,c677a0acf7c0,1567100.0,1571137.0,4037.0,1,5,1000.0,146.484375,5.0,MISC,17fbfddbb41c46da81b623ced331284bbf16051e092a3d9f85306173d14b,4037,10.0,5.0,1567100,5
f71365ef5a1408c9d456c877,bf381defe8e502ba0c0e252cafb4828076fb9037f2b9b2a89d21c09a998c,c677a0acf7c0,1567836.0,1568123.0,287.0,1,1,600.0,29.296875,0.25,MISC,bf381defe8e502ba0c0e252cafb4828076fb9037f2b9b2a89d21c09a998c,287,6.0,0.25,1567836,1
c90976c6d08c84cd510af1a2,1ff85d286f08e54f213110bfe86f3641d92296f77b7901c7f6e72ce0e3d5,c677a0acf7c0,1571305.0,1575302.0,3997.0,1,5,1000.0,146.484375,5.0,MISC,1ff85d286f08e54f213110bfe86f3641d92296f77b7901c7f6e72ce0e3d5,3997,10.0,5.0,1571305,5
c71d28e57aaec2cbfe9dab5b,60ea1603e5722e98e7eeae22ad60aed30816f92055a689ce8eb580f7bc87,c677a0acf7c0,1572428.0,1572601.0,173.0,1,1,600.0,29.296875,0.25,MISC,60ea1603e5722e98e7eeae22ad60aed30816f92055a689ce8eb580f7bc87,173,6.0,0.25,1572428,1
199f11121ab44535c0858c25,39505c01a93bc5d023d5d2f08645ab2f2a41c49f7b5a0f46c05858a40c07,c677a0acf7c0,1575453.0,1579336.0,3883.0,1,5,1000.0,146.484375,5.0,MISC,39505c01a93bc5d023d5d2f08645ab2f2a41c49f7b5a0f46c05858a40c07,3883,10.0,5.0,1575453,5
487ccb28075048d49cefabca,d800d0c60317816bf865c9c2087dfa46ac5d47840cdf2d2c5ffec331a166,e016cedec318,1576417.0,1579957.0,3540.0,1,20,4000.0,1562.5,5.0,MISC,d800d0c60317816bf865c9c2087dfa46ac5d47840cdf2d2c5ffec331a166,3540,40.0,5.0,1576417,20
60262a6e298395ff9648e94c,ff684e6fadd2a2f868567da175abe4f9fdf1f2b6a5446d8bc7d86bc5fbb7,c677a0acf7c0,1579505.0,1583565.0,4060.0,1,5,1000.0,146.484375,5.0,MISC,ff684e6fadd2a2f868567da175abe4f9fdf1f2b6a5446d8bc7d86bc5fbb7,4060,10.0,5.0,1579505,5
eeeeb15ef0307a5e76e330e0,4308e44b81efefe7f26bf922225a7b2c7db601788810eb5467022f8c399f,c677a0acf7c0,1580653.0,1580730.0,77.0,1,1,600.0,29.296875,1.0,MISC,4308e44b81efefe7f26bf922225a7b2c7db601788810eb5467022f8c399f,77,6.0,1.0,1580653,1
4e2811afe358ccee70148b21,da86b0159f4e38b72bfb59a521d54b78277c8a69874433965038033d60b5,c677a0acf7c0,1580771.0,1587170.0,6399.0,1,20,2000.0,585.9375,5.0,MISC,da86b0159f4e38b72bfb59a521d54b78277c8a69874433965038033d60b5,6399,20.0,5.0,1580771,20
c2a7b345b3b2ea5b103144f2,1c691168762223a0147ae0d3bd7d51bf2e452812996c10da499868adb231,c677a0acf7c0,1583704.0,1587851.0,4147.0,1,5,1000.0,146.484375,5.0,MISC,1c691168762223a0147ae0d3bd7d51bf2e452812996c10da499868adb231,4147,10.0,5.0,1583704,5
2da24993b81ee885265c9624,909e6a881b848cd46993d9aa490a49e4ce67c8751b254ae347476157c9e5,c677a0acf7c0,1587201.0,1587241.0,40.0,1,1,600.0,29.296875,1.0,MISC,909e6a881b848cd46993d9aa490a49e4ce67c8751b254ae347476157c9e5,40,6.0,1.0,1587201,1
63366b399c7ea3987cd8dd4c,9dedbc66aac4773afdfa8980768a2c0cb72e3874f668a119a602d67c2ab5,c677a0acf7c0,1587273.0,1587316.0,43.0,1,1,600.0,29.296875,1.0,MISC,9dedbc66aac4773afdfa8980768a2c0cb72e3874f668a119a602d67c2ab5,43,6.0,1.0,1587273,1
34f13f1865025f78a4af9466,1aabe2e74750477dc5b6955a075157912f3e5929c7c435904cefc77ab3f6,c677a0acf7c0,1588024.0,1591673.0,3649.0,1,5,1000.0,146.484375,5.0,MISC,1aabe2e74750477dc5b6955a075157912f3e5929c7c435904cefc77ab3f6,3649,10.0,5.0,1588024,5
024f78fbe3996df06e5b19c6,44fc5fb56e303d9e4c819589652cedc5a1987013953376cb661ce8540691,c677a0acf7c0,1589677.0,1602742.0,13065.0,1,10,6000.0,292.96875,2.5,MISC,44fc5fb56e303d9e4c819589652cedc5a1987013953376cb661ce8540691,13065,60.0,2.5,1589677,10
33b296a2f126e66bb979e571,557910b2aa5a1dd75233dcec2ca6c570f559f2b5f0ce7cec766ec6adb807,c677a0acf7c0,1590470.0,1611037.0,20567.0,1,4,400.0,15.625,4.0,MISC,557910b2aa5a1dd75233dcec2ca6c570f559f2b5f0ce7cec766ec6adb807,20567,4.0,4.0,1590470,4
8581024210442d3821a6dfc4,4d2e07f8fcf10605281456a8072f0361494fedd95aa3b8bd16d35a7dad63,c677a0acf7c0,1591809.0,1596118.0,4309.0,1,5,1000.0,146.484375,5.0,MISC,4d2e07f8fcf10605281456a8072f0361494fedd95aa3b8bd16d35a7dad63,4309,10.0,5.0,1591809,5
7677a1dfc8b535bf86f85a95,c50caace420d7281328ae37c52acad63c534cbbe1e0c3c7ff100878f55ce,c677a0acf7c0,1594165.0,1597391.0,3226.0,1,5,1000.0,146.484375,5.0,MISC,c50caace420d7281328ae37c52acad63c534cbbe1e0c3c7ff100878f55ce,3226,10.0,5.0,1594165,5
4351b300a05da8f183ff03c1,6637a9aabc1a8e8257aef3974aca172cd0cc1b5e5efcdf3714238f1957cf,c677a0acf7c0,1596255.0,1600735.0,4480.0,1,5,1000.0,146.484375,5.0,MISC,6637a9aabc1a8e8257aef3974aca172cd0cc1b5e5efcdf3714238f1957cf,4480,10.0,5.0,1596255,5
2de6bb70e28cd02b53895db1,af8526167491226ed7b94c84b2c3d6b398deccc821b3235d77875362437f,bc44a9a328f8,1598956.0,1603836.0,4880.0,1,1,600.0,29.296875,0.25,MISC,af8526167491226ed7b94c84b2c3d6b398deccc821b3235d77875362437f,4880,6.0,0.25,1598956,1
d3b469563bbcca2977efc29c,226395235a3931eec745ecfa54d611e035c50f23ec445c1dd0017f40411b,bc44a9a328f8,1600488.0,1618422.0,17934.0,1,1,600.0,29.296875,0.25,MISC,226395235a3931eec745ecfa54d611e035c50f23ec445c1dd0017f40411b,17934,6.0,0.25,1600488,1
e70465724c684f2b4e59c099,3d0d11137bb2696514b2f7a83128e6d77e0bc6d201032f724dc145961aba,c677a0acf7c0,1600874.0,1604527.0,3653.0,1,5,1000.0,146.484375,5.0,MISC,3d0d11137bb2696514b2f7a83128e6d77e0bc6d201032f724dc145961aba,3653,10.0,5.0,1600874,5
c18bb885482efab64790e06b,6e1926cf943b768dda0b1d51e2550c003cfbe085cd86514f60ded3b0ba6e,c677a0acf7c0,1602673.0,1605209.0,2536.0,1,1,1800.0,58.59375,1.0,V100,6e1926cf943b768dda0b1d51e2550c003cfbe085cd86514f60ded3b0ba6e,2536,18.0,1.0,1602673,1
51316bbde0101563fccd155e,295e4d6829641b1be303dc9934d557b2d79974628ea6df2ce0dec515f0ac,c677a0acf7c0,1603430.0,1640799.0,37369.0,1,4,7200.0,234.375,4.0,V100,295e4d6829641b1be303dc9934d557b2d79974628ea6df2ce0dec515f0ac,37369,72.0,4.0,1603430,4
2cb02638d163af026edd029b,dda2476f6ffad640585dc6678f60726fbabcedb80335241686fc92b7a4d9,c677a0acf7c0,1604340.0,1609134.0,4794.0,1,1,600.0,29.296875,0.25,MISC,dda2476f6ffad640585dc6678f60726fbabcedb80335241686fc92b7a4d9,4794,6.0,0.25,1604340,1
2a9314ca39e19723f045e00f,704013ec545ee17cb1b9e60374c6f13dd9a8ecafbcbc8d104c4b215cb783,c677a0acf7c0,1604669.0,1608521.0,3852.0,1,5,1000.0,146.484375,5.0,P100,704013ec545ee17cb1b9e60374c6f13dd9a8ecafbcbc8d104c4b215cb783,3852,10.0,5.0,1604669,5
fc081512d5d73fd0e577e454,cd015c1664e3fa3e00f34ffb0b8f19c7a67155cbada37369b03a4fbfa975,c677a0acf7c0,1605305.0,1606105.0,800.0,1,2,400.0,58.59375,2.0,P100,cd015c1664e3fa3e00f34ffb0b8f19c7a67155cbada37369b03a4fbfa975,800,4.0,2.0,1605305,2
afe1c4efdbe0e9fb6547f10a,9b21f8ba88a764ec20eee993e445081bfa2e94540b09f2ccc6fbaf6fc10b,c677a0acf7c0,1605331.0,1606048.0,717.0,1,2,2000.0,58.59375,2.0,P100,9b21f8ba88a764ec20eee993e445081bfa2e94540b09f2ccc6fbaf6fc10b,717,20.0,2.0,1605331,2
f00bdcfdac96c6c7aa072631,5d3a895187a2fa6d6c3ac9b322b56a3fe3721ccfd69dc5d3f825b22e07a8,c677a0acf7c0,1605336.0,1606069.0,733.0,1,2,2000.0,58.59375,2.0,P100,5d3a895187a2fa6d6c3ac9b322b56a3fe3721ccfd69dc5d3f825b22e07a8,733,20.0,2.0,1605336,2
287b9feaa241c810c2d560dc,69a45592abbbd6963a83f99062386b326e3af55dc3e137d8fd4f2796da18,c677a0acf7c0,1605340.0,1606051.0,711.0,1,2,2000.0,58.59375,2.0,P100,69a45592abbbd6963a83f99062386b326e3af55dc3e137d8fd4f2796da18,711,20.0,2.0,1605340,2
4111d409671ffdd20ba2d18a,e831d3280e68943660cf323ffc090b8789bf8ca6eddc1e2d01885e280401,c677a0acf7c0,1605342.0,1606061.0,719.0,1,2,2000.0,58.59375,2.0,P100,e831d3280e68943660cf323ffc090b8789bf8ca6eddc1e2d01885e280401,719,20.0,2.0,1605342,2
b97305c9d270f8a83654ae81,0d547184cbd4b3c94ebe71766388eb96db950a6bd1221fce895e99c7c98d,c677a0acf7c0,1605340.0,1606049.0,709.0,1,2,2000.0,58.59375,2.0,P100,0d547184cbd4b3c94ebe71766388eb96db950a6bd1221fce895e99c7c98d,709,20.0,2.0,1605340,2
0b196e2a343f6dfb402148ce,9befcd634432dec2dffe00504ac93d75f0b0f31d5172215f6c8f59d7e247,c677a0acf7c0,1605344.0,1606053.0,709.0,1,2,2000.0,58.59375,2.0,P100,9befcd634432dec2dffe00504ac93d75f0b0f31d5172215f6c8f59d7e247,709,20.0,2.0,1605344,2
7ad61c22c2c0f5db6210c487,0afe535b971a7e3b9af36c3a7082b5a6c3ddfed888a8166a0ac8e2350e9c,c677a0acf7c0,1606292.0,1606688.0,396.0,1,2,3200.0,58.59375,2.0,MISC,0afe535b971a7e3b9af36c3a7082b5a6c3ddfed888a8166a0ac8e2350e9c,396,32.0,2.0,1606292,2
3f34910806a9d13e8381caad,7c5fcc0d850b411c4d5f2b347befa3928ebc45e31e6ec68da00a5df6604b,c677a0acf7c0,1606312.0,1606695.0,383.0,1,2,3200.0,58.59375,2.0,MISC,7c5fcc0d850b411c4d5f2b347befa3928ebc45e31e6ec68da00a5df6604b,383,32.0,2.0,1606312,2
21c3afae0118542a74843699,a7194063a20c7c08968aeee2cd076a2ad2b79318956f5432181a68bdd241,c677a0acf7c0,1606337.0,1610068.0,3731.0,1,40,24000.0,1171.875,32.0,P100,a7194063a20c7c08968aeee2cd076a2ad2b79318956f5432181a68bdd241,3731,240.0,32.0,1606337,40
0b4a653bc68362a0395c1c19,c62b55822742c6588b56884ec77b57e9d3e7928429e2264269b41b41a0e2,c677a0acf7c0,1608352.0,1608529.0,177.0,1,5,6000.0,146.484375,1.25,MISC,c62b55822742c6588b56884ec77b57e9d3e7928429e2264269b41b41a0e2,177,60.0,1.25,1608352,5
0b480c4bcbf159871aee29ed,2b97986b5053e7502c9e8df256514a55c668113285b04770760443598cad,c677a0acf7c0,1608649.0,1612176.0,3527.0,1,5,1000.0,146.484375,5.0,MISC,2b97986b5053e7502c9e8df256514a55c668113285b04770760443598cad,3527,10.0,5.0,1608649,5
